label,x_0,y_0,x_1,y_1,x_2,y_2,x_3,y_3,x_4,y_4,x_5,y_5,x_6,y_6,x_7,y_7,x_8,y_8,x_9,y_9,x_10,y_10,x_11,y_11,x_12,y_12,x_13,y_13,x_14,y_14,x_15,y_15,x_16,y_16,x_17,y_17,x_18,y_18,x_19,y_19,x_20,y_20
A,0.0,0.0,1.0849821204058883,1.1107262588262925,1.205236459412965,0.9687139200982983,1.2425460435165099,0.810013626516257,1.1966703708056858,0.7019254649285908,1.1307516552871242,0.855780230235409,1.1356065705727525,0.7554333902364102,1.0930897327677398,0.8481022944986271,1.066368376625458,0.9398788943800223,1.0452831885513612,0.8417932970643988,1.0485905572948386,0.7520344320714185,1.0154031634771892,0.8897330146391902,1.0,1.0,-0.3226785361766815,-0.4347082078456878,-0.3210550546646118,-0.4002400934696197,-0.3169498145580292,-0.4722658395767212,-0.3162792921066284,-0.5239415764808655,-0.294003963470459,-0.4387151002883911,-0.2961217761039734,-0.4032579958438873,-0.2974438369274139,-0.4512296915054321,-0.2995578050613403,-0.4864011108875274
A,0.0,0.0,1.0842667549486482,1.1352974107426086,1.2026924118052627,0.9759108489075341,1.2411627944265398,0.7940714750422178,1.1880934393094387,0.6683696061645134,1.1284358526709544,0.8519453186896807,1.1336607123488194,0.7188420943688814,1.0980995794344484,0.8116425784830285,1.0775098822058045,0.9216936528157768,1.0390257291044753,0.8446993715922382,1.0451221847149559,0.7109706880467036,1.0120586961996303,0.8626262783507268,1.0,1.0,-0.3011448383331299,-0.3850063681602478,-0.299034833908081,-0.3445854187011719,-0.2946482896804809,-0.4165395498275757,-0.2952342927455902,-0.471561849117279,-0.2730331122875213,-0.3913903534412384,-0.2752062678337097,-0.3516694903373718,-0.2752541303634643,-0.3999238610267639,-0.2776113450527191,-0.438242644071579
A,0.0,0.0,1.032882786397425,1.17724888612861,1.1211329107917511,0.9959445925644318,1.1535584759765953,0.7972264780001269,1.1525708604184794,0.627868293396345,1.0663884313720273,0.8141340517089416,1.0989390560931933,0.6893585385010014,1.083347081012858,0.8250646499172296,1.062238516918072,0.9569888199310626,1.0077769736124378,0.7903323188726551,1.0501802498175106,0.6650574620502205,1.0242484675772066,0.8535123561739583,1.0,1.0,-0.5078529119491577,-0.3474753201007843,-0.5306508541107178,-0.3071661591529846,-0.5196836590766907,-0.3945265412330627,-0.5090711712837219,-0.4511903524398803,-0.4696608781814575,-0.3492265939712524,-0.4961126446723938,-0.3021678030490875,-0.4965458810329437,-0.3623590171337127,-0.4915781915187835,-0.4060132801532745
A,0.0,0.0,1.1152011291076835,1.144726658190694,1.2514662944551358,0.9777114984293217,1.2853932052839445,0.7759825607044444,1.2355221898059063,0.630380155139122,1.1618460927363816,0.8418913316736094,1.1657849524091954,0.7046134102895502,1.113862364678217,0.8103625556720664,1.0809045250844629,0.9238760699345349,1.06019783451662,0.8284341545494248,1.0642003153222397,0.6991117409589008,1.0210340045537245,0.8629770228718252,1.0,1.0,-0.2743331789970398,-0.3573642373085022,-0.2716405391693115,-0.3151902854442596,-0.2668393850326538,-0.3890575468540191,-0.2665005028247833,-0.44378662109375,-0.2451249063014984,-0.3621715009212494,-0.2456093430519104,-0.3221351504325866,-0.2472088783979416,-0.3700688481330871,-0.2507789433002472,-0.4066705405712127
A,0.0,0.0,1.0522297082881495,1.331277422993073,1.1638902457532816,1.0185994523866668,1.1946146906663524,0.65118096561306,1.1725146291359452,0.37025326531007735,1.0977323367795508,0.6842438074055363,1.1279141343864092,0.44660586321507395,1.0976832238439758,0.6718801809930851,1.0703923807103124,0.8998074600550422,1.020050039499205,0.640072703475068,1.0575451709263066,0.4121023526247383,1.024537290958321,0.7336532713582297,1.0,1.0,-0.4430792033672333,-0.1764787435531616,-0.4572961926460266,-0.1330954432487487,-0.4472041428089142,-0.2308645844459533,-0.4405170977115631,-0.2993083000183105,-0.4026177525520324,-0.1819148957729339,-0.4210139513015747,-0.1305813193321228,-0.4214068353176117,-0.198385551571846,-0.4197431802749634,-0.2515724003314972
A,0.0,0.0,1.1436249931905687,1.1714168451667204,1.3545597213411678,0.9868440739748566,1.4158623553306693,0.74702632493576,1.3404388486014154,0.5668483280078734,1.225889806168722,0.794436061043181,1.2409726896189506,0.6370361815741165,1.171410913625822,0.7786565222841525,1.1205313315845915,0.9224854516821885,1.0842734033947854,0.7675949400396969,1.1062238788819676,0.6207154596457091,1.0388746538244624,0.8274544473101099,1.0,1.0,-0.2300045490264892,-0.3101803958415985,-0.229179561138153,-0.268629252910614,-0.2212245464324951,-0.3562191128730774,-0.2190341055393219,-0.4198067486286163,-0.1944959461688995,-0.3107679188251495,-0.1982122510671615,-0.2688671946525574,-0.198077917098999,-0.3287362158298492,-0.2001565396785736,-0.3734665215015411
A,0.0,0.0,1.0464335520592718,1.2277592599245972,1.1761835446775555,1.0661510626066983,1.2281919961751353,0.8393480299154761,1.2223888313493552,0.651424786545685,1.1202933039881713,0.8225241965112519,1.156372579080897,0.6704459650847037,1.1180262652829924,0.8153486169365727,1.0802837617000207,0.9581594628612093,1.0375207681754894,0.7787932254404398,1.0850003236598778,0.6352386794169427,1.0383075597862255,0.8420933531595413,1.0,1.0,-0.3995402753353119,-0.3132311701774597,-0.4165959060192108,-0.263874351978302,-0.4021395742893219,-0.3550595641136169,-0.3903400003910064,-0.4157020449638366,-0.3586259484291076,-0.3138269782066345,-0.3799354135990143,-0.2606897950172424,-0.3776566386222839,-0.3252796828746795,-0.3721495568752289,-0.3721067905426025
A,0.0,0.0,1.1018241751077718,1.1324759080945739,1.2553338888300343,0.9745371978052291,1.2961589236674191,0.8013148169839857,1.2274738617750358,0.6816869269141846,1.1562394571072339,0.843668357352965,1.172182246379764,0.7340543772350857,1.1265675804519488,0.8367301396765571,1.091359004343468,0.9400627577594024,1.0460568562418,0.8299963615518654,1.0645615175246304,0.7248981919826755,1.023260779216546,0.8749209452409523,1.0,1.0,-0.274542361497879,-0.4317674040794372,-0.276989221572876,-0.3929300606250763,-0.2720236778259277,-0.4743647575378418,-0.2709249556064605,-0.5344623923301697,-0.2411281317472458,-0.4403315782546997,-0.2483450025320053,-0.4009737372398376,-0.2502281069755554,-0.4573073983192444,-0.2517168819904327,-0.4997535645961761
A,0.0,0.0,1.0837182071298277,1.142075084892218,1.2372258443522253,1.0014357782573702,1.288973085549025,0.830562128886332,1.2306832969736723,0.7056273852743884,1.1433417090558322,0.861824475878503,1.16627733487253,0.7519770030643034,1.124617321995641,0.8420926702225391,1.091442846129148,0.9421220443959505,1.0477756883023837,0.8409265173743736,1.0729462901440199,0.7311652267568054,1.0272395112281272,0.874283006052157,1.0,1.0,-0.2845827639102936,-0.4078473150730133,-0.2886246144771576,-0.3674337863922119,-0.2802712023258209,-0.4431678652763366,-0.2768149077892303,-0.5001088380813599,-0.2529732882976532,-0.4117641150951385,-0.2602182924747467,-0.3763599693775177,-0.2593620717525482,-0.4302600920200348,-0.2595688998699188,-0.4709952473640442
A,0.0,0.0,1.088036981480942,1.1535525938948687,1.2492459691819635,1.0074104468994383,1.3054019878096061,0.8266372942365636,1.2400194433505638,0.7022601357521078,1.1462162779388665,0.8594828844804808,1.1745719111627937,0.7339944673614514,1.1319133752283486,0.8315018804154464,1.0988340101360488,0.9387782081393273,1.0398691566813396,0.8355754356138936,1.076544441522147,0.7078525467382308,1.028599591860766,0.8661755534291828,1.0,1.0,-0.2730634212493896,-0.3898439705371856,-0.2805655300617218,-0.3431828618049621,-0.2718351483345032,-0.4222885966300964,-0.2672342658042907,-0.4799137115478515,-0.2397204637527465,-0.3939263522624969,-0.2502444982528686,-0.3483009934425354,-0.2491028904914856,-0.4027233421802521,-0.2474829852581024,-0.4442136883735657
A,0.0,0.0,1.0912498318700157,1.1765632917411573,1.249437746798999,1.015164791647092,1.2979670508092382,0.8079803823335379,1.243838176395346,0.6551105121722002,1.1540425795946225,0.8642186612994971,1.1773157494372364,0.7283351353262187,1.1251600423963097,0.8282200458368597,1.08850872632888,0.9445977531823857,1.0475304231079074,0.8344581208576317,1.080085592704373,0.6839459286207586,1.0285228053653823,0.8477449709084713,1.0,1.0,-0.2748349905014038,-0.3440903425216675,-0.2809979021549225,-0.295604407787323,-0.2712757289409637,-0.3722806870937347,-0.2670461535453796,-0.4319869875907898,-0.2418157011270523,-0.3470563292503357,-0.250829130411148,-0.3038724064826965,-0.2491404712200164,-0.3585067093372345,-0.2483888566493988,-0.4026632905006408
A,0.0,0.0,1.0414432614830498,1.247160071834564,1.1422603724624925,1.0275195677689055,1.173820334989903,0.7672323635713031,1.1515095572729768,0.5560281584065911,1.0684802792120245,0.7876512300955816,1.0996560735784175,0.6186824005146457,1.0867577895108516,0.7814107355514922,1.0644288248446683,0.9539443098229075,1.0007398102166933,0.7557722791387069,1.0475448583906208,0.5678171580386188,1.0258340008628835,0.7982786928776774,1.0,1.0,-0.4444637298583984,-0.2596680521965027,-0.4671763777732849,-0.2126800864934921,-0.4590580463409424,-0.3003070950508117,-0.4490746855735779,-0.3627662062644958,-0.4057666659355163,-0.2661834359169006,-0.4323612451553345,-0.2135368585586547,-0.4348783493041992,-0.2772064805030823,-0.4306677281856537,-0.3280098140239715
A,0.0,0.0,1.1033551076496484,1.2640533594383807,1.2511243581134939,0.9868353444431184,1.2872323901347076,0.675603634928128,1.2212972359537453,0.46118950302644923,1.1289971242146775,0.7346421774006118,1.1509766856639188,0.5224326399421719,1.1232932108204443,0.7056674592563638,1.0922426071805078,0.9020515687429425,1.0201863296335947,0.7107153746133889,1.0523341648424378,0.4907583976899737,1.0257745836168306,0.7709366651414026,1.0,1.0,-0.2927305400371551,-0.2231553643941879,-0.3014197051525116,-0.1658578217029571,-0.2987307608127594,-0.2577317357063293,-0.2944393157958984,-0.3218414187431335,-0.2548781335353851,-0.2354520112276077,-0.2664431035518646,-0.176523208618164,-0.2714335918426513,-0.2365255504846573,-0.2714212536811828,-0.2827128767967224
A,0.0,0.0,1.0936607257364517,1.324812917918729,1.2465253085857562,1.023150371261058,1.2922954393803934,0.6572353923386596,1.238995370051987,0.3960540435350044,1.1517128577243554,0.7477403873898103,1.1809515091474463,0.4661688884661424,1.1378695733793789,0.6575706655202158,1.1010843483222712,0.8792836577513424,1.0459936359124864,0.6959645783470644,1.0765540808038379,0.4298907016508868,1.0316847546276247,0.7405131910111857,1.0,1.0,-0.3013030290603637,-0.1710077375173568,-0.3083544969558716,-0.113245278596878,-0.2996066212654114,-0.2012539654970169,-0.2939709424972534,-0.2639687359333038,-0.2643167078495025,-0.1736269444227218,-0.2741725444793701,-0.1171837300062179,-0.2740640044212341,-0.1766578555107116,-0.2730622887611389,-0.2227879911661148
A,0.0,0.0,1.0524569432777628,1.3295846318226339,1.1554993197394063,1.0071179102484198,1.1837689845838162,0.6210878928857626,1.1595846448950362,0.32983558342979236,1.091307969381573,0.6821892529605555,1.120506982809755,0.41194573056718,1.0949088718817863,0.647638567358205,1.070946466183161,0.8980750823613213,1.0191656692567586,0.6319528537084854,1.059373102305692,0.3770081415279139,1.0259027999652992,0.7075424049505833,1.0,1.0,-0.4788557291030884,-0.1651510149240493,-0.4980830550193786,-0.1152960360050201,-0.4858681559562683,-0.2128069996833801,-0.4773768484592438,-0.286437451839447,-0.4370352029800415,-0.1701132357120514,-0.461514264345169,-0.1142056956887245,-0.4610785543918609,-0.1840030699968338,-0.4579849243164062,-0.2431685179471969
A,0.0,0.0,1.0814555924819815,1.078835524591732,1.2065813465334918,0.9606702169977442,1.2321191376379932,0.8466642462714071,1.1839522154356756,0.7627934264997395,1.106219085768781,0.8655593913048386,1.1369052176930918,0.7993449883709607,1.1111444335240694,0.8805691218436524,1.0843939232582775,0.9590607602655412,1.009100773112668,0.8623417801655023,1.0543355844733955,0.8020913025377829,1.0237161067142428,0.9128877654807743,1.0,1.0,-0.3232954442501068,-0.7157955765724182,-0.3406123220920563,-0.6802865862846375,-0.3347843587398529,-0.7728497385978699,-0.3302330374717712,-0.8357377648353577,-0.2866587042808532,-0.7293362617492676,-0.3086972236633301,-0.6840671300888062,-0.3105626106262207,-0.7487794160842896,-0.3083778619766235,-0.7955096364021301
A,0.0,0.0,1.075733943420117,1.138261243573925,1.2045861764168213,1.0005587649482133,1.2399601464000278,0.8406173301866063,1.1972309404587107,0.7248006460101181,1.1189390400044898,0.8857257294745897,1.1427240686892737,0.7709252747233196,1.1123482056331715,0.8584596679568484,1.0835914286966897,0.9521874007566734,1.0269536283658076,0.8708242188855213,1.057297125837482,0.7575432712023776,1.0260137712423802,0.890022048142076,1.0,1.0,-0.3102685809135437,-0.4677705764770508,-0.3194011151790619,-0.420185774564743,-0.3142351508140564,-0.4974559545516968,-0.3093928098678589,-0.5524607300758362,-0.2761240899562835,-0.4753254354000091,-0.2894752621650696,-0.426424503326416,-0.2924484014511108,-0.4794674217700958,-0.2912842631340027,-0.5212928056716919
A,0.0,0.0,1.0740250840917962,1.1332392900809027,1.2213406508536937,0.9934003445236207,1.2802609180590248,0.8326348523569574,1.2333832162058904,0.7139030404339608,1.1470410573194898,0.8780167732712651,1.1733243121410741,0.7623687407196762,1.1286217344620255,0.8529841765497483,1.0941318764592045,0.944168577450455,1.0497593060609878,0.8568877520144813,1.0795460947260571,0.7479345040892527,1.0313715499270566,0.888838930060619,1.0,1.0,-0.3049117624759674,-0.4482421576976776,-0.3122997879981994,-0.4059391021728515,-0.3024511039257049,-0.4833773374557495,-0.296564519405365,-0.5373944044113159,-0.2718088030815124,-0.4490194022655487,-0.2836663126945495,-0.4057764410972595,-0.2818927764892578,-0.4564032554626465,-0.2788760662078857,-0.4939766526222229
A,0.0,0.0,1.082479227167069,1.1271499009187167,1.2042370629534418,0.9763026354467279,1.2343043998391534,0.8092016042184165,1.1803293590957473,0.6987108684372085,1.1140976895902113,0.8727014262409599,1.126451684346447,0.7670462349904358,1.0965497350433495,0.8590664635483386,1.0737769507501265,0.9514946372552414,1.0224805068344198,0.8637967830093872,1.0444119053573824,0.7484460067538654,1.0175179819735611,0.8844709634248972,1.0,1.0,-0.3096324205398559,-0.4584953188896179,-0.3155032694339752,-0.419763833284378,-0.3120783567428589,-0.4977094233036041,-0.3100241720676422,-0.5528691411018372,-0.2774507403373718,-0.4680246114730835,-0.2871886789798736,-0.4229794442653656,-0.2907821536064148,-0.4758583307266235,-0.292166143655777,-0.5175029039382935
A,0.0,0.0,1.0869968744326552,1.135185548429562,1.2210459895213652,0.9946432627762599,1.2680452544597163,0.8311527475285747,1.2138587305396717,0.7162248676570454,1.1391867228146433,0.8806646630151003,1.1564058105878665,0.7625274031447512,1.1171244101738262,0.8537798602611028,1.0859895816935525,0.9504565451856021,1.0455611910072493,0.8618947087262584,1.064617273062677,0.7531759626202326,1.026155959381764,0.8860432810201809,1.0,1.0,-0.3005823493003845,-0.4295815825462341,-0.3052710890769958,-0.3873626887798309,-0.2987904250621795,-0.4599209427833557,-0.2948838472366333,-0.5148875117301941,-0.2686488330364227,-0.4339810907840729,-0.277621328830719,-0.3901319205760956,-0.2790575921535492,-0.4402161836624145,-0.2789891362190246,-0.4814529418945312
A,0.0,0.0,1.0923706196999146,1.1482713618651452,1.234933133304841,0.9822566766960973,1.2815684391766642,0.7850604643133129,1.219087807048242,0.6536340244323506,1.1405659571711555,0.84284224746935,1.1599505583102052,0.716192392430246,1.1200566820883395,0.8173172095164499,1.088767441783558,0.9339190685234815,1.0438484721922592,0.8229315669478195,1.0690776234140715,0.6845846144149773,1.0268969523213334,0.8519778667455866,1.0,1.0,-0.2907233238220215,-0.3571027517318725,-0.2951006293296814,-0.3148038685321808,-0.2880682349205017,-0.3924801647663116,-0.2841865122318268,-0.4502752423286438,-0.259259968996048,-0.3611360788345337,-0.2674743831157684,-0.3174362480640411,-0.2678388655185699,-0.368686318397522,-0.2675778865814209,-0.4096219539642334
A,0.0,0.0,1.0582260059611672,1.0810664971942274,1.1622481352590393,0.9311130437430201,1.1900981961736374,0.7873782338499667,1.1648422558493843,0.6689806477410514,1.0718146470756136,0.7847020382891673,1.123520602680545,0.7324655819972962,1.102009721361909,0.8423984632731054,1.0734750255193002,0.9383772796875155,0.994644383994426,0.7689479300799471,1.0624878205489616,0.7378620161242277,1.0302954108900595,0.8896110690236172,1.0,1.0,-0.4336735308170318,-0.5230104923248291,-0.4656005501747131,-0.5174084305763245,-0.4537795782089233,-0.6174449324607849,-0.442119300365448,-0.6818318367004395,-0.3946274816989898,-0.5356693267822266,-0.4281690120697021,-0.5102432370185852,-0.4306923747062683,-0.5825609564781189,-0.4263442158699035,-0.6324161291122437
A,0.0,0.0,1.128787960889798,1.0809809759822717,1.340063151044959,0.980539906309293,1.4229118695883478,0.8578730971574915,1.3333942639045129,0.7761081940576088,1.2159840636452326,0.8850740634055226,1.238160262815469,0.8157939025008704,1.1633358355809007,0.8980125109921819,1.112919882078874,0.9743080196738214,1.074201755330281,0.8690231284905007,1.1134369490208602,0.7947643236586082,1.0388358937419002,0.9088013331886736,1.0,1.0,-0.2314086854457855,-0.6631774306297302,-0.2363479435443878,-0.626816987991333,-0.2259763777256012,-0.7159633636474609,-0.22203029692173,-0.7757380604743958,-0.1940455138683319,-0.6614691019058228,-0.2061211019754409,-0.6264858245849609,-0.2024095505475998,-0.6883853077888489,-0.2015883028507232,-0.7285870313644409
A,0.0,0.0,1.1021724885942314,1.1509951248679429,1.274623640159701,0.974009346484593,1.3344378919779087,0.7771959210277674,1.2735163343630065,0.6396589898407748,1.1716306687992706,0.8392609785984991,1.2037022453389985,0.7146089715589515,1.1445233996312711,0.8391270096973882,1.1028532735878618,0.950175055402633,1.0552335282793872,0.814848673511233,1.0934574028627357,0.6870834814159976,1.0354935106162166,0.8632624498841756,1.0,1.0,-0.2753033638000488,-0.3864031136035919,-0.282954603433609,-0.3459354937076568,-0.2739323675632477,-0.4316068589687347,-0.2691588699817657,-0.4898855984210968,-0.2391129732131958,-0.3876660466194153,-0.2519882619380951,-0.3448668420314789,-0.2515857219696045,-0.4025548696517944,-0.2502711713314056,-0.4436509609222412
A,0.0,0.0,1.0786413187919386,1.1512026650022333,1.239303537115131,0.9903565561744446,1.3019517048194047,0.7956700619554508,1.2533230160615463,0.6479873048016572,1.1553701164456216,0.8463347116139067,1.1839082546798156,0.7192095171045788,1.135768209475113,0.8320800485066366,1.1000357968563683,0.9416116679103461,1.0507711376673716,0.8177229905913549,1.0872590003692582,0.6960917075775047,1.0335756637823779,0.8675842396623622,1.0,1.0,-0.2994310557842254,-0.3841811716556549,-0.3077421188354492,-0.3371669948101043,-0.297504186630249,-0.4229320287704468,-0.2916907668113708,-0.4815119802951813,-0.2633187770843506,-0.3856179416179657,-0.2750567197799682,-0.3417453467845917,-0.2741762995719909,-0.4005804657936096,-0.2727638483047485,-0.4419716000556946
A,0.0,0.0,1.033700217911525,1.177010470760488,1.1438726754989907,1.0035965088243763,1.185255945776126,0.8005607613255133,1.1583671341292228,0.6390922387293231,1.0832004919720324,0.8353666367021961,1.1244635766901512,0.7151542262155814,1.0951165091375783,0.84980455923827,1.0628736915281882,0.9796821088658862,1.0160647584925335,0.7977448781011489,1.0692568281172712,0.6679998199744525,1.0319796526784402,0.8490746272597016,1.0,1.0,-0.4204604923725128,-0.3310879170894623,-0.4417400956153869,-0.2927954196929931,-0.4285640716552734,-0.3776894807815552,-0.4179433584213257,-0.4368992149829864,-0.3840504288673401,-0.3308355212211609,-0.4097636938095093,-0.2858644425868988,-0.4072639942169189,-0.3485221564769745,-0.4014835357666015,-0.3970835208892822
A,0.0,0.0,1.0938985933090337,1.193726744406217,1.2541997077773166,0.9941344028963452,1.2970330901132683,0.7607269531569081,1.2437803859531802,0.5863513900073204,1.1462807623870164,0.8157387067284385,1.168039453118553,0.6656644859991504,1.1288004790642678,0.7961112907208596,1.09617950728835,0.9405093391679203,1.0364294226798787,0.7901573579611159,1.0681077307794105,0.629723766813898,1.0274593965933703,0.8237351570277781,1.0,1.0,-0.2711510062217712,-0.3012415766716003,-0.2785099148750305,-0.2535116076469421,-0.2710814476013183,-0.3360191583633423,-0.2666676938533783,-0.399091899394989,-0.236538290977478,-0.3092422783374786,-0.2469417601823806,-0.259676456451416,-0.2475479543209076,-0.3180330395698547,-0.2467661648988723,-0.365416556596756
A,0.0,0.0,1.0804116513162854,1.1962673817353817,1.2303532916388982,1.0027887471803183,1.2670256098503925,0.7707352549591208,1.2296558435933513,0.592666631638565,1.1337139098735893,0.8347818345058953,1.1550327785078254,0.6687849006786111,1.1195006202229703,0.8061219113185084,1.0909513722324207,0.9451179757106623,1.0233642188417167,0.8139641433626368,1.0541336150772802,0.6422671663645803,1.0213854352926537,0.8399089675630615,1.0,1.0,-0.2811176180839538,-0.3275105357170105,-0.2885138988494873,-0.2801119387149811,-0.2838670015335083,-0.3667015731334686,-0.2809218168258667,-0.4252304136753082,-0.2452225685119629,-0.3359444439411163,-0.2565497159957886,-0.2805057466030121,-0.2599689364433288,-0.3394639790058136,-0.2604258060455322,-0.385419100522995
A,0.0,0.0,1.0641077936507681,1.217199449170927,1.2088164021521652,1.0190190295934387,1.2489836929284694,0.7739586123634717,1.2019688854874369,0.5899382308493626,1.1120486830899645,0.830357389137265,1.1363206614618935,0.660109788534455,1.1084385520480926,0.7963446580269505,1.0859795359474649,0.9460636890875898,1.0123198706587497,0.8043211157432734,1.0459401913288602,0.6133907637618189,1.0191969061284138,0.8147627222023104,1.0,1.0,-0.2892616391181946,-0.2861368954181671,-0.2971229553222656,-0.2348331809043884,-0.2928304374217987,-0.3162933886051178,-0.289996325969696,-0.377851128578186,-0.2547797858715057,-0.2937382757663727,-0.2666434049606323,-0.2445288896560669,-0.2692550420761108,-0.3016909956932068,-0.2689454257488251,-0.3486786186695099
A,0.0,0.0,1.1210008568869247,1.163915413622696,1.3111950292459233,0.9362686333038388,1.3550213938262026,0.7003012414960221,1.272969510051818,0.5380816692269528,1.1486595550991252,0.7707539561076074,1.1954593092098336,0.6541656539330436,1.1582341326085162,0.8124769299678585,1.1260872056577214,0.9621057561311968,1.0016611295681064,0.7530870269658533,1.0671867584243,0.5993094151517048,1.0249468090276033,0.8179943982499964,1.0,1.0,-0.2510709762573242,-0.3811003267765045,-0.2673969864845276,-0.3298046588897705,-0.2624051868915558,-0.4438501894474029,-0.2594397962093353,-0.5207571387290955,-0.2033586502075195,-0.3954377770423889,-0.2253001034259796,-0.3411442041397095,-0.2298595011234283,-0.4217280149459839,-0.2308343946933746,-0.4758623540401459
A,0.0,0.0,1.105431074113741,1.189683146638732,1.2699286039068711,0.9863362750694518,1.3159728001451318,0.760748018935098,1.255035492288567,0.5964867113917549,1.1463303544147696,0.8128148450017084,1.180195802401611,0.6789867271448553,1.140661963083924,0.819649311550932,1.1014607175621791,0.9606746030572331,1.0237437967103256,0.7933861925939338,1.0733156317055492,0.6336295644930003,1.032230976006782,0.8345710340733775,1.0,1.0,-0.2770524621009826,-0.3707410991191864,-0.2905499339103699,-0.3210527896881103,-0.2838596403598785,-0.4199814796447754,-0.2778240442276001,-0.4851589798927307,-0.2341281622648239,-0.3829295635223388,-0.251373827457428,-0.32660973072052,-0.2554025650024414,-0.3959117829799652,-0.2550185918807983,-0.4449521601200104
A,0.0,0.0,1.107547762279368,1.169808467831841,1.272633171676592,0.9535087429232465,1.3038417303775822,0.7128830701677236,1.2314288223164356,0.5401304972487428,1.1499244150529533,0.7693520677408986,1.1728703005318024,0.6383015215303036,1.1359475716045913,0.7911545263437513,1.10420657310275,0.9462806815966196,1.0210548679812126,0.7561324088520461,1.064576545090921,0.6003123163536072,1.0243763445399232,0.815397531024106,1.0,1.0,-0.2673263847827911,-0.3342673182487488,-0.2788505256175995,-0.2903025150299072,-0.2733165621757507,-0.389386236667633,-0.2706118822097778,-0.4590403139591217,-0.2257316410541534,-0.3479378521442413,-0.2434969395399093,-0.2963593304157257,-0.2467134594917297,-0.3643790185451507,-0.2466617971658706,-0.4141675531864166
A,0.0,0.0,1.0823168679907507,1.2180642287806438,1.2267286159149047,0.9724871334936694,1.2655479055736036,0.7009090765802692,1.2148261965877927,0.49276314367670493,1.1215562279769398,0.7612313920493091,1.1564462964683366,0.6055271258110574,1.1225823553637695,0.7791349814442498,1.0893317864309053,0.955170951927291,1.0154430251500877,0.7425605164119147,1.0623965368795045,0.5627352373363239,1.0255740900183095,0.7980451262455607,1.0,1.0,-0.2952557206153869,-0.2770785689353943,-0.3081035614013672,-0.2322960793972015,-0.3016141951084137,-0.3259199261665344,-0.2972314953804016,-0.3920865058898926,-0.2563817799091339,-0.2909550070762634,-0.274187684059143,-0.2408034950494766,-0.2769176661968231,-0.3087949454784393,-0.276244968175888,-0.3603646755218506
A,0.0,0.0,1.0754880438230079,1.2037702993085062,1.2112522306039364,0.9489917795893462,1.2454895771992778,0.6862323036815885,1.1963151406101376,0.49547872258150616,1.1078772562217343,0.7434037328969777,1.14201729987283,0.5983074377311589,1.1130671869835393,0.7760752359889675,1.0886478007241918,0.9471982649089683,1.0061496704251351,0.7206681538230145,1.0520308842032011,0.555188140794806,1.018848481829258,0.7917044458687806,1.0,1.0,-0.3452063500881195,-0.2943419814109802,-0.3619561195373535,-0.244984358549118,-0.3554149568080902,-0.3482504189014435,-0.3526576161384582,-0.4266790151596069,-0.3015912771224975,-0.3073694109916687,-0.32423135638237,-0.2575912475585937,-0.3280403912067413,-0.333533376455307,-0.3289237022399902,-0.3938162326812744
A,0.0,0.0,1.105240992398535,1.175182907790603,1.2950381765055323,0.9891743450922222,1.3540864825834675,0.7685035923461503,1.273912268194336,0.616286464840723,1.1720659209455293,0.8286041453747145,1.1975423391696915,0.6903478312822195,1.144840185614839,0.813084848913765,1.1080405764873964,0.9434960311261096,1.0430048914335008,0.8056913573721672,1.0792872621179688,0.6436933291812377,1.0275586807915846,0.8327161811211444,1.0,1.0,-0.2417614758014679,-0.3487531542778015,-0.2470397055149078,-0.2973457872867584,-0.239678606390953,-0.3859201967716217,-0.2370509654283523,-0.4506579637527466,-0.2053645253181457,-0.355614423751831,-0.2142799645662307,-0.3081320226192474,-0.2146673202514648,-0.3679217398166656,-0.2151864767074585,-0.4121792912483215
A,0.0,0.0,1.0969603341971526,1.1801327288277768,1.2454990222916023,0.9649613934873913,1.2862400064646802,0.7417080875962102,1.221979838092532,0.5979247371126654,1.1303054784812918,0.8093978986699705,1.1608901931621112,0.6712349016179654,1.1249765860158094,0.8191263439424744,1.0949976558086603,0.9563125034054967,1.0173683352070728,0.7892342974207883,1.0560635050557448,0.6349284469867315,1.0222288548913907,0.8375045636205954,1.0,1.0,-0.2888990342617035,-0.3476302027702331,-0.3004862368106842,-0.3001131415367126,-0.2961803078651428,-0.3937083780765533,-0.2928102910518646,-0.4588662087917328,-0.2497968077659607,-0.3579137325286865,-0.2647508680820465,-0.3021570742130279,-0.2699575424194336,-0.3653732538223266,-0.2713454663753509,-0.4148294925689697
A,0.0,0.0,1.0722600320340534,1.2055085684051623,1.2044208289017968,1.0002642545227882,1.2399998840889894,0.7717568761443165,1.194644843123396,0.6069236006977552,1.1057288249973003,0.8294100448006161,1.1389190906201656,0.6802777331192368,1.1104914891061972,0.8169466028861911,1.0840384657507252,0.9625518731701679,1.0115957034174743,0.8048442892342869,1.0579072659072732,0.6414765320611318,1.0246979090591188,0.8299675645567264,1.0,1.0,-0.3198780417442322,-0.32560795545578,-0.3343385457992553,-0.278265118598938,-0.3265847563743591,-0.3662512898445129,-0.3214077353477478,-0.4314265251159668,-0.2833877801895141,-0.3328140079975128,-0.3013606071472168,-0.2871655821800232,-0.3026321232318878,-0.3522269129753113,-0.3015749454498291,-0.4039734005928039
A,0.0,0.0,1.0699824261066326,1.2520995545853573,1.2164937445995823,1.0322510459949605,1.2594275431413833,0.7697976272169421,1.2222706193236799,0.5756732101013486,1.1262442273645512,0.822298829458244,1.1596416125794118,0.6438941001021228,1.120358622211232,0.8017879624576514,1.088761019088293,0.9588741618081709,1.0259520993544562,0.780970456383406,1.072375986283754,0.594191733622952,1.0297339058001302,0.8151316701878378,1.0,1.0,-0.2954543828964233,-0.2548884153366089,-0.3071585893630981,-0.2109306007623672,-0.2979077398777008,-0.2936779260635376,-0.2920658588409424,-0.3520838022232055,-0.2600075900554657,-0.2601086795330047,-0.2732317745685577,-0.2111763656139373,-0.2745804190635681,-0.2708719968795776,-0.2742342352867126,-0.3191000521183014
A,0.0,0.0,1.0939130372939738,1.195362906354393,1.2441782431438522,0.9861517512219472,1.282687665562276,0.7492066037726187,1.2195138719184846,0.5835779091897374,1.1273867193002176,0.8086369023908188,1.157887614514422,0.6583274957824302,1.124224478591806,0.8026900442824151,1.0946631483684934,0.9538085815267252,1.0178366219754293,0.7797798002017627,1.060610140387525,0.6071287937943335,1.0237489077754534,0.816371850981642,1.0,1.0,-0.2728446125984192,-0.295572817325592,-0.2847743630409241,-0.2433756738901138,-0.2782071530818939,-0.3312796354293823,-0.2740271985530853,-0.3963070809841156,-0.2356294393539428,-0.3059702515602112,-0.2498462349176406,-0.2520018815994262,-0.2525605261325836,-0.3129102885723114,-0.2526035606861114,-0.3626458048820495
A,0.0,0.0,1.1059890933878667,1.2313770045018904,1.269315714959887,1.0152004499801157,1.311427822348068,0.7652800664106741,1.2511142572492269,0.5897968044960575,1.1443403072728229,0.8068773220066164,1.1686389806512507,0.6243729396558847,1.1336599024697185,0.7834139776118012,1.1064046982329192,0.9455887400013587,1.0288028944470662,0.7786381616864928,1.0672386345760578,0.5820892822120223,1.026169471973153,0.8133439059607741,1.0,1.0,-0.2594365179538727,-0.2792585492134094,-0.2669575810432434,-0.2172849178314209,-0.2607106566429138,-0.3061700463294983,-0.2575377225875854,-0.3679664731025696,-0.2234831154346466,-0.2911520004272461,-0.2321779727935791,-0.2373979091644287,-0.2337959110736847,-0.300531804561615,-0.2342579662799835,-0.3472258150577545
B,0.0,0.0,0.9731538559920709,2.361148894050497,1.111742578526007,2.114648591148959,1.1375579414079993,1.8219392947992814,1.0771361537773327,1.6316927243337604,1.0484940487901733,1.7810931659096523,1.0872859452893402,1.4895138286754448,1.0880374147528997,1.304639094970399,1.0834900687741171,1.1465105850449901,0.9544742005491762,1.7178861563948116,0.9883613802539566,1.3830429510074707,0.997726477124365,1.174189289774848,1.0,1.0,-0.2580859065055847,-0.5688437223434448,-0.2659024894237518,-0.4661493897438049,-0.2711256444454193,-0.4043246209621429,-0.2734152376651764,-0.3547747731208801,-0.2288217693567276,-0.5817094445228577,-0.2322306483983993,-0.5014947652816772,-0.2361447364091873,-0.4508142471313476,-0.2403028011322021,-0.4050163924694061
B,0.0,0.0,0.9969332315610334,2.6625257028350795,1.1330902035222539,2.352662752620904,1.158902314872898,1.9946006591097132,1.0921969887785505,1.7751791779980242,1.0655163332091506,1.943971746954934,1.0929792436223917,1.582323147912179,1.0884278382356747,1.3519322509923302,1.079387086857295,1.1548488900215397,0.9736296414058752,1.8727759847371417,0.998716194150136,1.4672195030843402,1.0026435578421338,1.2143634991813492,1.0,1.0,-0.2768766283988952,-0.5109403133392334,-0.2826033532619476,-0.4084088802337646,-0.286424458026886,-0.346575528383255,-0.2868675291538238,-0.296233981847763,-0.2479500770568847,-0.5255670547485352,-0.2504811584949493,-0.4452990293502807,-0.253627210855484,-0.3937501907348633,-0.2557726502418518,-0.3464192152023315
B,0.0,0.0,0.9748798005344289,2.9869343273382096,1.1001953372956954,2.6146068306220376,1.1206859709925476,2.1790930268513846,1.072874134439537,1.9052100805398602,1.0386640478523097,2.105956103892392,1.0654612455480417,1.677236933222985,1.066971642515816,1.4057021025593723,1.0634964739920725,1.1748261942285183,0.9600080153626683,2.01536584637012,0.9876277293552994,1.5343347438744106,0.996854069270938,1.240676332142797,1.0,1.0,-0.3198684155941009,-0.4609565138816833,-0.3287126421928406,-0.3579490184783935,-0.3333454132080078,-0.2979717552661896,-0.3348633944988251,-0.2484378814697265,-0.2888537049293518,-0.4747100174427032,-0.2963480651378631,-0.3921718597412109,-0.3004900813102722,-0.3390783071517944,-0.3034996092319488,-0.2888540625572204
B,0.0,0.0,0.9585404611509984,2.9011492659941998,1.1282789526537569,2.574354094693183,1.162742140587444,2.1659758862018794,1.0897401974331629,1.8875263559061979,1.05580258991458,2.1028682155195457,1.0970828250705251,1.6858759564842958,1.0965459321195812,1.4128834598746796,1.0929040874567622,1.1728951158669982,0.9409175100067861,2.017067614654379,0.9818032204753279,1.5492880193227152,0.9931924553078475,1.2511359024361273,1.0,1.0,-0.2192964106798172,-0.484576016664505,-0.2268633246421814,-0.3793959617614746,-0.2319426089525222,-0.3151950240135193,-0.2349645942449569,-0.2642590701580047,-0.1872713416814804,-0.4973291754722595,-0.1914134621620178,-0.412849485874176,-0.196226954460144,-0.3594671785831451,-0.2020065486431121,-0.3112299144268036
B,0.0,0.0,0.9400518373104183,3.7751700699810145,1.0536220859542538,3.302113486761523,1.0889868723105909,2.7013374141794086,1.0439450476770888,2.3176964349250233,1.0036839834887998,2.546939754020673,1.0343658481589686,1.9779115984128495,1.041805550795516,1.6025136871996342,1.0443326372293902,1.291500944241915,0.9435378456977463,2.393013454560322,0.9754481516165061,1.7351319488957153,0.9898322362053571,1.3362082393850077,1.0,1.0,-0.4137939810752868,-0.4146564602851867,-0.4281032085418701,-0.3066593408584595,-0.4366926550865173,-0.2423566281795501,-0.441497266292572,-0.190046340227127,-0.3820958435535431,-0.4229942560195923,-0.3931356072425842,-0.3376550674438476,-0.4000662863254547,-0.282492995262146,-0.4051836133003235,-0.2318107783794403
B,0.0,0.0,0.8928922598417213,2.5342435851175273,1.0646204582548155,2.276611814111635,1.1242551447024558,1.9538368887737472,1.0524468710950707,1.7571017855596156,1.007873493827776,1.845332224552251,1.0465247666968054,1.5202249942612425,1.0568753529834884,1.313207027579829,1.0643060472176373,1.140083368322601,0.9119404176020031,1.7642427034268253,0.9539342636984321,1.4040720516088137,0.9788416436495432,1.1837470611928307,1.0,1.0,-0.2512897849082947,-0.535811185836792,-0.2640402913093567,-0.4333568811416626,-0.2750401794910431,-0.3731201887130737,-0.2840784192085266,-0.3255431950092315,-0.2175239473581314,-0.5448405146598816,-0.2244476377964019,-0.4656211733818054,-0.2329400181770324,-0.4174053072929382,-0.2428151071071624,-0.3736531734466553
B,0.0,0.0,0.9890549017148292,2.5460449688462314,1.1229684391619128,2.2488190954246083,1.1198692097360703,1.8907189662147144,1.0969127986159235,1.6206556946051693,1.0859665610845237,1.9366759856552367,1.1320896042342545,1.565940108389489,1.124929861406499,1.3287575319461984,1.1139422512488835,1.1259856718201373,0.9682724122411646,1.871138144912097,1.002205880501225,1.4674270448347388,1.003057796839299,1.2097153855517313,1.0,1.0,-0.2137917578220367,-0.5015215873718262,-0.2191431075334549,-0.3992766141891479,-0.2215203940868377,-0.3376365602016449,-0.2212722152471542,-0.2896845936775207,-0.184100404381752,-0.5109548568725586,-0.1860259622335434,-0.4327434003353119,-0.1896305531263351,-0.3824301362037658,-0.1942662447690963,-0.3379345834255218
B,0.0,0.0,1.0365250235115684,3.0135639346462906,1.193725891581466,2.620824880463029,1.1981405668502871,2.1610233444576528,1.1246493974664342,1.872568115409261,1.0940669847871463,2.1560196114182646,1.1239446832099438,1.7040003204532648,1.117377666782566,1.4121172328431908,1.1071824937243038,1.1616224527348182,0.9752620559063336,2.0833430349040865,0.9996922268349204,1.5773269669594199,1.0022484124082172,1.2594980163916132,1.0,1.0,-0.2248591482639312,-0.4641277194023132,-0.2295731902122497,-0.3587465584278106,-0.2320270389318466,-0.2931457757949829,-0.2317602336406707,-0.2415952980518341,-0.1941228061914444,-0.4786946773529053,-0.19635109603405,-0.3958509862422943,-0.1985484212636947,-0.3432043790817261,-0.2007070183753967,-0.2952196002006531
B,0.0,0.0,0.9566174419461234,3.5379890544897243,1.0876460533348882,3.028063568948991,1.0954398122529267,2.4286096781407416,1.0659073365408889,2.020096912914448,1.0291360408675274,2.507659778097925,1.0628109203049005,1.936750690876809,1.066061214707087,1.5530687540113453,1.0666703557858714,1.2237017609604277,0.9405643619214471,2.3818355982801322,0.9733583914136857,1.7474006652768845,0.9873021273416451,1.3396964655200536,1.0,1.0,-0.2927795350551605,-0.4157764911651611,-0.3036579191684723,-0.3087619841098785,-0.3095587193965912,-0.2414003163576126,-0.3129487633705139,-0.1869359314441681,-0.2599117457866668,-0.4255541265010834,-0.2678161859512329,-0.3412283658981323,-0.2734130918979645,-0.2852810621261596,-0.2789517641067505,-0.2335344105958938
B,0.0,0.0,1.0221859591734004,3.275548166075505,1.2328121811974286,2.8568721343344876,1.2488419974677947,2.3394134733843956,1.161448065805675,1.9722383468611244,1.1337447027926693,2.356970234608907,1.169844043131878,1.8252102345393533,1.156246287761164,1.4759121079502955,1.144862592626884,1.1772195223313608,0.9725363801205857,2.2648703062206588,0.9966210617150665,1.676074922526866,0.9974361163743409,1.300441871457631,1.0,1.0,-0.1710259765386581,-0.4648185074329376,-0.1738143414258957,-0.3509894013404846,-0.1771151721477508,-0.2802082896232605,-0.1797894090414047,-0.2252796590328216,-0.1377690732479095,-0.4777683615684509,-0.1384922266006469,-0.3876917660236358,-0.1419433653354644,-0.3309865593910217,-0.147671639919281,-0.2794721126556396
B,0.0,0.0,0.9509397303706972,3.4096377993126037,1.0895409690609703,2.990848636865751,1.1106880269292618,2.464906756862306,1.0849542475635912,2.096885686925876,1.0348649668442984,2.345133220626931,1.0588126216971616,1.8113709392006274,1.0596526307502145,1.477584367436986,1.0636091754154855,1.1888031558555587,0.9420572297827758,2.2368571107316084,0.9670156161763976,1.6562340764536219,0.982038344882891,1.2966761434268599,1.0,1.0,-0.3000926077365875,-0.4644064903259277,-0.3082185983657837,-0.3494335412979126,-0.3147551715373993,-0.2818377614021301,-0.3212302327156067,-0.2270625531673431,-0.2664770185947418,-0.4793874323368072,-0.2696447372436523,-0.3892771601676941,-0.2742103636264801,-0.3340011835098266,-0.2811609506607055,-0.2825679779052734
B,0.0,0.0,0.9609104619004373,4.3668852788141415,1.1030674131071851,3.7460009871007687,1.1078327434766395,2.9727129377122687,1.0684553213710613,2.413492747318934,1.046814061504789,2.9560234059995656,1.0819847298952772,2.2082464740425958,1.0830055736091195,1.7118575479747706,1.081496723289237,1.2917991166284655,0.9407851758447937,2.7797330645296214,0.9755834281390804,1.9445153167924247,0.9894680614018307,1.421869510297636,1.0,1.0,-0.2655693292617798,-0.3906063735485077,-0.2743619680404663,-0.2775632441043854,-0.2810463607311249,-0.2136845886707306,-0.2853371798992157,-0.1632762849330902,-0.2331316918134689,-0.4010879695415497,-0.2370560467243194,-0.3141740560531616,-0.2421100735664367,-0.2632618546485901,-0.2477229982614517,-0.2178653925657272
B,0.0,0.0,0.9764273261444392,4.082267874028582,1.1360447465332089,3.483832147876338,1.1594198872982378,2.7587672303240782,1.1003745864117531,2.296581144387182,1.0502214795709226,2.82129545817859,1.085272652820263,2.123074800401583,1.0877884487904808,1.6601154770655913,1.0904844710039263,1.2636111145268796,0.9384045031134698,2.6764539207825577,0.9679423771723966,1.9021308630308946,0.9834871310236242,1.4039822559732589,1.0,1.0,-0.2325709760189056,-0.3800469040870666,-0.2400804609060287,-0.2752289772033691,-0.2457061409950256,-0.2090556770563125,-0.2501600682735443,-0.1571071743965149,-0.1995326876640319,-0.3909308612346649,-0.2045206129550933,-0.3063914477825165,-0.2094706743955612,-0.2520824074745178,-0.2157608568668365,-0.2026627659797668
B,0.0,0.0,0.9801474787700305,4.311904126596561,1.1476297643163618,3.688195376012237,1.1528463287353075,2.925763743442474,1.064548904571035,2.4256845474885345,1.0834703327925583,2.9187025103492874,1.12044318551838,2.182010578142648,1.1155310301902122,1.6891304974683694,1.1072600012102596,1.2763806799236632,0.9502086545083606,2.754095547684696,0.9820391720672096,1.9334644330970856,0.9913696968299844,1.4196658580556702,1.0,1.0,-0.214619293808937,-0.3999821245670318,-0.2217128127813339,-0.2856677174568176,-0.226318359375,-0.2200492322444915,-0.2283514738082885,-0.1697230041027069,-0.1800927817821502,-0.4099164605140686,-0.1838215291500091,-0.3201011419296264,-0.1880073994398117,-0.2659318745136261,-0.1935256719589233,-0.2178713232278823
B,0.0,0.0,1.0173397799174255,3.66472918563189,1.1802464080425508,3.150062427812222,1.1744935521316793,2.53531543136359,1.104509930329975,2.093206522716888,1.0958137442572042,2.5607260696384957,1.1320345009908745,1.9360091536803634,1.1255859599787823,1.5387897999791311,1.116215737233573,1.208561155868035,0.9636642742095176,2.444192414391141,0.9935515201416617,1.7708310994851064,0.9980828909776566,1.339848284224654,1.0,1.0,-0.2057758867740631,-0.4025076627731323,-0.2113085091114044,-0.2966957688331604,-0.2144509553909301,-0.2328112870454788,-0.2157917767763137,-0.1838979423046112,-0.174076959490776,-0.4132677018642425,-0.1770914793014526,-0.3311952948570251,-0.1802762448787689,-0.279732346534729,-0.184784710407257,-0.2338979840278625
B,0.0,0.0,0.9464590307258556,6.2218742601899795,1.068411309274086,5.195274761293234,1.063007220121284,4.010444339578212,1.0404582453013889,3.157618055900163,1.0281921280686144,4.052597509528832,1.0681841480889753,2.8928216184301316,1.0680898468589937,2.1582473586510473,1.0621114003481182,1.528103535632095,0.9343916585742242,3.7693613319851735,0.9790388064230455,2.4783244553496893,0.9931574189292327,1.660613170348872,1.0,1.0,-0.3013265430927276,-0.3492574393749237,-0.3152956664562225,-0.2324619591236114,-0.3223447501659393,-0.1649978756904602,-0.325478732585907,-0.1104477941989898,-0.2662795484066009,-0.3595635890960693,-0.2735230028629303,-0.2694264352321625,-0.2786182165145874,-0.2124904692173004,-0.2836230099201202,-0.1594929695129394
B,0.0,0.0,0.9968842115873615,4.254590884066972,1.1551147133827577,3.6395997640303945,1.148318342183552,2.9146441120088418,1.0800326594762728,2.370109618042344,1.0764529371968103,2.9096545367645006,1.1171421086623028,2.1627481128133783,1.1135125983581082,1.6768919816988779,1.104080153092671,1.2606682418709194,0.9388119243909515,2.770355540672099,0.9823290434283077,1.9632938702851437,0.9929875952585895,1.4294101485592483,1.0,1.0,-0.1979842036962509,-0.3961939513683319,-0.2063206285238266,-0.2856760025024414,-0.2118484079837799,-0.2217753231525421,-0.2155874073505401,-0.1720241904258728,-0.1633329540491104,-0.4073211550712585,-0.1639619618654251,-0.32317054271698,-0.1660851836204528,-0.2684377431869507,-0.1705607920885086,-0.2185262441635131
B,0.0,0.0,0.9875195238815575,3.7287841227980736,1.1396634146608178,3.204669845400137,1.1247849411413064,2.5658935388953354,1.0467700619843374,2.1326364566901903,1.0648957192351924,2.555779674805638,1.1019268499162547,1.941737159977353,1.0944289503851923,1.5442819629667939,1.084355014789853,1.2041558985770984,0.9424331403878713,2.440052292632988,0.9793956982760665,1.769730315478215,0.9900910036140823,1.3457041125245126,1.0,1.0,-0.2176190167665481,-0.4035737514495849,-0.2245806157588958,-0.2977475225925445,-0.2303449064493179,-0.2359490096569061,-0.2348664999008178,-0.1887066960334777,-0.1849009394645691,-0.4167548716068268,-0.1819488704204559,-0.3380119204521179,-0.1827970743179321,-0.2888538837432861,-0.1856310665607452,-0.2454099357128143
B,0.0,0.0,0.9932788744928251,2.9064453589909425,1.1511921067253061,2.550025666401317,1.1397807629412857,2.1256864914061406,1.0681953671524622,1.8218011654812574,1.0662725216606004,2.1053956294260776,1.10329110918719,1.6845807349489825,1.1005907758233824,1.4068634863718386,1.0947046178362736,1.1658018794540872,0.9401244791360674,2.0239871054663094,0.9790640365028437,1.5568272307393471,0.9897133816674649,1.251763644774957,1.0,1.0,-0.2029752284288406,-0.4699709713459015,-0.2111313641071319,-0.3650533258914947,-0.2165218442678451,-0.3026854395866394,-0.2209566831588745,-0.2530414760112762,-0.1695587933063507,-0.4828514456748962,-0.1685712337493896,-0.402058333158493,-0.1699807494878769,-0.350727379322052,-0.174048513174057,-0.3032300174236297
B,0.0,0.0,0.9615366061828973,4.727412480974127,1.07156658320972,4.00767570955323,1.076028942325556,3.2036684125705097,1.059014075326191,2.6200384994180332,1.0112679853383226,3.08881278538813,1.0406398844212124,2.309322455009402,1.046828475748254,1.7954031247202085,1.0483306855178307,1.3621714119437736,0.9335392202614597,2.9158897394574286,0.9692361086622571,2.021530575700601,0.9870517318575787,1.4663396454472204,1.0,1.0,-0.3363960981369018,-0.3833778500556946,-0.3483321368694305,-0.2687953114509582,-0.3556719124317169,-0.2036125212907791,-0.3599628210067749,-0.1483445465564727,-0.3038181662559509,-0.3935602307319641,-0.3087000548839569,-0.3018307983875274,-0.3123245239257812,-0.2444679290056228,-0.315758466720581,-0.190131664276123
B,0.0,0.0,1.0382728510625054,4.380391596481452,1.206931005236661,3.754663499837297,1.1875824054405253,3.0202783405753264,1.1128584700856696,2.50439777113505,1.0991630367966885,2.922292942639725,1.1316915271909551,2.1854876559814524,1.1200519153108146,1.7062870840606956,1.103554300209311,1.302506176831278,0.9590108701572553,2.797801664037206,0.9966894963312246,1.9700355500931528,0.9997081164359577,1.4387201095393334,1.0,1.0,-0.1990230679512024,-0.4018062055110931,-0.2064456194639206,-0.2870917916297912,-0.2092304825782776,-0.2186253368854522,-0.2103503942489624,-0.1643007397651672,-0.1644656658172607,-0.4180669784545898,-0.1619825065135955,-0.331324964761734,-0.1613030582666397,-0.2757926881313324,-0.1623155176639557,-0.2240939885377884
B,0.0,0.0,1.013514009841515,4.346378261050905,1.1280121545651995,3.6668149620803994,1.1208128315619836,2.9299108663464413,1.0741203952759795,2.450405176668497,1.0509815007504366,2.826211750210278,1.0739474732527603,2.1019050167875037,1.0705187810268724,1.654051636347206,1.0613146095593555,1.2829108289829483,0.9643065178722929,2.6819447871844955,0.9913378613808532,1.879126928130018,0.9989913020471606,1.3924375638655053,1.0,1.0,-0.3174896836280823,-0.3643834888935089,-0.3261651396751404,-0.2560749053955078,-0.3306853771209717,-0.1935331672430038,-0.3328694403171539,-0.1428709924221038,-0.2855532765388489,-0.3775849342346191,-0.2870206832885742,-0.2913905382156372,-0.2887672781944275,-0.2378012388944625,-0.2909782826900482,-0.1887461394071579
B,0.0,0.0,0.9948070097480861,2.6963642355132325,1.1072713736350093,2.37146812815544,1.1135210451604836,2.009172469096508,1.072938987885818,1.7616966526043734,1.0352115558604298,1.941489913275652,1.0580873313405255,1.5682162181616148,1.0578982794618506,1.3267780403289025,1.0535144677824295,1.1319249296229275,0.9537947909523773,1.8674064460112534,0.9824419209298197,1.4562350768552499,0.9931550267748771,1.2039474142963025,1.0,1.0,-0.3150171637535095,-0.4923449158668518,-0.3236214220523834,-0.3863341808319092,-0.3285515606403351,-0.3253847956657409,-0.3312762975692749,-0.2761485278606415,-0.2835542261600494,-0.5054370760917664,-0.2837479412555694,-0.4226195812225342,-0.283897340297699,-0.369270920753479,-0.2849035859107971,-0.319402277469635
B,0.0,0.0,0.951931773465392,3.359868943131724,1.0777060354058703,2.9021930394948825,1.0745770780021418,2.359304958026238,1.032764762979092,1.9779164996828416,1.0185675003398451,2.364142291451579,1.0570531994304917,1.8467463367508625,1.0608268365334397,1.5110345344667888,1.060304644069171,1.2188347636437948,0.9247926469501014,2.2462403757600535,0.9690192197162475,1.6705713235469755,0.9865786806388608,1.302629763020094,1.0,1.0,-0.2615147531032562,-0.3996399939060211,-0.2721157670021057,-0.3003115355968475,-0.2796933054924011,-0.241298571228981,-0.284436970949173,-0.1948843449354171,-0.230050727725029,-0.4102761745452881,-0.2336207330226898,-0.3317722082138061,-0.2366092652082443,-0.2828143239021301,-0.2397933006286621,-0.2393215298652649
B,0.0,0.0,0.9405238973540884,3.0831609245885505,1.066154543196547,2.6777787737728453,1.061458734077637,2.199440067562443,1.025360503372716,1.853238611204465,1.0051044213963962,2.1971208314233714,1.048127513670686,1.7380231509892878,1.055261382574704,1.4395541586308351,1.057284659762699,1.1791579188153425,0.9092492895317685,2.0921592070466883,0.9590928376496839,1.586039433609917,0.9820392769247281,1.2628480615520954,1.0,1.0,-0.2495614886283874,-0.4118049442768097,-0.261687308549881,-0.3146161437034607,-0.2707093954086303,-0.2572130560874939,-0.2772530913352966,-0.2111773937940597,-0.2183045744895935,-0.4210527241230011,-0.2234176099300384,-0.3441967666149139,-0.2284673303365707,-0.2960653007030487,-0.2344972193241119,-0.2522138655185699
B,0.0,0.0,0.9490412205957681,3.4741846292186476,1.0721722676446162,2.989658344319216,1.065902490374522,2.4083061341154037,1.019838568318763,1.9807035570923333,1.0219287907994206,2.4392318468216634,1.0669451783691792,1.8881137996731614,1.0695789991441491,1.5239661530150084,1.0655329701366125,1.2234642276065262,0.9211346289026743,2.3028547736758846,0.9688985814319839,1.6965549053269793,0.9856520118329557,1.3105952657656001,1.0,1.0,-0.249276578426361,-0.3754420578479767,-0.2609224319458008,-0.2799279689788818,-0.269370287656784,-0.2251040190458297,-0.2750354409217834,-0.1825304925441742,-0.2165409326553344,-0.3813802897930145,-0.2194640636444091,-0.3090189695358276,-0.2222489416599273,-0.2640981674194336,-0.2261862754821777,-0.224587857723236
B,0.0,0.0,0.9389018410439015,3.738955003137262,1.0601637224418998,3.2028336772996093,1.0499082979974206,2.5576853928253205,1.001997028579433,2.1256113180446317,1.0090287262157827,2.6043831705780063,1.0505783205513075,1.999453339892736,1.0565597201142374,1.5985012207379645,1.0562696936709788,1.2622914325239791,0.9175848043280812,2.4410581455178844,0.9656911011616707,1.7738115934382879,0.9853009494687135,1.3507041655772727,1.0,1.0,-0.2662297189235687,-0.3647636771202087,-0.2796842753887176,-0.2670856714248657,-0.2889447510242462,-0.2104193121194839,-0.2947786152362823,-0.1658055484294891,-0.2339516431093216,-0.368178129196167,-0.2361346036195755,-0.292776882648468,-0.2391488701105117,-0.2456432282924652,-0.2427576035261154,-0.203387051820755
B,0.0,0.0,0.984231680050632,3.899941613864719,1.099881320060533,3.240276660789772,1.0624291214050436,2.552624282890089,0.9689395377646297,2.133910426849345,1.0631218409144239,2.7233568701651176,1.0884577728928415,2.0413795076041197,1.0794623887717263,1.5688494312687706,1.0644088713120752,1.2099997280586388,0.9448760571288843,2.587038841352118,0.9747205618596271,1.8577469322360047,0.9870786693310605,1.3758530805918268,1.0,1.0,-0.2328995913267135,-0.3503912091255188,-0.2403439581394195,-0.2539097368717193,-0.2467524707317352,-0.194375604391098,-0.2499019205570221,-0.1503040492534637,-0.1996221393346786,-0.3532155454158783,-0.2018478512763977,-0.2781892418861389,-0.2054188102483749,-0.2305317223072052,-0.2095856368541717,-0.1917230933904647
B,0.0,0.0,1.0105245575668416,4.041838752160581,1.141611082664924,3.363762750316592,1.1119901704560862,2.663839216458594,1.0827798859858586,2.2058926239329124,1.0650204641642986,2.7526893527223595,1.0894970220374018,2.0362192058743602,1.0843762525912046,1.5941464343122826,1.0772836952303608,1.2259506281776078,0.9447108093764406,2.624983193952243,0.9762743986821631,1.8560332886272288,0.9884268833103981,1.3785960816328322,1.0,1.0,-0.2191028743982315,-0.3540414571762085,-0.226727694272995,-0.2531856298446655,-0.2316978871822357,-0.1968908756971359,-0.2356897294521331,-0.1513028442859649,-0.1879371553659439,-0.3659463226795196,-0.1913202255964279,-0.2889358103275299,-0.1934297978878021,-0.2398702949285507,-0.196864828467369,-0.1940606981515884
B,0.0,0.0,0.9662755974308879,3.7062354883063326,1.0758393516523512,3.08408229346374,1.0302936637279774,2.4666539115094763,0.9318723047164831,2.073745143852231,1.0489465106709739,2.641691690555563,1.0810060879792383,1.99765603718885,1.0802113134677507,1.554400508963201,1.0710359284735342,1.2080464098556294,0.930201323436182,2.5189726207308065,0.965609667326549,1.8271645123422366,0.9842047340869597,1.356037006440274,1.0,1.0,-0.2268384099006652,-0.3648525774478912,-0.2352569103240966,-0.2694838047027588,-0.2436271756887436,-0.2106104791164398,-0.2479405701160431,-0.1659992784261703,-0.1934844851493835,-0.364712655544281,-0.196550652384758,-0.2903788983821869,-0.2008514702320099,-0.2424911856651306,-0.2055872529745102,-0.202196329832077
B,0.0,0.0,0.9823900661546239,3.47173475801037,1.0989381058507797,2.873982398653426,1.0261294943732702,2.303270831014125,0.9065869972312589,1.9891043824370938,1.0666472390244892,2.507478472398105,1.1046893481369875,1.9094451487909279,1.1016846253601016,1.5159366517314241,1.094044320627108,1.1930570102506102,0.9318456292273539,2.3872677712180734,0.9700839269311321,1.7372800863286504,0.9853062051631475,1.3151679797588367,1.0,1.0,-0.1987207978963852,-0.3845416009426117,-0.2080315053462982,-0.2831179499626159,-0.2146337330341339,-0.2227435261011123,-0.2181498110294342,-0.1783635914325714,-0.1647819876670837,-0.390146404504776,-0.1712067127227783,-0.3096976280212402,-0.1743780374526977,-0.2584858536720276,-0.1775848567485809,-0.2147331982851028
B,0.0,0.0,0.9877963920655203,6.3273980665197405,1.0770585785581386,5.269002955319579,1.0671039231663104,4.118612252053699,1.0573567183234898,3.2963315217391327,1.0298099721969765,3.9352418728711704,1.0520928221076666,2.7888630785413766,1.0505578042999875,2.0733171270787425,1.042478922972552,1.470251452614707,0.9622060234545711,3.688013111099982,0.991271382519695,2.41109262297135,0.9998630774707671,1.6298282220496902,1.0,1.0,-0.4153085350990295,-0.3455200791358948,-0.4268031120300293,-0.2301565110683441,-0.4314772486686706,-0.1678868681192398,-0.4311522543430328,-0.1171335875988006,-0.3825756907463074,-0.3547670841217041,-0.3890267014503479,-0.263894110918045,-0.3921616375446319,-0.2079583257436752,-0.3936314582824707,-0.1557928025722503
B,0.0,0.0,0.930573976941313,2.6218654042460714,1.0597288595290213,2.2866585878729184,1.0779743181181582,1.9006158616113713,1.0530506800766113,1.6204413370266082,1.0090838076778217,1.9325437623273434,1.0501653159285003,1.5686314439277511,1.0608211062021151,1.332747213977626,1.0646675384983615,1.1434940220896088,0.914862414197554,1.8378617460311657,0.9574651989570695,1.4409509707935921,0.9804656678005735,1.1917281233171224,1.0,1.0,-0.2632623314857483,-0.4569201469421386,-0.2760798633098602,-0.3609808683395386,-0.28543820977211,-0.3080162405967712,-0.2923701703548431,-0.2651718854904175,-0.2318799793720245,-0.4595329463481903,-0.2415895909070968,-0.3847119212150574,-0.2484219372272491,-0.3368961811065674,-0.2563692927360534,-0.2937541604042053
B,0.0,0.0,0.9739238040879521,2.1872154982464913,1.085983626809519,1.9595945346487913,1.0854895615991798,1.7023209043848664,1.0548749305479257,1.5261554293792468,1.0287898545210838,1.6635275465662858,1.0608288733972482,1.4077867860560078,1.0636218436197853,1.2478426768709896,1.061435158881795,1.1101106742902915,0.9466607198917529,1.6090106284716261,0.9804659239524379,1.3243072164729708,0.9933924981138462,1.1457809363849936,1.0,1.0,-0.2984825372695923,-0.5765532851219177,-0.3079470098018646,-0.4809330105781555,-0.3138549029827118,-0.4263330698013305,-0.3171986937522888,-0.3818736970424652,-0.2697393000125885,-0.5885531306266785,-0.2738679349422455,-0.5131183862686157,-0.2775818407535553,-0.4651978313922882,-0.2821073532104492,-0.4203646183013916
B,0.0,0.0,0.9442920025979368,2.426713340378692,1.0493941400406461,2.1560532560487546,1.0458582100475964,1.8368295030450095,1.0216382687505579,1.5963684965305538,1.0151464989838481,1.826992439458865,1.0527553201140227,1.5076961249815113,1.0565009680820265,1.3017026758785082,1.0536014205523976,1.1279078715801252,0.9327797417315458,1.7525066398571494,0.9772820586588675,1.4051834829936054,0.992759172925075,1.1792778579252778,1.0,1.0,-0.2820923626422882,-0.4822661578655243,-0.2939671277999878,-0.3900354504585266,-0.3005622327327728,-0.3397597074508667,-0.303929328918457,-0.3015078008174896,-0.2520452737808227,-0.4884500801563263,-0.255785197019577,-0.4166363179683685,-0.2598794400691986,-0.3711581826210022,-0.2650842666625976,-0.3301590383052826
B,0.0,0.0,0.9472168725551118,2.6713070768089033,1.064531060605852,2.3693696646541507,1.0783575469001745,1.9955708034659996,1.0362348442272604,1.7325293105748354,1.0235937053987454,1.9662197718917223,1.062646901889413,1.597852273275657,1.0696294209714714,1.3641757208526126,1.071273704313071,1.165804053196802,0.9398123708755716,1.8681869853633688,0.9772447580674369,1.4549059752728897,0.9910901336305732,1.2028991940219333,1.0,1.0,-0.2804384529590606,-0.4542984366416931,-0.2898846566677093,-0.3589301109313965,-0.2963195145130157,-0.304656445980072,-0.3001323640346527,-0.2619456052780151,-0.2519508600234985,-0.4616519808769226,-0.2593591511249542,-0.385327935218811,-0.265319287776947,-0.3374175429344177,-0.2716354727745056,-0.2945340871810913
B,0.0,0.0,0.9579954824146103,2.740252948303364,1.0782137988102949,2.4076249552005557,1.0892138603058452,2.0022385622339276,1.0623303253258456,1.716321200353371,1.031216004378771,2.0174865242757876,1.0620108002009574,1.6340530128043096,1.0660361514718117,1.3813636361305792,1.0651883400121338,1.1719768001685846,0.9468580448946288,1.9171593537394913,0.9773717053579168,1.4828798185359724,0.9900094904536252,1.214960425234534,1.0,1.0,-0.2882762253284454,-0.4390655159950256,-0.2968631684780121,-0.342317670583725,-0.3029141724109649,-0.2874534130096435,-0.3071228265762329,-0.243586927652359,-0.258684903383255,-0.4449509978294372,-0.2650945782661438,-0.3670383095741272,-0.2706788778305053,-0.3177934288978576,-0.2776173949241638,-0.2729368209838867
B,0.0,0.0,0.9325428739115064,3.3582349032299934,1.0531037277518172,2.886254327773655,1.0548649960367498,2.320529483883893,1.0148792489885567,1.937067751702187,1.0068157077834952,2.396497254491432,1.0445547572213916,1.8577224130001098,1.0511163614234171,1.5046490940950399,1.0546836135022915,1.2032302403801385,0.9189773647106138,2.2512616500704015,0.9604078241125255,1.6673425212403037,0.9826804417817611,1.2959145217087047,1.0,1.0,-0.267640620470047,-0.3720596432685852,-0.2794713675975799,-0.2797383069992065,-0.288830816745758,-0.224447563290596,-0.2947398126125335,-0.1824761927127838,-0.2389372289180755,-0.3759945034980774,-0.2478830516338348,-0.3040699958801269,-0.2553278505802154,-0.2574811279773712,-0.2621105015277862,-0.2169503718614578
B,0.0,0.0,0.9476602226802047,3.209427355541982,1.0646338423446104,2.771415487228323,1.0618729234028426,2.256050798438352,1.0328321040348254,1.8764369903064961,1.0301968719876595,2.309554779416871,1.0662725364511052,1.7953739850025154,1.0682800963415298,1.4677911934028816,1.066998261537752,1.186854510602455,0.9375420941513952,2.1874428663619967,0.9750187053354132,1.6285910890758812,0.9904108236712921,1.2761418068268102,1.0,1.0,-0.2663075625896454,-0.4014147222042084,-0.276883602142334,-0.3036138415336609,-0.2836767137050628,-0.2468165606260299,-0.2874627411365509,-0.2029696404933929,-0.2360810786485672,-0.4076859652996063,-0.244185522198677,-0.3341225087642669,-0.2502769827842712,-0.286988615989685,-0.2556307315826416,-0.2451070547103881
B,0.0,0.0,0.9756022254296184,4.191341029521636,1.0585272578761489,3.57250672583193,1.059173097911978,2.9326670965008126,1.0412536474029064,2.4761464899630314,1.0123261109309776,2.754938050321307,1.035539025283239,2.0917422304004862,1.0407914414973167,1.6731950393459112,1.040523431685013,1.309484606678906,0.9579398026917283,2.6128629970383854,0.9835245378706087,1.8560532121754334,0.9952662001759647,1.384064243325856,1.0,1.0,-0.449905127286911,-0.4219675958156585,-0.4612843692302704,-0.3057974278926849,-0.4660926163196563,-0.238565981388092,-0.4667165875434875,-0.1835918724536895,-0.4214004874229431,-0.4335914850234985,-0.4300803542137146,-0.3414121270179748,-0.4350460767745971,-0.2826613783836365,-0.4380774199962616,-0.2275812178850174
C,0.0,0.0,0.7346491675676453,1.5892110663537689,0.8609285224168123,1.5491442828695787,0.9578467997894079,1.514194136014303,1.040967720246539,1.461359174729371,0.8328707375099126,1.1663092759476346,0.8953873588424889,0.9906200065915721,0.9629393059471804,0.9661243732930354,1.0087041003589308,0.996928364507712,0.8001862939966298,1.126902575627309,0.876121621029415,0.9167252176306758,0.9595879500366493,0.9158076491204259,1.0,1.0,-0.3022960722446441,-0.4961294829845428,-0.3350173532962799,-0.405780553817749,-0.3682570457458496,-0.4149149060249328,-0.3851960897445678,-0.4537850320339203,-0.2856523096561432,-0.4942561388015747,-0.3151919245719909,-0.4266733825206756,-0.3432445824146271,-0.4243423342704773,-0.3627737164497375,-0.4481799602508545
C,0.0,0.0,0.7331476117213681,1.7117464170966497,0.862216092894655,1.6590076998752494,0.964126334998531,1.5782180123392293,1.0519040634131536,1.5053205104096545,0.8490914337959823,1.3045162176405087,0.9177769705450053,1.1573387261441133,0.9712690508075045,1.091064663938793,1.021670591037501,1.0525827220031216,0.8084947104060726,1.2289031503420855,0.8857507445228986,1.0554881614931932,0.9462603987738192,0.9962116534594776,1.0,1.0,-0.3019401133060455,-0.4636968970298767,-0.3323346674442291,-0.3913378417491913,-0.3555495738983154,-0.3708062767982483,-0.3763169646263122,-0.3755280375480652,-0.2773229777812958,-0.454351007938385,-0.3038508594036102,-0.4015297293663025,-0.3255526125431061,-0.3830657303333282,-0.3470932841300964,-0.3833552002906799
C,0.0,0.0,0.7248162641660113,1.5691442744173074,0.8369573407212334,1.5430388905645143,0.9310331015775178,1.510535180879634,1.014644786955413,1.475012228462974,0.8271111053414432,1.2071201760848795,0.8915321071035042,1.0927673706828351,0.9483470412595979,1.0548802695386401,1.0004062179594524,1.0407008009627663,0.8032540361345455,1.1553903177006424,0.8800129217365357,1.028625887335053,0.941366185300233,0.992183633796716,1.0,1.0,-0.3523216545581817,-0.5334227085113525,-0.3880180716514587,-0.4698435068130493,-0.4160064458847046,-0.4528802633285522,-0.4404735267162323,-0.4583829641342163,-0.3346464037895202,-0.5204957127571106,-0.3683753907680511,-0.4670325517654419,-0.3949286043643951,-0.4474218785762787,-0.4209046363830566,-0.4454729557037353
C,0.0,0.0,0.7403537068813973,1.4929869655328196,0.8336300952065498,1.4672059273076834,0.9164051517642299,1.4432854026758912,0.9919961960195188,1.429987759555221,0.8168847141357395,1.124951964165313,0.8801293700087449,1.0170491605732193,0.9434427139701264,0.9976788525893433,0.9889357673782669,1.0173945144610412,0.7971758294891098,1.0861541333958848,0.8755081588775185,0.9343248783988066,0.9534963911501636,0.9350652087784512,1.0,1.0,-0.3509266078472137,-0.5196162462234497,-0.3886204361915588,-0.4421282410621643,-0.4259525239467621,-0.4528035223484039,-0.4484945833683014,-0.488001137971878,-0.3409817516803741,-0.5159791111946106,-0.379127949476242,-0.461846649646759,-0.4104329943656921,-0.4704176187515259,-0.4332658052444458,-0.4991022050380707
C,0.0,0.0,0.7642832318904241,1.5185932054991205,0.8576575903588907,1.4937998406812423,0.9363294882842942,1.4484264610431352,1.0140381879028393,1.4018435159421352,0.8449786862068025,1.1799489005992765,0.9017950551809155,1.076148730060156,0.9549244161269265,1.04129073907125,0.993338330121878,1.0389912140925674,0.8258998061689249,1.1211505650569342,0.8950885285815947,0.9758012884196768,0.9591657888927132,0.9537860022342027,1.0,1.0,-0.4000840783119201,-0.4937207996845245,-0.4374178946018219,-0.4251900613307953,-0.4692921638488769,-0.4285271167755127,-0.4883727133274078,-0.4572598040103912,-0.3858833909034729,-0.481342613697052,-0.420611172914505,-0.4259117543697357,-0.4484167695045471,-0.4285207986831665,-0.468126118183136,-0.4553849101066589
C,0.0,0.0,0.699826502233386,1.5546176275009953,0.8350341923847252,1.5105694016503417,0.9363398902548629,1.4565492264485298,1.0269978907933839,1.4012726272872518,0.8172467138548624,1.201836183387278,0.8862878824204912,1.075637933370899,0.9498626187850331,1.0282142564337688,1.0014545749066501,1.0190900148142983,0.7828477731917441,1.1532871138857796,0.8664944752434102,0.9932193069553329,0.9441776430246183,0.9624618062253961,1.0,1.0,-0.2874810695648193,-0.552651047706604,-0.321780651807785,-0.4735805988311767,-0.3530921041965484,-0.46687912940979,-0.3760276436805725,-0.4897109270095825,-0.2693738639354706,-0.5465821027755737,-0.3013315796852112,-0.4909031391143799,-0.3288182318210602,-0.4820010662078857,-0.3523901700973511,-0.4966709017753601
C,0.0,0.0,0.8118923032334847,1.6448338289363702,0.8851699431953781,1.5890068816590137,0.9479530532826025,1.5206307811655817,1.0079807896244755,1.4558352421217768,0.8579363005477352,1.2135763778418542,0.905629547777714,1.0802266635825433,0.9537755953782919,1.0356142485385904,0.9918359224101128,1.0332424240652922,0.8395215725150468,1.1590412551602702,0.8983080870517257,0.9732876782869645,0.9564158404549057,0.9499312891830497,1.0,1.0,-0.4991612136363983,-0.4793176651000976,-0.5376510620117188,-0.3946820497512817,-0.5772481560707092,-0.3966193795204162,-0.6053322553634644,-0.425658106803894,-0.4863550662994385,-0.4705132842063904,-0.52635657787323,-0.4062510132789612,-0.5599828362464905,-0.4093016386032104,-0.5864564776420593,-0.4363273084163666
C,0.0,0.0,0.7538720175113003,1.8290043543169021,0.9064070231464827,1.7397216878732682,1.012013113768225,1.6134046050805544,1.1003063253819374,1.494713461078713,0.8479518696703068,1.340316770448377,0.9201366365840188,1.151997560457503,0.9796113118766504,1.0740874845400656,1.0343073461751762,1.0387372851059862,0.7868832280396949,1.2723706269017292,0.86617818619043,1.0521264950154432,0.9365414816250462,0.9828124016985017,1.0,1.0,-0.2686818838119507,-0.5013746619224548,-0.2964696288108825,-0.4083430469036102,-0.3217050433158874,-0.3843280971050262,-0.3447069823741913,-0.3968329429626465,-0.2377619445323944,-0.5013323426246643,-0.2588602304458618,-0.428213894367218,-0.2814294099807739,-0.4061523973941803,-0.3043323159217834,-0.41423499584198
C,0.0,0.0,0.7290216266361241,1.524208604541688,0.8395432497548815,1.5009965500373461,0.926198666058112,1.4620471422052903,1.0038086771218846,1.4209195380400828,0.8420317418019345,1.172361100449243,0.9115275780511248,1.0458823927137446,0.9682257901885182,1.008324288644821,1.0126412966902658,1.008992951213221,0.8122221467975816,1.1140726512464612,0.8913990997584802,0.9482361160840553,0.9569278871825884,0.9384085195829414,1.0,1.0,-0.3844612836837768,-0.515645444393158,-0.4245049059391022,-0.4332992434501648,-0.4580081105232239,-0.4379412829875946,-0.4800648391246795,-0.4721899032592773,-0.3643423318862915,-0.5089677572250366,-0.4031926095485687,-0.4576277732849121,-0.431515634059906,-0.460788369178772,-0.4513667821884155,-0.487261414527893
C,0.0,0.0,0.7973674110415543,1.6680795829098425,0.865169936533378,1.6167293004890488,0.9274906119194666,1.5496862992168778,0.993072211035651,1.4902067639802206,0.8422113754538942,1.2414285001171153,0.8947876327406399,1.1325869851022774,0.9438464287578582,1.0903312341181686,0.9837979599253016,1.0731953233018792,0.8280482439978096,1.1755023037608945,0.8930819678433474,1.0200359557425067,0.9513828566785075,0.979472469917009,1.0,1.0,-0.5299665927886963,-0.4537924230098724,-0.5738694071769714,-0.3833340108394623,-0.6145766377449036,-0.37558314204216,-0.6468241810798645,-0.3882882595062256,-0.5179945826530457,-0.4435501098632812,-0.561854362487793,-0.3891377449035644,-0.5971935987472534,-0.3885625302791595,-0.6274695992469788,-0.4052287340164184
C,0.0,0.0,0.7551079003587926,1.5011161205099337,0.8808822327565132,1.4389832628766073,0.9810849469496714,1.3799362830922044,1.0711913188664002,1.328718073348841,0.8612934132319612,1.1505840716547935,0.9314215345836534,1.0075180660744665,0.9877216197521316,0.986607545840959,1.0266117934520083,1.0136726277961565,0.8177328491933687,1.1080531183645443,0.8964414599734235,0.9324459698587394,0.9600485762883862,0.9327191997747148,1.0,1.0,-0.3291555941104889,-0.5891188383102417,-0.3613384366035461,-0.4994271099567413,-0.3898915350437164,-0.4970080554485321,-0.4097156226634979,-0.5272246599197388,-0.3055017292499542,-0.5907901525497437,-0.3365932106971741,-0.5313022136688232,-0.3637995421886444,-0.5148974657058716,-0.3873359858989715,-0.5209426283836365
C,0.0,0.0,0.7905826491884365,1.4673508080121413,0.8722341145857658,1.4106216628082364,0.9444876261674219,1.3723619783818888,1.0064489049143759,1.3160313299865052,0.8199079855007455,1.121402334992731,0.8783356224835827,1.0186246156170258,0.9385844605021715,1.0067046552681396,0.9791863874426711,1.0325603235007603,0.8016035114922232,1.095037011340125,0.8753244177373602,0.9443300737189895,0.9512666377434139,0.9435792177392791,1.0,1.0,-0.470663458108902,-0.6642850637435913,-0.5152822136878967,-0.5699763298034668,-0.5630276799201965,-0.5785950422286987,-0.592414140701294,-0.6168467402458191,-0.4650174379348755,-0.6737935543060303,-0.5074936747550964,-0.609280526638031,-0.5452858209609985,-0.6096829175949097,-0.5721924304962158,-0.6335384845733643
C,0.0,0.0,0.7399465258436996,1.5892905361211718,0.8686623769708375,1.5325125572132008,0.9680679348187397,1.456849775614462,1.0591000571441964,1.3956551648154862,0.8397933553031306,1.206066610192402,0.9191677383805149,1.070850376932709,0.9814161990536793,1.0340092833231223,1.0309323539508135,1.0415566541196548,0.793519338340876,1.1425095403671246,0.8810548587956555,0.983573667285653,0.9492467125558779,0.9527034549264801,1.0,1.0,-0.2987655103206634,-0.5189014673233032,-0.330799788236618,-0.4387310743331909,-0.3568444550037384,-0.4188368916511535,-0.3783021569252014,-0.434845358133316,-0.2704750597476959,-0.5181623697280884,-0.2920025885105133,-0.4545944035053253,-0.314706414937973,-0.4334664940834045,-0.3364642560482025,-0.4404230117797851
C,0.0,0.0,0.7089342616514286,1.5057541801902974,0.8655546285360367,1.4409456624828991,0.9773830426278964,1.3780809671912113,1.0819451719951203,1.3359504739149928,0.8336553464151718,1.1588641709331753,0.9199381028514332,1.0235325132114668,0.9863173203331557,1.0021827096822877,1.042456682350724,1.023459076070291,0.7661808563530546,1.1213932305778012,0.8613006845513829,0.9603127594482224,0.9402701988090306,0.9497611993565251,1.0,1.0,-0.2553508877754211,-0.6931191086769104,-0.284869909286499,-0.5843394994735718,-0.3155223727226257,-0.5732148885726929,-0.3416201174259186,-0.5969816446304321,-0.2212336659431457,-0.7067152261734009,-0.2402298748493194,-0.6252496242523193,-0.2646585702896118,-0.6191998720169067,-0.2866777181625366,-0.6440592408180237
C,0.0,0.0,0.7440695293187866,1.5203813745692654,0.8588846837853567,1.4854444641871132,0.9491037885683126,1.4422653241293468,1.0286709847010511,1.3873790229712604,0.86406051337705,1.1458971966079545,0.9400976336354797,1.0162392516840417,0.9936755500636685,1.0096540201117457,1.0235474118073074,1.0546069592927345,0.8310469668702201,1.0817118709990454,0.9161054659781107,0.9046445038076079,0.9758650175056918,0.9107735163058756,1.0,1.0,-0.3893383145332336,-0.5027583241462708,-0.4281986653804779,-0.41765958070755,-0.458735704421997,-0.420788824558258,-0.4733378887176513,-0.4600239992141723,-0.3646192252635956,-0.4984921216964721,-0.3988511860370636,-0.440164566040039,-0.4269841313362121,-0.4327041208744049,-0.4461887776851654,-0.4534319043159485
C,0.0,0.0,0.7267874582535016,1.4607713384783199,0.8404566250831175,1.4280817567039326,0.9297231849409774,1.4002977353868606,1.0117363619611512,1.3795948183432547,0.8386477554459213,1.115019023792771,0.9093367044359987,0.9757458276094425,0.9694971939218225,0.9707450434829549,1.0107301006905018,1.011734441255198,0.8077853883299442,1.0785555133631906,0.889753771099232,0.9083368933141233,0.9609243253435947,0.9213180840509138,1.0,1.0,-0.3424972593784332,-0.5427641868591309,-0.3788877427577972,-0.4578252732753753,-0.4114859700202942,-0.4658631682395935,-0.4303973913192749,-0.5031980872154236,-0.3246199786663055,-0.5436879992485046,-0.3591164946556091,-0.4860687851905823,-0.3874339163303375,-0.4843724966049194,-0.4075427055358886,-0.5062360763549805
C,0.0,0.0,0.7540928295704336,1.4926239422983907,0.8553706878471897,1.4650619950783743,0.94107673746793,1.4385854754096103,1.0185964368196392,1.4253855022613395,0.8502509360702679,1.128884088589266,0.9124715710712851,0.9997905718269718,0.9686235981564721,0.9846348509409976,1.0072712965803103,1.0143980911789772,0.8245611367575508,1.083008726046254,0.8981415940657475,0.9181818622695175,0.9640390308975756,0.9223002334722119,1.0,1.0,-0.3767367899417877,-0.4913522899150848,-0.4139018058776855,-0.4152126610279083,-0.4457241296768188,-0.421037346124649,-0.464105486869812,-0.4558064639568329,-0.3617225587368011,-0.4860520660877228,-0.3965887725353241,-0.4328368902206421,-0.4249720275402069,-0.43213751912117,-0.4460036754608154,-0.4550304114818573
C,0.0,0.0,0.7661580643029239,1.8158764627564912,0.8486887796238074,1.7656116635690025,0.9261029144439661,1.7245015368502217,0.9981173253065386,1.7031019283047566,0.8394801166537804,1.2558468851735711,0.8960410124480057,1.1017798529895808,0.946756643470241,1.0686285030211915,0.9869232068991504,1.0802413957884451,0.8233332334207427,1.171646893067505,0.8946942726730586,0.9532608642024907,0.9558792618432587,0.9325725907115183,1.0,1.0,-0.5048984289169312,-0.3748683631420135,-0.5528499484062195,-0.2985526919364929,-0.5921385288238525,-0.304584801197052,-0.6184455156326294,-0.3356572687625885,-0.4899519681930542,-0.3609416782855987,-0.5329102873802185,-0.3003000020980835,-0.5675015449523926,-0.3069170713424682,-0.5955315232276917,-0.3375698029994964
C,0.0,0.0,0.7181414232263684,1.4837139348748727,0.8279968853648291,1.442254520656001,0.9198567603543547,1.4071352593494768,1.0050424654676602,1.386161356152384,0.8171777652844617,1.1114450438599406,0.8862668116589264,0.9746319338783338,0.952975818123067,0.9638023250374788,1.0011824729753824,0.9941207819567479,0.791100479608873,1.071206920682365,0.8741847400474967,0.9001837465295548,0.9549340393967235,0.9158036613758757,1.0,1.0,-0.3339662551879883,-0.4998191893100738,-0.3737490177154541,-0.4196363687515259,-0.4092737436294555,-0.4362800121307373,-0.4293414056301117,-0.4763272702693939,-0.3192056715488434,-0.4966160356998443,-0.3579105138778686,-0.4432963132858276,-0.3871373236179352,-0.4546000957489013,-0.4058695435523987,-0.4855374097824096
C,0.0,0.0,0.7491951339482613,1.567264320047434,0.8402782875087188,1.5161396543426158,0.9222120197200406,1.4699882894121274,1.0021059323307504,1.4355214170860517,0.8158415389443969,1.1769209412912962,0.8768223087184567,1.0660385822575313,0.9372142559428248,1.0368297047011028,0.983531802674205,1.038017039403048,0.7958873624839088,1.1293337985644374,0.8698838260655984,0.9688719768833586,0.9477085069733127,0.953885760296399,1.0,1.0,-0.3551928997039795,-0.4863514006137848,-0.3925613164901733,-0.4099330902099609,-0.4302167594432831,-0.418301373720169,-0.4539255201816559,-0.447091281414032,-0.3429566323757171,-0.482701689004898,-0.3813539147377014,-0.4250719547271728,-0.4124510884284973,-0.4368821978569031,-0.4347844123840332,-0.4663037359714508
C,0.0,0.0,0.7382689343097295,1.7386913130188515,0.8516423020427263,1.7047129273027273,0.9411978854811983,1.6458733051504189,1.0046710477542966,1.530931993395451,0.8338793922853827,1.2834337241934872,0.8965984667046855,1.1285128194609735,0.9534782630147762,1.0701596840840393,1.0016731207152005,1.0544723633478439,0.8054009903070919,1.2168938021613707,0.8820819320138025,1.0223805583244634,0.9467904643173859,0.9716642397698029,1.0,1.0,-0.3672204315662384,-0.4842985570430755,-0.4040476679801941,-0.4032773375511169,-0.4357699751853943,-0.3880720734596252,-0.4608174860477447,-0.4030053615570068,-0.3467589020729065,-0.4765721261501312,-0.3779993057250976,-0.4140631854534149,-0.4061441719532013,-0.3980610072612762,-0.4322608113288879,-0.406790941953659
C,0.0,0.0,0.7612608056821027,1.800022827459767,0.8765961010697888,1.7334122136109738,0.9692382061787517,1.6474620838480774,1.0521683333089193,1.576354834174605,0.8426960180826598,1.3409781365260345,0.9053342317767462,1.1739363309372168,0.9594497373772628,1.102379647680871,1.0103538385209312,1.067219825275058,0.8068305476704691,1.2712753218772455,0.8770590584304543,1.073512039185031,0.9395100256476722,1.0069741627080384,1.0,1.0,-0.3575157225131988,-0.5122753381729126,-0.3887980878353119,-0.4273227453231811,-0.4184784293174743,-0.4048804640769958,-0.4468655884265899,-0.4072904288768768,-0.3344061374664306,-0.5072958469390869,-0.3565458655357361,-0.4386871755123138,-0.3820182085037231,-0.419456273317337,-0.4093993306159973,-0.4222412109375
C,0.0,0.0,0.7845635605752547,1.5385629665077283,0.9040146572908425,1.470764168514885,0.9926620723399202,1.4033664896667533,1.0649767524421825,1.3055069211324568,0.8742383795906711,1.1301773465671268,0.9453665225503727,0.9339257789599381,1.0049398676225592,0.9567684488946895,1.025037059020543,1.0427105793440117,0.8374990240933858,1.0836239888325854,0.9166850404133419,0.858449228542464,0.985228842789646,0.8877355096173517,1.0,1.0,-0.3700803220272064,-0.5071980357170105,-0.4045458734035492,-0.4075659513473511,-0.4355791211128235,-0.423530638217926,-0.4422629177570343,-0.4731099009513855,-0.3444737195968628,-0.5027413368225098,-0.3759115934371948,-0.4251376986503601,-0.4048382639884949,-0.4274942874908447,-0.418631911277771,-0.4619238078594208
C,0.0,0.0,0.8244082040028436,1.5376078233076957,0.8995025686079446,1.4484725235766052,0.972447630607588,1.3809985211971976,1.043209550462377,1.3175832229450177,0.8359445358144798,1.1549421861295217,0.888838785384821,1.0325612564876154,0.9474699189611892,1.018030852101503,0.9857772612657385,1.0401151265066806,0.8165885160211036,1.119734197080359,0.8807254607022118,0.9281609477273014,0.9563652911385756,0.9258737025442976,1.0,1.0,-0.4810513257980346,-0.6078800559043884,-0.5230231285095215,-0.5012080669403076,-0.571458101272583,-0.5152102708816528,-0.5981592535972595,-0.559498131275177,-0.4701613783836365,-0.610021710395813,-0.5120294690132141,-0.5271958112716675,-0.5514551997184753,-0.5317378044128418,-0.578977108001709,-0.5611404776573181
C,0.0,0.0,0.7725975182334983,1.4345558081060665,0.8725487927119758,1.362762470085247,0.9563402653973145,1.3242382300813444,1.0330960888188117,1.3026482655725475,0.8018931159149797,1.0632701278185894,0.87271409367046,0.9460885521037764,0.9449850165288515,0.940857455246741,0.9947690365486205,0.9741430103812878,0.7728939027898472,1.0392471706322244,0.8646499949731586,0.8907852459476812,0.9521623878790413,0.9159759686664364,1.0,1.0,-0.358344703912735,-0.622819185256958,-0.4061589539051056,-0.5290302038192749,-0.453337013721466,-0.5520009398460388,-0.4798433184623718,-0.6016605496406555,-0.3522595167160034,-0.6319448947906494,-0.4008212983608246,-0.5620841383934021,-0.4403630793094635,-0.5679217576980591,-0.4681969583034515,-0.5960679054260254
C,0.0,0.0,0.8160590169237999,1.4875726641748606,0.9203711833830772,1.4219309714641224,0.9993162429712705,1.372897437392968,1.0726162979600242,1.3099931062193082,0.8754081741270245,1.1303215166965586,0.9299562158441053,0.9824192390756663,0.9879423329269217,0.9837228602952256,1.0271157771240278,1.0364528906084187,0.8377167070521797,1.1021592884581424,0.8910982713636886,0.9065996001445182,0.9603563275879459,0.9148542139550859,1.0,1.0,-0.4081042408943176,-0.6442528367042542,-0.4350759088993072,-0.537250280380249,-0.4718005657196045,-0.5443387031555176,-0.4937009513378143,-0.5887801647186279,-0.3869189620018005,-0.6518339514732361,-0.4167418777942657,-0.5711345672607422,-0.4483152329921722,-0.5595443248748779,-0.4715663194656372,-0.5800755023956299
C,0.0,0.0,0.8211218594957344,1.5569579676702003,0.9090937607581704,1.4845661771022682,0.9811334633498334,1.4314600937983903,1.0502247851587874,1.376325330736988,0.8478941904557935,1.165551530346425,0.8905708168540631,1.0090465696655853,0.9542220417664581,0.9753583687474329,1.0014619713287294,0.9963915230121482,0.8209633156383879,1.143160829662277,0.8699400542514221,0.9396211863149918,0.9518493551283315,0.9283263573647721,1.0,1.0,-0.388228178024292,-0.6339447498321533,-0.4132848083972931,-0.5207170844078064,-0.4567637145519256,-0.5236549973487854,-0.4829965233802795,-0.5621944665908813,-0.3763764500617981,-0.6446091532707214,-0.4037841260433197,-0.5584139227867126,-0.4391765892505646,-0.5514011383056641,-0.4656753838062286,-0.5735582709312439
C,0.0,0.0,0.7809155365572397,1.5235032113692002,0.9214529219121086,1.4447550694793687,1.0294569753226535,1.3781861779163627,1.1235383562233614,1.311184865217052,0.8481857602102135,1.1453892475667136,0.9092571240497123,0.9719315936964095,0.9823462104509855,0.9638015150283615,1.0354804456147206,1.0089093218490224,0.7884796674712339,1.1228550977929144,0.8538999589564104,0.9206225482687664,0.9434692307773694,0.9263071699116062,1.0,1.0,-0.2653105854988098,-0.6202563047409058,-0.2859435975551605,-0.5150310397148132,-0.3199976980686188,-0.5197159051895142,-0.3423973023891449,-0.5584681034088135,-0.2412378191947937,-0.6319407820701599,-0.2619521915912628,-0.554075300693512,-0.2910420298576355,-0.542890191078186,-0.315184086561203,-0.5583674311637878
C,0.0,0.0,0.8445064285168695,1.616050945694798,0.9080400926849542,1.534385083869951,0.9701062662194366,1.4779228832490343,1.0287332237759215,1.425120165940045,0.833527884270115,1.2057245874308384,0.8925094823761134,1.0900451594367873,0.9499789199990178,1.073978660258722,0.9899186582880647,1.092935571676541,0.8190917305779255,1.164488839413568,0.8829575644584569,0.9753522569643721,0.9538594885873065,0.9484052246119948,1.0,1.0,-0.5320825576782227,-0.607964813709259,-0.5722101330757141,-0.4979918599128723,-0.6217567324638367,-0.5008386969566345,-0.6526973843574524,-0.5347422361373901,-0.5341696739196777,-0.6171655058860779,-0.5742138028144836,-0.5290306806564331,-0.6129509210586548,-0.5291162133216858,-0.6413001418113708,-0.5552619695663452
C,0.0,0.0,0.822549247601185,1.7685439771637892,0.9338539922587716,1.666874079246797,1.0267809755994135,1.5711271397462168,1.1147528592097298,1.5098005200628486,0.8398040899075611,1.3303341204720383,0.9054476346377068,1.179686798428173,0.969885604687142,1.121874676492118,1.0292728959740027,1.0938369795925869,0.7917822225019293,1.2806477202074127,0.8583851249409783,1.086893007329272,0.9302279795501256,1.0169890260000796,1.0,1.0,-0.3278637230396271,-0.6155160069465637,-0.3516493439674377,-0.5147219896316528,-0.384342610836029,-0.4794995784759521,-0.417358785867691,-0.4694979786872864,-0.3032937943935394,-0.6232604384422302,-0.3147876560688019,-0.5428641438484192,-0.3399846255779266,-0.5099417567253113,-0.3705175220966339,-0.4984450340270996
C,0.0,0.0,0.8122264548929756,1.5832657043751752,0.9095862025636788,1.508719988501561,0.9933217143401022,1.4526543960285436,1.075771430447833,1.4154212432376838,0.8519740383538253,1.2095006173561573,0.9026135343398564,1.0873927385816402,0.9544650940373262,1.0390873081912357,1.0009779026475225,1.02149814258043,0.8189055887430143,1.1797525802191102,0.8801184412712844,1.0199377624512822,0.9445082505575486,0.9775573886514131,1.0,1.0,-0.3857300579547882,-0.649141252040863,-0.4173760712146759,-0.556820273399353,-0.4523757398128509,-0.540243923664093,-0.4818902015686035,-0.5543832182884216,-0.3699596524238586,-0.6525021195411682,-0.4015511274337768,-0.5795923471450806,-0.4318243861198425,-0.5613106489181519,-0.4611974954605102,-0.5658524036407471
C,0.0,0.0,0.8645926595382103,1.7129829217294847,0.9654151964376226,1.6189899370587943,1.0540792124333926,1.5340955887926775,1.13860492516167,1.4769126467695433,0.8679612595904402,1.2910390942663785,0.9060397391392172,1.1418965722505017,0.9556812037763945,1.0684226297480666,1.0013429735022776,1.0279619876655484,0.8250431126350031,1.253961479611417,0.8736563390830705,1.06338723824103,0.9396964993895086,1.0029834516456273,1.0,1.0,-0.3456591069698334,-0.6231565475463867,-0.3642250299453735,-0.5231285095214844,-0.395456314086914,-0.4979060888290405,-0.4240485429763794,-0.501132607460022,-0.3232994079589844,-0.6290746331214905,-0.331875205039978,-0.5451149344444275,-0.3583982586860657,-0.5188984870910645,-0.3887153565883636,-0.5183875560760498
C,0.0,0.0,0.8179639106027986,1.549874511708011,0.9159095633164466,1.479205718747198,0.9972700575019363,1.4227426487630501,1.072041358098814,1.3605322615299507,0.8533731313823495,1.1877164429842444,0.907410953580439,1.0488028704548031,0.9633459794983718,1.0117730391767088,1.0051099400543386,1.0228284435053148,0.819528713121956,1.158450961865432,0.8804054947493071,0.9791801304706044,0.9502957298224195,0.9504255689902231,1.0,1.0,-0.3761813342571258,-0.6459817886352539,-0.4061805307865143,-0.5429134964942932,-0.4424257278442383,-0.5312491655349731,-0.4689909815788269,-0.556803822517395,-0.3594505190849304,-0.650664210319519,-0.3884715139865875,-0.5715446472167969,-0.4196601212024688,-0.5529496669769287,-0.4473698437213897,-0.5633590817451477
C,0.0,0.0,0.7380826110337126,1.4769894773529832,0.8463731099957473,1.4521962108023743,0.9315322884877809,1.4241647131083688,1.0068989962028922,1.3937081163255032,0.8593453507696507,1.1393900620245379,0.9350762963014754,1.0105960461721215,0.9881068540364525,1.0015112120587157,1.0201399619225264,1.0406096587884905,0.8249544550735362,1.0884270696085168,0.9125278414547139,0.9244485156709449,0.9706886745506837,0.9286202219626483,1.0,1.0,-0.3828950524330139,-0.5635547041893005,-0.4211368858814239,-0.4822418987751007,-0.4514612555503845,-0.4808891415596008,-0.4691175818443298,-0.5123801231384277,-0.3563314974308014,-0.5625648498535156,-0.3881106078624725,-0.5081645250320435,-0.4167682230472564,-0.4953222870826721,-0.4396575391292572,-0.5055574178695679
C,0.0,0.0,0.732531822132276,1.6130757509275213,0.8437787252713586,1.5661548880644254,0.9364383616770073,1.5110720403335163,1.0176225584533511,1.466424920467297,0.8313626577476206,1.251994990850625,0.8954212866714741,1.1254970635056623,0.949872750414916,1.0935901751117678,0.9982797128267972,1.097200479357088,0.8022138377189708,1.1901887887996803,0.8802963380289004,1.0416347408812583,0.943402655852345,0.9935669648327411,1.0,1.0,-0.3504095077514648,-0.540461003780365,-0.3867191076278686,-0.4723429679870605,-0.4156118333339691,-0.4500713944435119,-0.4420270621776581,-0.4506489038467407,-0.3287200033664703,-0.5321763157844543,-0.3586147725582123,-0.4772031903266907,-0.3844478130340576,-0.4520106315612793,-0.4111427962779999,-0.4431461691856384
C,0.0,0.0,0.7233972554141813,1.5264694807921821,0.8412064278722015,1.5307471415674379,0.9314515289191765,1.5049375474300188,1.0038740162267352,1.4099364354369142,0.8544157861814246,1.1165394320418933,0.9404449283055561,0.9561053672720914,0.9934417930281595,0.9764840069560954,1.0174263179789367,1.048196420985971,0.8223512935497674,1.0470452562033534,0.9205742235502135,0.8450368419566141,0.9811522461857316,0.8829261442139388,1.0,1.0,-0.3721465468406677,-0.4191423952579498,-0.4167418479919433,-0.3413285315036773,-0.4462915062904358,-0.3618202209472656,-0.4566538333892822,-0.4098511338233948,-0.3492022752761841,-0.4092641472816467,-0.3897102475166321,-0.3558582961559295,-0.4181837141513824,-0.3614707589149475,-0.4342990517616272,-0.3918205499649048
C,0.0,0.0,0.800420505530624,1.4671679995989833,0.9078526565274377,1.4143132377793135,0.9955243223225656,1.3810506548317192,1.071945073032432,1.3719031080197335,0.8708655904628926,1.1330741885790963,0.9232183585931459,1.002623225651339,0.9784238005984247,0.9867386887956174,1.0140376681262784,1.017460755814628,0.8371149756126391,1.1056051849991855,0.9006517032257443,0.945493178768572,0.9652886939926277,0.9405997522421436,1.0,1.0,-0.3916897475719452,-0.7025733590126038,-0.4215269982814789,-0.5983110666275024,-0.4556231200695038,-0.5953584909439087,-0.4779529869556427,-0.6280859708786011,-0.3724574744701385,-0.7071633338928223,-0.399570107460022,-0.6333790421485901,-0.4281012117862701,-0.6132484674453735,-0.452930599451065,-0.6208447813987732
C,0.0,0.0,0.8351192158797955,1.4990472066766125,0.9387002103565278,1.4305491239630224,1.0125215623330877,1.365924449417991,1.0627419694216924,1.2789307124290616,0.8762980471383854,1.15919100954799,0.9188750688580947,1.0206884258666624,0.972825615462393,0.9899153939978839,1.0113563284751221,1.007794106976736,0.8412937573748928,1.1322990546001404,0.8932245953481973,0.968693596572107,0.9579768701208005,0.9483029739225058,1.0,1.0,-0.3714959621429443,-0.6794926524162292,-0.3953761160373688,-0.5825247764587402,-0.4267109334468841,-0.5684425830841064,-0.4489739835262298,-0.5909016132354736,-0.3526028990745544,-0.6856229305267334,-0.3692571222782135,-0.6057848930358887,-0.3954873383045196,-0.5782052278518677,-0.42119300365448,-0.5806112885475159
C,0.0,0.0,0.7752742731771172,1.5696986009303948,0.9079879058699024,1.5048800669089089,1.0045744680129167,1.435291136343584,1.0484731805404268,1.3156289610122145,0.8666409609979308,1.166208580933616,0.9324399834335659,0.9857380357385586,0.9975105864353235,0.9742686419942218,1.033726852740221,1.0273945646027765,0.8166125472867564,1.1272323088543048,0.8943888330232089,0.9171311454320676,0.9664406060696994,0.9147628059682764,1.0,1.0,-0.2996309399604797,-0.5648753643035889,-0.3258837461471557,-0.4652435183525085,-0.3555890321731567,-0.4590872526168823,-0.3716493248939514,-0.4943830370903015,-0.2729044556617737,-0.5720654129981995,-0.2965846061706543,-0.5005975365638733,-0.3232011497020721,-0.4798040986061096,-0.3442145884037018,-0.4903356432914734
C,0.0,0.0,0.7746262484312478,1.701094462917957,0.9012134335478419,1.6408746598241697,0.9941347775845378,1.5601434866053439,1.0196272670369257,1.4333423030194699,0.8566854485999074,1.2781761474830486,0.9145850126594075,1.1141699180972864,0.9751011999657908,1.0506468717107253,1.0245813559076429,1.040993271187788,0.8114325772542085,1.22102061099748,0.8812403093947265,1.023703507959774,0.9476446626056928,0.9676795963628341,1.0,1.0,-0.3180250227451324,-0.5524429678916931,-0.3444869816303253,-0.4617975354194641,-0.3713342547416687,-0.4372294545173645,-0.3927712142467499,-0.4517540335655212,-0.2921673357486725,-0.5544437766075134,-0.315240204334259,-0.4851702451705932,-0.3397419154644012,-0.456788420677185,-0.3634618520736694,-0.4580985009670257
D,0.0,0.0,0.8451630482748338,1.2819300300206529,0.9129612537521559,1.1881657090233069,0.9815660314517687,1.113835872116941,1.0216299376513147,1.0171408871447774,0.7737935015602496,0.9939004406939624,0.7929400509939255,0.8613293115133256,0.8114086895584127,0.7633783832816645,0.814114730466,0.6911668501797144,0.7569430827088831,0.9834119380077069,0.8859251005051475,0.8761638584257878,0.97369099431827,0.9266004229798219,1.0,1.0,-0.3430670797824859,-0.608292818069458,-0.3995499312877655,-0.5438600182533264,-0.4369302093982696,-0.5850403904914856,-0.4468238353729248,-0.6319706439971924,-0.3537342548370361,-0.6219159364700317,-0.4000951051712036,-0.5655304193496704,-0.4302051663398742,-0.5865968465805054,-0.4405207633972168,-0.6204847097396851
D,0.0,0.0,0.8698262430172441,1.2677083953317299,0.9247237260451164,1.1736772022122195,0.9795623376283837,1.1115944878903272,1.022754786804712,1.027611800371193,0.813806772237228,0.9270930950416454,0.850375488563457,0.7859146256308275,0.877949297130578,0.6881689748548119,0.890770848789019,0.6050924364484829,0.8039064494733741,0.9203800545469186,0.926572196694781,0.8319660620291283,0.9865291009431113,0.9130836942369402,1.0,1.0,-0.5237264037132263,-0.5805908441543579,-0.5989927053451538,-0.5205410122871399,-0.6341779232025146,-0.578062891960144,-0.639939546585083,-0.6338086724281311,-0.542493999004364,-0.607538640499115,-0.6016961336135864,-0.5522223114967346,-0.6320076584815979,-0.5851317644119263,-0.6418179869651794,-0.628038227558136
D,0.0,0.0,0.8178199720744495,1.3431875407475236,0.9029744497620059,1.2457655493302264,0.9816502099077157,1.1689160490975445,1.0275657709033488,1.0630472582865367,0.7596886267260252,1.036749422621934,0.8070359643780354,0.8941139978864897,0.8581584038521911,0.8074895123915735,0.8936422667875256,0.7499838232566642,0.7452720244760064,1.0178640152858938,0.8601097063347866,0.8876013538805562,0.9552555269611684,0.9203398846635821,1.0,1.0,-0.3466501533985138,-0.6444668173789978,-0.3990259766578674,-0.5631126165390015,-0.4424499869346618,-0.5932669043540955,-0.4622305929660797,-0.6450953483581543,-0.3560075461864471,-0.6577280163764954,-0.4010517001152038,-0.5877819061279297,-0.4399985074996948,-0.6039779782295227,-0.4606757760047912,-0.6429945230484009
D,0.0,0.0,0.8364164691647686,1.3183184188613148,0.9206489507224821,1.2239958932412198,0.9895681921376446,1.1491227319549815,1.016542377767061,1.053642334973838,0.8178377569667886,1.0474823629614756,0.8413055386782129,0.9329360940912338,0.8736079673706062,0.852078340461369,0.8857840670865013,0.8003065281031588,0.7955094243458284,1.0332896531894051,0.8786491940695382,0.9110458701328091,0.9651052854615015,0.935569032253991,1.0,1.0,-0.3547573089599609,-0.7373383045196533,-0.3986792862415313,-0.6528124213218689,-0.4395214021205902,-0.6810071468353271,-0.454909086227417,-0.7290684580802917,-0.352995365858078,-0.7476294040679932,-0.3962604105472564,-0.6817433834075928,-0.430641770362854,-0.6930294036865234,-0.4471108615398407,-0.7225972414016724
D,0.0,0.0,0.7764597822600624,1.3167016501040891,0.8903790499325102,1.2069911427974123,0.9806287525268486,1.1309606074633867,1.0106112213148448,1.0414575265516417,0.7542728144376418,0.979505479452889,0.7934550667014499,0.8172386466660061,0.8231140358535801,0.7112079904044435,0.8319475190111836,0.6290880576053547,0.7277941591773132,0.978062091853251,0.870741939325175,0.8423564270419376,0.9702767641791374,0.9074416283214727,1.0,1.0,-0.3236450552940368,-0.6845202445983887,-0.3811637759208679,-0.6021791696548462,-0.4292148351669311,-0.6466833353042603,-0.4482167363166809,-0.7039580941200256,-0.3251287937164306,-0.7180286049842834,-0.3751697540283203,-0.6478815674781799,-0.4156407713890075,-0.6632153987884521,-0.4369543492794037,-0.6963538527488708
D,0.0,0.0,0.8753052980009406,1.3872980662620107,0.9656881514028899,1.266153404539298,1.0400941222416071,1.1625427667444026,1.060363556083719,1.037718336227835,0.8374351944176577,1.0675749630738036,0.8341203690716849,0.9096696125717306,0.8487356194541157,0.7996774200533372,0.8384576571955463,0.7184067898446816,0.8044830107459503,1.0576626717930744,0.8626191236897258,0.8871411728808779,0.9633689030110301,0.9196881940578597,1.0,1.0,-0.3160964846611023,-0.6704501509666443,-0.3491468429565429,-0.5660525560379028,-0.3928938806056976,-0.5998812317848206,-0.4070577323436737,-0.6573658585548401,-0.3105330765247345,-0.6844943165779114,-0.3472378253936767,-0.602653443813324,-0.3823582530021667,-0.61445152759552,-0.3963485956192016,-0.6530013680458069
D,0.0,0.0,0.851295076078271,1.3579079919808,0.9444954429863582,1.2489699510325716,1.0284370652587318,1.1584617387010863,1.0407566839084577,1.0443862034220348,0.8108751044926823,1.052661144920518,0.7960608175904258,0.8973956245380798,0.7977860988887369,0.7980366413905017,0.77647620493553,0.7306353627569319,0.7803017522126559,1.0421834277784816,0.8478979118629816,0.8848398033698263,0.9545410222687433,0.920282189270161,1.0,1.0,-0.3181735873222351,-0.6788892149925232,-0.3555889129638672,-0.5814430713653564,-0.4012874662876129,-0.6147556304931641,-0.4183022379875183,-0.671769917011261,-0.313296228647232,-0.6913120150566101,-0.3509219884872436,-0.61314857006073,-0.3871473670005798,-0.6254685521125793,-0.4037165641784668,-0.6642032265663147
D,0.0,0.0,0.8888925346624602,1.343007509183592,0.9686572268680677,1.23448636642583,1.0397115308881195,1.1340612838845023,1.0540865108910102,1.0112024255479157,0.8325146798268863,1.0671475843178018,0.8266515830621086,0.9241745452696417,0.8345583008807933,0.8146458281095388,0.8214022630009419,0.7377919345041634,0.8039935869688108,1.0557717026901996,0.8635259185178019,0.8983331819545985,0.9625190144207088,0.9275277838319036,1.0,1.0,-0.3105301558971405,-0.6801019906997681,-0.3474580347537994,-0.5825445055961609,-0.3883880376815796,-0.6191439628601074,-0.3993011116981506,-0.6770000457763672,-0.3056091666221618,-0.6889070272445679,-0.3478773534297943,-0.6138666272163391,-0.3791178464889526,-0.6342002153396606,-0.3865117132663727,-0.6791706681251526
D,0.0,0.0,0.8670502500881782,1.4572351390308111,0.9508937691709216,1.3217481731631728,1.0136322072215758,1.2128740711739934,1.041577187089129,1.0818494800628708,0.8094710127232956,1.1327624885949243,0.820746796077491,0.9750397980104056,0.8523008772335063,0.8696454416537167,0.8746420633576272,0.8019671940738446,0.7779042456693792,1.1211241261376186,0.8355549053727344,0.9455948012410619,0.9353954883667382,0.9383971836500153,1.0,1.0,-0.3036076128482818,-0.6761127710342407,-0.3338421285152435,-0.567904531955719,-0.3756654858589172,-0.5700592994689941,-0.4007682502269745,-0.6070709228515625,-0.2985001802444458,-0.6866688132286072,-0.3333595693111419,-0.6023361682891846,-0.3693438768386841,-0.5980582237243652,-0.3928214907646179,-0.6230441331863403
D,0.0,0.0,0.8610704503295927,1.4411833682849957,0.9470102338024916,1.3047974009364358,1.008990743140443,1.1933425944313967,1.036630407319266,1.0612027806600692,0.816411606401401,1.1175045921094862,0.8217278731961187,0.960213468148507,0.8398288161796417,0.8502820329680201,0.8464827614959706,0.7732781228165325,0.7847396132175294,1.1057049950206628,0.8414836167645654,0.929442377341029,0.9424418280601135,0.9315404481937702,1.0,1.0,-0.3010326027870178,-0.6779865026473999,-0.3315008282661438,-0.5714083313941956,-0.3724118769168854,-0.5865710377693176,-0.3930985033512115,-0.6339705586433411,-0.2911972403526306,-0.6876578330993652,-0.3251694440841675,-0.6040467023849487,-0.3599053025245666,-0.6040288209915161,-0.380057156085968,-0.6331589818000793
D,0.0,0.0,0.8937582504214495,1.4323404699969717,0.9735991983942879,1.2873095815903313,1.0387871009124816,1.165195010086762,1.058660789558495,1.0260646739221044,0.8530030049273558,1.1212371414624274,0.8739215255390693,0.9683122906507367,0.894456888998365,0.8600803451405769,0.8966733863089972,0.780893107851002,0.8144348732869681,1.1089886949943837,0.8539578891299652,0.917267613836176,0.9500911043459697,0.9293470105923602,1.0,1.0,-0.2926354706287384,-0.6823543906211853,-0.3193229138851166,-0.5682503581047058,-0.3590104579925537,-0.5946911573410034,-0.3750804364681244,-0.649991512298584,-0.2796559929847717,-0.6906923651695251,-0.3123094439506531,-0.6035512685775757,-0.3461343646049499,-0.6099002361297607,-0.3621834814548492,-0.6455624103546143
D,0.0,0.0,0.8768323082301483,1.3288092373475684,0.9541752791524775,1.2216990103463483,1.019563343554716,1.138448727497686,1.0291953358088255,1.0206312004434688,0.8014122844346688,1.0062570446262236,0.8293878637190761,0.8484393357907961,0.8497399480689011,0.7417342004812754,0.8458035731597066,0.6564664362750979,0.7747933819596898,1.0001671806981616,0.8807666843030655,0.8586466408234379,0.9744321522676165,0.9152973046197664,1.0,1.0,-0.3416081368923187,-0.6258835792541504,-0.3935084640979767,-0.5395272970199585,-0.4356553554534912,-0.5843977332115173,-0.4457731246948242,-0.6393977999687195,-0.3466447293758392,-0.6497380137443542,-0.3922468423843384,-0.5723013877868652,-0.4265869557857513,-0.5929974913597107,-0.437037855386734,-0.6343314051628113
D,0.0,0.0,0.8978419885332367,1.3582364896305485,0.970545229260244,1.2446136251117235,1.0305810722294269,1.1464027895700537,1.0478245836127105,1.0162583762058375,0.8189025041504963,1.054494514273695,0.8146325609239015,0.9058488146594451,0.817448794216839,0.79333137510251,0.801078509037165,0.7139115154659119,0.7920286354617668,1.0437289056143064,0.8634623891690902,0.8826578618856005,0.9613716954543801,0.9182469925659472,1.0,1.0,-0.3361365795135498,-0.6260708570480347,-0.3786676824092865,-0.5333856344223022,-0.4207464456558227,-0.5714242458343506,-0.4326258599758148,-0.627106785774231,-0.3376448452472687,-0.642056405544281,-0.3802182376384735,-0.5658929944038391,-0.4120487868785858,-0.5874997973442078,-0.420523464679718,-0.6326435804367065
D,0.0,0.0,0.8674190940629378,1.4163593021298506,0.9575818465249534,1.2931437698652382,1.034461709775634,1.1862639407351665,1.0368802008609348,1.0511848593466875,0.8028905446096875,1.0624335762544599,0.7960652383177912,0.8884755626627588,0.7989952947716618,0.7637745726601513,0.7814831218476895,0.6701287465467903,0.770056802925307,1.0574705672670384,0.8446881246594393,0.8798266546526327,0.954144802468675,0.9133269137464973,1.0,1.0,-0.30960813164711,-0.617774486541748,-0.3483923375606537,-0.5192371606826782,-0.394546777009964,-0.5484344959259033,-0.4116096198558807,-0.6037357449531555,-0.3071782290935516,-0.6386163830757141,-0.3445959091186523,-0.5548548102378845,-0.3806934654712677,-0.5616142153739929,-0.3975093364715576,-0.5981948971748352
D,0.0,0.0,0.8654792366501048,1.4209846125276704,0.9495164135554637,1.2882832637418278,1.0203385885662142,1.177745524735254,1.0302830133786336,1.0425590235331061,0.8048054939393811,1.0742016777441288,0.8085669662560971,0.9007546860399988,0.8190540155059882,0.7791716413658815,0.8056785750272129,0.6875370355952201,0.7740777797173273,1.0665741675049598,0.8465652944590857,0.8838599922927705,0.9554865596319209,0.9148806087698015,1.0,1.0,-0.3145070075988769,-0.6201766133308411,-0.3523710370063782,-0.5188959240913391,-0.396836906671524,-0.5504950881004333,-0.4115006327629089,-0.6050907969474792,-0.3130035400390625,-0.6395354866981506,-0.3522279560565948,-0.5574889183044434,-0.3869467079639435,-0.5693362951278687,-0.4001093506813049,-0.608204185962677
D,0.0,0.0,0.8697343099325853,1.4802091894039746,0.9646595417873867,1.3383473511873885,1.0407773611555726,1.2096072059102723,1.0410426169843845,1.0559392880620577,0.8280844321421392,1.1138500588280624,0.8354589144640839,0.9283132812799333,0.8759934891139074,0.8143158832324309,0.8995804716504465,0.7293885454680866,0.7820869507260368,1.1127039555791087,0.8226777407609005,0.8955018918398826,0.9370820243059167,0.9234149248925145,1.0,1.0,-0.2593350410461426,-0.621679961681366,-0.279354989528656,-0.5076307654380798,-0.3231706023216247,-0.5345574617385864,-0.3431074619293213,-0.5897777676582336,-0.2454137206077575,-0.6392471790313721,-0.2721076607704162,-0.5479366183280945,-0.3083467781543731,-0.5519735813140869,-0.3280544281005859,-0.5873949527740479
D,0.0,0.0,0.8373809619798118,1.3604749223822878,0.8958907571951144,1.2273584773562498,0.9593881329326849,1.1390342519315853,1.0139606600870035,1.0472427413595797,0.7867686218070676,0.9271991048663346,0.8058048563443898,0.7584566921382603,0.8107075724297719,0.6375618279125047,0.7983400994773198,0.5190070576214717,0.7651661584925278,0.9233309486863862,0.9026372037959624,0.8004380409743446,0.9803194584581217,0.8919810093845617,1.0,1.0,-0.4992730617523193,-0.545501708984375,-0.5863343477249146,-0.4755962491035461,-0.6331893801689148,-0.5383238196372986,-0.6422881484031677,-0.6031873226165771,-0.5184260606765747,-0.5807271003723145,-0.5903930068016052,-0.5278148055076599,-0.6278202533721924,-0.5608866810798645,-0.6419941186904907,-0.604101836681366
D,0.0,0.0,0.8235662700836592,1.4396151607790297,0.9195237766855562,1.3245843479749997,0.9989498247529134,1.2259281196613012,1.034441293695829,1.0881984023802853,0.7902901777454286,1.0840196586965647,0.8256137763514754,0.9201642520014008,0.8574078094774736,0.8085060232095952,0.8656707374474037,0.7296194240930282,0.7638002800882333,1.0622136986405375,0.8542287865879692,0.8845516080855548,0.9548424643752791,0.9126680742738262,1.0,1.0,-0.3205167353153229,-0.5965925455093384,-0.3668791055679321,-0.5026500821113586,-0.4128402471542358,-0.5315980315208435,-0.4305148720741272,-0.5857211351394653,-0.320949912071228,-0.609212338924408,-0.3681504428386688,-0.5357134342193604,-0.4061632752418518,-0.5484055876731873,-0.4234451651573181,-0.5844020247459412
D,0.0,0.0,0.8833557297278098,1.4380116426944547,0.9698943620283438,1.3051229853525992,1.042658545753762,1.1808477763087717,1.0633713874714372,1.0275703964753118,0.8244336277423252,1.0830468192155276,0.822782904940625,0.8932258594120539,0.8364419183547827,0.7598873430542549,0.8332406645513422,0.6680364039423415,0.791493168606372,1.0684621792677864,0.8538314853841328,0.8840324697661732,0.9529613558599623,0.9122120163934141,1.0,1.0,-0.3045286536216736,-0.5832671523094177,-0.3428193926811218,-0.4795147776603699,-0.3855728209018707,-0.5133800506591797,-0.4018221497535705,-0.5754987001419067,-0.2971930503845215,-0.5917367935180664,-0.340067446231842,-0.5070735812187195,-0.3777292966842651,-0.5232309103012085,-0.3953963816165924,-0.5692864060401917
D,0.0,0.0,0.847993001608554,1.3438086463086463,0.9310216352472829,1.2433068133068133,1.0060628751633653,1.1599870324870325,1.0482199359692526,1.0355454155454156,0.7966169359848227,1.0322328497328497,0.8104910463730081,0.8784008034008034,0.828889055521393,0.7686573261573261,0.8246441178143342,0.6972876935376935,0.7752400631851346,1.010548633048633,0.8719965513586387,0.8660648960648961,0.9650715614581102,0.9101773526773527,1.0,1.0,-0.3476435244083404,-0.6115272045135498,-0.4013949036598205,-0.5283983945846558,-0.4456473588943481,-0.5714040994644165,-0.4607250690460205,-0.6324198842048645,-0.3498167991638183,-0.6199500560760498,-0.4005157947540283,-0.5537232756614685,-0.4385495185852051,-0.5770036578178406,-0.4544720649719238,-0.618903398513794
D,0.0,0.0,0.8003759420777087,1.462162908286474,0.9350846260493813,1.328837299501848,1.0383304935253324,1.2127922602875345,1.0634453792700516,1.0588823597089985,0.8107619346449334,1.0761992081624225,0.8186359490402989,0.8755431514385545,0.8324407915707478,0.7442510963407141,0.8231150779761145,0.6318880070878339,0.7621742899699792,1.0675907183534767,0.8381587736839516,0.866193594107168,0.9521872076105081,0.9136582963334584,1.0,1.0,-0.2429987788200378,-0.6283249258995056,-0.2752524018287658,-0.5153502821922302,-0.3189536333084106,-0.5573886632919312,-0.3360357582569122,-0.6238325238227844,-0.2226802855730056,-0.644660234451294,-0.2563482522964477,-0.5568114519119263,-0.293438583612442,-0.566483736038208,-0.3126963376998901,-0.6054439544677734
D,0.0,0.0,0.8310518725596119,1.3282939980646884,0.9286380509791583,1.2130695657933466,1.0124142515596986,1.1280793814841075,1.0218646493587509,1.0191342282484175,0.7591787259919723,0.9509594646656688,0.782236601880852,0.773574216537783,0.7988604867501554,0.6519361739068408,0.7885804337603322,0.5500392999956496,0.7241600560201531,0.9562898021459306,0.8685064773301974,0.815175971094956,0.9777597671833014,0.9025487482593757,1.0,1.0,-0.3108639121055603,-0.6054859161376953,-0.3697625696659088,-0.5196064710617065,-0.4182928204536438,-0.5714616775512695,-0.4294517338275909,-0.6294735670089722,-0.3155343234539032,-0.6472313404083252,-0.3660684525966644,-0.5726326704025269,-0.4022003710269928,-0.5950143337249756,-0.412546306848526,-0.6357458829879761
D,0.0,0.0,0.8647612966338916,1.5075590716821707,0.9609272120595399,1.3608582923277626,1.0424994256834368,1.2289780524415295,1.032469318778378,1.0824656583718084,0.8092634640142425,1.0954374429657945,0.805503652013767,0.889886950887732,0.8138657309229664,0.7478305976724997,0.8045251757401248,0.6397879925462222,0.7717858222008139,1.0890571249220948,0.8326148891559736,0.8824578426251758,0.9447897532852061,0.9078855388951697,1.0,1.0,-0.2943378388881683,-0.5837681293487549,-0.3306299746036529,-0.4820908308029175,-0.3762802183628082,-0.5107332468032837,-0.3947329819202423,-0.5693774223327637,-0.2862288653850555,-0.6019586324691772,-0.3256292939186096,-0.5188465118408203,-0.3631904423236847,-0.525974452495575,-0.3828361928462982,-0.5635154843330383
D,0.0,0.0,0.8797088706002627,1.487713806527697,0.9662702697689192,1.3462401362950804,1.0455612697184662,1.2124664877086124,1.040848771074735,1.0459326300047684,0.807732725895579,1.110061574653975,0.7921240233566843,0.9205990596967348,0.7916968137422851,0.7777157362756135,0.7655800180078888,0.6670603886889446,0.7654638406600089,1.1060779832700227,0.8193537389156776,0.8930055276155509,0.9421724652329492,0.9150330524377661,1.0,1.0,-0.2675985097885132,-0.5864556431770325,-0.2974096834659576,-0.4790228605270386,-0.3448036611080169,-0.5107212066650391,-0.3625067174434662,-0.5716792345046997,-0.2566496133804321,-0.6035413146018982,-0.2924388647079468,-0.51561039686203,-0.329606682062149,-0.5260429978370667,-0.34602952003479,-0.5676974058151245
D,0.0,0.0,0.8403601746566302,1.3243766617671562,0.9232176375208857,1.2255338924179253,0.9895552505305567,1.147513102019907,1.0371628398502788,1.045631002829556,0.8186282643843334,1.0193368138073369,0.8140468969684443,0.8601956122983043,0.8141272128413312,0.7523267730803745,0.8048262208950344,0.6779219516480605,0.7973325300883823,1.0030088016059957,0.8804164552608901,0.8805862722661129,0.9620265647659568,0.9196609777284562,1.0,1.0,-0.3582336902618408,-0.6237285733222961,-0.4054878652095794,-0.5467840433120728,-0.4468728303909302,-0.5821965336799622,-0.4663910567760467,-0.6370598673820496,-0.3554142713546753,-0.6341613531112671,-0.3982698023319244,-0.5695578455924988,-0.4350160360336303,-0.5807942152023315,-0.4576343595981598,-0.6121031641960144
D,0.0,0.0,0.8631802218176379,1.368646955946234,0.9692377619688388,1.2607178407232058,1.0389084106165443,1.1570125215712348,1.0628040296040424,1.0279990521100437,0.8420283510521984,1.0657954263424285,0.8078870152486495,0.8966818637940368,0.7999634190052591,0.7874299718751331,0.7645039867988964,0.6968893647356803,0.8010298583037685,1.0566725265467718,0.8479969387940233,0.8775539835429541,0.9579930558611929,0.9186632508789082,1.0,1.0,-0.2570107579231262,-0.6412128210067749,-0.2796961665153503,-0.5412376523017883,-0.3199206590652466,-0.5744420289993286,-0.3353079259395599,-0.6305215954780579,-0.241085410118103,-0.6528721451759338,-0.2681804895401001,-0.5767642259597778,-0.3016332387924194,-0.5881837010383606,-0.3179214894771576,-0.6248313188552856
D,0.0,0.0,0.8464907374693303,1.3650671456331414,0.9301529887777362,1.262162924489243,1.008106639019022,1.1706237477246237,1.0253911767406112,1.0430202489591445,0.8124318337644985,1.0535908886231695,0.8097958022111623,0.8931985014500958,0.8130483093114852,0.7829089658131969,0.793353257003737,0.7040954252724659,0.784308706837246,1.0384273889309181,0.8551800280962264,0.8805398043503883,0.9550349313305522,0.9147814077464029,1.0,1.0,-0.311343640089035,-0.6098048686981201,-0.3486190736293793,-0.5221430063247681,-0.392987996339798,-0.5539673566818237,-0.4112142622470855,-0.6085088849067688,-0.304508239030838,-0.6201300024986267,-0.3444072306156158,-0.5471547842025757,-0.3811707198619842,-0.5594965815544128,-0.3995036780834198,-0.5955052971839905
D,0.0,0.0,0.8732201627286453,1.4439568865270078,0.9514841406935662,1.3257775677004893,1.0194289516179376,1.220730312005173,1.0416817133301763,1.0800311543768264,0.8361755557495695,1.1318967491390126,0.8362603742290827,0.972782658672673,0.8449463773840815,0.8594994908602559,0.8335074664751266,0.7771943242559957,0.8040210334280433,1.11492524714381,0.844061108799097,0.9332241271639502,0.9443767252805636,0.9333859377069809,1.0,1.0,-0.2939433157444,-0.6176032423973083,-0.320563405752182,-0.5212530493736267,-0.3647293448448181,-0.5379732251167297,-0.3865008056163788,-0.5869827270507812,-0.2848238050937652,-0.6222656965255737,-0.3172280192375183,-0.5471351146697998,-0.3520219922065735,-0.5494319200515747,-0.3714807331562042,-0.5786070823669434
D,0.0,0.0,0.8828724614237761,1.4339412354485732,0.9653895746312411,1.3120301577325162,1.0384448289827328,1.1993214277947954,1.0399587010629172,1.0675147781207597,0.8451563021457476,1.1105056556832453,0.8388307396793236,0.9541221134396397,0.8465927387189016,0.8441283795866328,0.830821865475205,0.761412969699759,0.8125692554908546,1.0954784091333738,0.8469470576288821,0.9121892815528897,0.9490999309968872,0.9260356085203554,1.0,1.0,-0.2912147045135498,-0.6127421855926514,-0.3171859085559845,-0.5144450068473816,-0.3613216876983642,-0.5379327535629272,-0.3801031112670898,-0.5897974371910095,-0.2813974022865295,-0.6186334490776062,-0.3142266571521759,-0.5428799390792847,-0.3484998047351837,-0.5504145622253418,-0.3652246594429016,-0.5844160318374634
D,0.0,0.0,0.8923631674633347,1.3796860660395378,0.9699033827530417,1.2741371355549784,1.0377236592271115,1.1681467122139462,1.0449818188373283,1.041913299078469,0.866609952001466,1.1067413428332633,0.8649116542848652,0.9592037903306637,0.8731375409462737,0.850982401950121,0.8580576032023058,0.7617038289964393,0.8300647979382939,1.0919278313842768,0.8692273547487424,0.9224778314545784,0.9607196092112599,0.9393975731551454,1.0,1.0,-0.2810787856578827,-0.6415448784828186,-0.3038371205329895,-0.5436391830444336,-0.3388574123382568,-0.575391411781311,-0.3492287099361419,-0.6329625248908997,-0.2650142610073089,-0.6440855860710144,-0.2936624586582184,-0.564233124256134,-0.3235779106616974,-0.5781221389770508,-0.3352298438549042,-0.6203952431678772
D,0.0,0.0,0.826786814088763,1.3602486110698715,0.9258086990326546,1.2565578447367514,1.0100503125957017,1.1683564681250267,1.0166380611186325,1.0590028472766697,0.7767441529878687,1.0301288296392834,0.8071401487467897,0.8705812240240173,0.8388178316912184,0.7628632023195514,0.8484349664659951,0.6823866084906303,0.7477349134061545,1.0194103135936596,0.8423964351945277,0.8714365907152137,0.9544604722727567,0.9122465197499725,1.0,1.0,-0.2799422442913055,-0.6080261468887329,-0.3251561224460602,-0.5283735990524292,-0.3668112158775329,-0.5648127198219299,-0.3799002170562744,-0.6186281442642212,-0.2801180779933929,-0.6269336342811584,-0.3255002796649933,-0.5601708292961121,-0.3593836426734924,-0.5789705514907837,-0.3717100918292999,-0.6191505789756775
D,0.0,0.0,0.8359606072480825,1.35026944912723,0.91934863726943,1.2502529605165351,0.9946593991415114,1.1659983623515862,1.0230660167563275,1.0495198931033458,0.785278180510903,1.0447565166803772,0.8107436359852467,0.8978825400229239,0.831174119220915,0.7893750676388439,0.8305476884356003,0.7114691352129148,0.7638431807092726,1.024651924627327,0.8618474418306813,0.8882563749704291,0.9590598248360317,0.9206527407484828,1.0,1.0,-0.3210411667823791,-0.6061373949050903,-0.3670062720775604,-0.5295957922935486,-0.4097672998905182,-0.5650114417076111,-0.425892174243927,-0.619832456111908,-0.323841243982315,-0.6174529194831848,-0.3674489259719848,-0.5546523332595825,-0.4030638635158539,-0.5726004838943481,-0.4196918606758117,-0.6103733777999878
D,0.0,0.0,0.8739196879931083,1.4060492449198467,0.9510265936909852,1.2835033905125832,1.02093475226154,1.178644379848452,1.0441470068510048,1.0414214913932327,0.7879715966770422,1.0795714597227364,0.8125126145018242,0.9272106250117877,0.8344778099753588,0.8175579154731513,0.8366848210744063,0.7412394363690035,0.7620247537770658,1.063639261074025,0.8490434975876574,0.8923537949392052,0.9520825337304459,0.9159581156891761,1.0,1.0,-0.3123093545436859,-0.5999388098716736,-0.3579577505588531,-0.5088820457458496,-0.4013620913028717,-0.5393804907798767,-0.4168847799301147,-0.5946714878082275,-0.3171135783195495,-0.6144436001777649,-0.3597193360328674,-0.5374717712402344,-0.396317183971405,-0.5480250120162964,-0.4125499725341797,-0.5850290656089783
D,0.0,0.0,0.8767968848643531,1.3906191285497573,0.9462796912954327,1.2680762403924417,1.0132894508671437,1.1542525316171282,1.054149704169533,1.0202457168418746,0.7847041204814226,1.0797940157182309,0.8021329605695121,0.9220462688733702,0.8147742247255704,0.8108082477768571,0.808716459743081,0.7309815795885638,0.7569821403528905,1.0613863204254779,0.8455455902024434,0.9006157954114766,0.947049483592668,0.9186383424269924,1.0,1.0,-0.3117591738700866,-0.5850006937980652,-0.357433021068573,-0.4964979588985443,-0.4018561840057373,-0.5248920917510986,-0.4231394231319427,-0.5770919919013977,-0.314042329788208,-0.594126284122467,-0.3570796847343445,-0.5211674571037292,-0.394739955663681,-0.5308250188827515,-0.415324717760086,-0.5629935264587402
D,0.0,0.0,0.8739482990326035,1.4013952745084828,0.9356301457717598,1.290025441013765,0.995160143536263,1.1988237776870783,1.0154010293206333,1.06920790971085,0.8102213051762182,1.0571240685131122,0.8248363031171485,0.8944288690080121,0.8381674404101409,0.777341350027479,0.8383743056065203,0.6987354663545516,0.7933588042447611,1.0335409336389894,0.886232033306762,0.8766451048182017,0.9656510205556366,0.9122544502285459,1.0,1.0,-0.41775843501091,-0.5492324233055115,-0.4690015017986297,-0.4712935090065002,-0.5129662752151489,-0.502053439617157,-0.5317134261131287,-0.5526058673858643,-0.4279975295066833,-0.5574823617935181,-0.4713796377182007,-0.4880421757698059,-0.5079622268676758,-0.5020801424980164,-0.5263991951942444,-0.536698043346405
D,0.0,0.0,0.856054071207097,1.4289066534027248,0.9398362512109897,1.311566716374317,1.0104563034081526,1.203747491991456,1.0299225514458294,1.0684737073734942,0.7995834889863401,1.0988586733637578,0.8272801933055149,0.9348090753895077,0.8496423723818799,0.8246795323903553,0.85547338050578,0.7410242132272904,0.7679109778003209,1.0785471913678129,0.8447733637445531,0.909660174682601,0.9459057872974732,0.924082248006794,1.0,1.0,-0.3027781546115875,-0.598288893699646,-0.3429178893566131,-0.5094643831253052,-0.3854653835296631,-0.5337108969688416,-0.4041434228420257,-0.5832570791244507,-0.3009708225727081,-0.6095266342163086,-0.3418936431407928,-0.5345441102981567,-0.3774452805519104,-0.544146716594696,-0.3960566222667694,-0.5784673690795898
D,0.0,0.0,0.8324071448781948,1.352542171139132,0.9188520580285808,1.2443261944926085,0.9974696890750079,1.1539180937929945,1.0280372678192862,1.0340651882866532,0.7568754940073467,1.0434841970442068,0.7885810699379284,0.8960433221590463,0.8200324753911121,0.7894689304641939,0.8270175621574632,0.7160621165663348,0.7350423230363615,1.0262723608686237,0.8463449628012741,0.8759103009655764,0.9561343387382539,0.9107083611106804,1.0,1.0,-0.2957493960857391,-0.6091344952583313,-0.3441498577594757,-0.5282390117645264,-0.3888944685459137,-0.5599021911621094,-0.4062581658363342,-0.6137135028839111,-0.3023140132427215,-0.6205415725708008,-0.3465389311313629,-0.5539745092391968,-0.3835172355175018,-0.5670093297958374,-0.4008386731147766,-0.6015287041664124
D,0.0,0.0,0.8826182405848385,1.397442420734786,0.9596835135674014,1.2776491586331213,1.0226415906746067,1.1677155879619092,1.0440332374215344,1.0355653487247902,0.8383697154556621,1.0917219400682425,0.8551484292473828,0.9383271057882334,0.8709458211605764,0.8285108472102708,0.8692501491636261,0.7457441435127238,0.8062019062638821,1.0752672530652756,0.8607770400985734,0.9114648576670091,0.9534748261157941,0.9271423197668346,1.0,1.0,-0.3058183193206787,-0.6165793538093567,-0.3392307162284851,-0.5234559774398804,-0.3783697187900543,-0.5520296692848206,-0.3937333822250366,-0.6062220931053162,-0.2974748611450195,-0.6239895224571228,-0.335794985294342,-0.5491868257522583,-0.369146317243576,-0.5628600120544434,-0.3846480250358581,-0.6025671362876892
D,0.0,0.0,0.8632701053760642,1.2991565117087538,0.9424705095912139,1.1926599421856485,1.0092327630986992,1.10234542983119,1.0577400525763299,0.9908282231461624,0.8025520161461318,0.981903159682389,0.8192829461901291,0.8284372005230953,0.8327296281437341,0.7184014054400105,0.8266880055950141,0.629880729618454,0.7771420854510506,0.9697681661423844,0.8896051584787994,0.8462188615337821,0.9790453855113698,0.9117613034179248,1.0,1.0,-0.3397974967956543,-0.5922862887382507,-0.3933193981647491,-0.5169796347618103,-0.4323980212211609,-0.5687884092330933,-0.4403974413871765,-0.6254923939704895,-0.343425989151001,-0.6107989549636841,-0.3902713358402252,-0.5422265529632568,-0.4224343299865722,-0.5708493590354919,-0.4310314953327179,-0.6146565675735474
D,0.0,0.0,0.8349280810572798,1.3706930563311923,0.9224962289464744,1.2578090160543376,0.9973779329126301,1.1711604084237155,1.0247865539899126,1.0484514603093635,0.7809405727811849,1.024124331121939,0.8081173874502159,0.8641025406014896,0.8293449654171057,0.7519019034679101,0.8262955814299552,0.6710688069079025,0.7633236151180991,1.0114162142162813,0.8758414180676332,0.8593996271254686,0.9709467325473785,0.9049944264770626,1.0,1.0,-0.3418270647525787,-0.5770700573921204,-0.3930241763591766,-0.4994072914123535,-0.4355416297912597,-0.5383073687553406,-0.447837769985199,-0.5941538214683533,-0.3476696908473968,-0.598302960395813,-0.3931114077568054,-0.5286789536476135,-0.4287087321281433,-0.5453594923019409,-0.4426694512367248,-0.584178626537323
E,0.0,0.0,0.9728580010721174,1.5173202350018873,1.1090053240089286,1.3888849285091682,1.0963338987916444,1.217201506874312,1.0102336326053023,1.1209223914382527,1.0690551818795826,1.1539801399873606,1.099539719254227,0.9675029387405262,1.1086731199937265,0.9301037386774507,1.0994891317195032,0.991981928371014,0.9730688138097577,1.1127181926372678,1.0074243319083886,0.8956631664382351,1.0072510366918537,0.9023385092187073,1.0,1.0,-0.2795661389827728,-0.5093885064125061,-0.2888152599334717,-0.4177258908748626,-0.2915019989013672,-0.4087882041931152,-0.2890403866767883,-0.4586865901947021,-0.2483605146408081,-0.5118607878684998,-0.2553090453147888,-0.4352629780769348,-0.2600511312484741,-0.423796147108078,-0.2625389993190765,-0.456295371055603
E,0.0,0.0,0.9698102033669982,1.572427074655094,1.1140442366124084,1.4541933537186233,1.1121073844411005,1.28035631033496,1.0086838432305407,1.1807706937536566,1.0708651802090907,1.1745786914360719,1.1051067426263221,0.9873328396863881,1.1122560831045982,0.9405299145992531,1.100345905430031,1.0024782664277725,0.9723277639946871,1.1378137267435176,1.0121411119565034,0.9095231247511429,1.0093850779552,0.9041566442336013,1.0,1.0,-0.2626200020313263,-0.5130805373191833,-0.2715162336826324,-0.4171800315380096,-0.2728515267372131,-0.3999021351337433,-0.2707330584526062,-0.4507623612880707,-0.2309013605117797,-0.5222377777099609,-0.2321875244379043,-0.4460716545581817,-0.236754760146141,-0.425878494977951,-0.2421043813228607,-0.4524846076965332
E,0.0,0.0,0.9673145370849994,1.4743840106899706,1.106240177891366,1.3513332707543042,1.121091001583911,1.1790324668591892,1.0258335240086789,1.069633648866614,1.0754488620698293,1.1212599980735476,1.1050336594788135,0.9342240415132099,1.1082774188069788,0.9176426847875903,1.0982544649214077,0.9999982207923117,0.976673811046504,1.0852503069133261,1.0060627275817933,0.8772983528831447,0.997971041362796,0.908985673696991,1.0,1.0,-0.2639237940311432,-0.5206930637359619,-0.272053986787796,-0.4279361665248871,-0.2744198739528656,-0.427693635225296,-0.2725873589515686,-0.4777542352676391,-0.2335063517093658,-0.5243750214576721,-0.2398425489664077,-0.4481836855411529,-0.2450882494449615,-0.4447078704833984,-0.2472918331623077,-0.482003778219223
E,0.0,0.0,0.9634974527037092,1.5282129667124724,1.0695938030686727,1.41299890907723,1.1257924623864144,1.2325705448639226,1.0697408610159391,1.1257961329775112,1.0268005362729034,1.079464346962123,1.0542934604498735,0.878792090699275,1.0728704305079697,0.8902453967706032,1.064363473856696,0.9872091794623278,0.9696759719946373,1.0244281368455295,0.9937530165350812,0.7866402344709467,1.0080504096529121,0.870812505117158,1.0,1.0,-0.4559890627861023,-0.4323897361755371,-0.4639779031276703,-0.3378512263298034,-0.4744252264499664,-0.3619469702243805,-0.4703019559383392,-0.4148282408714294,-0.4209990203380584,-0.4318020343780517,-0.4262754023075104,-0.3535463213920593,-0.4391549229621887,-0.3600369691848755,-0.4426805675029754,-0.3994677066802978
E,0.0,0.0,0.9663147484050838,1.5602665154294486,1.100441382944837,1.417792296827141,1.1393107442597719,1.2322272621671002,1.04922839605033,1.156315559720885,1.0382041262787287,1.1180460130684402,1.0734645161285343,0.9116478961221102,1.0959570087902255,0.9193809873100415,1.0806240319880878,1.031019048866647,0.961121917074775,1.0754755608455755,0.9864408289296275,0.8389056707089452,1.0084034644705908,0.8788947114526819,1.0,1.0,-0.3411315083503723,-0.4916399121284485,-0.3457077145576477,-0.3906159400939941,-0.3562932014465332,-0.3917285799980163,-0.3552801012992859,-0.4404537677764892,-0.3053536713123321,-0.4999051094055176,-0.2946546375751495,-0.4261248707771301,-0.3027904331684112,-0.4106107056140899,-0.3106474578380584,-0.4305976331233978
E,0.0,0.0,0.9820454716246022,1.4714288946418512,1.132602552529282,1.3455673951156222,1.158586605733493,1.1725219738480408,1.0458335917920871,1.1133859412130553,1.0668660125458223,1.0692086758735375,1.093296832398228,0.880918786093833,1.1101327575340805,0.8879356497818294,1.1029536635146258,0.9836969552992874,0.9725513055462219,1.0374145017437182,1.0056006059834874,0.8226875661994373,1.0070135242486158,0.8891687699243861,1.0,1.0,-0.2810841798782348,-0.496445745229721,-0.2884710133075714,-0.4021857976913452,-0.2941784560680389,-0.4163424968719482,-0.2911073863506317,-0.4728904962539673,-0.2493143677711486,-0.4998143911361694,-0.2570546269416809,-0.4222191572189331,-0.265027642250061,-0.4255147278308868,-0.266821414232254,-0.4667104482650757
E,0.0,0.0,0.9683352477921013,1.4793303305605876,1.0896869448600106,1.333139165789018,1.1183458132009954,1.1330892976922584,1.0298802925581034,1.0707134891141603,1.0342540284823967,1.0433232470504528,1.0709814499460713,0.839165795455694,1.0917562485058565,0.888263595574757,1.074706454027023,0.995776405257022,0.9682127119394557,1.0057672782236142,1.0033961673532155,0.7667786413383604,1.01726782674904,0.8747880074759655,1.0,1.0,-0.3746875524520874,-0.4598240256309509,-0.3847676515579223,-0.3555101752281189,-0.3948029577732086,-0.3872390985488891,-0.3879537284374237,-0.4451017379760742,-0.3403040766716003,-0.4623008966445923,-0.3454631865024566,-0.379614919424057,-0.3598655760288238,-0.3870196044445038,-0.3638434112071991,-0.4247968792915344
E,0.0,0.0,1.0044628224433683,1.4188235238037774,1.1573210688168851,1.3129701951485877,1.2029614234339496,1.1162520793549982,1.0833570037463176,1.0378358877260572,1.099961960580934,1.0282134337403124,1.145056367081691,0.8212885559551435,1.1311100932679121,0.8956980730756314,1.1009072021608908,0.9967859923633526,0.9979193197447559,0.9842640761090656,1.0457082622989333,0.7716638967021721,1.0145575355940941,0.9155070929196495,1.0,1.0,-0.2902432382106781,-0.4570321440696716,-0.3029510974884033,-0.3598033189773559,-0.2996744215488434,-0.4086273312568664,-0.2930594682693481,-0.462857723236084,-0.257098913192749,-0.4609589576721191,-0.2650954127311706,-0.3839738368988037,-0.269345760345459,-0.4046563804149627,-0.269069492816925,-0.4451363086700439
E,0.0,0.0,0.9985525650422441,1.4002396414434344,1.1437327060641702,1.3035629510320474,1.182038738416259,1.1121686586687254,1.0650944218119975,1.033382951059951,1.094338289744566,1.0198928145490538,1.1311199936363998,0.8214050390657155,1.1236526118222814,0.8991462630888633,1.103007937454901,0.991900083698205,0.9934157571074409,0.9808796086490598,1.0369450552364288,0.7736241956937343,1.0095045861481848,0.9278028466521795,1.0,1.0,-0.2817410230636596,-0.450600802898407,-0.2935314774513244,-0.3574625849723816,-0.2907049655914306,-0.4098963737487793,-0.2856841385364532,-0.459639310836792,-0.2493664920330047,-0.4572860598564148,-0.2577305734157562,-0.3818378448486328,-0.2629609107971191,-0.4079896211624145,-0.2623142004013061,-0.4469054043292999
E,0.0,0.0,0.9875026376036531,1.4720874222026352,1.1177784721995978,1.336317684455284,1.156271594197519,1.1467177039981016,1.0584542356150932,1.0768200993891874,1.0472637067569412,1.0553843204782807,1.0842082397742427,0.852593872828105,1.1021472105046284,0.8967641929713658,1.0843074112819262,0.999397512877321,0.9673825309508699,1.0196607850429644,0.99944814441347,0.785233905592237,1.0119897157951694,0.8840699612932559,1.0,1.0,-0.3325400054454803,-0.4837187528610229,-0.3397082984447479,-0.3779765367507934,-0.3480659425258636,-0.4082164168357849,-0.3436695337295532,-0.4652351140975952,-0.2971491515636444,-0.4899621605873108,-0.3012389540672302,-0.4109551012516022,-0.3136277794837951,-0.4139638543128967,-0.3185796737670898,-0.4462778866291046
E,0.0,0.0,1.003459331096451,1.521985444250146,1.1609918368727579,1.3728536930635358,1.2068485982960793,1.1588765759014075,1.0940015232528881,1.1107764509950873,1.0711162049290535,1.0491515363477393,1.1099182421975469,0.8178689316346074,1.1177232894468132,0.8804378049795987,1.0954750076613935,1.0012599217253726,0.9775457273211998,1.0098111749521193,1.01668787731783,0.7560819385460904,1.0177845552886897,0.8729439586976435,1.0,1.0,-0.3132587671279907,-0.4456676542758941,-0.3215259909629822,-0.336180031299591,-0.3262473046779632,-0.3745688199996948,-0.3205902278423309,-0.4330233633518219,-0.2762605249881744,-0.449195921421051,-0.2791334092617035,-0.3635663986206054,-0.2890307009220123,-0.3749577403068542,-0.2927447557449341,-0.4125040769577026
E,0.0,0.0,0.989412791365296,1.5827835109327826,1.1545987780946043,1.4347139448937836,1.210894731340456,1.2286031205452506,1.103959985006032,1.1457256139176804,1.0598990771156689,1.1186722552523327,1.0867979629669953,0.8985613836613537,1.1074278595984208,0.9013709114842892,1.0994453514769142,1.0087317457914737,0.9630549929705611,1.0769800979316335,0.986239899331894,0.8253805987015596,1.0035320208762726,0.8742927435463393,1.0,1.0,-0.287369430065155,-0.4529432654380798,-0.2910468876361847,-0.3563361763954162,-0.2994981110095978,-0.3616737723350525,-0.2984558343887329,-0.4159855842590332,-0.2519830167293548,-0.4577446579933166,-0.2564657330513,-0.3794338405132293,-0.2662589848041534,-0.3728698492050171,-0.2717442214488983,-0.4068824648857116
E,0.0,0.0,0.9828461795116386,1.6524943166481028,1.146039754444221,1.4866168839914153,1.170885286918408,1.2570633674228477,1.047090339890076,1.2067548653133748,1.0619057967028593,1.1608994059719557,1.079425113738183,0.9381509554909588,1.1008833798225641,0.9259782070260275,1.1006155902733046,1.023703609080184,0.9631304453557331,1.11431159912442,0.9745604451675567,0.8488631562154453,0.9971874859772364,0.8762851484896705,1.0,1.0,-0.2859314978122711,-0.4552781879901886,-0.28716641664505,-0.3561936020851135,-0.2956609725952148,-0.3582841157913208,-0.2953947484493255,-0.4129840135574341,-0.2491223067045211,-0.4628600776195526,-0.2503989040851593,-0.3797184228897095,-0.2593432366847992,-0.3768340349197387,-0.2641125917434692,-0.4174311757087707
E,0.0,0.0,0.9934272014724845,1.6201770751808118,1.1591489119546676,1.4498204226818885,1.1831738317390712,1.236701912686719,1.0547727243605927,1.1965093667385676,1.067156961025433,1.1399582361007927,1.0823752182987283,0.925766248512718,1.110466411202823,0.9135854330918279,1.1111490069245074,1.013510162070633,0.9627852958046696,1.105519019691848,0.9763827533263938,0.8536391752491999,1.0007702167045915,0.8806058427526711,1.0,1.0,-0.2733391225337982,-0.4759492874145508,-0.275294542312622,-0.3788251876831054,-0.2847331464290619,-0.3763028383255005,-0.2845801711082458,-0.4288762807846069,-0.2379625737667083,-0.4872293174266815,-0.2406820356845855,-0.4076395034790039,-0.2511255741119385,-0.3965108692646026,-0.2580325603485107,-0.4279678463935852
E,0.0,0.0,0.9699479862312261,1.694430808747063,1.0560192813781213,1.5228319749039148,1.106608913841118,1.3479439061268115,1.0555056692932012,1.308163652007892,1.008599818192901,1.0465606046419116,1.039844305237098,0.7723643597467565,1.06341248335413,0.903383034988584,1.038326627015152,1.0609200328217085,0.9653408610173142,0.993296592670077,0.9970813435000405,0.6414239435581858,1.0195247855876313,0.8269419464647132,1.0,1.0,-0.6626172661781311,-0.4184151589870453,-0.6787656545639038,-0.2800114750862121,-0.6995314359664917,-0.3393288850784302,-0.6904788613319397,-0.4070795774459839,-0.6222867369651794,-0.4221660792827606,-0.6235284805297852,-0.3041249215602875,-0.6466695666313171,-0.3223275244235992,-0.65528404712677,-0.3729285299777984
E,0.0,0.0,0.9967988823190354,1.525917308827605,1.1228212283038963,1.3633153960973026,1.129897813116719,1.1819355904468123,1.0203720259112652,1.14389907569891,1.0462348885945392,1.0713090106624605,1.0704019910600793,0.8639163652347155,1.0962611128712723,0.8840678853252745,1.0856074145611538,0.9846366279929696,0.9638462272541617,1.0424043730553767,0.9849759706227027,0.7947183159453858,1.0067318138267214,0.8826993624193656,1.0,1.0,-0.3464771211147308,-0.5359722971916199,-0.350949227809906,-0.4184945225715637,-0.3628834187984466,-0.4447154104709625,-0.3601022660732269,-0.5049527287483215,-0.3115914463996887,-0.5474714040756226,-0.3164933323860168,-0.4607121050357818,-0.3302765786647796,-0.4620830714702606,-0.3350346088409424,-0.4965957999229431
E,0.0,0.0,0.9923728402438318,1.5998199976049579,1.1543725268335723,1.4508396369515106,1.1724360213789073,1.268208433542567,1.0472670136748783,1.2290150638178972,1.0648600438215947,1.1156033261149423,1.0860909713414586,0.8797840969193769,1.1140727837741433,0.8814154699771474,1.107122963618583,0.9939267591086453,0.9632947899208936,1.074195664973505,0.9897117323629947,0.8100934191224167,1.0094368596990004,0.8625116633568514,1.0,1.0,-0.2959354221820831,-0.5132007002830505,-0.299414187669754,-0.3954361975193023,-0.3065516054630279,-0.4058050513267517,-0.3049820959568023,-0.4657865762710571,-0.2571115493774414,-0.5282966494560242,-0.2492842376232147,-0.4404000341892242,-0.2586773633956909,-0.4261336028575897,-0.26800537109375,-0.4525908231735229
E,0.0,0.0,0.9793393775235019,1.7156152742051398,1.112740958274083,1.557630853410791,1.1553150206953107,1.3552319102768928,1.06067125925671,1.3058717930128931,1.033992382732686,1.1434727307814467,1.0564386214387336,0.8865710798055357,1.08738838870261,0.9026048641792865,1.079356234859504,1.035361793077289,0.9571385607893429,1.0987133102519515,0.9677647837431389,0.8036428339316947,1.0018892693081796,0.8512749288651811,1.0,1.0,-0.384029358625412,-0.473035454750061,-0.3816638588905334,-0.3567488193511963,-0.396914929151535,-0.3602800369262695,-0.3979593515396118,-0.4194043278694153,-0.3454048335552215,-0.4876018464565277,-0.3339990377426147,-0.398790031671524,-0.3486915826797485,-0.3836153149604797,-0.3614245057106018,-0.4147647619247436
E,0.0,0.0,0.9784932419454644,1.7049817545402153,1.139890591942392,1.5136220932589364,1.1726755625825795,1.2547185195424364,1.057144833838992,1.1240650980078166,1.0597606801548762,1.1447214645650166,1.0992511155374052,0.876090084287738,1.1191882109842517,0.8837575500299244,1.1094636953836612,1.0207622832997578,0.9603403290176159,1.098967110333605,1.0005660538931687,0.7865586282321497,1.0083924988666826,0.8494702358426788,1.0,1.0,-0.2648171484470367,-0.3848627805709839,-0.2725983560085296,-0.2846301794052124,-0.2790746390819549,-0.2887333035469055,-0.276331216096878,-0.3460243642330169,-0.2294898033142089,-0.3907628953456878,-0.23679980635643,-0.3075323104858398,-0.2460419237613678,-0.3052575588226318,-0.249221846461296,-0.3459803462028503
E,0.0,0.0,0.9678784356573993,1.6545960839973533,1.0763176583819414,1.54132907326745,1.1490976386488165,1.4027836504480227,1.1291605012651433,1.2434447456890643,1.0113800112546776,1.1053146707396944,1.0443888174351892,0.8441746231646501,1.0691550985590672,0.8859392165086487,1.0551156657164893,1.014127815092004,0.9542642499252664,1.0603958713552104,0.9870815422709912,0.745237862390482,1.0086325796999942,0.8477665589580137,1.0,1.0,-0.4638694822788238,-0.4364404082298279,-0.4731526374816894,-0.3153992891311645,-0.4883513450622558,-0.339350938796997,-0.4848076403141022,-0.4015269875526428,-0.4280769228935241,-0.441128671169281,-0.4364848732948303,-0.3489131033420563,-0.451908528804779,-0.3523609042167663,-0.4547600746154785,-0.3968272507190704
E,0.0,0.0,0.9902516461392541,1.6475522501337387,1.1399192704020673,1.5103120091348021,1.1820184863046412,1.315387497745451,1.0807273738826715,1.2328265072917828,1.0538357850349485,1.145219281960641,1.0810611524822453,0.9117060961302219,1.103039900143571,0.9069310549516717,1.0975122801783073,1.0213856381899644,0.9593494961328901,1.1071453777567295,0.9800718265542004,0.8423937054694592,0.9986402499695476,0.8736113256271226,1.0,1.0,-0.303490549325943,-0.4844999313354492,-0.3053452968597412,-0.3803566992282867,-0.3126850128173828,-0.3783056735992431,-0.3136870265007019,-0.4316998720169067,-0.2668770551681518,-0.4993684589862823,-0.259717047214508,-0.4199055731296539,-0.2683915793895721,-0.4050529897212982,-0.2779845595359802,-0.4337327480316162
E,0.0,0.0,0.9708512429441275,1.6225355184245054,1.0950702468064337,1.467420993335989,1.1549861041986298,1.2774873773687958,1.0810387094385876,1.1770000397888412,1.029033792779119,1.1177726289395944,1.057825728689791,0.8790501839166898,1.0860034934880998,0.8932768285898105,1.0800897914190168,1.0120601491627204,0.9586868981856622,1.0747685328918104,0.9828429699036274,0.8097294868217019,1.0063213899366155,0.8662595171396974,1.0,1.0,-0.3850557208061218,-0.4629656076431274,-0.3897315263748169,-0.3550083637237549,-0.4016384780406952,-0.3611897826194763,-0.400429755449295,-0.4170837700366974,-0.3474029302597046,-0.4720853269100189,-0.3412399888038635,-0.3892965912818908,-0.3543930947780609,-0.3792874217033386,-0.3645922541618347,-0.4117504954338074
E,0.0,0.0,0.983560481201342,1.6101604050309075,1.117489356250074,1.425634222346663,1.1457034935245376,1.215635667688647,1.035377233187897,1.1372476499228104,1.0419698854647952,1.100041614677413,1.074747987546187,0.8705864527467434,1.098633620788925,0.8878975301409662,1.0859144154956468,0.9989084525973215,0.9574133602871624,1.0619391881088154,0.9823950667641876,0.7860016883270131,1.005632684017543,0.8658006251976873,1.0,1.0,-0.3147024810314178,-0.4523191452026367,-0.3195616006851196,-0.3436434864997864,-0.3308647274971008,-0.3606221079826355,-0.3288707435131073,-0.4180144667625427,-0.2812687754631042,-0.4623893201351166,-0.287014365196228,-0.3831066787242889,-0.299459159374237,-0.3791327476501465,-0.304563045501709,-0.41122567653656
E,0.0,0.0,0.9762221267689064,1.6825155526417874,1.1170319541281357,1.5253128157700206,1.1713091392960968,1.327739809990588,1.0798929421391683,1.2253065618051993,1.052432627203102,1.155398275700697,1.0865223424617227,0.910251331033185,1.1041806107838499,0.918349716869194,1.0899182868896558,1.0440580424919157,0.9639620702983734,1.1134127316192912,0.989994183536731,0.8292738833431845,1.0043880143777635,0.8732308509366774,1.0,1.0,-0.316861093044281,-0.4632962346076965,-0.3213778436183929,-0.3552345037460327,-0.3286933302879333,-0.3554647266864776,-0.3268178105354309,-0.4109633266925812,-0.2793155908584595,-0.4723623394966125,-0.2782213389873504,-0.3875057101249695,-0.2876445055007934,-0.3803462982177734,-0.2935937643051147,-0.4181199371814728
E,0.0,0.0,0.9706468763328002,1.4814624002576227,1.094781476449452,1.3283184465158167,1.1658142717722995,1.1404035551994376,1.0949997888555958,1.036799625008751,1.0334358461491233,1.0299905077715612,1.0686215418091631,0.8062944359741745,1.0922554569920664,0.8613088777170413,1.0763290916941712,0.9663910025196035,0.9597907816067199,1.0013242009701666,0.9966357917969698,0.7565422200765323,1.014284892859408,0.8888780700390903,1.0,1.0,-0.3396948873996734,-0.4499982595443725,-0.3501840233802795,-0.3394210934638977,-0.3610822558403015,-0.3848508298397064,-0.3537966012954712,-0.4400079250335693,-0.3071060478687286,-0.4527857005596161,-0.3189525902271271,-0.3728352189064026,-0.3327442407608032,-0.3912939429283142,-0.3325284123420715,-0.4289977550506592
E,0.0,0.0,0.9711203410613422,1.50867775173443,1.0997727459867908,1.376050469856758,1.1511543182571096,1.1891798991508997,1.0505888721013583,1.097831465391058,1.043183368982899,1.0467082193932542,1.0881939776808822,0.823070244210937,1.0998655401786883,0.8890161274811708,1.0718698596166698,1.0042493390752538,0.9597542094892314,1.0138828675912008,1.004389492410185,0.7602844683261921,1.0128279393019068,0.8902897060491051,1.0,1.0,-0.3285886347293854,-0.4815938174724579,-0.3388741612434387,-0.3654191493988037,-0.3478724956512451,-0.4067437648773193,-0.3417437672615051,-0.4657420814037323,-0.2920828759670257,-0.489548772573471,-0.302610844373703,-0.4030330777168274,-0.3149909973144531,-0.4166920483112335,-0.3156899213790893,-0.4584358930587768
E,0.0,0.0,0.9854628317079891,1.5136736785654221,1.1316898194858795,1.3734618830475793,1.1931206360822266,1.1826725763782895,1.0998279342650283,1.094803232623893,1.0464236702165517,1.0655773577760785,1.0789580770837748,0.8429343669775428,1.1050438286175044,0.8762522569978836,1.0914239255939198,0.9862563108675441,0.9601414539429011,1.0232054949634701,0.9939308103165758,0.7778898563877668,1.012173713546974,0.8765020869627764,1.0,1.0,-0.3118282258510589,-0.4552960097789764,-0.3193377256393432,-0.3510363101959228,-0.329543262720108,-0.3782016336917877,-0.3251908421516418,-0.4348271191120147,-0.2756573557853699,-0.4596053659915924,-0.2820378541946411,-0.3780556619167328,-0.2940599918365478,-0.3831155002117157,-0.2970025539398193,-0.4207170605659485
E,0.0,0.0,0.981535244650714,1.605122593014004,1.1273758637209,1.4668264517742184,1.186391807732525,1.2813434315181764,1.096090095723256,1.1749182500870887,1.0358162736601315,1.1253035398305877,1.0673462688395958,0.8969049747214639,1.0949271487274541,0.9123916247481425,1.0835210410694855,1.030565551408672,0.952305789722059,1.0854117129836678,0.9784140744683425,0.821888554413381,1.0032174312703728,0.87579869053918,1.0,1.0,-0.3127585351467132,-0.459830492734909,-0.3173578679561615,-0.3566882312297821,-0.3284641206264496,-0.3587402403354645,-0.3266780972480774,-0.4101791381835937,-0.2782298922538757,-0.4656164050102234,-0.2828943729400635,-0.3872859477996826,-0.2944290935993194,-0.3783397078514099,-0.2996487319469452,-0.4098555445671081
E,0.0,0.0,0.9865484352109298,1.5593640531927513,1.1525465113130322,1.4236768201806438,1.162570826285614,1.2486983071920372,1.0275611186523044,1.214374309959723,1.0614031660169772,1.0991949228914615,1.0872227626962994,0.8890764809625612,1.119079393228846,0.8971602542962469,1.1108895601550675,0.9958299852147557,0.9589732317213797,1.0606371578771863,0.9836972098028285,0.8192814658070046,1.0106469556487558,0.8794131619602221,1.0,1.0,-0.2824312150478363,-0.5309269428253174,-0.2853268086910248,-0.4212245047092438,-0.2971670627593994,-0.4351134896278381,-0.2954849898815155,-0.492594838142395,-0.2446726262569427,-0.5407493114471436,-0.2466474920511245,-0.4513196945190429,-0.2593654990196228,-0.4499919414520263,-0.265453428030014,-0.4869138598442077
E,0.0,0.0,0.9859273491085732,1.5357240986486957,1.137170810956194,1.3986642497153225,1.159102150174014,1.2302839033811992,1.0397100039976337,1.1805511155582762,1.0518393971403748,1.082113867174714,1.0843111378767183,0.8716899521627127,1.11270072492001,0.90103962834953,1.0977015924301667,0.9983222783374165,0.9587708251653366,1.0463541689065756,0.9859533350406469,0.8001823226147419,1.0121487294760352,0.8829908602158245,1.0,1.0,-0.2961171865463257,-0.5204574465751648,-0.3009520769119262,-0.4090267121791839,-0.313018798828125,-0.432733416557312,-0.309865266084671,-0.4880709052085876,-0.2604700326919555,-0.5307159423828125,-0.266057014465332,-0.4440172910690307,-0.2792229056358337,-0.4471613466739654,-0.2829028367996216,-0.481218159198761
E,0.0,0.0,0.9611192175505852,1.6014806257337124,1.128307905802053,1.4618448872161647,1.171743771836432,1.2923548242062701,1.0483129376874627,1.2382090179971856,1.0412703143744924,1.1108319541634704,1.071379573788786,0.8843377517272759,1.1138131829261289,0.8973796005854304,1.1057188604971135,1.0062370990902436,0.9460193534728555,1.0723719017964937,0.9717257131536026,0.8031745357589198,1.009734857334214,0.8715482393853916,1.0,1.0,-0.2899262905120849,-0.5228816270828247,-0.2938957214355469,-0.4045448005199432,-0.309541642665863,-0.4214755892753601,-0.3068674504756927,-0.4823295176029205,-0.2519201040267944,-0.5320964455604553,-0.255886435508728,-0.4397953450679779,-0.2701191902160644,-0.4413480758666992,-0.2744715809822082,-0.4815626442432403
E,0.0,0.0,0.9562897060379527,1.6167317459633248,1.0603202914577914,1.4635627330683139,1.1219364229504218,1.2915915080402447,1.0578112354886955,1.231647928864953,1.0045626070079128,1.0649101630047542,1.044710157923355,0.8184635574631249,1.0698581153207756,0.9023801766890406,1.0498096683883256,1.0320406477490112,0.9547975699322625,1.0123013991429453,0.9912345940266349,0.7217171934875932,1.016039799283693,0.8489401806023112,1.0,1.0,-0.5251068472862244,-0.4392696321010589,-0.5380756258964539,-0.3159225583076477,-0.556703507900238,-0.3539662361145019,-0.5514877438545227,-0.4175158143043518,-0.4853224158287048,-0.4425868988037109,-0.4923655390739441,-0.3457186222076416,-0.5105560421943665,-0.3554161787033081,-0.5157995820045471,-0.3996259272098541
E,0.0,0.0,1.0176178482063352,1.7814752103446396,1.207438576334599,1.6078775136161982,1.3022383258734134,1.383111673718136,1.1542500072762252,1.3246883266656848,1.0909359547464925,1.0460434543353212,1.124798472422153,0.6763362272803614,1.153194119665036,0.8287924545285316,1.125604821298298,1.0006935394475864,0.9514238419390798,1.0190025970430567,0.9858491338747483,0.5998388200209108,1.012829853548277,0.8430964657469948,1.0,1.0,-0.304798811674118,-0.4948199093341827,-0.3099014163017273,-0.3071194589138031,-0.3259740173816681,-0.4005941152572632,-0.3211421966552734,-0.4853512942790985,-0.2456825971603393,-0.5152392387390137,-0.2494181990623474,-0.3768987655639648,-0.2691106498241424,-0.4244857430458069,-0.2718480825424194,-0.4909380376338959
E,0.0,0.0,0.9928725562046877,1.1833312354364618,1.0957669719268717,1.1549347742383442,1.1639219217532548,1.068937450248508,1.1094309066822967,1.0084444027022794,1.0686377223584607,0.9902653465863922,1.104474693660257,0.8925814423867793,1.082463210392798,0.9523021225714343,1.057981320817333,1.0032877251141912,1.006283818612206,0.9572296497971631,1.0430790122360756,0.8719541141405369,1.0132320439569864,0.9642440694985862,1.0,1.0,-0.3710293769836426,-0.6358897089958191,-0.3858961164951324,-0.5763965845108032,-0.3786134719848633,-0.6255061626434326,-0.3717225790023803,-0.6570345163345337,-0.3418169021606445,-0.6358821392059326,-0.351329892873764,-0.5829490423202515,-0.3533845245838165,-0.6091506481170654,-0.3521012961864471,-0.6315752267837524
E,0.0,0.0,1.0023397731956076,1.5483185057986197,1.1473955108173366,1.4108033837582419,1.1885806107411498,1.2123646365693597,1.0767924089034817,1.1392031667294025,1.066554358239026,1.0668470553800593,1.1025173991487123,0.8333538049386204,1.116370629126062,0.875602341304052,1.096478699629216,0.9947978263884318,0.9684013184196794,1.0303220475354509,1.006527123745338,0.7693066516527359,1.0112700161356574,0.8775771375838862,1.0,1.0,-0.3036271333694458,-0.4778829514980316,-0.3119890689849853,-0.3631983995437622,-0.3175065517425537,-0.3967745900154114,-0.3129452764987945,-0.4580400884151459,-0.2646631598472595,-0.4879624843597412,-0.2677339911460876,-0.4019806087017059,-0.2779746651649475,-0.4124793112277984,-0.2817981541156769,-0.4539395868778229
E,0.0,0.0,1.0020189916490354,1.4589725610091244,1.1123669914440897,1.3197372790991515,1.1684048467957384,1.1313403969194886,1.0936790704258215,1.058004396447798,1.0375599459382945,1.0350318740799789,1.0685587298683399,0.8187173152021224,1.0855394924579638,0.8920640419671223,1.0678745638749356,0.9955929591544751,0.9722121791678331,0.9985540823372927,1.0018394469240899,0.7656159673867386,1.0133714142798051,0.8943556046048443,1.0,1.0,-0.372808963060379,-0.4422970712184906,-0.3814838528633117,-0.3405848145484924,-0.3899699449539184,-0.3788782358169555,-0.3846462070941925,-0.4287294745445251,-0.339700847864151,-0.44923135638237,-0.3461604416370392,-0.3725234866142273,-0.3588641881942749,-0.3779692351818084,-0.3628272712230682,-0.4043601155281067
E,0.0,0.0,1.049583791604248,1.6101478691360034,1.2847229755181495,1.4173823090518207,1.3714446301175875,1.206508368360526,1.1808273637968496,1.198699177717253,1.1375297904700705,0.9569809313947939,1.17352294878854,0.6710611603723968,1.1822278305580767,0.87548341510306,1.152509081888264,0.9969777774795352,0.9629637461364502,0.9473013054357227,1.0087351814295125,0.6718060736355331,1.0216830225329692,0.9270224062192525,1.0,1.0,-0.2594734728336334,-0.5506791472434998,-0.2675637602806091,-0.3940845131874084,-0.2808677852153778,-0.513526201248169,-0.2783282399177551,-0.56993168592453,-0.2017257809638977,-0.5763320326805115,-0.2045240551233291,-0.4586402773857116,-0.224450945854187,-0.525081992149353,-0.2324672043323516,-0.5785439014434814
E,0.0,0.0,0.9973614019422558,1.3534167574300355,1.0996123228550996,1.2403671114473471,1.1295577953260227,1.093393337320601,1.0497037089470629,1.0399457380210833,1.0414349764328883,1.0275271451837886,1.0733757442250824,0.8685628577975563,1.0842328179587073,0.9223751174781699,1.0641583663683978,1.0101131122081632,0.9747968418633228,1.0020754789140276,1.0026302345899496,0.8229808457956874,1.0097684543528391,0.9130664220742513,1.0,1.0,-0.3559858202934265,-0.5562586784362793,-0.3613565266132355,-0.4625470042228699,-0.3685078918933868,-0.4951884746551513,-0.3660313487052917,-0.545487642288208,-0.324404239654541,-0.5649401545524597,-0.324674129486084,-0.4915700554847717,-0.3357487320899963,-0.4969363212585449,-0.3414604067802429,-0.5287178158760071
E,0.0,0.0,1.0319106052558327,1.5391489637856035,1.1962010144616533,1.3866088857327874,1.2486314713211297,1.1845075104475828,1.1125723401049876,1.1372674184350873,1.0885438293471357,0.996991198865671,1.1265020634814338,0.732309607947773,1.1404367249707632,0.884730923677904,1.1092858960305454,1.0094192820055998,0.9679370063132472,0.981985710704086,1.0084626259792733,0.7109703237758551,1.0207992448325895,0.9165233932012158,1.0,1.0,-0.2931068241596222,-0.5057118535041809,-0.3007698953151703,-0.3721610307693481,-0.3108945488929748,-0.4597047567367553,-0.3058413565158844,-0.5154172778129578,-0.2478376626968383,-0.5229218006134033,-0.2479257583618164,-0.4214845299720764,-0.2648193836212158,-0.4666337668895721,-0.2708103656768799,-0.5139577388763428
E,0.0,0.0,0.9877990946065174,1.348707428233923,1.091078061600941,1.23318300873337,1.0974141308547556,1.0868506769774207,1.0076912406009155,1.0511590780395743,1.046462050387639,1.0125145313717558,1.0790667327476322,0.8506106461808539,1.0862552193731576,0.9229676944957202,1.059468355161718,1.0126074288068094,0.9816384588811495,0.9786340392602308,1.0122707177066896,0.8124838314092406,1.0181672251651723,0.9126796686381068,1.0,1.0,-0.3622877299785614,-0.514661431312561,-0.3698169589042663,-0.424235999584198,-0.3773591518402099,-0.4604144692420959,-0.372249960899353,-0.5083213448524475,-0.32940673828125,-0.5217856168746948,-0.3276046216487884,-0.4460262358188629,-0.3394005894660949,-0.4505466222763061,-0.3451120853424072,-0.4802423119544983
F,0.0,0.0,0.8420446921948065,1.722142237759634,0.9484307512425775,1.6706761507128387,1.033999662037893,1.5855375981292639,1.089590445385339,1.4762420254079753,0.882881116237057,1.4221284163458625,0.9620429947242061,1.3791682320044516,1.0253106195017005,1.3813218326676822,1.0718325742463377,1.4080613981475856,0.8554447518513997,1.3468035607216875,0.9146274932939953,1.173964747134091,0.9591248926250264,1.0773864779227884,1.0,1.0,-0.3180126249790191,-0.6314332485198975,-0.3323100209236145,-0.544365644454956,-0.3441301584243774,-0.4864118099212646,-0.3536267578601837,-0.4414704144001007,-0.3014646172523498,-0.6252543330192566,-0.3151675462722778,-0.546778678894043,-0.3268544375896454,-0.496429294347763,-0.3378178179264068,-0.4566486179828644
F,0.0,0.0,0.8779801855748304,1.7659129564877578,0.9711083156942233,1.6861517706512554,1.0477479399654175,1.590733612773606,1.0902189793616606,1.4681179547788163,0.8821774697436309,1.4467350179825358,0.9657367794607425,1.367094778107568,1.0283502833594864,1.3742516394302386,1.0731106298215827,1.4162009791271293,0.8581796969335987,1.3814951965306466,0.9125722418200043,1.191197369776163,0.9568777265407578,1.08422857526133,1.0,1.0,-0.3713720440864563,-0.678591787815094,-0.3885926008224487,-0.5806323289871216,-0.4016194939613342,-0.5128605365753174,-0.4136740565299988,-0.4630350470542907,-0.3559911847114563,-0.6788489818572998,-0.3716256320476532,-0.5951930284500122,-0.3822892904281616,-0.5403085947036743,-0.3924071490764618,-0.5002903342247009
F,0.0,0.0,0.8299283423053636,1.7722133914944889,0.936348606313788,1.688447110333016,1.017770431681011,1.5825337103738695,1.0612031686331114,1.4439032666990725,0.8439085032178447,1.4321427141343064,0.925413745624581,1.3467353283907166,0.9958025470966533,1.3445335035726433,1.0497401205022023,1.3739486970762465,0.8184982561935344,1.3645701601036846,0.8811096837207527,1.1710075071886237,0.9415838568222417,1.0687190843571601,1.0,1.0,-0.3226950764656067,-0.6269980669021606,-0.3417734503746032,-0.5269947052001953,-0.358733981847763,-0.4594150185585022,-0.3753197193145752,-0.4107604920864105,-0.3062678873538971,-0.6270633935928345,-0.3244665563106537,-0.5427327156066895,-0.3380514085292816,-0.4878600239753723,-0.3511510491371155,-0.4468990862369537
F,0.0,0.0,0.8533644928357812,1.9989878197181816,0.9811816502405465,1.8784817975187478,1.07820514440257,1.7287550330232495,1.091797856583703,1.556198308168648,0.8838795516667617,1.5709743974366568,0.9612176259786637,1.4262357188126844,1.0233706113036933,1.4253994478721246,1.0624280620601994,1.4940969935454123,0.8377143248117247,1.4978684839140435,0.903465622299379,1.2652931460492105,0.9529786962790233,1.122743216819119,1.0,1.0,-0.2853427827358246,-0.591906726360321,-0.3017265796661377,-0.496584415435791,-0.313919723033905,-0.4287660121917724,-0.3235525488853454,-0.3770580589771271,-0.2627269923686981,-0.591963529586792,-0.2772745788097381,-0.5105043649673462,-0.2857294082641601,-0.4546523094177246,-0.2936617434024811,-0.4100506901741028
F,0.0,0.0,0.8571327082039186,1.84171401832333,0.9538320098467966,1.765392758135769,1.025606345581784,1.6558384256488623,1.0757642518831678,1.530541494707335,0.8793994978548165,1.4945383211933223,0.9545256616317505,1.4161558313319988,1.011156890676273,1.4261414700831165,1.0519538896702683,1.4609413138007519,0.8536294830129625,1.4153223582846,0.9103180024653993,1.21942140241833,0.9583318661274257,1.099828629749831,1.0,1.0,-0.3952861428260803,-0.6659501791000366,-0.411194771528244,-0.5633063316345215,-0.4260037839412689,-0.4921022653579712,-0.4394262135028839,-0.4343860745429992,-0.3744881749153137,-0.6646914482116699,-0.3843372166156769,-0.5744144320487976,-0.3959132432937622,-0.5158711671829224,-0.4087189137935638,-0.4677128195762634
F,0.0,0.0,0.8524750188649942,1.88297579298778,0.9606336980093501,1.7899842132353194,1.044986249952764,1.6704230440961094,1.0820077866848752,1.5338468669752372,0.8914365602519561,1.5182145283014765,0.9568724433468141,1.4219150078665146,1.0138832403480071,1.417442666946092,1.053746874918611,1.459791984202744,0.8505744609254032,1.4363006795895774,0.9098934779795792,1.2338206772456797,0.9571056003765882,1.1107551764377899,1.0,1.0,-0.3457136154174804,-0.651279628276825,-0.3567170202732086,-0.5476604104042053,-0.3652673363685608,-0.4771319925785064,-0.3728062510490417,-0.419970840215683,-0.3206565380096435,-0.6525411009788513,-0.3189087510108948,-0.5623272657394409,-0.3187694847583771,-0.5004007816314697,-0.3199707567691803,-0.4472898542881012
F,0.0,0.0,0.8558354370043852,1.829061631266691,0.9675992573475327,1.7425070741932436,1.050524981659908,1.6411036736074158,1.0958203250796563,1.5067930904154005,0.8635684505841617,1.4717712337691402,0.9550826027965206,1.3872223161580044,1.0278602046255907,1.4004161217009892,1.0795935182520107,1.442815031603865,0.8346099508410747,1.4035622106294416,0.8927416924955831,1.2019790335334166,0.9488838109359596,1.0881637184645148,1.0,1.0,-0.3202124536037445,-0.6604341268539429,-0.3348574638366699,-0.5585415363311768,-0.3485569357872009,-0.4867113828659057,-0.3616252541542053,-0.4319608211517334,-0.3026914596557617,-0.6636106967926025,-0.3153606951236725,-0.5758927464485168,-0.3267243504524231,-0.5173141360282898,-0.3385262489318847,-0.4718808829784393
F,0.0,0.0,0.8741167824441685,1.8666123968219017,0.9614650665672039,1.777429645834957,1.0265953286875005,1.6763663605525208,1.0772938058166917,1.5458462525160672,0.8668195524732302,1.4826564129605733,0.9473514492250964,1.3933763183811585,1.0069897436205946,1.416598670968068,1.0488112021531535,1.4723989506985253,0.848527767140814,1.4036107005724674,0.9025659917027181,1.2004546230875108,0.9531912957974492,1.0854795536368624,1.0,1.0,-0.4002931714057922,-0.6004403829574585,-0.4186051785945892,-0.5033642053604126,-0.435103178024292,-0.4363960027694702,-0.4507558345794678,-0.3878617584705353,-0.3883472383022308,-0.5971986055374146,-0.4023697078227997,-0.5125634074211121,-0.4144102036952972,-0.4555107355117798,-0.4273057579994201,-0.412296861410141
F,0.0,0.0,0.8946554838011275,1.9547961742696105,1.0010583740736703,1.8510312481155715,1.0830284256085707,1.7083446645391591,1.115640730857499,1.533705854114765,0.8918587955393534,1.565706706615572,0.9649080626767975,1.464446962271223,1.0368615758552255,1.4465256749358852,1.095915440120489,1.4672257188024316,0.8556213890096258,1.4782032924739907,0.9052450557999453,1.248783176292674,0.9526386386305565,1.1120686801135566,1.0,1.0,-0.322971761226654,-0.5782968401908875,-0.3310488164424896,-0.4780208766460418,-0.3397308886051178,-0.409787118434906,-0.3485294580459595,-0.3577626347541809,-0.3032721579074859,-0.5759679079055786,-0.3056309819221496,-0.4862995445728302,-0.3100955486297607,-0.426411509513855,-0.3158705830574035,-0.3803535401821136
F,0.0,0.0,0.896945235394196,2.01833880657556,1.002539819817554,1.8891216090313592,1.0792783756413944,1.741458057349513,1.1245599919002427,1.5734373099568673,0.8953405031238297,1.5919146701465345,0.9723975188848457,1.4730449560792536,1.041899310213061,1.469077829085055,1.0960809421269622,1.506078384497813,0.8623797209970846,1.507286871588211,0.9139023517662592,1.269395858310431,0.9584635926410816,1.1244064662747024,1.0,1.0,-0.3424957990646362,-0.5845020413398743,-0.3544423580169678,-0.4822921454906463,-0.3631556928157806,-0.4111785292625427,-0.3712156116962433,-0.3548429906368255,-0.3224966526031494,-0.5846191644668579,-0.328961580991745,-0.4955210983753204,-0.335299551486969,-0.4366770982742309,-0.341938704252243,-0.3905737698078155
F,0.0,0.0,0.922944708211714,2.251768895237059,0.9874255913934562,2.1236154766021924,1.0455327998705397,1.979859891534443,1.0996295241494256,1.8089171298497055,0.8904944244365856,1.7370713579961534,0.9784975600025475,1.6076952170907686,1.0338653541190754,1.6581563913412845,1.0703239190248501,1.7410858158729934,0.8772856325147135,1.648475712179057,0.9234272801448737,1.3136878964077026,0.9631960541858484,1.1276888489329964,1.0,1.0,-0.5147789716720581,-0.540930986404419,-0.5322888493537903,-0.424215018749237,-0.5465707778930664,-0.346874326467514,-0.5607814788818359,-0.2891179323196411,-0.512351393699646,-0.547606885433197,-0.5283768177032471,-0.4394146203994751,-0.5399336814880371,-0.3715908229351043,-0.5532887578010559,-0.3205697536468506
F,0.0,0.0,0.8863847681307866,2.135280019589296,1.0132532107303258,1.9853858487464864,1.1123999021341158,1.8161423846613132,1.166731545328898,1.6304633673462543,0.9000127002900409,1.6782734920602975,0.9776948237066811,1.539049281837637,1.0537967759586202,1.523241994887999,1.1142646172793642,1.560026935281529,0.8446440164388817,1.5887099912116516,0.9063707493099268,1.3179984201098878,0.954736399821657,1.1506177001361857,1.0,1.0,-0.2584735751152038,-0.5514654517173767,-0.2695520222187042,-0.447876513004303,-0.2767359018325805,-0.378597617149353,-0.2828475832939148,-0.3226701319217682,-0.2339453995227813,-0.5542857646942139,-0.235868215560913,-0.4640376567840576,-0.2389370203018188,-0.4038813710212707,-0.2428599148988723,-0.3535293936729431
F,0.0,0.0,0.8697722608893814,2.184566907180136,0.9624705040729361,2.031307663662995,1.033160660577529,1.8626446101912708,1.0877332350147157,1.673195647043359,0.8648526389567289,1.672875353866191,0.9402512073490706,1.5679535785138776,1.0088555792192828,1.5609550494759201,1.0626786655845055,1.6012849988010318,0.8395094841512494,1.5596663003467353,0.8924314076582165,1.2763901879293227,0.9474461561343941,1.1186905937602873,1.0,1.0,-0.3510159850120544,-0.4728600978851318,-0.3639329969882965,-0.3737895786762237,-0.3797460198402405,-0.3037683963775635,-0.3946598172187805,-0.251300185918808,-0.335145890712738,-0.4685321748256683,-0.3436347544193268,-0.3780833780765533,-0.3542568385601043,-0.3187279999256134,-0.3656550347805023,-0.2745080590248108
F,0.0,0.0,0.9312774388608334,3.067468795830999,0.9963426195419537,2.864316656657941,1.062019632272224,2.6689607232148207,1.1241759834351952,2.437754116077548,0.889387811641003,2.2664397963202165,0.99858817227461,2.088133723293795,1.0600627305504866,2.1933329428781776,1.099598911213191,2.3371955708604557,0.8753695213357535,2.1455173804663943,0.9329579001900052,1.5656571545783695,0.9698228579572796,1.2354153073615284,1.0,1.0,-0.5160582661628723,-0.4793043732643127,-0.5408560037612915,-0.3440183997154236,-0.5541626811027527,-0.2623676657676697,-0.5650076270103455,-0.1970855593681335,-0.5190909504890442,-0.4868209660053253,-0.5364252924919128,-0.3669020533561706,-0.5456491112709045,-0.296090304851532,-0.5558820366859436,-0.2391338348388672
F,0.0,0.0,0.8645578965505905,2.4271762739853586,0.99610523571526,2.2547386145415085,1.0945160849255178,2.0359074363894063,1.1391871105707359,1.7852210854174893,0.8636930421941481,1.8425579417105635,0.9505070991363676,1.674721231352234,1.0360822232407665,1.652003882717145,1.1065433728906655,1.6936990931658649,0.814287552080367,1.7252302554866994,0.8774765405897611,1.3851657903994288,0.93919517787324,1.179446375794346,1.0,1.0,-0.2506542503833771,-0.4799396991729736,-0.2593022286891937,-0.3745614886283874,-0.2686687409877777,-0.3001101016998291,-0.278012067079544,-0.241049587726593,-0.2290061563253402,-0.4832205474376678,-0.2269253432750702,-0.3928045630455017,-0.2277591228485107,-0.3300560414791107,-0.2302335947751999,-0.2786799371242523
F,0.0,0.0,0.8792928646246732,2.254674042786556,0.9606657583384857,2.11115186291695,1.0239489025311042,1.96215801080237,1.0771567252835461,1.7755384725018262,0.8652598191172427,1.6929784982800329,0.9463610043298863,1.5599385908584964,1.00733819284194,1.5986450175172517,1.0498955611237426,1.6840657297796382,0.8482052029377766,1.5766418502369846,0.8934840186589285,1.2644144559349904,0.9481307351185803,1.108802351331861,1.0,1.0,-0.4173075258731842,-0.4711810350418091,-0.4294873476028442,-0.3651763200759887,-0.4461435079574585,-0.2916178107261657,-0.4631927907466888,-0.2368817925453186,-0.4076833128929138,-0.4709838032722473,-0.4149581789970398,-0.3771653175354004,-0.4234670400619507,-0.3120259642601013,-0.4334015846252441,-0.2617835104465484
F,0.0,0.0,0.8465942126475259,2.483087943036836,0.976900519901135,2.3050039693767217,1.0670543621137651,2.092043768099836,1.106032840646338,1.831632217500981,0.8414975891961428,1.828603398910545,0.9279660530955343,1.6683830042976564,1.0150165289899653,1.6670596658314902,1.0850242336165339,1.7249351796204173,0.7952781179312687,1.7069895305959217,0.8552426831791082,1.352781682577172,0.928393436759901,1.1543843783044874,1.0,1.0,-0.2620587348937988,-0.4651814997196197,-0.2724246382713318,-0.3537620902061462,-0.288657009601593,-0.2781096696853637,-0.3061612248420715,-0.2199514210224151,-0.238539457321167,-0.472281664609909,-0.2367492169141769,-0.3795161843299866,-0.2404677867889404,-0.3119798302650451,-0.2470383793115615,-0.2565935552120209
F,0.0,0.0,0.8901349226114708,2.740693888830247,0.972530531112218,2.4977545213784795,1.0308343479624402,2.2708863431776374,1.0790573634401461,2.0160218511055423,0.8728890526131311,1.9724388343388748,0.9516258854944933,1.7695368974608645,1.0137938827088753,1.7996477541062736,1.058949951113325,1.8954196173684503,0.8504375011529876,1.8334182914057933,0.8958486104193185,1.3985433386980657,0.9506471719519619,1.1665404353379722,1.0,1.0,-0.4244771599769592,-0.4490903317928314,-0.4369656145572662,-0.3308247923851013,-0.4564903974533081,-0.2519597113132477,-0.4758982062339782,-0.1911009848117828,-0.4105605483055115,-0.4534407258033752,-0.412427693605423,-0.3536093831062317,-0.4187011420726776,-0.2838416993618011,-0.4271912574768066,-0.2285263836383819
F,0.0,0.0,0.8549763344733716,2.5871746615831293,0.9991897869749792,2.372549555347976,1.1018781918717706,2.1480112224587224,1.1434470951259403,1.8987961351255687,0.871075645100078,1.900820483596183,0.9651670922570125,1.7044001332035263,1.0494590794190082,1.706373328561782,1.115292214836232,1.7710694842102257,0.8064278626819775,1.787057605183844,0.8656615714024007,1.4202856808879851,0.9345142263349869,1.190399279829917,1.0,1.0,-0.2441747486591339,-0.5116479396820068,-0.2515084743499756,-0.3968705534934997,-0.2624374330043793,-0.3186149597167969,-0.274495780467987,-0.2549570500850677,-0.2179883122444152,-0.5274578332901001,-0.21164271235466,-0.4343349933624267,-0.2102577239274978,-0.3672932982444763,-0.2121122777462005,-0.3088270425796509
F,0.0,0.0,0.894258838814771,2.2923478459633926,0.9881944726515416,2.1248022565199713,1.0534370926638748,1.9440792377078429,1.0922997614075216,1.7282991382646553,0.8766808426012331,1.7295391605643111,0.9513753751250857,1.5852829815756262,1.0208204643031786,1.5857563589097912,1.0731454353824788,1.6465093419413828,0.8476453433320972,1.6188761758051753,0.8889280930906298,1.3093809431487022,0.9460423874862122,1.1338164171031417,1.0,1.0,-0.3662445247173309,-0.4975475072860718,-0.3734782338142395,-0.3906594514846802,-0.3886183500289917,-0.3139708638191223,-0.4040293097496032,-0.2564317584037781,-0.3482526242733001,-0.4998571872711181,-0.3491724729537964,-0.4055914878845215,-0.3545214831829071,-0.3388431668281555,-0.3617484271526336,-0.2879076600074768
F,0.0,0.0,0.8477025295550391,1.851932737347778,0.940666035867892,1.7656634836331813,1.0086870994283528,1.6548760717602118,1.0547686681869628,1.5272143203027126,0.8647722305626798,1.488654304967466,0.9378729212368758,1.4127646020857803,1.0003788497467596,1.4117998847768376,1.048635275389145,1.4477081107876906,0.8374230603177216,1.3996722884535382,0.8886573944399472,1.1904166124042184,0.9463514009935177,1.0822608045728437,1.0,1.0,-0.3733322620391845,-0.5811430215835571,-0.3856889307498932,-0.480072021484375,-0.4036315977573395,-0.415690541267395,-0.422151118516922,-0.365345299243927,-0.3533166646957397,-0.5804457664489746,-0.3513686954975128,-0.4948309659957886,-0.3559728860855102,-0.4354252815246582,-0.3637619018554687,-0.3858704268932342
F,0.0,0.0,0.852207722223461,2.0286026808151423,0.9541435546748778,1.9138126552301271,1.031627914177569,1.7709749143235425,1.087523437487794,1.6133839069765932,0.8732914833058899,1.6008168337364372,0.9436940676542143,1.5104160126737727,1.0104685906771032,1.5029952196846847,1.064564251277992,1.5367700422730166,0.840223764181624,1.5009521594370974,0.8939159044260401,1.2509178400586847,0.9487772736653468,1.1107104111331414,1.0,1.0,-0.3342857956886291,-0.5337385535240173,-0.3460685610771179,-0.4305391609668731,-0.359598696231842,-0.3605777025222778,-0.3729317784309387,-0.3054753839969635,-0.3132146000862121,-0.535457968711853,-0.3140439391136169,-0.4473499953746795,-0.3188017010688782,-0.3875958919525146,-0.3243471980094909,-0.3392731845378876
F,0.0,0.0,0.8405493800396684,2.0900627002882217,0.9537578747051005,1.953332375099353,1.0368396067502959,1.7900514005788877,1.1040158404974418,1.629487421083232,0.8695742569076315,1.6399505677012394,0.9381320912824777,1.5211733324763952,1.0056456098570394,1.5146624644089721,1.063927520681966,1.5489686963121907,0.826566139309741,1.536918874898246,0.8852472852365064,1.2799786790028522,0.9419098065016029,1.12978301239772,1.0,1.0,-0.2943938076496124,-0.5085893869400024,-0.3084936439990997,-0.410356193780899,-0.3221933543682098,-0.3440697789192199,-0.3371881544589996,-0.2904850840568542,-0.2704120278358459,-0.5091459155082703,-0.2737588882446289,-0.4238313436508178,-0.2797275483608246,-0.3658272624015808,-0.2882081568241119,-0.316297709941864
F,0.0,0.0,0.8212891685892977,2.0914299329844095,0.9309436289739055,1.9722436163536106,1.0106844762905178,1.8186514412357766,1.0542146900338818,1.6315412616802296,0.8493105484570486,1.6202401999064562,0.9242986505531224,1.5013831731325777,0.9913526041640931,1.502643576347402,1.0461623922099317,1.5418834030125437,0.8118185624411512,1.5224606656084863,0.8745751104183747,1.2638018391435486,0.9385443485196042,1.1158693658860206,1.0,1.0,-0.3082937002182007,-0.5101107954978943,-0.32570880651474,-0.4113739728927612,-0.3448020219802856,-0.3470394015312195,-0.364828497171402,-0.2967850863933563,-0.2854029536247253,-0.5124779939651489,-0.292136549949646,-0.4282945990562439,-0.3048954010009765,-0.3723544776439667,-0.3208385407924652,-0.3277800381183624
F,0.0,0.0,0.8350945842518784,1.8396136534195222,0.9145951442003952,1.7549465058159202,0.9764210426384203,1.6505785770004338,1.0341362762625517,1.5502207248370126,0.8615702145195112,1.4730089676831213,0.9269989699971771,1.405139711996983,0.976549372924872,1.4263282548074052,1.014687201752853,1.4714260967856347,0.845870757749385,1.3802009300428624,0.9023837088166897,1.1832438246107784,0.9539304773298563,1.081226082204036,1.0,1.0,-0.4650514423847198,-0.5787193775177002,-0.489585667848587,-0.4797987341880798,-0.5128912329673767,-0.4132462739944458,-0.5337297320365906,-0.359445184469223,-0.4466288089752197,-0.5723944306373596,-0.4581568241119385,-0.4828125238418579,-0.4702575802803039,-0.4231945872306824,-0.4829141199588775,-0.374285876750946
F,0.0,0.0,0.8170484157804697,1.8553686251646502,0.9356427789648195,1.7491687501354185,1.0219567783654784,1.6346536369656461,1.0830562467691547,1.518977849690898,0.8651465397512031,1.4961197547703944,0.9413057781667014,1.4101935104358563,1.006128771194596,1.405603736073094,1.0575601028596537,1.4382923832832049,0.8244002325707044,1.4190087063632737,0.8878888963253168,1.2161299456907624,0.9462660349174213,1.0980323205587375,1.0,1.0,-0.3215380012989044,-0.6641017198562622,-0.3372796475887298,-0.55701744556427,-0.3510844707489013,-0.4875472784042358,-0.3642477691173553,-0.4317042827606201,-0.2969419658184051,-0.6683993935585022,-0.2973228394985199,-0.578374981880188,-0.2996167242527008,-0.516936182975769,-0.3033991158008575,-0.4636144638061523
F,0.0,0.0,0.8300026240667834,1.8083852802434386,0.9446084486184054,1.7033371455457202,1.01947303011628,1.5715828590981862,1.0695043114469214,1.455079119531699,0.8843644922270057,1.4780431587930734,0.9532688186936413,1.3898724657104566,1.0154770264121964,1.3646522875311122,1.0653334186593357,1.3792586961215239,0.8370590406259888,1.3953209081687938,0.8991119374875992,1.2067885047029734,0.9500819509498215,1.0980429398369747,1.0,1.0,-0.3189517259597778,-0.6340436339378357,-0.333493560552597,-0.5343297719955444,-0.3443218767642975,-0.4702632427215576,-0.3539935052394867,-0.4191422164440155,-0.2923415303230285,-0.631682813167572,-0.2907168567180633,-0.5440366268157959,-0.2900184392929077,-0.4852501153945923,-0.2908469140529632,-0.43336883187294
F,0.0,0.0,0.8175608560792026,1.7900988635735393,0.9209813721909574,1.6899910225284414,0.9898729325037967,1.5483185341116075,1.0392142931173267,1.4186946574331878,0.8628198585964588,1.4671882176017397,0.922566057296388,1.3748186065806811,0.9839924534629981,1.3385191396460712,1.037875706109242,1.3375348642804352,0.8187499178141229,1.3783067665467543,0.8828035048441238,1.1989797006449954,0.9392132750729139,1.0951261525605085,1.0,1.0,-0.3234907984733581,-0.5819482207298279,-0.3440082371234894,-0.4906887710094452,-0.3631131947040558,-0.4346703290939331,-0.3820981085300445,-0.3918615579605102,-0.2974806427955627,-0.5730644464492798,-0.3013579249382019,-0.4919492602348327,-0.3087683022022247,-0.4366216659545898,-0.3187074363231659,-0.38899627327919
F,0.0,0.0,0.8469547720549505,1.8405754456824994,0.94804143733525,1.7335825237791522,1.0152626318429505,1.5881186702820282,1.0481692383016696,1.4385540879843053,0.8846284916743699,1.4945192903219109,0.9391959193956964,1.3836199787553298,0.9971054823586678,1.3458127989333837,1.0482873556454664,1.3507413432582773,0.8437018318328956,1.408778823608111,0.8957947226256271,1.2078149274371106,0.9461129253224161,1.0939165506590807,1.0,1.0,-0.3325654864311218,-0.56346195936203,-0.3479728698730469,-0.4726847410202026,-0.3630969226360321,-0.4119238257408142,-0.3783229291439056,-0.3652399480342865,-0.3095124661922455,-0.5590209364891052,-0.3156990706920624,-0.4808874130249023,-0.3215717375278473,-0.426144003868103,-0.3285703659057617,-0.3797684609889984
F,0.0,0.0,0.8370773785114092,1.9538171160857611,0.9438027584632215,1.8420264933758308,1.0203796337422428,1.6957679417504903,1.0714347178093147,1.5427601333558079,0.8742504052554273,1.5457913427046672,0.9436257609543921,1.4331173424137587,1.0027624532976491,1.4227234029720826,1.0510672956882186,1.458970239492394,0.8298205516472058,1.4557171355371714,0.8864944013976912,1.2313909153587599,0.942649257249443,1.1064745290422007,1.0,1.0,-0.3262624740600586,-0.5630638003349304,-0.3424454033374786,-0.4655560255050659,-0.3592447936534881,-0.4029538631439209,-0.3772335648536682,-0.35285484790802,-0.3010843396186828,-0.5646395683288574,-0.3039808869361877,-0.4819286465644836,-0.3114697635173797,-0.4256424307823181,-0.322490781545639,-0.3771416842937469
F,0.0,0.0,0.8462327735092332,2.0558458390222367,0.9588522668010899,1.924038044658194,1.0369090513742294,1.7543700346514433,1.0818406888219851,1.580763730741591,0.8783460308522656,1.5947148795316282,0.9565960281623045,1.4482095874491958,1.0202762678947235,1.4369048098262016,1.0724983575756228,1.483339459421649,0.8261068337936198,1.500694381662121,0.880503650489925,1.24645038825322,0.9390701776372823,1.1095712486067821,1.0,1.0,-0.2946609258651733,-0.5304099917411804,-0.3077684640884399,-0.4302559494972229,-0.3215555846691131,-0.3631332516670227,-0.3381410539150238,-0.3087331652641296,-0.2684477865695953,-0.5364983677864075,-0.2693556249141693,-0.4542965292930603,-0.2761194407939911,-0.3978486657142639,-0.2874253988265991,-0.3490891754627228
F,0.0,0.0,0.8335140962213509,1.9781904936874042,0.9376884976135536,1.8690760653538399,1.018725470727002,1.718852577980481,1.0506505065604124,1.5441655708318822,0.8672540667222054,1.566985152145859,0.9324458203923118,1.4482832906024694,0.9946030156961518,1.426673646671294,1.0461456400574398,1.4542710483278667,0.8246838346763804,1.4667832282179192,0.884691357423392,1.2311392710454303,0.9412552715129421,1.1038218837054288,1.0,1.0,-0.3124392628669739,-0.5095454454421997,-0.3307732939720154,-0.4160753488540649,-0.3481440842151642,-0.3539853692054748,-0.3657406270503998,-0.3062191307544708,-0.2888785302639007,-0.5064078569412231,-0.2985396981239319,-0.4247896075248718,-0.3094214498996734,-0.3699052333831787,-0.3221220672130584,-0.3263985514640808
F,0.0,0.0,0.8199710876333788,1.87429051516167,0.9256868395402277,1.7576156163691719,0.996775416214114,1.6046521304794592,1.0329617022926454,1.452121109129401,0.8601490718236041,1.5094402101494964,0.9174772753150884,1.4001030736269688,0.9772766149045234,1.3598178026735614,1.0299875002256111,1.360826621900843,0.8135269707756033,1.4159011319040669,0.8785484515365053,1.2111236137073629,0.937156639650051,1.0974466645596659,1.0,1.0,-0.3037910461425781,-0.5113164186477661,-0.3260960876941681,-0.4225802421569824,-0.3449081778526306,-0.3673194050788879,-0.3640286326408386,-0.3242669701576233,-0.2766494750976562,-0.5046123266220093,-0.2822660803794861,-0.4274757504463196,-0.2902952134609222,-0.3762910068035126,-0.3011987805366516,-0.3314918279647827
F,0.0,0.0,0.8664622675358218,1.9721120470081819,0.9533442156539965,1.8730326076008645,1.015226229333107,1.7346168595053448,1.0661021115150988,1.5895986480531987,0.8839570840498349,1.574110163734183,0.947189653006231,1.491788072526682,1.0074595232742514,1.4759777106681617,1.0575467669995335,1.4936135736339196,0.8580295219701848,1.4690078239473527,0.9042264393665048,1.2300135980269182,0.9532177426487715,1.1029888912510901,1.0,1.0,-0.4111709892749786,-0.5518525242805481,-0.4237201809883117,-0.4493673145771026,-0.4396928548812866,-0.3841612935066223,-0.4557707905769348,-0.3336559236049652,-0.390344500541687,-0.5476638078689575,-0.3904258906841278,-0.4557060003280639,-0.3952767550945282,-0.3927200734615326,-0.4018686413764953,-0.3422532081604004
F,0.0,0.0,0.8051854563382139,2.301433091563854,0.9371838835775602,2.1410953936115473,1.0272962116431976,1.9394851224704963,1.0659789045501689,1.7280109259180634,0.8573010775975832,1.762158160594312,0.9379915596493816,1.5939907450650914,1.0074922377420787,1.5709991091456494,1.063017809327273,1.6122989896480966,0.800465612140844,1.6409303339927612,0.8721292472472166,1.3313814526854963,0.936173034587743,1.1529501344137054,1.0,1.0,-0.2656354606151581,-0.5048425197601318,-0.2819457352161407,-0.3965122401714325,-0.2946514189243316,-0.3247747719287872,-0.3074389696121216,-0.2681114971637726,-0.2369792461395263,-0.5058094263076782,-0.241952359676361,-0.4156282544136047,-0.2462016940116882,-0.3538019061088562,-0.2516180872917175,-0.3006698787212372
F,0.0,0.0,0.8302994974791714,2.4195469121149604,0.937485576776542,2.223818807572622,1.012545059722426,2.0345555431769076,1.0738997590202901,1.8350837980870276,0.8468418764777,1.7705422132154807,0.9286225815550135,1.6213199926277813,0.995536481018917,1.6545508226330126,1.0451847841705215,1.7314033011387495,0.8146800838324919,1.650454499925463,0.8758394497476754,1.3152308564282835,0.9414629393912566,1.1318464400886805,1.0,1.0,-0.3807965815067291,-0.5121123194694519,-0.3989352583885193,-0.3919530510902405,-0.4222484529018402,-0.3123017847537994,-0.446037620306015,-0.2494853436946869,-0.3577229976654053,-0.520289421081543,-0.3632189631462097,-0.4199534058570862,-0.3754533529281616,-0.3511649370193481,-0.3911163508892059,-0.2952646911144256
F,0.0,0.0,0.759349245769932,1.8968092765368625,0.912922761418679,1.7695575323380448,1.0058681928632496,1.6277149185555304,1.0466916378716897,1.4830770114615346,0.8222434952070192,1.5009442206017511,0.9173431652607301,1.3762681079597232,0.9906792010839486,1.3685592801437343,1.0512086168055734,1.408822889846649,0.7539606719802815,1.4275917520000594,0.8376986732461782,1.2257726407255234,0.9176081420059502,1.105645216111423,1.0,1.0,-0.2162660807371139,-0.6420696377754211,-0.2366077601909637,-0.5393249988555908,-0.2542022168636322,-0.4744780957698822,-0.2735209465026855,-0.4228769540786743,-0.1859938204288482,-0.6482356786727905,-0.1868512332439422,-0.5657352209091187,-0.1921678483486175,-0.5079820156097412,-0.2018948495388031,-0.4575883746147156
F,0.0,0.0,0.8657216918379671,1.9750077489596176,0.9582805842030506,1.8742932332703834,1.0264721913737573,1.7234065342766265,1.0755905721974446,1.5635057651943594,0.8738281581181239,1.5884346659226825,0.9443254408946322,1.5024201083053368,1.0107985690615424,1.479085708074811,1.0657329830738747,1.487309400080444,0.8442227469077975,1.4805896855581195,0.8972353611677779,1.2388850218692862,0.9499115934171178,1.1066093333177458,1.0,1.0,-0.3665723502635956,-0.5365927219390869,-0.3790464103221893,-0.4368375539779663,-0.3942549228668213,-0.3712037205696106,-0.4093192815780639,-0.318419337272644,-0.3460489809513092,-0.5310991406440735,-0.3464491367340088,-0.4390133619308471,-0.3538233637809753,-0.3794160485267639,-0.3640573918819427,-0.3306969702243805
F,0.0,0.0,0.8254527882899921,1.8789955632979614,0.9516074349194332,1.7628691523463123,1.0337858443439851,1.6125413164045794,1.0804076370094897,1.4710836431395726,0.8631316345736904,1.524743899420191,0.9398451122040798,1.4217754601608283,1.0128825312507128,1.378004434658547,1.0772415949533563,1.370523423451546,0.7986457765742523,1.440890562077856,0.8708419522843516,1.2356667916484896,0.933823403494323,1.1109285435394416,1.0,1.0,-0.2437683045864105,-0.5931499600410461,-0.258460134267807,-0.495863139629364,-0.2724785506725311,-0.4330138564109802,-0.2880332469940185,-0.3828359246253967,-0.2154706418514251,-0.5938246846199036,-0.2149198800325393,-0.512342095375061,-0.2201381921768188,-0.4567539691925049,-0.2298580706119537,-0.4076595902442932
F,0.0,0.0,0.8601661171055343,1.735174655958797,0.9356664538325249,1.6623734458076456,0.9915840820431059,1.548167793835742,1.0403249522511984,1.4418054941002703,0.8759072793095701,1.4325227716868596,0.9372941894427553,1.369900177112745,0.993521115774019,1.356507688275628,1.0407425191808235,1.3632585504462116,0.851780174158278,1.3370925289531472,0.9004039219348903,1.161579159216081,0.9518029621096202,1.070199744343012,1.0,1.0,-0.4217163622379303,-0.5665000677108765,-0.4373553097248077,-0.4783994555473327,-0.4575210511684418,-0.4229406714439392,-0.4778081774711609,-0.3786346912384033,-0.4021260142326355,-0.5581879615783691,-0.4045670330524444,-0.476473331451416,-0.4141964316368103,-0.4215633571147918,-0.4272937178611755,-0.3756428956985473
G,0.0,0.0,0.7740177144832717,0.9710976384236523,0.9266870084972738,0.9085395158025853,1.0782137178707252,0.9052170630058687,1.1824871456293418,0.9149842801601924,0.9465898610227061,0.7926213755532082,1.1467310779422553,0.7815119127348118,1.2599968917565976,0.7780689059745859,1.351140260500847,0.7650401446503187,0.961805854985264,0.8581458836506267,1.1075796534324256,0.9799089961951509,1.0566063397209875,1.0207800382849068,1.0,1.0,-0.3692677021026611,-0.6351252198219299,-0.4059379696846008,-0.708184003829956,-0.3833218812942505,-0.7243471145629883,-0.3651519119739532,-0.7072444558143616,-0.3706090748310089,-0.704271674156189,-0.3963328897953033,-0.756121039390564,-0.3758842647075653,-0.7677533030509949,-0.3592931926250458,-0.7542809247970581
G,0.0,0.0,0.7545150432316838,0.9805231606702238,0.9120978928364292,0.9150473502359341,1.070698853942511,0.9182805356524822,1.17862337941394,0.9421458067583838,0.9402065946416818,0.7860676447292836,1.1514678564660596,0.7778070198610857,1.2671234110713616,0.7764743808158004,1.3607149562087044,0.7614350450399223,0.9595990265839245,0.8619450602047135,1.1115340598190697,0.9795538139651295,1.0582478172373302,1.022011647383458,1.0,1.0,-0.3931366205215454,-0.6476576328277588,-0.4355996251106262,-0.7176723480224609,-0.4102751314640045,-0.734616756439209,-0.3887588381767273,-0.7179781794548035,-0.3950195014476776,-0.720188558101654,-0.4242112040519714,-0.76903235912323,-0.402178555727005,-0.7817776203155518,-0.3834322690963745,-0.7702953815460205
G,0.0,0.0,0.7529226198775267,0.9993608594181238,0.9113812182874805,0.9236111719560238,1.0633346066473062,0.9185175074255132,1.1754774149444356,0.9329617156636018,0.9237472651136082,0.7842089851360617,1.1291090275784932,0.7380691221777631,1.2411624281351132,0.7168620134219522,1.3351438527282986,0.6893090595180068,0.9415681707836605,0.8526827995095311,1.1222436819352268,0.965239606241443,1.0641046668639509,1.0159858005650815,1.0,1.0,-0.374632716178894,-0.6194667220115662,-0.4269161224365234,-0.6982013583183289,-0.3990697860717773,-0.7164376378059387,-0.3766713142395019,-0.6989650130271912,-0.3770855665206909,-0.688730776309967,-0.4107144474983215,-0.7464835047721863,-0.3858638703823089,-0.7588499188423157,-0.3657974898815155,-0.7429006695747375
G,0.0,0.0,0.7385183266416268,0.9720472969571609,0.8973721413068646,0.9119545440029877,1.0570747234029192,0.9103207424874625,1.173352015165252,0.9236900667573527,0.9176596688292064,0.7781170909185281,1.1426108252581508,0.7683486548815399,1.2661683798220515,0.7691536838207083,1.3664728622842857,0.757550867751714,0.9368161605695604,0.8576736444430824,1.1123838566993598,0.9685686700498589,1.060652215720212,1.0159259986293112,1.0,1.0,-0.3601850867271423,-0.6305551528930664,-0.4062504172325134,-0.6969061493873596,-0.382691740989685,-0.7143773436546326,-0.3614609837532043,-0.6995416283607483,-0.3616202175617218,-0.7043080925941467,-0.3917950391769409,-0.7493113875389099,-0.3703900873661041,-0.761528491973877,-0.3520472347736358,-0.7497233152389526
G,0.0,0.0,0.6620506783528095,0.9920674988710537,0.8936555493296098,0.9154196766505417,1.1110805107986281,0.9023682065043956,1.2790443554176532,0.9061543621541313,0.8833080377809036,0.7757430742081698,1.1739019993757114,0.7395684159953884,1.3331072722013209,0.7204404305776191,1.464575002954148,0.6924479274100019,0.899526785755883,0.8533791522422696,1.1736841971515661,0.9561037376308463,1.094553589088416,1.010732805930571,1.0,1.0,-0.2565753757953644,-0.6231664419174194,-0.3183977007865906,-0.6897169351577759,-0.2918023467063904,-0.7089677453041077,-0.2673892974853515,-0.694874107837677,-0.2594240009784698,-0.6972841024398804,-0.3056674301624298,-0.7447950839996338,-0.2809415161609649,-0.7559266090393066,-0.2569237053394317,-0.7413344979286194
G,0.0,0.0,0.642100939204526,0.9986238243837342,0.9118749362203268,0.9277856106308409,1.1550179318561884,0.9169348439187853,1.3466704482458407,0.9081038957088755,0.8777554542537709,0.770098260424869,1.179207550777813,0.736239970065886,1.3512321313488929,0.7154175458414193,1.4941497376644366,0.6889879816909644,0.8747301143023675,0.836856980960005,1.187997423990718,0.9503917752158507,1.0965965557597523,1.0104043946020353,1.0,1.0,-0.2257827669382095,-0.6417778134346008,-0.2961566746234894,-0.7242714166641235,-0.2681002020835876,-0.7454031705856323,-0.2447301298379898,-0.7275071144104004,-0.2250850051641464,-0.7170013785362244,-0.2801692187786102,-0.7770180106163025,-0.2556312680244446,-0.78789222240448,-0.2311927527189254,-0.7687949538230896
G,0.0,0.0,0.7914827688267927,0.9368003553473017,0.9328370532834473,0.8978659891792666,1.055267479717987,0.9352536456537724,1.1234768948219205,0.992784720325124,0.9994673173101004,0.8169637529235104,1.1878468812373355,0.8273305861821654,1.293633914409526,0.8342537374701778,1.3775637299172023,0.8302177830078763,1.0243711247884524,0.8866177508154576,1.1176286171803258,0.988850298289964,1.0544550608270657,1.018891670729853,1.0,1.0,-0.4048982858657837,-0.722297728061676,-0.4269196093082428,-0.7826384902000427,-0.4007474482059479,-0.7941808700561523,-0.3809492886066437,-0.778401792049408,-0.4037369787693023,-0.7885512709617615,-0.4179969429969787,-0.8276251554489136,-0.3942276239395141,-0.8335214853286743,-0.3757754564285278,-0.8211683630943298
G,0.0,0.0,0.75286471344099,0.9891177512159248,0.9233137675539761,0.9307845955659825,1.088809280089426,0.9344504858545793,1.19903974320814,0.9510491568247771,0.9086277304542282,0.8217469206812688,1.1068346468206318,0.7823499101839964,1.2171545954053598,0.7579725619602965,1.3050215488776316,0.7287291540993368,0.9227197064612064,0.8830969436122611,1.1281541042277419,0.9575975306755622,1.0706485273065893,1.0083183364617412,1.0,1.0,-0.337672621011734,-0.7363996505737305,-0.3997614681720733,-0.7934393882751465,-0.3754588663578033,-0.8172107338905334,-0.3527423143386841,-0.8043798804283142,-0.3421962261199951,-0.8068574070930481,-0.3894479274749756,-0.8485096096992493,-0.3681011795997619,-0.8636742234230042,-0.3475753366947174,-0.8517870306968689
G,0.0,0.0,0.7279079855345565,0.9232440423880128,0.8878377805652705,0.8780460952452604,1.014951884119577,0.9106230919848934,1.0961190065476563,0.9700330965832625,0.960886198178093,0.7964316915188303,1.1677642419906493,0.8112687283012431,1.2782314306480416,0.8159479255777633,1.3703104174850447,0.8115871767116277,0.9766764650626141,0.858772264635169,1.1199786383582215,0.9798523009032649,1.0570501166761865,1.0164903255891782,1.0,1.0,-0.3678040206432342,-0.6990112662315369,-0.4010394811630249,-0.779922604560852,-0.3728415668010711,-0.7907403707504272,-0.3527246713638305,-0.7709187865257263,-0.3641341030597687,-0.7674542665481567,-0.3879657983779907,-0.8271400332450867,-0.3621229529380798,-0.8329759836196899,-0.3424789011478424,-0.8156206011772156
G,0.0,0.0,0.7555081313432491,0.9569386658298338,0.9165970109827107,0.9114273342790856,1.0607929021953642,0.929934148606707,1.160591492839036,0.9624813889699456,0.9504038104464602,0.788407896988774,1.1464964096576482,0.7814524142360668,1.2521834672579275,0.7732630000164846,1.340604629322202,0.7538380516086636,0.9627784444643889,0.8548634394227855,1.1100827561961895,0.9773488088724998,1.0521988638302369,1.0216330272109637,1.0,1.0,-0.3790349662303924,-0.6588649749755859,-0.4216675460338592,-0.7391446232795715,-0.3950718641281128,-0.7544752955436707,-0.3761663436889648,-0.7342146635055542,-0.3784555792808532,-0.7288170456886292,-0.4086018204689026,-0.785860538482666,-0.3838594555854797,-0.7950699925422668,-0.3655052185058594,-0.7785019874572754
G,0.0,0.0,0.7252776002173045,0.9630050263501115,0.9337322785011011,0.9104016786152157,1.1158929930372512,0.9167779133839575,1.254513921438225,0.9310589197990298,0.9492344150087728,0.7758779530417832,1.1899971286872197,0.7638868718633313,1.3242334923504242,0.756712855000377,1.4383879202616514,0.7412014436007072,0.9542287646490466,0.8440782418177807,1.1517787745768504,0.9730702941940385,1.0732694066421067,1.0191547995743766,1.0,1.0,-0.3067915439605713,-0.6463674902915955,-0.3562386035919189,-0.7315482497215271,-0.3273967206478119,-0.7456268072128296,-0.3067787885665893,-0.7244484424591064,-0.3045731782913208,-0.7181217670440674,-0.3430344760417938,-0.7786827087402344,-0.3183498084545135,-0.7858157753944397,-0.2988049983978271,-0.7659830451011658
G,0.0,0.0,0.756917092854582,0.9344769326804486,0.9204428880023702,0.9016288277235507,1.0532392550800207,0.9528589911679133,1.1379086658131172,1.0157363636167276,0.97882026427485,0.792745463538753,1.184601458546271,0.8285147881832772,1.2950512278421802,0.8477651515969683,1.3885242184129145,0.8521613664786779,0.9910171497109374,0.8677131828991449,1.126228699016102,0.9908641361985956,1.0593191917038862,1.0230791993450994,1.0,1.0,-0.3761827647686004,-0.6698601245880127,-0.4133072793483734,-0.7440535426139832,-0.3850801587104797,-0.7535833716392517,-0.3638239204883575,-0.7328281402587891,-0.3725874125957489,-0.7394086718559265,-0.3987240195274353,-0.7932314872741699,-0.37335404753685,-0.7996599674224854,-0.3538943529129028,-0.783247709274292
G,0.0,0.0,0.884789903696821,0.8845363365997484,0.9541951215837052,0.8370488404279952,1.0094792555870407,0.8718783647222906,1.033729239303019,0.9408944278864982,1.018288076786958,0.7753766087974449,1.1295036048484517,0.8069192295913086,1.193467623025902,0.8245864159391664,1.2424093332859039,0.8302743639240945,1.0423897638497392,0.8714402638742607,1.0710447780552235,0.9966488566480243,1.0312277465613058,1.0226325960689906,1.0,1.0,-0.6525476574897766,-0.5602500438690186,-0.6562450528144836,-0.6062043309211731,-0.6339300870895386,-0.6152288317680359,-0.6162245273590088,-0.6029479503631592,-0.6484348773956299,-0.6260730028152466,-0.6466974020004272,-0.659532904624939,-0.6261924505233765,-0.6638725399971008,-0.6095373034477234,-0.6506575345993042
G,0.0,0.0,0.7588301529880367,0.9695562375516341,0.9206205538535462,0.9182128708441745,1.0639011930790367,0.9565918831193994,1.1600472204065122,1.0065541725407807,0.9469605385558549,0.7736573554474789,1.150458467287003,0.7690520324962677,1.260008772258308,0.7597209100138583,1.3505957238392239,0.7376099348792381,0.9605357380542864,0.8390075336612269,1.1184592266101228,0.9686060754014301,1.0576251353749289,1.0207117559074035,1.0,1.0,-0.3893815279006958,-0.6365360021591187,-0.4402167797088623,-0.7217161655426025,-0.4118009209632873,-0.741059422492981,-0.3905038833618164,-0.7200109958648682,-0.3915541172027588,-0.7083324790000916,-0.4301689267158508,-0.7719212174415588,-0.4060418903827667,-0.7848905920982361,-0.3863856792449951,-0.7693949937820435
G,0.0,0.0,0.7331029759224433,0.9926280951147307,0.9209468718491937,0.9334066001287746,1.0882167756457826,0.9278938140360113,1.2172464164523684,0.9264053861899934,0.9270776403042486,0.7799525735179748,1.1580483271090023,0.7505025981914918,1.2831005614951225,0.7291610298376584,1.3884031216583004,0.6970998356812605,0.9306865692830584,0.8474877758691348,1.1404038116896844,0.9576058174950964,1.070761660532201,1.0147261204752547,1.0,1.0,-0.3263565003871918,-0.6498980522155762,-0.3889950811862945,-0.7275770306587219,-0.3601006269454956,-0.7497401833534241,-0.3371375203132629,-0.7320641279220581,-0.3284488320350647,-0.7235074043273926,-0.3778236806392669,-0.7806755900382996,-0.3528327643871307,-0.7929316759109497,-0.3302127420902252,-0.7763424515724182
G,0.0,0.0,0.7272836962819708,0.9876595294605731,0.9365444516507216,0.9306094958946026,1.11342365478023,0.9294715598433109,1.2591953552840218,0.9312717963583678,0.9336238597759448,0.763198295400765,1.1859886088540255,0.7314331535222496,1.3180407278827144,0.7041028739376204,1.429758758433884,0.6613308813943766,0.937283466370241,0.8390903216584732,1.1587365833584184,0.9498230418795267,1.0801216536035811,1.0135105650589042,1.0,1.0,-0.3136551678180694,-0.6234942078590393,-0.3787541687488556,-0.6985098123550415,-0.3482919633388519,-0.7237152457237244,-0.32361900806427,-0.7093299031257629,-0.3163048028945923,-0.700081467628479,-0.3684320151805877,-0.754387378692627,-0.3429026901721954,-0.7667009830474854,-0.3191309571266174,-0.7523179054260254
G,0.0,0.0,0.7122242163486834,0.9958739788369163,0.9145499889236565,0.9303943960538293,1.095766586824689,0.9302825679879694,1.2380583169495751,0.9321903510135646,0.9193768518262122,0.7429606877123811,1.1699612154902668,0.726480026506274,1.3039237947553513,0.7099410428080479,1.418418315426578,0.6783087176210996,0.9180418062747489,0.8094287304813272,1.1475512627031819,0.9565289172833109,1.0743329964278794,1.021429053120409,1.0,1.0,-0.3149634003639221,-0.5810377597808838,-0.3821754455566406,-0.6825782060623169,-0.3509279489517212,-0.7062804698944092,-0.3270772397518158,-0.6831685900688171,-0.3143790066242218,-0.6577067971229553,-0.3646831512451172,-0.735634446144104,-0.3370063602924347,-0.7486026287078857,-0.3131779730319977,-0.7262321710586548
G,0.0,0.0,0.725403355459945,0.9759807483812262,0.932875196786466,0.920411620663612,1.1092205617498054,0.9264648049417322,1.2407195865260603,0.9349152369168819,0.953668679837381,0.7556787287965493,1.2087217468974722,0.7552818017594594,1.344129927762122,0.7542123717442426,1.4627711811814175,0.7351121131029785,0.9636156040572319,0.8324628834241448,1.1595600795012275,0.9631832796974639,1.0775931868993889,1.0195266311648963,1.0,1.0,-0.3135585784912109,-0.6002530455589294,-0.3664352595806122,-0.6793850660324097,-0.3359115421772003,-0.6999312043190002,-0.3130022287368774,-0.6818417906761169,-0.3157994449138641,-0.6726493239402771,-0.3577288389205932,-0.7304563522338867,-0.3319618999958038,-0.7418907284736633,-0.3102930784225464,-0.7257956862449646
G,0.0,0.0,0.8568561941121637,0.8996300208960684,0.9645876072689537,0.8612432632672292,1.0679244761652142,0.912757436225174,1.1263920799296732,0.978356496979215,0.9977329340373172,0.7409021635688643,1.1487956260046228,0.7789048550939817,1.233620516952445,0.7999655533783243,1.2995319920563324,0.8010072416049295,1.0179803825052904,0.8221338869010332,1.0857266733167268,0.9936383573586728,1.0404604660429704,1.0325087616069908,1.0,1.0,-0.5580320358276367,-0.536604106426239,-0.5740832090377808,-0.6211535334587097,-0.5473787188529968,-0.6337113976478577,-0.5285494923591614,-0.6153728365898132,-0.5609608888626099,-0.6088051199913025,-0.5673806667327881,-0.6742611527442932,-0.5420427918434143,-0.6831638813018799,-0.525274395942688,-0.6701493263244629
G,0.0,0.0,0.6451982855156967,1.0023844996657965,0.8982756818679126,0.9265189678362233,1.1220959956751748,0.9142141414495646,1.2959725064679308,0.9012036472495727,0.8883638001827755,0.7421272534913165,1.1829489644875213,0.7172134154836763,1.344882264354945,0.6981773472341157,1.4766828590184191,0.6681287633631375,0.8896150133220064,0.8180650197844287,1.1782663114131624,0.9499082584194604,1.0938955606183471,1.0159322734244072,1.0,1.0,-0.2566353380680084,-0.5856341123580933,-0.3300236463546753,-0.6692032814025879,-0.3013646900653839,-0.6942045092582703,-0.2766941487789154,-0.6768234968185425,-0.2564108371734619,-0.6634901762008667,-0.3158751130104065,-0.7251733541488647,-0.2916925847530365,-0.7392281889915466,-0.2668591737747192,-0.7215409874916077
G,0.0,0.0,0.6839363544236656,1.0227659186968103,0.909261497988209,0.9498226000415332,1.1097555168178372,0.9403280332406598,1.270164611642545,0.9280564041296596,0.8871122450658611,0.7480201029055321,1.1631154546396052,0.7280615515674046,1.3188107542014345,0.7125166825117374,1.4454123711839126,0.6851864403915903,0.8831516736533292,0.8220278802517371,1.1536312416578667,0.9524102680773789,1.082125306946946,1.0180219261201227,1.0,1.0,-0.2711837589740753,-0.5712657570838928,-0.3443815410137176,-0.6607551574707031,-0.31668621301651,-0.6844031810760498,-0.2929311096668243,-0.6640926003456116,-0.2723314464092254,-0.6497134566307068,-0.3307217359542846,-0.7191193103790283,-0.3065841495990753,-0.7324877977371216,-0.2822547256946563,-0.7122240662574768
G,0.0,0.0,0.718808474863878,0.9957118181161801,0.91620266430711,0.9337468853744108,1.0885095382571819,0.9262737179383278,1.2284479042101588,0.9152584236715965,0.9326354441240017,0.757069702778887,1.190652403853298,0.7808751305895649,1.3270849807919707,0.79580277034066,1.4394400952673403,0.7911476851940535,0.9335051510156945,0.836433162455629,1.155440219485759,0.9488260200721135,1.0759146270657876,1.0131202912239392,1.0,1.0,-0.3127199411392212,-0.6137860417366028,-0.3785216510295868,-0.6841964721679688,-0.3489452004432678,-0.7124911546707153,-0.3248818814754486,-0.6998882293701172,-0.3166557252407074,-0.6865401268005371,-0.3650529980659485,-0.7416216135025024,-0.3400023877620697,-0.7577860355377197,-0.3177180588245392,-0.7438852787017822
G,0.0,0.0,0.74733239412705,0.9946575642173422,0.944278021939968,0.9312818918967372,1.1082083675125232,0.9229755928549712,1.2501653261225325,0.9041242737144732,0.9498465148024593,0.759078180354061,1.2118501594242779,0.7572856760268061,1.3527135080751012,0.7572138295081654,1.4677649434893716,0.7386730830653685,0.9464433659355951,0.8423388287307048,1.165538086260766,0.9366449075224174,1.0777380928887053,1.0081738563186704,1.0,1.0,-0.3043059408664703,-0.6214859485626221,-0.3695263564586639,-0.678752064704895,-0.3389342725276947,-0.7118912935256958,-0.3141977787017822,-0.7058226466178894,-0.3122781813144684,-0.6922022104263306,-0.3580732643604278,-0.736295759677887,-0.3317481875419616,-0.7542773485183716,-0.3083031475543976,-0.7440156936645508
G,0.0,0.0,0.802052455394538,0.9524686800483236,0.9290450088420096,0.8952904391644045,1.0459049312332398,0.9300922667259621,1.1215775256736313,0.9742181462722583,0.961122826066929,0.7502212812034879,1.1319033486044303,0.7621015666043699,1.225467079514723,0.7639280907532839,1.2979246741414956,0.7516385183143716,0.9866709768461028,0.8207915368601049,1.0977279066666157,0.9664849505293133,1.0490982828544309,1.0206777057376915,1.0,1.0,-0.490927129983902,-0.5691121816635132,-0.5312577486038208,-0.6489929556846619,-0.5034617185592651,-0.6720212697982788,-0.4807296693325043,-0.6567414999008179,-0.4959457516670227,-0.6407145857810974,-0.5208380818367004,-0.7026523947715759,-0.4976029992103576,-0.723640501499176,-0.4790526926517486,-0.7156331539154053
G,0.0,0.0,0.6411473468935819,1.026864606321436,0.9046655267412519,0.9549387202092787,1.136555643967935,0.9435202159215876,1.3302897919045744,0.9331784998037407,0.8605345669988071,0.7868082247967648,1.1896949507043642,0.763542282770161,1.375001642093134,0.7506783445434977,1.523862076375159,0.7269258627582488,0.8627547355620132,0.8599120993485644,1.1860066922332746,0.9427374275099007,1.1003864314313516,1.0068020420657517,1.0,1.0,-0.2212343662977218,-0.6659652590751648,-0.2973199188709259,-0.7237305641174316,-0.2716817259788513,-0.7529407143592834,-0.2463785856962204,-0.7435948848724365,-0.2264479100704193,-0.7407090663909912,-0.2862587869167328,-0.7838232517242432,-0.2648427486419678,-0.7998219728469849,-0.2403308451175689,-0.7884746193885803
G,0.0,0.0,0.8408252665704445,0.9148158751898802,0.9442189864059513,0.8705547175183672,1.038248583011193,0.9268293662069331,1.0950213859997158,1.002642705613561,0.9946339736764729,0.7591632561501408,1.1392086974564193,0.7785103286805134,1.2230007297787147,0.7884834825513869,1.286915108756068,0.786495333700577,1.0216281053728633,0.8399111800253363,1.0875742030039708,0.9857644429883508,1.0403480220140897,1.0243229768125348,1.0,1.0,-0.5697689056396484,-0.5846354365348816,-0.5903421640396118,-0.6618856191635132,-0.562096893787384,-0.6742921471595764,-0.5408536791801453,-0.6578014492988586,-0.572644054889679,-0.6559848785400391,-0.5789713859558105,-0.7145833969116211,-0.5527163147926331,-0.7244898676872253,-0.5342620611190796,-0.7120205760002136
G,0.0,0.0,0.708316594370215,0.9978497740949398,0.9147669698295828,0.9364462898196285,1.0944284429926152,0.9355476788311792,1.233840873343575,0.9391150693318914,0.9179982458421146,0.7844676700763327,1.163024713850706,0.754718994910111,1.2911188890577534,0.7299761248913061,1.3979420688442883,0.6935598644046024,0.9227523249916229,0.8556097865779266,1.1489836687534674,0.9630253475146953,1.076467642378843,1.01688170380204,1.0,1.0,-0.3020033240318298,-0.6561567783355713,-0.3654918670654297,-0.7294787168502808,-0.3373247683048248,-0.7502476572990417,-0.3141623139381408,-0.7324458360671997,-0.304405003786087,-0.729812741279602,-0.3545455038547516,-0.78339022397995,-0.3295991122722626,-0.7936368584632874,-0.3062535524368286,-0.7763434052467346
G,0.0,0.0,0.6535103422562093,1.0192699596695545,0.8986239776560758,0.9319960119670995,1.117613285685591,0.9123375454242649,1.2929967931496156,0.9011510231149867,0.889132200799442,0.7571955824058431,1.1947965951195456,0.7241021674613725,1.35700282573429,0.6993734189655121,1.488574407871733,0.6625813585718701,0.8944938601123574,0.8329729900044112,1.1854917798626203,0.9474954013089391,1.0972796147871757,1.0121098239444015,1.0,1.0,-0.2497931569814682,-0.6027997732162476,-0.321512758731842,-0.6773302555084229,-0.2920559048652649,-0.7026689052581787,-0.2667522430419922,-0.6874092221260071,-0.2526693940162658,-0.6790458559989929,-0.3102848529815674,-0.734006941318512,-0.2854090929031372,-0.748433530330658,-0.2598755359649658,-0.7330389022827148
G,0.0,0.0,0.8198765931719232,0.9098833991056561,0.9440151874436927,0.8373060129939277,1.0555117152155378,0.8928365589323646,1.1212303240201156,0.9614013094013752,0.9737365988298087,0.6448740110537993,1.1309214664516443,0.639584138423205,1.2182238828666392,0.6243642953343744,1.288804538610186,0.5937192689131693,0.990416804066062,0.7225849388972875,1.0979529341066265,0.9519005538733171,1.0471793928000357,1.0321311679686043,1.0,1.0,-0.4886825978755951,-0.3608201742172241,-0.5253275036811829,-0.4606087803840637,-0.4956426918506622,-0.4785965085029602,-0.4753250777721405,-0.4559973478317261,-0.4918304681777954,-0.4250769317150116,-0.5158256888389587,-0.5077579021453857,-0.4879789352416992,-0.5209411382675171,-0.4682557582855224,-0.5017603635787964
G,0.0,0.0,0.6590177666427323,1.0332902790968663,0.8902180146475043,0.9426920097184408,1.0996053909744556,0.9377650231778585,1.2437482719262092,0.9481893105698727,0.8811330531267044,0.7493824223533091,1.1580618560322609,0.7181908592199728,1.3089848934931154,0.6954523615082508,1.4343433915177484,0.660507051649007,0.8905848533568821,0.8182178334079846,1.1552460610516926,0.9471593870276032,1.0823593281057304,1.0164171155750854,1.0,1.0,-0.2658605873584747,-0.5463850498199463,-0.3328501582145691,-0.6255483031272888,-0.305931955575943,-0.650404691696167,-0.2825471460819244,-0.6328059434890747,-0.2694424092769623,-0.6185179948806763,-0.3216482102870941,-0.6789761781692505,-0.2980901300907135,-0.6946907639503479,-0.2750860750675201,-0.6789999604225159
G,0.0,0.0,0.6763421950956934,0.9803899102289461,0.9056844414376444,0.916164025922911,1.1010590098666924,0.9295004211188138,1.2429129206910539,0.9460784361082863,0.9611332891317813,0.7590861770043815,1.2399870176148085,0.7847039966581,1.3849797617009312,0.7962608533012951,1.5052688303180803,0.7876200439803003,0.978990623523939,0.8320362925391349,1.1729725053897955,0.9778290943539937,1.0823567081152223,1.026744570909974,1.0,1.0,-0.2948691546916961,-0.5827150344848633,-0.3417278230190277,-0.6645896434783936,-0.3099387288093567,-0.683747410774231,-0.2865705490112304,-0.6637021899223328,-0.2954989075660705,-0.6531217694282532,-0.3325809836387634,-0.7131629586219788,-0.3054431974887848,-0.7262425422668457,-0.2830569744110107,-0.709816038608551
G,0.0,0.0,0.6953926178400186,0.9912194172199399,0.8981927947711071,0.9286781185033895,1.0747608311039114,0.9443391326501738,1.2028802245364845,0.9644500261626947,0.933647663586113,0.7549015697423656,1.1807480378347757,0.7653660198651052,1.313837011815172,0.7656594689156476,1.4245307271564431,0.7476803666215395,0.9431856331665699,0.8186796811183765,1.1406312473342062,0.972585571520154,1.0688643692080702,1.027474499340283,1.0,1.0,-0.3102530539035797,-0.5711832642555237,-0.3651509582996368,-0.6621265411376953,-0.3364616334438324,-0.6817737221717834,-0.3146851360797882,-0.6586090326309204,-0.3104409277439117,-0.640468180179596,-0.3518461287021637,-0.707153856754303,-0.3266224265098572,-0.7199857831001282,-0.3055765330791473,-0.700549840927124
G,0.0,0.0,0.6097585052248304,0.992054698345511,0.8939651277393198,0.9207922692370365,1.1463810899454305,0.9151482971351274,1.34113201667555,0.9227578182923695,0.9187833648204375,0.7648256350128371,1.2809374131048263,0.755731827787885,1.4739494609215253,0.7513689844765576,1.6375388191386453,0.7305554878471259,0.9293991750664794,0.8492048076780976,1.2229361120020106,0.9621388536325232,1.1123804797120822,1.015144573704635,1.0,1.0,-0.2140088677406311,-0.601189136505127,-0.2700377106666565,-0.6643745303153992,-0.2414357960224151,-0.684062123298645,-0.2173006534576416,-0.671233594417572,-0.2169175446033477,-0.6724451780319214,-0.2622850239276886,-0.7161743640899658,-0.2379934638738632,-0.7279016971588135,-0.2152903527021408,-0.7158346772193909
G,0.0,0.0,0.8585327855305493,0.8997048027240045,0.9625297556392189,0.8595423687166978,1.0509531702828565,0.9346416701678201,1.1006206955921891,1.0260893191545304,1.0072832098838893,0.7303949944880977,1.1423563626869515,0.7727459176395268,1.2182793262518976,0.78592145343306,1.2790314528828934,0.7808946595128805,1.0274639332184077,0.8084392449308586,1.087530759607467,0.9958457922301436,1.0376977350815693,1.036935070998006,1.0,1.0,-0.5451471209526062,-0.4762212038040161,-0.5650239586830139,-0.5651812553405762,-0.5356630682945251,-0.5744504928588867,-0.5174506306648254,-0.5497871041297913,-0.5459257364273071,-0.541805624961853,-0.5557799935340881,-0.614434540271759,-0.5283061861991882,-0.6206070780754089,-0.5108838081359863,-0.5982510447502136
G,0.0,0.0,0.7025029828744642,1.0200018708256229,0.9020531146250362,0.9433682979156452,1.0829391997704882,0.9447939020818434,1.2174268069880991,0.9698542050602037,0.9109924715547382,0.7650551090524891,1.1691856002129062,0.7655949425022867,1.3047567349580282,0.7639606468618068,1.4197605842467904,0.7449999946464407,0.9260526980048562,0.8348050267780168,1.1450114366687287,0.958905105631078,1.075040929967408,1.0178678447611869,1.0,1.0,-0.3015215396881103,-0.5791317820549011,-0.3611713945865631,-0.6552140712738037,-0.3337679505348205,-0.6780678033828735,-0.3105893135070801,-0.6604086756706238,-0.3057968914508819,-0.6492735743522644,-0.3533245027065277,-0.7078874707221985,-0.3297144174575805,-0.7233158349990845,-0.3072704672813415,-0.7087358236312866
G,0.0,0.0,0.6927576290145179,1.0192261005137533,0.9052763021131384,0.934960816472017,1.0977284774159364,0.9345654829313942,1.2302236925656935,0.9525943563129975,0.9099310171253856,0.7473833710924978,1.172943279896982,0.7282233265633467,1.3117312896065265,0.7090568167671139,1.4271281917905767,0.6755033836902461,0.9188673119158499,0.8199287798206685,1.1502646487553039,0.9546545211863294,1.0775706795803632,1.0184977806592488,1.0,1.0,-0.2956277430057525,-0.55641108751297,-0.3595099151134491,-0.6385979652404785,-0.3307569921016693,-0.6615253686904907,-0.3071043193340301,-0.6429699063301086,-0.2985446155071258,-0.6298623085021973,-0.3486746847629547,-0.6926551461219788,-0.3235460221767425,-0.7064359784126282,-0.2999985516071319,-0.6897488832473755
G,0.0,0.0,0.7424560518221021,0.9606923570582934,0.9117398545280634,0.9072172037430467,1.060756877091967,0.9134334969777146,1.168630989702485,0.929840904299314,0.964578559427401,0.773740845683889,1.1794766606602536,0.7867229807217806,1.2922382016661047,0.7915549305302958,1.3887290003056556,0.7793349350249174,0.9792316655337955,0.8488824841819441,1.1246056133916023,0.9780330702203522,1.0581865778947677,1.0236367975126672,1.0,1.0,-0.3734318912029266,-0.6170530915260315,-0.416010707616806,-0.6931007504463196,-0.3862404525279999,-0.7109847068786621,-0.3648415207862854,-0.6919720768928528,-0.3740611672401428,-0.6876598000526428,-0.4086812436580658,-0.744013786315918,-0.3816635310649872,-0.7559577226638794,-0.3601323366165161,-0.7402368783950806
G,0.0,0.0,0.7158843098166384,0.9645702191214848,0.9064341380968566,0.9093183450828555,1.0765074153891683,0.9416249649949471,1.1890466523906598,0.9713854492619515,0.9483615019840181,0.7423359226926088,1.1791408684639217,0.8237943042213048,1.2965223779317436,0.8634278368297801,1.3939122727035227,0.8792642242271493,0.9639236098303042,0.805881660599124,1.1362972324360845,0.9674634628418827,1.0624283094074178,1.026647977012334,1.0,1.0,-0.3420651853084564,-0.5352562665939331,-0.3954008519649505,-0.6217630505561829,-0.3652868568897247,-0.6479669213294983,-0.3432629406452179,-0.6275622844696045,-0.34419846534729,-0.6020006537437439,-0.3861889839172363,-0.6651421785354614,-0.361056923866272,-0.6854788064956665,-0.340862363576889,-0.6708411574363708
G,0.0,0.0,0.7351118877309175,0.9886246543163146,0.9209803772817661,0.9315860097244373,1.0804605952851913,0.9238523905568268,1.1960279359105366,0.9177607025856153,0.9532199427684154,0.7971511077792071,1.1904992718340734,0.798668174184588,1.312239178534473,0.7998201130899596,1.415277754441846,0.7841117143250275,0.9692516429768773,0.866261321278413,1.150477724707626,0.9596403534930394,1.0715422810593187,1.0120978476411246,1.0,1.0,-0.343629777431488,-0.7053353786468506,-0.392858475446701,-0.7700200080871582,-0.3619381785392761,-0.7959556579589844,-0.3381325900554657,-0.7828410863876343,-0.3484784662723541,-0.777498185634613,-0.3864857256412506,-0.8243795037269592,-0.3594224154949188,-0.8395460247993469,-0.3359912037849426,-0.8262155055999756
G,0.0,0.0,0.7432952863233795,0.9875993080453087,0.9201021825533712,0.9254190743309443,1.0732495287243262,0.9358919696017994,1.183799073283778,0.9509756864737384,0.9515256256352941,0.7622119569509339,1.17173538519764,0.7712237771710674,1.287822870651993,0.7714263946935537,1.3875564824469935,0.7539802958542475,0.9622262445193054,0.8303943384686804,1.1331706126353789,0.9710618176549899,1.0634519555065827,1.024671589564727,1.0,1.0,-0.3513037860393524,-0.5817176103591919,-0.4019423425197601,-0.6654226779937744,-0.3717476725578308,-0.6846150159835815,-0.3502245545387268,-0.6627812385559082,-0.3533918559551239,-0.6508191823959351,-0.3899680972099304,-0.7133535146713257,-0.3633531033992767,-0.7244711518287659,-0.3426111936569214,-0.705110490322113
H,0.0,0.0,0.4536441364391916,1.0645652663536462,0.5907905235673511,1.0048112581252713,0.719021550844808,1.0535240246891904,0.8086865488590836,1.1018486694827596,0.6092229962591124,0.8341375648736828,0.793452179045959,0.8645398884164428,0.8902039200253979,0.8847880366352108,0.9718097736274057,0.8857630836961853,0.6128543371482581,0.9349342404606976,0.8015711366190537,0.9676593905288029,0.9120701268570145,0.9923957169552786,1.0,1.0,-0.3021795749664306,-0.6507266759872437,-0.3699877560138702,-0.7091847658157349,-0.3399395942687988,-0.7247605919837952,-0.3084011971950531,-0.715614914894104,-0.3027423620223999,-0.7285366654396057,-0.3526462316513061,-0.7712198495864868,-0.3278031051158905,-0.7769104838371277,-0.3035127520561218,-0.7651345729827881
H,0.0,0.0,0.4632959819992949,1.161364126897219,0.5933466937361731,1.086154491913543,0.7129599943432997,1.1213665461207611,0.7982851795421173,1.1539074453201708,0.6065189838474085,0.8815308786945732,0.7895018568312404,0.87595122496085,0.8840271710493179,0.8730741910481701,0.9636577589780746,0.8563660557807783,0.6065445915552439,0.9713733022710141,0.7952037792375853,0.9790469899034685,0.9104025652748342,0.9932165908902392,1.0,1.0,-0.2985140383243561,-0.6099984049797058,-0.3682760596275329,-0.6725340485572815,-0.3395025134086609,-0.6938958764076233,-0.3084044754505157,-0.6887059211730957,-0.3007283508777618,-0.681918203830719,-0.3500592112541199,-0.732836127281189,-0.3265529274940491,-0.7425003051757812,-0.3024680912494659,-0.7319427132606506
H,0.0,0.0,0.504691555353396,1.0438335174491151,0.6196496410099938,0.9833018911279462,0.7281483550686149,1.0238056179455006,0.8012134629727988,1.068523841297044,0.6598411360922449,0.8503042709625852,0.8238316226687309,0.8726231951757205,0.9058192143467926,0.8868846543228621,0.9727015857903242,0.8839743839586774,0.6782325463240252,0.9439456157465822,0.8358950924220335,0.9722957618854542,0.9279778654220674,0.9948922656052911,1.0,1.0,-0.3480820655822754,-0.6488773822784424,-0.3940688967704773,-0.694476842880249,-0.3650692999362945,-0.709338903427124,-0.3370603621006012,-0.7025585770606995,-0.3505949974060058,-0.7190488576889038,-0.3773255944252014,-0.752717137336731,-0.3519883751869201,-0.7583515048027039,-0.3310737311840057,-0.749050498008728
H,0.0,0.0,0.49858619233490836,1.0857884580022106,0.615630602334961,1.0204670839780279,0.7292186844290863,1.0700801475547876,0.7947430125000658,1.1146100460271058,0.6455607339201462,0.8625513113078136,0.8095608318101126,0.872612934737561,0.8955398829183325,0.8768549553829456,0.9653919461578847,0.8670441296194138,0.6566001322173,0.9640868711260985,0.8224254060897216,0.9798069486210815,0.922007925136563,0.9957142019488624,1.0,1.0,-0.3592739403247833,-0.6488582491874695,-0.4184378981590271,-0.7029618620872498,-0.3900023400783539,-0.7202172875404358,-0.3598706722259521,-0.7149143815040588,-0.3605198562145233,-0.7234287858009338,-0.4017870724201202,-0.7619521617889404,-0.3776204288005829,-0.7692210078239441,-0.3537517189979553,-0.75909024477005
H,0.0,0.0,0.5113608480259058,1.042733571305602,0.6320710056919537,0.9823591379728571,0.739012697642263,1.0291199846191228,0.8033622916114426,1.0750394344180396,0.6601756996733126,0.8110246152203945,0.8194533561572683,0.8431160216348693,0.9035626428361619,0.8646769561660306,0.9726003077022274,0.8672796226541789,0.6685744324165549,0.8932112795957131,0.8258910580980491,0.9426388797186214,0.9232163838003195,0.9811909791236635,1.0,1.0,-0.3576525747776031,-0.5859344601631165,-0.4106798470020294,-0.6633153557777405,-0.3788465857505798,-0.6838726997375488,-0.3497633039951324,-0.6737717986106873,-0.360021024942398,-0.6567184329032898,-0.3957871198654175,-0.7157113552093506,-0.3684021234512329,-0.7270810604095459,-0.3463414311408996,-0.7140707969665527
H,0.0,0.0,0.6966895148508102,0.8954816525127859,0.7599060680102088,0.8412761326389494,0.809733308103835,0.8955541781546352,0.8379363666404488,0.9768969102317748,0.807007253684541,0.7659565982142552,0.9036445110709708,0.8202935643476773,0.9504770728972523,0.8487570336164109,0.9887815344527854,0.8646705147675553,0.823146312035296,0.8747966359275889,0.9122005054255139,0.9343265311316576,0.9622712264807021,0.9742297047440771,1.0,1.0,-0.6439117789268494,-0.5759314298629761,-0.665752112865448,-0.6221186518669128,-0.6360592842102051,-0.6289516091346741,-0.6108591556549072,-0.619498074054718,-0.6401082873344421,-0.6425333023071289,-0.6454116702079773,-0.6720389723777771,-0.6210107207298279,-0.6725837588310242,-0.6017057299613953,-0.6624290943145752
H,0.0,0.0,0.47072107856989254,0.9851258089270439,0.5907373343688703,0.9182063154103479,0.6928302092460188,0.9513031610438238,0.7641943515837852,1.0017409541557845,0.6391425303004183,0.7858674950565219,0.8096945935842911,0.8430726303047226,0.8937270032872969,0.8789912421143367,0.9636668674945038,0.896162323133758,0.6520996580002643,0.879242652567447,0.8218911228764232,0.9369157046549379,0.9226298612629168,0.9779529725871552,1.0,1.0,-0.3291166126728058,-0.5844664573669434,-0.3797074258327484,-0.6432228088378906,-0.3497558236122131,-0.6595728397369385,-0.3223546147346496,-0.6499871611595154,-0.3285353481769562,-0.6529691815376282,-0.3620341420173645,-0.6945817470550537,-0.3360355496406555,-0.7028842568397522,-0.314414769411087,-0.6918897032737732
H,0.0,0.0,0.4808765661173267,1.214219252468933,0.6030031275330101,1.1147440503326767,0.725618924301665,1.1499875724630355,0.7961200630396311,1.1855145857816178,0.6207534759247662,0.8873943563367767,0.787515233323742,0.8729391214512087,0.880446736025306,0.8616322385923274,0.9551605470079683,0.8371087789605767,0.6287784755016183,0.9796097523016539,0.8054807994297846,0.9895435907057893,0.914011002315089,1.0014750500877094,1.0,1.0,-0.3213196396827698,-0.5153685212135315,-0.3829577565193176,-0.5876041650772095,-0.3557467460632324,-0.6155794858932495,-0.3290515542030334,-0.6132967472076416,-0.3239865005016327,-0.5824570655822754,-0.3682373464107513,-0.6420501470565796,-0.3438476324081421,-0.6608036160469055,-0.3218177258968353,-0.6538411378860474
H,0.0,0.0,0.5067326757991257,1.1659317461341476,0.619913335045181,1.0936863001460562,0.7316638200982999,1.1502085902609946,0.8109253886551376,1.2006754870041254,0.6461065230987568,0.8905222182185651,0.8029578384690541,0.8698368811692142,0.8878642426618735,0.8483317560108212,0.956000754349496,0.8132031153642669,0.6517911005937838,0.9871274021891598,0.821596450721693,0.9937275860937889,0.9208356018867261,1.0022746003306022,1.0,1.0,-0.364285260438919,-0.5481816530227661,-0.423965573310852,-0.618520975112915,-0.3955042958259582,-0.6366364359855652,-0.3686064779758453,-0.6277796030044556,-0.3619661033153534,-0.6174265146255493,-0.4020501971244812,-0.6748464703559875,-0.3764964342117309,-0.6831306219100952,-0.3542746901512146,-0.6688814163208008
H,0.0,0.0,0.47367109054599443,1.0843202134349177,0.5926411304400447,1.0162607734438622,0.713993815723935,1.0529086216890666,0.8026440864169371,1.0941040348524724,0.6191937747592158,0.8753786416004605,0.7930358813698974,0.8898792272063704,0.8875627854146979,0.8913098382585817,0.964403288349727,0.8821579121821096,0.6242130002467193,0.9846763149568587,0.8068826547000033,0.9904288919004002,0.9145171050977798,0.9996754783769874,1.0,1.0,-0.3212286233901977,-0.6670348048210144,-0.3854187428951263,-0.6999711990356445,-0.3613641858100891,-0.7086049318313599,-0.3325325846672058,-0.7043676376342773,-0.3203301429748535,-0.7409088611602783,-0.3706620931625366,-0.7578477263450623,-0.3514699339866638,-0.759760320186615,-0.3276342153549194,-0.7550195455551147
H,0.0,0.0,0.42400206569021764,1.0981760078875336,0.5529475851078113,1.0194745103804956,0.6850861489385672,1.0727596853635228,0.774305604911606,1.1431392729112522,0.5760608424712674,0.8839503396742068,0.7681114711475917,0.8996830824515354,0.8704835493689271,0.9021099368218948,0.952230091387761,0.8969285538224698,0.5907802362409982,1.0238331942348358,0.7852508026811211,1.0126762695080238,0.9060678357912548,1.008645692342952,1.0,1.0,-0.30569788813591,-0.6458603739738464,-0.3731562495231628,-0.650833249092102,-0.3492228984832763,-0.6535173654556274,-0.3185715675354004,-0.6518755555152893,-0.3079413473606109,-0.7219277620315552,-0.3588881194591522,-0.7083866596221924,-0.3386262059211731,-0.7063219547271729,-0.3136765360832214,-0.7098747491836548
H,0.0,0.0,0.5641925344186967,1.012809990695809,0.6471704383047644,0.9407944344221277,0.7275440075632826,0.9851084680861426,0.7797484996702387,1.059417273764573,0.7089751636686191,0.8380679730268413,0.8428579756714639,0.86253074430675,0.9115127279923003,0.8676714688226239,0.9672153846908972,0.8646297267691948,0.7259137581528616,0.960127998989066,0.8574255096488428,0.9726522384795097,0.9386675061894281,0.9855492160105797,1.0,1.0,-0.5041848421096802,-0.5998274683952332,-0.5488278865814209,-0.646595299243927,-0.5238656997680664,-0.663802444934845,-0.496363878250122,-0.6648467779159546,-0.4973930418491363,-0.6756446361541748,-0.5297346711158752,-0.7045138478279114,-0.5096948742866516,-0.7104576230049133,-0.486359566450119,-0.7091591954231262
H,0.0,0.0,0.45260880188552305,1.1067805311812253,0.5835817637072716,1.0123627794478927,0.717993962993141,1.071359598202386,0.8143802418186585,1.1451230645413566,0.6041884841801318,0.7995517277374626,0.7856654283750991,0.8420999295713444,0.8875317220568483,0.8604676714723029,0.9683190743302823,0.8585387242787564,0.6092493694094413,0.9501743510582283,0.8020377377688418,0.9755676849727656,0.9127765225799669,0.9984740345052316,1.0,1.0,-0.3133019506931305,-0.4957830309867859,-0.3794124126434326,-0.5369740724563599,-0.3526039719581604,-0.5464598536491394,-0.3231235146522522,-0.5389065742492676,-0.3131199479103088,-0.5727375745773315,-0.3651973307132721,-0.5969150066375732,-0.3426617980003357,-0.6000185608863831,-0.3177244663238525,-0.5931099653244019
H,0.0,0.0,0.5349359464558967,1.1201776022262084,0.643343281192919,1.019371791057219,0.7470408518653822,1.1405224072604756,0.8157306605130464,1.2568837751828341,0.6754057629170949,0.7311376241174509,0.82597364081359,0.7633905984085368,0.9068638250021991,0.7660907099489442,0.9713635171362843,0.7442296524998849,0.6816185525468079,0.9044400736224185,0.8371144643093462,0.9522727256393451,0.9279947389400062,0.9898645200887722,1.0,1.0,-0.4112269282341003,-0.3692847788333893,-0.4670248925685882,-0.4379957616329193,-0.4392654001712799,-0.4513212740421295,-0.4115508198738098,-0.4397560954093933,-0.4100185036659241,-0.4394236803054809,-0.4473412632942199,-0.4902606010437011,-0.4230237901210785,-0.4963665306568146,-0.4014951288700104,-0.4837105870246887
H,0.0,0.0,0.49093982867588887,1.1078069967176998,0.604388889012504,1.0227595938004463,0.7205099947541301,1.098880521462528,0.7952919828254185,1.1716431855543847,0.6337968050311187,0.812814456731786,0.8009898599275411,0.8347756424253926,0.891343424772097,0.8334108846594742,0.9661938602661757,0.8166370357077537,0.6383363207560663,0.9493378096064653,0.811713695661779,0.9687835399560049,0.9161717208095317,0.9901744057861228,1.0,1.0,-0.359284907579422,-0.5018691420555115,-0.4292047917842865,-0.5563926100730896,-0.4026015698909759,-0.5704411864280701,-0.3718864619731903,-0.5638644099235535,-0.3577367067337036,-0.5776302814483643,-0.4093034267425537,-0.6164705753326416,-0.3884670436382293,-0.6221853494644165,-0.3642708957195282,-0.610700249671936
H,0.0,0.0,0.5789866068884015,1.1312873676121729,0.6701105815712628,1.0316523546725433,0.7616858950203182,1.097890161764624,0.8219401563390315,1.1855545234781957,0.706520630166118,0.8566840762209642,0.8343132887819446,0.8639225258453922,0.903690453792005,0.8642624517536298,0.9582438383592567,0.8539932229969738,0.7264833026991165,0.9899430008199657,0.8541007235893118,0.9978320177667233,0.9351307729953617,0.9992411265326548,1.0,1.0,-0.4916123747825622,-0.5169210433959961,-0.5338508486747742,-0.5677541494369507,-0.5061171650886536,-0.5862810015678406,-0.4797739386558532,-0.587188720703125,-0.4929249882698059,-0.589951753616333,-0.5178035497665405,-0.6224473118782043,-0.4947851896286011,-0.6330826282501221,-0.4745650887489319,-0.6305359601974487
H,0.0,0.0,0.4490375956446861,1.0951486192306348,0.5782329466463759,1.0169628052870294,0.7124618234704634,1.0693675660334645,0.8111682983643697,1.1291547809981672,0.5922258575805649,0.844377543785612,0.7816631401583968,0.8827366031800973,0.8820211515588617,0.9018963368803581,0.9601004206294529,0.9040922398894294,0.5946372963420992,0.9766109868409885,0.7928998619125637,0.9863650869480064,0.9093012036009007,0.998896209388441,1.0,1.0,-0.3044937252998352,-0.5894930958747864,-0.3761230111122131,-0.6224057674407959,-0.3513911664485931,-0.6322483420372009,-0.3211054801940918,-0.6272419691085815,-0.3046526908874511,-0.6670547723770142,-0.3634580075740814,-0.6829580664634705,-0.3438361585140228,-0.6859170198440552,-0.3180812001228332,-0.6814062595367432
H,0.0,0.0,0.4538226002500955,1.1044959678068045,0.5822957705684362,1.0147800083062037,0.7096051645775298,1.0883129390984168,0.7937807435345262,1.1689729536099842,0.6046277776507423,0.8167207680267049,0.7870839716869169,0.8655977870647942,0.886681198037794,0.8917244760407407,0.9653547183465174,0.9011461438262781,0.6123576847010801,0.9672976820164882,0.7992487828127193,0.9869463395639956,0.9110876020637148,1.0028091952186902,1.0,1.0,-0.3279297351837158,-0.5367264151573181,-0.3972016870975494,-0.5762103199958801,-0.3705366551876068,-0.587624192237854,-0.3395536541938782,-0.5793161988258362,-0.3277804851531982,-0.613423764705658,-0.3799637258052826,-0.6378613114356995,-0.3591312766075134,-0.6425585746765137,-0.3347386717796325,-0.6343467831611633
H,0.0,0.0,0.4245687507677731,1.0355757156824221,0.5588513522840517,0.9485045513182572,0.6922007941108338,1.0192340954056287,0.7837609914077852,1.1033110748160067,0.5857397377084094,0.7545517715095732,0.7779883817007669,0.821280185246044,0.8824960029398967,0.8664994790015443,0.9667243223905777,0.8887367639741018,0.5855116822730747,0.8974880392751007,0.7814309051770788,0.9503578699170621,0.9028656105047483,0.9876216181785371,1.0,1.0,-0.3002309203147888,-0.5237395763397217,-0.3735703229904175,-0.5639004707336426,-0.3461624681949615,-0.5747457146644592,-0.3138078451156616,-0.5683963894844055,-0.2991876602172851,-0.6028553247451782,-0.3564925491809845,-0.626624345779419,-0.3342207372188568,-0.6307275295257568,-0.3081536293029785,-0.6235083937644958
H,0.0,0.0,0.4836762200371864,1.1271785330372714,0.6060456464660248,1.0339609118444777,0.727194657888198,1.0988414683915932,0.7974605588984006,1.1745973621230203,0.6220450010601191,0.8219892679945774,0.7977994303359444,0.8581724901371145,0.8937848900343015,0.872901371398042,0.9723153314572706,0.8724279248951747,0.6178739764960237,0.9517948501973149,0.7992308135092523,0.9767149823424559,0.9097378505227476,0.9962609686491513,1.0,1.0,-0.3294396698474884,-0.519964337348938,-0.4024410247802734,-0.5761486291885376,-0.3754855990409851,-0.5938369631767273,-0.3453103601932525,-0.5848414301872253,-0.32784503698349,-0.5961212515830994,-0.3851663768291473,-0.638695240020752,-0.3643257319927215,-0.6462175250053406,-0.3390911519527435,-0.6317874193191528
H,0.0,0.0,0.6136795976950054,0.990441227388246,0.6963186337904185,0.9214110453423658,0.7742491143682187,0.9789943444842879,0.8223896694313324,1.0582353274769951,0.7492816745847656,0.8219643340402769,0.8663814695103811,0.8548997475826615,0.9259678875627915,0.8681034927738669,0.973239533845215,0.873588875810885,0.7697961382239227,0.9471590634730044,0.8801090675621439,0.9734178714139788,0.9478895267894832,0.9868749056654964,1.0,1.0,-0.605034589767456,-0.6627975106239319,-0.645005464553833,-0.6989508867263794,-0.6161223649978638,-0.7045613527297974,-0.5868328213691711,-0.7012252807617188,-0.6012714505195618,-0.743590772151947,-0.6113654375076294,-0.7589235901832581,-0.5876595377922058,-0.7585242986679077,-0.5678566694259644,-0.7547329068183899
H,0.0,0.0,0.4062024446141156,1.0887372334721088,0.5436021658941396,1.0054340906929125,0.6820057618793269,1.062733079614216,0.780633863092444,1.1318698318492402,0.5618685805781461,0.8441093403268105,0.767080176044762,0.8872916407529625,0.8780747760137114,0.9129528452463205,0.9661172528106349,0.9247656268781992,0.5599371097157549,0.9690276272314966,0.7718498215694658,0.9879168099542072,0.899052908393814,1.000803490327699,1.0,1.0,-0.2728691697120666,-0.6332706212997437,-0.3557071387767792,-0.6647241711616516,-0.3305909931659698,-0.6746084094047546,-0.2978992760181427,-0.669374406337738,-0.2727120518684387,-0.7127596735954285,-0.3399209380149841,-0.7282097935676575,-0.3204244375228882,-0.7312126159667969,-0.293074369430542,-0.7255662679672241
H,0.0,0.0,0.420395412444521,1.2133084406179764,0.5524490004729053,1.079804415386163,0.6881782416159137,1.1380770196158503,0.7775836037877343,1.2173667465984201,0.5596370982332808,0.8262482628511262,0.7583331773619373,0.8592235846899531,0.8658865601319644,0.876866764872275,0.9510438229712178,0.8818867135786219,0.5650438778731491,0.983980625485352,0.7692093123657867,0.9909989938808262,0.8974581653521398,1.0040903229820757,1.0,1.0,-0.2736742794513702,-0.4622541069984436,-0.3550671935081482,-0.4998470544815063,-0.3297263979911804,-0.5158793926239014,-0.2967474460601806,-0.5118131637573242,-0.2779209017753601,-0.5355424880981445,-0.3359672725200653,-0.5654977560043335,-0.3162254393100738,-0.5726966261863708,-0.2917538583278656,-0.5632264614105225
H,0.0,0.0,0.5636348725364277,1.0641686450803736,0.6507732910027861,0.9569708132709984,0.7338951996493681,0.9980911534419243,0.7897922816182928,1.073744230085719,0.7024126686259128,0.8084436669526369,0.8363885366233516,0.8391996440522999,0.9065724397146593,0.8563546421866309,0.9627026546039481,0.8606592952373802,0.7212278025867034,0.9380851364849243,0.8498995262477601,0.9678685884947802,0.9337216616041236,0.9854675509729708,1.0,1.0,-0.4976696074008941,-0.5389560461044312,-0.5424180030822754,-0.6018621325492859,-0.5104022026062012,-0.6288935542106628,-0.4793000817298889,-0.6329395771026611,-0.4973904490470886,-0.6179766654968262,-0.5343963503837585,-0.6624549031257629,-0.514848530292511,-0.68304443359375,-0.4941701889038086,-0.687334418296814
H,0.0,0.0,0.3301753713334755,1.210837188372405,0.49231454322574186,1.0885877306530432,0.6525586502967965,1.1258970666947732,0.7346595024036512,1.1833561792918843,0.46716047887795464,0.8414563513118466,0.7055619343567667,0.8712474560771728,0.8386786073606893,0.8987948906400451,0.9465973537690183,0.906843644299664,0.45784424530185,0.9836657535209126,0.7138290332990681,0.9937058864751358,0.8738928018168461,1.0060135524354257,1.0,1.0,-0.1905271857976913,-0.5470172166824341,-0.2816942632198334,-0.5819959044456482,-0.2563915848731994,-0.6052943468093872,-0.2228616327047348,-0.6055117845535278,-0.1948850899934768,-0.6290912628173828,-0.2683694958686828,-0.6505181193351746,-0.2501008212566376,-0.6629090905189514,-0.2242140024900436,-0.6577200293540955
H,0.0,0.0,0.6323661691965784,0.9287563833606455,0.7189104487140598,0.881408698710262,0.7928341787900319,0.9910292260839196,0.8372297076893416,1.1016013656911614,0.7559368307109936,0.7165144347596731,0.8725144097138957,0.7964430241560289,0.9295825780548006,0.8360534407260242,0.9745748391959463,0.8559533462119899,0.7726804307080715,0.8396516901405011,0.8826436913769133,0.9240544933241832,0.9480632525059578,0.9707184776158042,1.0,1.0,-0.584037184715271,-0.4829821288585663,-0.6239528059959412,-0.5593116283416748,-0.5895010232925415,-0.5729493498802185,-0.5605894923210144,-0.56289142370224,-0.582909882068634,-0.5566424131393433,-0.5916489362716675,-0.6116012334823608,-0.5635719299316406,-0.6157246828079224,-0.5445830821990967,-0.6039025783538818
H,0.0,0.0,0.42745494039150544,1.1462641567532903,0.5626483081935739,1.033901698669145,0.697213228918861,1.0870663986688625,0.7885191616469085,1.1419400790433438,0.5656220090516395,0.784940872866776,0.7692855849908763,0.8284296138515126,0.8769961286784405,0.8644820513979483,0.9647769408491039,0.8720047996655207,0.5607912072075858,0.9391706663879338,0.770350520539946,0.9629998474503013,0.8987760809446089,0.9922452490656329,1.0,1.0,-0.2670760750770569,-0.4734592735767364,-0.343710720539093,-0.5143775343894958,-0.3163012266159057,-0.5305644869804382,-0.2845852077007293,-0.5230590105056763,-0.2699693739414215,-0.5506330132484436,-0.3298992216587066,-0.5788286328315735,-0.3075727522373199,-0.5869298577308655,-0.2821941971778869,-0.5761258602142334
H,0.0,0.0,0.6316103239290632,0.9709587028102067,0.7190813240110554,0.8979372244945232,0.7969344458659012,1.001587442685824,0.8418051028500367,1.1019205481948087,0.7468987851303333,0.6869769430201838,0.863601819457319,0.7840237714359904,0.926974979372548,0.83429795367506,0.9760167985359645,0.8588464022502604,0.7564749993278649,0.8135379301721446,0.8707211083333236,0.9103467048890269,0.941998911558537,0.9700158567222139,1.0,1.0,-0.5431446433067322,-0.3939456045627594,-0.5881320238113403,-0.4714536964893341,-0.5558879375457764,-0.490248441696167,-0.528201162815094,-0.4829774796962738,-0.5437182784080505,-0.4649416208267212,-0.5680087208747864,-0.5261424779891968,-0.5418639779090881,-0.5398653149604797,-0.5228603482246399,-0.5344092845916748
H,0.0,0.0,0.4374723358932011,1.2453313747726023,0.568030066796674,1.1301180579256715,0.7016808166302156,1.1686748530919369,0.7898543813547474,1.2236457788384514,0.5851096612302057,0.9162930438864025,0.7798796048594048,0.9199663697876211,0.8812596705897964,0.9231205789109368,0.9619240001232149,0.9114561075142266,0.5967631217907859,1.0585312971644196,0.793783039947681,1.0360856276945951,0.9093490463880273,1.0239337359311156,1.0,1.0,-0.3045974373817444,-0.5715027451515198,-0.3761174976825714,-0.6057635545730591,-0.3484236598014831,-0.6248065829277039,-0.3157547414302826,-0.6225708723068237,-0.3073691725730896,-0.6507671475410461,-0.3591026067733764,-0.6714228987693787,-0.3377923369407654,-0.6797559857368469,-0.3128804266452789,-0.6749638319015503
H,0.0,0.0,0.39634323952755096,1.2061312084097966,0.5360213348320848,1.0870840389560674,0.6768279689131923,1.1457164806581037,0.7661864826747448,1.2071949012720578,0.5448221998608741,0.8470859244735026,0.7488766932523937,0.8904156149723413,0.8631647391520955,0.9026375306552783,0.9548304131591779,0.9004023316547414,0.538611946005461,0.9939655111369795,0.7577885167823087,1.007070690381237,0.8922639022248956,1.010187070265515,1.0,1.0,-0.2429451793432235,-0.5039872527122498,-0.3229406476020813,-0.5489161014556885,-0.298332005739212,-0.5664694309234619,-0.2674471139907837,-0.5599111318588257,-0.2431278228759765,-0.5811631679534912,-0.3063676059246063,-0.6123799085617065,-0.2889112830162048,-0.6214194893836975,-0.264750987291336,-0.6120637059211731
H,0.0,0.0,0.6040806116284698,1.0459677672052727,0.6911390824270126,0.9533905990439383,0.7682345826056368,1.0546910433615877,0.8144583949603975,1.184015619390422,0.7317248755287585,0.7598340321596045,0.8551013152364045,0.809294571112133,0.9211084437477758,0.8250019422076761,0.9751050660018143,0.8179858265727098,0.7440100893532432,0.8922381604811704,0.864137008534877,0.9537342116051084,0.9384927614341775,0.9871457491344692,1.0,1.0,-0.5214877128601074,-0.4143425524234772,-0.5616276264190674,-0.4895498752593994,-0.5318657755851746,-0.5080794095993042,-0.5055663585662842,-0.5016213059425354,-0.5214834213256836,-0.4817400276660919,-0.5459653735160828,-0.5369370579719543,-0.5202520489692688,-0.5486672520637512,-0.499305784702301,-0.541068434715271
H,0.0,0.0,0.4617359627110598,1.0718801997327263,0.5779982956322215,0.9709207669242227,0.690976403960286,1.030894060568744,0.7613049344025555,1.105812139404,0.6265520622211037,0.7789929994074367,0.7998615724566762,0.8424580922743885,0.8895416409839848,0.8715833210142379,0.9588049415646908,0.8787692741352732,0.6403894174054868,0.9197900576796125,0.8140647474642185,0.9625028386411082,0.9186002411325606,0.9907621547151099,1.0,1.0,-0.3496400415897369,-0.4928907454013824,-0.4061021208763122,-0.5478605031967163,-0.3778034746646881,-0.5642516016960144,-0.3490320146083832,-0.5567290186882019,-0.3498422801494598,-0.5669751763343811,-0.3909762799739837,-0.6009807586669922,-0.367703914642334,-0.6102465987205505,-0.3458731770515442,-0.6018398404121399
H,0.0,0.0,0.3659357796485967,1.1090888758868973,0.5110636665173053,1.0129561130356572,0.6528341460074798,1.0692596880412886,0.752168053737499,1.130569484459384,0.5266845335218763,0.8023696928819765,0.7408039474745638,0.8470843247067725,0.8594550733440393,0.8743504216884301,0.956532361333025,0.8820343344220352,0.5186545830957902,0.9410244880242046,0.7467113982040047,0.9707502503622204,0.8871509811404914,0.9932145332655513,1.0,1.0,-0.225917249917984,-0.5151550769805908,-0.3044202625751495,-0.5595788359642029,-0.2779229283332824,-0.5723147392272949,-0.2460703998804092,-0.5648219585418701,-0.224702313542366,-0.592701256275177,-0.2883338332176208,-0.6239928007125854,-0.2682695984840393,-0.6271641850471497,-0.2421719431877136,-0.6156429648399353
H,0.0,0.0,0.6409956139637515,0.8738781667245321,0.7247183423570297,0.8123427369594914,0.7940556181160231,0.8929124195228355,0.8363451653940369,0.9973755292812342,0.7731373537655715,0.6989676421417303,0.8836327465618585,0.7841989620993124,0.9417985937767589,0.8302394124883954,0.9874057327499742,0.8559829653523635,0.7875422602071097,0.8259986763251843,0.8897742497288427,0.9084732642217206,0.9517304799381815,0.9643219869651524,1.0,1.0,-0.5920621156692505,-0.4920601844787597,-0.6138752698898315,-0.5540230870246887,-0.5833636522293091,-0.5623341798782349,-0.5581766963005066,-0.5524406433105469,-0.5902063250541687,-0.563932478427887,-0.5953190326690674,-0.6040428876876831,-0.5694349408149719,-0.6072635650634766,-0.5508850812911987,-0.5988043546676636
H,0.0,0.0,0.38336685321940017,1.1282800011894654,0.5233372045426118,1.0243930196602098,0.6607740896611749,1.0765445041917268,0.7531136547660102,1.1305748624973475,0.5488646427637777,0.8081419034790495,0.7555270611264222,0.8429420944442012,0.867478541687506,0.863601116822092,0.9594565282572101,0.8627057643326834,0.5430480994202344,0.9496490458997637,0.7608085496344756,0.9666910654557977,0.893999049059899,0.9890595213547099,1.0,1.0,-0.252147376537323,-0.5119887590408325,-0.326485812664032,-0.5622106194496155,-0.2978024482727051,-0.5752065777778625,-0.2656080722808838,-0.5657142996788025,-0.2508774995803833,-0.5890485048294067,-0.309868186712265,-0.6257703900337219,-0.2866615653038025,-0.6303273439407349,-0.2601864635944366,-0.6165235042572021
H,0.0,0.0,0.6175670460857805,0.8936040236817471,0.7040989433972634,0.8322662228928058,0.7732059050411905,0.9181844849346067,0.8111870734479246,1.023379624314089,0.7622056165020816,0.7382380903495844,0.8763315098446796,0.8081991678339593,0.9346105997884047,0.8425724498199195,0.9808358997611211,0.8577125294524733,0.7778495396132791,0.8668595682660265,0.8860011423793288,0.9393117520377532,0.9500196088822938,0.9777245198115582,1.0,1.0,-0.5903663635253906,-0.5361147522926331,-0.622943103313446,-0.5961269736289978,-0.5913326144218445,-0.6072371602058411,-0.5639352798461914,-0.6002818942070007,-0.5834673643112183,-0.6106073260307312,-0.5950160622596741,-0.6498805284500122,-0.5685035586357117,-0.6528202891349792,-0.5482109189033508,-0.6454778909683228
H,0.0,0.0,0.41620119180181,1.0693862658774849,0.5542336216534092,0.9678688291560642,0.6908495682029908,1.044180435628456,0.7774785566575044,1.1258923203259603,0.57579977317332,0.7439885425474498,0.7729963718157513,0.8144124485041581,0.8831345249274156,0.8575566574568846,0.9713935567536786,0.8779159944306518,0.5672548536828895,0.9025909907103719,0.7753161710692859,0.9479382245754119,0.8999353028037909,0.9846861096694769,1.0,1.0,-0.2788609564304352,-0.4811887741088867,-0.3539616763591766,-0.5267966985702515,-0.3254334032535553,-0.5378623604774475,-0.2936118841171264,-0.5275689363479614,-0.2759400308132171,-0.5608215928077698,-0.3372617363929748,-0.5897942185401917,-0.3151732981204986,-0.5956168174743652,-0.2892180383205414,-0.584884762763977
H,0.0,0.0,0.6366383002300179,0.9105994460447108,0.7171288725400653,0.8347704978334364,0.7867496620191814,0.9304188681064341,0.8273655592152792,1.0434826446875891,0.7628907226651466,0.6965864327599963,0.8722513208450242,0.7929101934711652,0.9301095552931342,0.8347016334755621,0.9770584316107007,0.8529665401078365,0.7763278560601345,0.8183735693916899,0.8827199187759655,0.9167436409937308,0.9470288494622338,0.9697029308540779,1.0,1.0,-0.598850429058075,-0.4450006484985351,-0.6371845006942749,-0.5183567404747009,-0.6036319732666016,-0.5281885862350464,-0.5758554935455322,-0.517132043838501,-0.596421480178833,-0.5170868039131165,-0.6126880645751953,-0.5700918436050415,-0.5849021673202515,-0.5745354890823364,-0.565279483795166,-0.5621775984764099
H,0.0,0.0,0.44779473155403005,1.1547801142774676,0.5720791578935613,1.0354298662068113,0.6994435344686202,1.0904588749259376,0.7770394256428007,1.1358907481105247,0.5815527739064064,0.7954805529971088,0.7747250357030778,0.8399829737098425,0.880503153432625,0.8669547529050255,0.966076085765551,0.8774344164223754,0.5696727041449534,0.9479733243664691,0.7757637922984639,0.9628114039438679,0.900193409603808,0.9852483310002015,1.0,1.0,-0.2889150977134704,-0.4857917726039886,-0.3710264265537262,-0.5348373055458069,-0.3443500995635986,-0.552994966506958,-0.3136312067508697,-0.5457736253738403,-0.2889323234558105,-0.5658102035522461,-0.3558203876018524,-0.6012656092643738,-0.3370541632175445,-0.6097378730773926,-0.3131750822067261,-0.5953576564788818
H,0.0,0.0,0.5912464294423803,1.0922340055048887,0.6834328668546887,1.0035468171878397,0.7718682574030833,1.0907544384712884,0.8296781996868481,1.1912906082778396,0.7182006265492576,0.8175124054454911,0.8450869320001733,0.8463614169873726,0.9144888595446552,0.8469576561972426,0.97041589315177,0.830644517473691,0.7348977224694294,0.9615958167087694,0.8589578679022101,0.9879820887818003,0.937233923001658,0.998771882993712,1.0,1.0,-0.5046464800834656,-0.4795975387096405,-0.5511000752449036,-0.5344241261482239,-0.5233520865440369,-0.5531052947044373,-0.495393842458725,-0.5528497695922852,-0.5042896270751953,-0.5552096962928772,-0.5266618132591248,-0.5943571925163269,-0.5037860870361328,-0.6019934415817261,-0.48323655128479,-0.5989793539047241
I,0.0,0.0,1.0508226108861467,1.1287014815090468,1.1626197746073212,0.9507789489119043,1.1856967674523795,0.8097647296020581,1.1998924382078162,0.6930707825517368,1.05982293286609,0.8356802609437661,1.0946699974318865,0.7460989606794046,1.0825777778076373,0.8401166789507077,1.070725573487933,0.935079814793318,0.9618577218163834,0.8325362129273286,1.0005518336480628,0.7499875030478677,0.9996157907563707,0.8836835534740879,1.0,1.0,-0.30625119805336,-0.538765549659729,-0.3200636506080627,-0.5098958015441895,-0.3266353607177734,-0.6006773114204407,-0.3302536308765411,-0.6711434125900269,-0.2705787718296051,-0.541574239730835,-0.2743883728981018,-0.4439909160137176,-0.2776268422603607,-0.3825109302997589,-0.2826445698738098,-0.3256642818450928
I,0.0,0.0,1.059094424183062,1.147472846051508,1.175942620461335,0.982777347550684,1.1982969598715103,0.8317651059351482,1.166042200084805,0.7216312722146104,1.0724994285821159,0.8516766942673895,1.0980739278679805,0.7444363197712515,1.0861693113927962,0.8367283215186354,1.0738310660420904,0.9315996505232224,0.9771248341455906,0.8488856456384901,1.007186680390244,0.7495624590456901,1.0023861804238172,0.8861899088580449,1.0,1.0,-0.3119827508926391,-0.5122475624084473,-0.3218415081501007,-0.4733053147792816,-0.3273901641368866,-0.5602200031280518,-0.331199049949646,-0.6269610524177551,-0.2772283554077148,-0.516488254070282,-0.2805477380752563,-0.4268583953380584,-0.2842461764812469,-0.3712984919548034,-0.2899267971515655,-0.3186992406845093
I,0.0,0.0,1.0677776614644112,1.2390048311495165,1.2085712769845556,1.07039920654697,1.2524121873505436,0.9039408140950713,1.257581803196069,0.7800091733672074,1.1107166299358793,0.9185012746028215,1.1494280255797544,0.7949917993870272,1.1322153089324825,0.9303420518314899,1.0967209568566207,0.9943610714367128,0.994581014223135,0.8963927325236349,1.029779037094873,0.803734256120098,1.0197843321577007,0.9649800614859283,1.0,1.0,-0.2756160199642181,-0.5416933298110962,-0.2845984995365143,-0.5013967752456665,-0.284325897693634,-0.6019196510314941,-0.2783685624599457,-0.636749267578125,-0.2377263605594635,-0.540168821811676,-0.2378464043140411,-0.4393198490142822,-0.2413970232009887,-0.3870214819908142,-0.2419594228267669,-0.3192602694034576
I,0.0,0.0,1.1002338464273953,1.1389182471170265,1.2669830509352344,0.9850068651470906,1.311199813216326,0.8203714903590321,1.2770612989665182,0.6966356001424591,1.1418588126030644,0.8614759240077886,1.182126058264595,0.7310727187993149,1.157269436744509,0.8178036546033712,1.1281921644939252,0.917295532189746,1.017438681397028,0.8479511761329782,1.0632740485059247,0.739418545831053,1.030656280493147,0.880191387997967,1.0,1.0,-0.2478735893964767,-0.5022933483123779,-0.258753091096878,-0.4552711844444275,-0.2553732693195343,-0.5421063303947449,-0.2512518167495727,-0.6080709099769592,-0.2119983285665512,-0.4958608448505401,-0.2236845195293426,-0.4054923057556152,-0.2316404283046722,-0.3488862514495849,-0.2398533523082733,-0.2949182987213135
I,0.0,0.0,1.0505228446773167,1.1674781108139058,1.184738592797005,0.9982109389567989,1.2259391300794236,0.8241750271013988,1.2117778669847623,0.688704695363422,1.0990901616337503,0.8416463954876303,1.132946790911404,0.704660703129856,1.1184874393333177,0.8131360400668765,1.0958755989728601,0.9202421374338531,1.003939476854291,0.8250737189650795,1.0410022600909046,0.7131219231089334,1.0232303844744417,0.8768458185886623,1.0,1.0,-0.3216671943664551,-0.4608969390392303,-0.3337153196334839,-0.4145515561103821,-0.3322895765304565,-0.5070797204971313,-0.3275266587734222,-0.5724813938140869,-0.2847450971603393,-0.4555055499076843,-0.2928971350193023,-0.3578772842884063,-0.3007214367389679,-0.2982999086380005,-0.3084999322891235,-0.23926442861557
I,0.0,0.0,1.0033690935568684,1.1910021592769802,1.0876165940498241,0.9933676485964082,1.1231742166649004,0.8186652701224352,1.1259158736800505,0.6620683720667713,1.0362234822559173,0.7886479582788579,1.0725421777959243,0.6612388346627954,1.0691549282691408,0.803144198435118,1.0531485407455854,0.93559654922803,0.9887407652614649,0.756212786707169,1.0293224192027672,0.6567946904177883,1.0183961142846527,0.8549054695617819,1.0,1.0,-0.5266832113265991,-0.3525834381580353,-0.5532088279724121,-0.316690057516098,-0.5495530366897583,-0.4131210744380951,-0.5379405617713928,-0.4809496104717254,-0.4919669032096863,-0.3410145044326782,-0.5066189169883728,-0.2404418140649795,-0.5166372060775757,-0.1785922348499298,-0.5257121324539185,-0.1206541061401367
I,0.0,0.0,1.0670391702263669,1.135339355640677,1.2117222881881569,0.996872749642328,1.2571560764466885,0.8542074901898603,1.2358501502591068,0.7380512567019484,1.0954681951165486,0.8811574897128129,1.1387216444287451,0.7623826747277082,1.1312110866145522,0.8340869925521538,1.1123438681281361,0.9198321338240713,0.9872953652236972,0.8692930929438324,1.0376852641712393,0.7635065984746294,1.0218323478245173,0.8894068664844194,1.0,1.0,-0.2779752612113952,-0.5659264326095581,-0.2946832478046417,-0.5129659175872803,-0.2935563623905182,-0.5977935791015625,-0.2902961671352386,-0.6648272275924683,-0.2401489019393921,-0.5647271275520325,-0.2489151060581207,-0.47813880443573,-0.2570847272872925,-0.4243021011352539,-0.2649948298931122,-0.3730034232139587
I,0.0,0.0,1.073482878276988,1.1586270519953945,1.2338530916943178,1.002891331621582,1.2743532297711586,0.8433110965049763,1.2837760491016048,0.7130239993047749,1.11962517882801,0.8782064029011225,1.1640617727352576,0.755250002087193,1.1378966008948315,0.8417779583305188,1.1079864112134754,0.9353761387535586,0.9969400107734993,0.8681829428511361,1.0427950569659474,0.7562732010483021,1.0207977024325283,0.8855478198699261,1.0,1.0,-0.2687564790248871,-0.542302668094635,-0.2805463671684265,-0.4888943135738373,-0.2794926166534424,-0.576542317867279,-0.2783004939556122,-0.648855984210968,-0.2299177646636963,-0.5414180755615234,-0.236962080001831,-0.4497657418251037,-0.2432952970266342,-0.391872227191925,-0.2500787377357483,-0.3365063071250915
I,0.0,0.0,1.0659320915682053,1.1386933632355354,1.215249060761892,0.9712699126339627,1.2517294549192317,0.8225097766445847,1.232437328574714,0.6996998022661359,1.095046416953317,0.8558548329862188,1.1398869034540335,0.7510452757222702,1.1169888535649641,0.8519767476813711,1.0936408130559396,0.9501423466050258,0.9803831760591447,0.8457336175767323,1.0259180471393958,0.7450818040453406,1.010015314774292,0.8835064904486643,1.0,1.0,-0.2657940983772278,-0.5382752418518066,-0.2792868018150329,-0.4988662004470825,-0.2806196212768554,-0.5925413370132446,-0.2801204025745392,-0.6660358905792236,-0.2282857745885849,-0.5344352722167969,-0.2342852801084518,-0.4339915812015533,-0.2395735085010528,-0.3714770078659057,-0.2459661662578582,-0.3148708641529083
I,0.0,0.0,1.1035057625469893,1.1558003241448962,1.2809397577603465,0.9942528911025347,1.318090529824086,0.8299996564217675,1.2832013880725193,0.7056837979630043,1.1570547565354183,0.8769968269713441,1.1913646373539395,0.7633586711614706,1.1488346131515115,0.8570901601458505,1.1162279658743068,0.957528709702285,1.0134006251172207,0.8650102783052596,1.0555291824568738,0.7479931437930033,1.0186327063914333,0.8807747108306786,1.0,1.0,-0.232345312833786,-0.5205569863319397,-0.2407796680927276,-0.4754886031150818,-0.2362358421087265,-0.5662816166877747,-0.2349237352609634,-0.6383662223815918,-0.1941422224044799,-0.5198253989219666,-0.1987090408802032,-0.425406277179718,-0.2041996419429779,-0.3657964468002319,-0.2122541815042495,-0.3095534443855285
I,0.0,0.0,1.0645966389580865,1.1335441095078034,1.1819305679728338,0.9429415373532704,1.199651481139916,0.7859138634299547,1.1875764064927188,0.6563354506454944,1.0656378636261865,0.8215881251031786,1.0990303823617062,0.7153083170028792,1.0939489972145282,0.823738333143083,1.0844385363425684,0.9267978772607769,0.9612801861643598,0.8238820441711308,1.0022487669272946,0.7317737351724101,1.0011650060133552,0.881618495427397,1.0,1.0,-0.2929524779319763,-0.5450949668884277,-0.30756276845932,-0.5082005858421326,-0.3125461935997009,-0.6119018197059631,-0.3135383725166321,-0.6895264387130737,-0.2554418444633484,-0.5495275855064392,-0.2573112547397613,-0.4437708854675293,-0.2604644000530243,-0.3783753514289856,-0.2645724415779114,-0.3164715468883514
I,0.0,0.0,1.0859794959960707,1.1382861225030674,1.2375527431371651,0.9491955159275435,1.262270228477774,0.787733198013206,1.2631555762500366,0.656354135750015,1.099553867884951,0.8349506588126804,1.146619745910747,0.7296706647353209,1.123356672261587,0.8292088075238143,1.1005784711252293,0.9317223903388451,0.9733974711289347,0.8300752608494849,1.0238782472872459,0.7344177928794937,1.0085827889710492,0.8760590130846664,1.0,1.0,-0.2457334548234939,-0.517061710357666,-0.2597703039646148,-0.4830008745193481,-0.2604883015155792,-0.5800853371620178,-0.2598540782928467,-0.6565841436386108,-0.2086091041564941,-0.5140222907066345,-0.2134288102388382,-0.4111733436584472,-0.2178555130958557,-0.3475538194179535,-0.2240572869777679,-0.2885625958442688
I,0.0,0.0,1.0624337497273912,1.1467624811954078,1.235590455981339,0.9946947962315151,1.3076611942039573,0.8445717142145744,1.309614906696598,0.7136865382350716,1.1449417465766387,0.8593316952739198,1.2000709465561954,0.7485396277444558,1.1613216814782477,0.8453879942267792,1.1239545770379724,0.944103166263789,1.0333153284745575,0.8339684179566053,1.0883641600704121,0.7405573118834402,1.0381410402711928,0.8820499560712591,1.0,1.0,-0.2799833416938782,-0.5121647119522095,-0.2944696545600891,-0.4656490087509155,-0.2865372896194458,-0.5547142624855042,-0.279592752456665,-0.6267474889755249,-0.2426700443029403,-0.5016649961471558,-0.248074322938919,-0.4016657471656799,-0.2519655525684356,-0.3358940482139587,-0.257732629776001,-0.2750402092933655
I,0.0,0.0,1.0868790246488655,1.1577775706476205,1.2658794049453477,1.0002467657415848,1.3153113337418985,0.8306422913089063,1.3081616532069447,0.6960641232838696,1.1593448659708254,0.8771373594169882,1.2057350629622696,0.7469038166540019,1.1652101791447114,0.8389582862682711,1.128653286417655,0.938794197055557,1.0321745758200773,0.8550203874000969,1.0784041202163583,0.738844645536231,1.0313646989924008,0.8790004776280999,1.0,1.0,-0.253838300704956,-0.4751735925674438,-0.263195276260376,-0.4253751337528229,-0.2546760439872741,-0.5136962532997131,-0.249964490532875,-0.5845237970352173,-0.2174904644489288,-0.4673833847045898,-0.2307948768138885,-0.3813912570476532,-0.2402781248092651,-0.3253527879714966,-0.2506610751152038,-0.2720029950141907
I,0.0,0.0,1.063688266318872,1.1631460323375884,1.2184498551695482,0.9913169337874371,1.2560754853069598,0.8194552022894611,1.259441969315317,0.6774365094302464,1.1129809736735925,0.8447781099848818,1.1539117630869933,0.7160160845097736,1.1322895438799556,0.8256725582994368,1.1043163703559995,0.9360042950779226,1.0042051512962724,0.8270134191046371,1.044767054628428,0.7197118697774942,1.0205861687973572,0.8731045999257756,1.0,1.0,-0.2843969166278839,-0.4675605893135071,-0.2962463498115539,-0.4198870360851288,-0.2930470407009125,-0.5135254263877869,-0.2893026769161224,-0.5864706039428711,-0.2473079562187194,-0.4626010656356811,-0.25722536444664,-0.3641502857208252,-0.2651292085647583,-0.3031154870986938,-0.2737121880054474,-0.246072232723236
I,0.0,0.0,1.0362899147548021,1.153062903499023,1.1725689875534173,1.021401695317481,1.2236807281731996,0.8778878391473848,1.2201174401371249,0.753995269492573,1.093839373668401,0.8787160114800008,1.1378219144795636,0.771808959219638,1.1149081467948394,0.8667206518324703,1.0841880860189461,0.9614647188883529,1.0115609446162237,0.8504032109718987,1.0593710937536367,0.7499019110020986,1.0303921783538186,0.8856177171066808,1.0,1.0,-0.3253170847892761,-0.4868820905685425,-0.343948096036911,-0.4393542408943176,-0.3355455994606018,-0.522354781627655,-0.325212687253952,-0.5876981616020203,-0.291239321231842,-0.4750393629074096,-0.3035338521003723,-0.3858757019042969,-0.3138175308704376,-0.3321136832237243,-0.3238496482372284,-0.2834381759166717
I,0.0,0.0,1.0264546891976762,1.1805918699969167,1.1586697883470491,1.0297185473510808,1.2160219921934754,0.8679300139289337,1.219039428436689,0.7226125641898463,1.0882729576344683,0.8697581795043019,1.130940681349985,0.7411541138680579,1.1160606604613186,0.8398699327783362,1.0909871231099215,0.9444780168601451,1.0070825426838665,0.838918770009132,1.052918010075661,0.7248101933648657,1.0292032983974373,0.8745094836228411,1.0,1.0,-0.3297868371009826,-0.4347997605800628,-0.3474931120872497,-0.3837994337081909,-0.3417649865150451,-0.4671162962913513,-0.332938015460968,-0.5329393744468689,-0.2948322892189026,-0.422516793012619,-0.3056547939777374,-0.3306655585765838,-0.315232366323471,-0.2741123735904693,-0.3246380090713501,-0.2218897640705108
I,0.0,0.0,1.0203802999118488,1.1607556927937837,1.1599011275632847,1.010639232098686,1.2228066171749348,0.8703294299269764,1.2180363790942226,0.7445633932449415,1.0800563831109875,0.8693858282654114,1.1143239550557649,0.7752041294772076,1.1067006761554217,0.869281014096729,1.0879013590714082,0.9543977950827259,0.9895951608866036,0.8484349654583856,1.0379622206443906,0.7667890229683756,1.0227741169960272,0.9005404006533021,1.0,1.0,-0.3249870538711548,-0.5428965091705322,-0.3443862497806549,-0.49912029504776,-0.3399397432804107,-0.5877167582511902,-0.33072230219841,-0.6573153734207153,-0.2891039252281189,-0.5345547795295715,-0.3010844588279724,-0.4360652565956116,-0.3103037476539612,-0.3768921494483948,-0.3179220855236053,-0.3264160454273224
I,0.0,0.0,1.0327931476894399,1.2099617043942235,1.1765900939775749,1.0650645023401724,1.2369647887534845,0.8863317378119994,1.2383178953053846,0.7283657155585759,1.1019474446439197,0.8891871503727724,1.1415982582430544,0.7411365034415514,1.1240638047608706,0.8407399477257504,1.0976946101402487,0.9529370620716753,1.014591301397482,0.8479747724409826,1.0599124435596374,0.7110812591813805,1.0328071526329208,0.8645345152875625,1.0,1.0,-0.312481552362442,-0.3759262561798095,-0.3284796178340912,-0.3227351903915405,-0.3213840425014496,-0.3988202214241028,-0.3119370937347412,-0.4607103168964386,-0.2786436080932617,-0.3632010221481323,-0.286758154630661,-0.2735782265663147,-0.295586496591568,-0.2186262309551239,-0.3047497272491455,-0.1680190861225128
I,0.0,0.0,1.033542568565102,1.1865013359208656,1.1811234098219057,1.0375000574836861,1.241733840114182,0.8670271851848445,1.237530099222027,0.7156352177252095,1.0937855396131864,0.8711076646447738,1.1353939188975153,0.7356094190468745,1.1204583692679861,0.8415339176741641,1.0966590923185582,0.9484563330926683,1.0013242988448412,0.8394467425144744,1.0508002143363537,0.717775450327197,1.028621398745481,0.8712891406418857,1.0,1.0,-0.3016121983528137,-0.4211823344230652,-0.3197601437568664,-0.3708479404449463,-0.3146936893463135,-0.4541404545307159,-0.3061724603176117,-0.5199612379074097,-0.2655950784683227,-0.409788966178894,-0.2731697857379913,-0.3145289421081543,-0.2808285355567932,-0.2543993294239044,-0.2882695198059082,-0.1996260285377502
I,0.0,0.0,1.0402920064201489,1.1617179246961893,1.21071238036646,1.0076329350393143,1.2663146438352693,0.8432115687210946,1.2415446935644252,0.7060199319893022,1.1009946285748258,0.8648847005236827,1.1500976593835956,0.7503283019093472,1.1310248322173884,0.8437890253168926,1.1072974243865847,0.9389738278161324,0.990574849120411,0.8510258386279709,1.048825328554491,0.738002929507685,1.0221227342154904,0.8825622954198533,1.0,1.0,-0.2876575589179992,-0.5204691290855408,-0.3078287541866302,-0.4667286872863769,-0.3016225397586822,-0.5597394108772278,-0.2937603294849396,-0.631377637386322,-0.2465966939926147,-0.5157681107521057,-0.2503395080566406,-0.4193922281265259,-0.2551592588424682,-0.3624497950077057,-0.2603245377540588,-0.3080032169818878
I,0.0,0.0,0.9947971802447632,1.1941158743997629,1.079600042152475,0.9986171585662617,1.1104826402615238,0.825498583863343,1.10472793532606,0.6746080213883672,1.018910180101467,0.8080329387829179,1.0541628078008842,0.6978376750102883,1.056713367073899,0.8300947775776163,1.0472421074230174,0.9586130081653207,0.969809683806257,0.7785300413115026,1.0119103044401165,0.6651470928487552,1.0096325095944274,0.8503746560149396,1.0,1.0,-0.4874957203865051,-0.3718021214008331,-0.5130460262298584,-0.3299313485622406,-0.5100602507591248,-0.4262584447860718,-0.5007739663124084,-0.4985191822052002,-0.4529203474521637,-0.3623303771018982,-0.4726134240627289,-0.2596357464790344,-0.4884577393531799,-0.1989115327596664,-0.5033770203590393,-0.145573079586029
I,0.0,0.0,1.0554801174838917,1.1839233577088593,1.2284921251245517,1.0308796553915873,1.2828223510940855,0.8604015014369428,1.2619636172863173,0.7244179252931966,1.123003726407002,0.8772368100156266,1.164102447107015,0.7478314133706944,1.1370122948419419,0.8416565494117393,1.1093688751832909,0.9435693942163464,1.0087496640841267,0.8553009487802713,1.056490655143851,0.729359021415974,1.0256608617045828,0.8724745675443205,1.0,1.0,-0.269802987575531,-0.4484659433364868,-0.2837919294834137,-0.3977541327476501,-0.2763958573341369,-0.4803993701934814,-0.2694366872310638,-0.5473870038986206,-0.2326053529977798,-0.4396244883537292,-0.2368586510419845,-0.3444762527942657,-0.2428915351629257,-0.2849313020706177,-0.250487357378006,-0.2295973896980285
I,0.0,0.0,1.0253551901828397,1.2438905210571523,1.1496995778983488,1.066469061160816,1.193197940412858,0.85466347325492,1.190780103843511,0.6753490660579625,1.074302010647029,0.8608576705213727,1.1095408419087722,0.6920288546644743,1.09956758777809,0.8044495503441669,1.0847899353857922,0.9367714484042117,0.990130319527074,0.8256492665252704,1.030938574659566,0.6559689169798928,1.0163011522647418,0.8339175131119941,1.0,1.0,-0.3451445698738098,-0.3080174624919891,-0.3605878949165344,-0.2525005936622619,-0.3558956384658813,-0.3268361091613769,-0.3506968021392822,-0.3887773156166076,-0.3090622425079345,-0.2984539866447449,-0.3136451542377472,-0.2157030701637268,-0.3187275826931,-0.161971628665924,-0.3250997364521026,-0.1106781959533691
I,0.0,0.0,1.0079096343428395,1.2385853709570418,1.0981007030568348,1.043288466736232,1.1315608145876823,0.8544547135681555,1.1286963638082743,0.6845223291316449,1.0276584596828675,0.840505049049631,1.0631199390171313,0.6987637166724198,1.0659129867349524,0.8201041362788519,1.0581222146069844,0.9521326442516748,0.9688047617391288,0.8066644823983683,1.0100364780237787,0.6681053741701015,1.008048827446602,0.845277584792314,1.0,1.0,-0.4387666583061218,-0.3338325619697571,-0.4617150723934173,-0.2858017981052398,-0.4603563249111175,-0.3680717349052429,-0.4531681835651397,-0.4341173470020294,-0.4021451473236084,-0.3238389492034912,-0.4104873239994049,-0.2280704528093338,-0.4201821982860565,-0.1683389842510223,-0.4300568103790283,-0.1151413321495056
I,0.0,0.0,1.0660560065829154,1.2606693377066467,1.2393001967583306,1.0854790137666317,1.307227709233978,0.8524482530258631,1.288796484289975,0.6627909011910178,1.147756993150355,0.8835143887157512,1.1935901216390865,0.6944794202118931,1.1529944338631144,0.8034915697388713,1.113803255157466,0.9385189834769606,1.0354435731883618,0.8387528278761912,1.0829059126508735,0.6514950289365989,1.0377963457938473,0.8288660506310822,1.0,1.0,-0.2822280526161194,-0.3176390826702118,-0.2937140166759491,-0.2623799741268158,-0.2820479273796081,-0.3419452011585235,-0.2722938656806946,-0.4099351763725281,-0.246240958571434,-0.3009248673915863,-0.254383772611618,-0.2088772654533386,-0.2609946131706238,-0.1514837592840194,-0.2699824869632721,-0.0997247099876403
I,0.0,0.0,1.050940088642724,1.1416187779726266,1.1756673556822816,0.962949579747929,1.2133512559896404,0.8191828777004119,1.1935031545410575,0.7017674529278186,1.0691800668344,0.8308328298240085,1.1069631427637376,0.7321109978727243,1.0959922048304886,0.836562266118075,1.082089226433586,0.9329547631490498,0.9653785122694165,0.8351791518133465,1.009344165534254,0.7471930072100569,1.004769539574167,0.8887511510247746,1.0,1.0,-0.2976221144199371,-0.6150550246238708,-0.3117188215255737,-0.5873497128486633,-0.3160523772239685,-0.6952869296073914,-0.3163391053676605,-0.7719019055366516,-0.2604919970035553,-0.620084822177887,-0.2625789642333984,-0.5134093761444092,-0.2647721469402313,-0.4491520524024963,-0.2677173912525177,-0.3869354724884033
I,0.0,0.0,1.0353911699138143,1.118496616255327,1.179517772572767,0.9487032015839725,1.2222251338634589,0.8093642952770774,1.19482632878295,0.6959205581961189,1.0694465290289676,0.8292459521008954,1.111972987037584,0.7344228895499166,1.1052544451650252,0.83222605988146,1.095030969973218,0.9244495105559998,0.9644106677996764,0.8280310098920872,1.0179827982846177,0.7489593005648336,1.0081494127375246,0.890125780544734,1.0,1.0,-0.2818527817726135,-0.6146953701972961,-0.300940066576004,-0.5818097591400146,-0.3009131550788879,-0.689930260181427,-0.296958863735199,-0.7681513428688049,-0.2449703812599182,-0.6147515177726746,-0.2519497871398926,-0.5078060626983643,-0.2571905553340912,-0.4415872693061828,-0.2626340389251709,-0.3788143992424011
I,0.0,0.0,1.047058789486216,1.1193306070912763,1.18246368855495,0.9491622446116663,1.2204602426054287,0.810403867614124,1.236416030610085,0.6933824180154512,1.0955280371977354,0.8091909586542779,1.1473358378750196,0.712949315965908,1.1243746362241387,0.8229077598613154,1.0971418791999576,0.9220835021614275,0.9948579455262182,0.8004283312115343,1.0502884577226306,0.7372838850609775,1.0231002632414412,0.8876304170280743,1.0,1.0,-0.3218920826911926,-0.5559680461883545,-0.3390792906284332,-0.5358107089996338,-0.3353737592697143,-0.6443181037902832,-0.329427033662796,-0.7226561903953552,-0.2847047746181488,-0.5537582635879517,-0.2902262806892395,-0.4473105072975158,-0.2952088415622711,-0.3805533647537231,-0.3017322421073913,-0.3183216452598572
I,0.0,0.0,1.0437467444824429,1.1331581728127913,1.2154565804906747,0.9944556264458426,1.2798219869668126,0.8518913252601201,1.2822855827899526,0.7265211579791567,1.1138288465677004,0.8614825214863525,1.1683467389328674,0.7559948554841507,1.1450705171201245,0.8426692543609454,1.1164791756692867,0.9335980247079898,1.0038794606860921,0.8459860778118548,1.0624794545942127,0.757759399160964,1.030180020461123,0.8889494368186516,1.0,1.0,-0.2936277091503143,-0.5905797481536865,-0.3113139271736145,-0.5456206798553467,-0.3047374486923218,-0.643238365650177,-0.2974264621734619,-0.7202293276786804,-0.2541324496269226,-0.5827246308326721,-0.261144608259201,-0.4832517504692077,-0.2676762342453003,-0.4216563403606415,-0.2755551338195801,-0.3641820549964905
I,0.0,0.0,1.0420771147875612,1.1341629636768538,1.1990685002078674,0.982569928198794,1.2504899670842513,0.8437447294780935,1.2496947991623466,0.7263018076425252,1.1024090478923663,0.8425411860811182,1.1499661862570563,0.7515234420521636,1.127831407031226,0.8534560937764039,1.0980792213398891,0.9476716770327435,1.000262190034538,0.8309843503299623,1.0513736143725647,0.7560212818859917,1.0257450812880295,0.8936686700591413,1.0,1.0,-0.3071478307247162,-0.6003412008285522,-0.3245335221290588,-0.5624186396598816,-0.3171292841434479,-0.6688936352729797,-0.3077940642833709,-0.7466232180595398,-0.2700365483760834,-0.59639573097229,-0.2813512086868286,-0.4918097555637359,-0.2905982136726379,-0.4293278753757477,-0.3004050254821777,-0.3706674575805664
I,0.0,0.0,1.0185063292574008,1.187300399058937,1.1320491408729896,0.9768061562307161,1.1773606414024491,0.7919001987597637,1.1789367824091503,0.6261069454200145,1.072841841150421,0.7780706932049143,1.1159934032258576,0.6523380991986714,1.1087039690441622,0.7902403304188644,1.089050908146316,0.9168906324290256,1.002760426504703,0.7508382084967489,1.0501525851222329,0.6478421436673748,1.0284236615708635,0.8494799434728816,1.0,1.0,-0.4416122734546661,-0.3961371779441833,-0.4669358730316162,-0.3545937538146972,-0.4604289531707763,-0.4644183218479156,-0.4477593600749969,-0.5428200960159302,-0.4003283083438873,-0.3873667120933532,-0.4079071283340454,-0.2725468873977661,-0.4148402810096741,-0.2001986801624298,-0.4224870502948761,-0.130005270242691
I,0.0,0.0,1.014907560378022,1.1942692566351474,1.1754945826588608,1.0060510124310749,1.231874267089472,0.8334340081103727,1.2152767935414854,0.6880876672797556,1.074158779404162,0.8370865585612376,1.1156292001863555,0.7066703187745911,1.108723604127329,0.8214581032985798,1.0933317770820663,0.9273197649653293,0.9633219545906317,0.8349677417152402,1.0132992248954302,0.7112785842085558,1.0119888720862757,0.8727062745578497,1.0,1.0,-0.2820917069911957,-0.5263533592224121,-0.2962717711925506,-0.4922604262828827,-0.2957706451416015,-0.6046413779258728,-0.2895688712596893,-0.6831947565078735,-0.2432578653097152,-0.5238358378410339,-0.2491546273231506,-0.410339891910553,-0.2579762041568756,-0.3428519964218139,-0.2658261358737945,-0.2786345779895782
I,0.0,0.0,1.0344313516485037,1.1797409467879443,1.1907785709442489,1.0230280131705571,1.234103335066132,0.8666564751207753,1.2243902456807019,0.7409441961025612,1.084419339927689,0.8775251131270688,1.1162153127385483,0.7436393022143785,1.1090010805080572,0.82070630505049,1.0965824375882651,0.9132091347050147,0.9684096299369265,0.8739906595482265,1.012587700143703,0.7551625848646267,1.0076466724070177,0.8843920385171319,1.0,1.0,-0.2800089120864868,-0.5732648372650146,-0.2940897047519684,-0.5294495224952698,-0.2983264327049255,-0.6224485039710999,-0.2998745441436767,-0.6955760717391968,-0.2421143501996994,-0.574185311794281,-0.2495712339878082,-0.4823623299598694,-0.2542505264282226,-0.4240483045578003,-0.2585293650627136,-0.3684255480766296
I,0.0,0.0,1.0531882211441834,1.1097743055352458,1.2076637807726198,0.9503204450617502,1.2608065659095353,0.8083963474828071,1.2703458691849474,0.6873113732636396,1.121920163605758,0.8207941763210744,1.1690991792161431,0.7286434717998486,1.1339775972481856,0.8234956780150906,1.101053564355407,0.918173494065303,1.0108114211488803,0.8124294647349997,1.0577190853361385,0.7478342446131655,1.0227073446899264,0.8900771244056153,1.0,1.0,-0.2967821359634399,-0.5769438743591309,-0.3099021911621094,-0.5601914525032043,-0.3026242554187774,-0.667240560054779,-0.2952028214931488,-0.7439754009246826,-0.2598307728767395,-0.5712519288063049,-0.265124499797821,-0.4685000777244568,-0.2698851823806762,-0.4037434458732605,-0.2766246497631073,-0.340654969215393
I,0.0,0.0,1.0411213174005787,1.147252812085144,1.2100881685687284,1.0060311952543732,1.2772682027119995,0.8632330773316689,1.2888577416119595,0.7396441644765213,1.1377502842459601,0.8710157482917635,1.1891331002141938,0.765463537635012,1.150946298659007,0.8435908557363616,1.1127729993294215,0.9321402133748634,1.0321151400359219,0.8500156237628785,1.0863694936115669,0.7640572068017369,1.0374599960399904,0.8916188409128121,1.0,1.0,-0.2858791351318359,-0.5169745087623596,-0.2982337176799774,-0.4904836416244507,-0.2842605710029602,-0.5793784260749817,-0.2727528512477875,-0.6456271409988403,-0.252712607383728,-0.5039677023887634,-0.2632063031196594,-0.41218301653862,-0.2708805203437805,-0.3567962050437927,-0.2803009152412414,-0.3042347431182861
I,0.0,0.0,1.0646338670317341,1.1621176769463661,1.204679199533528,0.9954407378894939,1.2563047271073673,0.8447743066976182,1.2486085821798252,0.722023984845854,1.1107158778377277,0.8925643303497967,1.146197526308224,0.7710014572965874,1.1312303326692525,0.829300827539804,1.1120725037116608,0.9124371581590534,0.9971555893755694,0.884295550099336,1.0383784810408336,0.7712746139803673,1.0183738920403307,0.8878961216393233,1.0,1.0,-0.2529325485229492,-0.5290238261222839,-0.2637359201908111,-0.4910760223865509,-0.2603165209293365,-0.5729944705963135,-0.2557558417320251,-0.6400313973426819,-0.2190192639827728,-0.521476686000824,-0.224396213889122,-0.4346930682659149,-0.2286629974842071,-0.3820137977600097,-0.234195277094841,-0.3338364064693451
I,0.0,0.0,1.1130485553562606,1.1583300658916387,1.2980270504431477,0.9914426384311186,1.3555469090662087,0.821309868098458,1.3174344680824874,0.6946139066563928,1.1843142805889124,0.862813276396456,1.2178614435792634,0.7319412060635228,1.1702698137760454,0.8070855799837885,1.1279862014794615,0.9121412030614185,1.0477922161993116,0.841726166704117,1.087824018260656,0.7259885678962255,1.0345880468287176,0.8647610620716883,1.0,1.0,-0.2395834624767303,-0.4321708679199219,-0.2467484176158905,-0.3951430320739746,-0.2363750040531158,-0.4784605801105499,-0.2300484627485275,-0.5474724769592285,-0.2039981484413147,-0.4251635074615478,-0.2066744267940521,-0.3385623693466186,-0.2088482677936554,-0.2868762612342834,-0.2139297872781753,-0.2392821311950683
I,0.0,0.0,1.0651902549553938,1.164051628242999,1.213714581434436,1.0069155356953041,1.2745399403697635,0.8506631736288984,1.2626441977075693,0.7254640031082226,1.1351495301612906,0.87802183649629,1.17624115045795,0.7642187611682824,1.136732738585052,0.8370688630689762,1.0975482601631321,0.9294034243434253,1.033876874517748,0.8581241945995606,1.07828093347662,0.7572150957278267,1.0339013979770475,0.882264067210447,1.0,1.0,-0.2976352572441101,-0.4634239077568054,-0.3089962303638458,-0.4311003386974334,-0.2965351343154907,-0.5101284384727478,-0.2863261103630066,-0.574067234992981,-0.2640269994735718,-0.4523750245571136,-0.2680172026157379,-0.3657610416412353,-0.2720946073532104,-0.3119922578334808,-0.2791272103786468,-0.2626834809780121
I,0.0,0.0,1.0566387217011222,1.1177433996425263,1.2101323074621027,0.9548509028269822,1.2692615148561588,0.8261432495218705,1.2706165480727787,0.716664455392751,1.131312747303394,0.8416106801135734,1.1781158436821095,0.755597683726239,1.1361348152707964,0.84549002690867,1.1004581418712567,0.932024136190073,1.0107159146783216,0.8366886647836157,1.0580254045084558,0.7823992090772524,1.0213819203866716,0.9056389403417975,1.0,1.0,-0.2829621434211731,-0.6765284538269043,-0.2933737933635711,-0.6567951440811157,-0.2840883731842041,-0.7688481211662292,-0.2771010100841522,-0.8483709692955017,-0.2462032735347747,-0.6750376224517822,-0.2539846003055572,-0.569735050201416,-0.2587886154651642,-0.5044124126434326,-0.2657147645950317,-0.4409159123897552
K,0.0,0.0,1.063205396593156,3.1866253371669795,1.1473531133941857,2.7191446919421485,1.0982271456786024,2.279733782257495,1.0613741974448356,1.9238507147946144,1.1686575522661076,2.3338375842832284,1.2400679385657636,1.8490955011490908,1.272461764683117,1.530929917459517,1.2975535965956246,1.2560230444872729,1.0183768423126978,2.304287181962328,1.0204240365624795,1.728316228402762,1.0085809153213434,1.3356515001971623,1.0,1.0,-0.2475928366184234,-0.5788204669952393,-0.2510404288768768,-0.5226792097091675,-0.2564433217048645,-0.6163777112960815,-0.2586049735546112,-0.6747450232505798,-0.206047922372818,-0.6183375120162964,-0.2158922404050827,-0.5696820616722107,-0.2286709547042846,-0.6395138502120972,-0.2346315085887909,-0.6848665475845337
K,0.0,0.0,1.1390373438496753,2.47680834550296,1.1975122096682889,2.1404797954145796,1.1240745021679832,1.851653078786224,1.062061614944174,1.607840396456745,1.1933722979706964,1.880864272283893,1.2516347521068731,1.5310351737142383,1.2754479661724387,1.3026604524972836,1.2918427851575363,1.1060585177427162,1.0424468773480955,1.8747559297828724,1.0313082466405037,1.4824313589835265,1.0138853413862945,1.219340928394824,1.0,1.0,-0.2339088320732116,-0.6289624571800232,-0.2334551662206649,-0.5726543664932251,-0.2445445954799652,-0.654904305934906,-0.250063955783844,-0.7054145336151123,-0.197984904050827,-0.6722378730773926,-0.2041969448328018,-0.6220386028289795,-0.2203660458326339,-0.6807394027709961,-0.2282805293798446,-0.7184577584266663
K,0.0,0.0,1.1520210636543327,2.5309888066605692,1.2240523873405038,2.1842463999830826,1.1502038555642384,1.8785495105698928,1.100780269013295,1.6060567211770187,1.2162805885360284,1.8892800796924079,1.2336007700222809,1.500652711935962,1.232122097038791,1.2590027800204064,1.2280064773856434,1.0468905649234077,1.0553073871564254,1.8972653692231123,1.0518730694053189,1.4881605569405727,1.0242506600981183,1.2295399258812272,1.0,1.0,-0.2219195216894149,-0.6287011504173279,-0.2244478613138198,-0.5804621577262878,-0.2332706898450851,-0.667445719242096,-0.2387926429510116,-0.714775562286377,-0.1858075410127639,-0.6708385348320007,-0.193446859717369,-0.6358174085617065,-0.2108228802680969,-0.7050502300262451,-0.2207859307527542,-0.7421503663063049
K,0.0,0.0,1.20429811860031,2.774753079476864,1.2800229904538036,2.314812481503078,1.2038977506547994,1.9204104361295231,1.142027523001604,1.6039599697873277,1.257043912943177,2.067935460647454,1.3025003475909955,1.6333111614455287,1.3066499797133548,1.3466140011076175,1.3104601329125913,1.0958872538092106,1.0833548093181402,2.068301510926623,1.065207682953575,1.59222472241375,1.0289056736610829,1.2691682206147166,1.0,1.0,-0.2108418941497802,-0.5738268494606018,-0.208705335855484,-0.5108938813209534,-0.2212046533823013,-0.597320556640625,-0.2292013019323349,-0.6565173268318176,-0.1728827655315399,-0.6153116226196289,-0.180234283208847,-0.5622388124465942,-0.198473259806633,-0.6258606314659119,-0.2090444415807724,-0.6709551811218262
K,0.0,0.0,1.3041521299857548,2.5499422911940077,1.3532354914841336,2.160352617561885,1.2552185323202205,1.8249868447817905,1.1788305931081458,1.5380221497727542,1.3618409849256052,1.922038283735351,1.3984699513903607,1.5336138227347886,1.4002221593226971,1.2743086511367758,1.3979305992085647,1.0494951099646639,1.1636784252477534,1.93184174371215,1.1187945948555835,1.5090700382096185,1.0537628307561715,1.2351054427316923,1.0,1.0,-0.2012771666049957,-0.5993353724479675,-0.2011326253414154,-0.5426490306854248,-0.2131569981575012,-0.6271888017654419,-0.2205055654048919,-0.6764071583747864,-0.1659943610429763,-0.6445770859718323,-0.1733592897653579,-0.5942691564559937,-0.1920786201953888,-0.6577177047729492,-0.203816145658493,-0.6963300704956055
K,0.0,0.0,1.1086060093927104,2.861758572847315,1.1689784309826894,2.4324976559072153,1.1337035547109207,2.0299858933569084,1.1116870773935306,1.6865140895121573,1.1949902589545944,2.114124034843729,1.2460151494834317,1.657701161335113,1.2684365082667874,1.3729297798834934,1.2835489040553265,1.123761460091502,1.0667329042341178,2.102992128187288,1.0532166257450282,1.5965746666314171,1.025041384029926,1.2774079247822743,1.0,1.0,-0.2908267080783844,-0.5541531443595886,-0.2922413945198059,-0.5023213624954224,-0.2984576821327209,-0.5860893726348877,-0.3020296990871429,-0.6356589794158936,-0.2545284032821655,-0.5935540795326233,-0.2607034742832184,-0.5494486689567566,-0.2722964882850647,-0.6147807836532593,-0.2796391248703003,-0.655927836894989
K,0.0,0.0,1.2709259034486826,3.174145153803217,1.359486301452319,2.6224783071362245,1.280689467341412,2.1480560966264344,1.197592455866955,1.760762157840822,1.3414859476599785,2.397441489237958,1.3910668708597056,1.8657611494795114,1.3915128644871948,1.5180297929554598,1.389272840602671,1.2051050814168949,1.161791871812169,2.3648169566161212,1.1219997935031094,1.7882653859065754,1.0579179873096474,1.375709877888909,1.0,1.0,-0.2073719799518585,-0.4779593050479889,-0.2028592228889465,-0.4212110638618469,-0.2114699631929397,-0.5002472996711731,-0.2161251753568649,-0.5454127192497253,-0.170371264219284,-0.5122301578521729,-0.1723559647798538,-0.4592357873916626,-0.1867326498031616,-0.5184669494628906,-0.1957294046878814,-0.5565776824951172
K,0.0,0.0,1.135510590777781,2.9904617650697216,1.202313966999007,2.5212276431885994,1.141812598079213,2.1020422841131072,1.1011055284093598,1.7368666469122167,1.2113390318341133,2.1782865507674996,1.254550700584749,1.6745708441575258,1.2661788739166364,1.3451646667683161,1.2729192650452825,1.0626377896879853,1.0512090987042908,2.1810744694827315,1.0500788921628823,1.647629753654334,1.0230697091218932,1.2976878183127591,1.0,1.0,-0.236294537782669,-0.5710558295249939,-0.2376341819763183,-0.5155548453330994,-0.2457532733678817,-0.6066418886184692,-0.2506236433982849,-0.6601530313491821,-0.1975715458393097,-0.6139496564865112,-0.2046959847211837,-0.5671976208686829,-0.2206165939569473,-0.6371888518333435,-0.2296971380710601,-0.6788341403007507
K,0.0,0.0,1.1565196471013741,3.2709337307784327,1.2225269047373004,2.6940046245480946,1.160986239463234,2.210220187417358,1.1230097091409674,1.7995809775644296,1.192682345104002,2.367026608299555,1.2143260806182552,1.8205668119179657,1.1990018674618756,1.4660769972123024,1.1831901443407786,1.1635484360527026,1.0460138131283307,2.372737521141694,1.0452828365122013,1.7655026707160968,1.0214686609634036,1.3495118925976266,1.0,1.0,-0.2325964868068695,-0.5352891683578491,-0.2390995770692825,-0.4725949168205261,-0.2488920092582702,-0.5552688241004944,-0.2533766627311706,-0.6091011762619019,-0.1941657066345214,-0.573405921459198,-0.2075862139463424,-0.5159498453140259,-0.2263782918453216,-0.5777397155761719,-0.2359077036380767,-0.6205344200134277
K,0.0,0.0,1.1589792149398328,2.7140535308115306,1.2263321341151345,2.2775449832503956,1.1650846441084686,1.9141470189374628,1.1496389213955127,1.5820598775415238,1.2093359948816935,2.0104096243831884,1.2572936139321587,1.5693694761690709,1.264058211619901,1.2783073164794547,1.2651276850717652,1.0274651956068173,1.0434538643316718,2.0181525590370555,1.0538120715261237,1.5677614888405933,1.026119869535589,1.2630235266497056,1.0,1.0,-0.2171701490879058,-0.5972109436988831,-0.2261734157800674,-0.5410305857658386,-0.2341504245996475,-0.6304659843444824,-0.2370568215847015,-0.6825158596038818,-0.177715927362442,-0.635924756526947,-0.191770389676094,-0.5787458419799805,-0.2103902250528335,-0.6472821235656738,-0.2195661067962646,-0.6903409361839294
K,0.0,0.0,1.0929846496892355,3.2239648458896233,1.1796083051781423,2.742118619842056,1.102824965750342,2.2957687628063397,1.0491406133767183,1.9451958361125645,1.1982540353696332,2.3979905269551365,1.3346399265138162,1.8833214385493422,1.4115330464793703,1.5415735988949197,1.4789941217997702,1.244810859970195,1.0028958957303917,2.3638657853506824,1.0133694531780664,1.7736857560123758,1.0024798782424322,1.356528226938218,1.0,1.0,-0.1797454208135604,-0.5671030879020691,-0.1831967830657959,-0.5129411816596985,-0.188534215092659,-0.600676953792572,-0.1909468621015548,-0.6551718711853027,-0.1370230019092559,-0.6070041656494141,-0.1460706293582916,-0.5575007796287537,-0.1583614349365234,-0.6256462335586548,-0.1633783876895904,-0.669696033000946
K,0.0,0.0,1.0854297961457098,3.3153692909162116,1.18482871158247,2.7755274668635335,1.1274629298489023,2.2767886410743245,1.1049658995201486,1.847061018296361,1.2140489730684203,2.4444642869718445,1.2995316221668254,1.8844399550726207,1.3296523843877155,1.5031721690482351,1.350669661108029,1.171409540065717,1.0188381733580723,2.4107379254345287,1.0348888213294642,1.7811091078130883,1.016050454370833,1.3679866243648788,1.0,1.0,-0.1890228390693664,-0.5636074542999268,-0.1915546506643295,-0.4976730942726135,-0.1956793069839477,-0.5969981551170349,-0.1975171715021133,-0.6502287983894348,-0.1443031579256057,-0.6024265289306641,-0.1534307897090912,-0.5441358089447021,-0.1651709377765655,-0.6197522878646851,-0.1703957170248031,-0.6610562801361084
K,0.0,0.0,1.1143345360022727,2.630330853240052,1.1803640732621494,2.2041727347493674,1.114779026654344,1.8387943496574308,1.0835781615116447,1.5219548445858453,1.1937126463994525,1.9649107374968589,1.2661187490561439,1.534447403376817,1.2872706751376488,1.2457109418345753,1.3074490608288925,0.988306538786276,1.0040656975742324,1.9675599421263388,1.0206915560956418,1.5545014488031395,1.0056155336217447,1.2622600048771793,1.0,1.0,-0.1852279901504516,-0.595308780670166,-0.1906758695840835,-0.5412057042121887,-0.1978503614664077,-0.6294170022010803,-0.2014352977275848,-0.683551549911499,-0.1433126628398895,-0.6382109522819519,-0.154736042022705,-0.585187554359436,-0.1711636781692505,-0.6527047157287598,-0.1788230687379837,-0.6957826018333435
K,0.0,0.0,1.1201376220460837,2.9042179548276983,1.217967242097964,2.4398625656526995,1.1724442369687282,1.983158850563193,1.1423353696343466,1.6096303691484042,1.2771132565197425,2.247843452692653,1.3119175249622326,1.7390705908215234,1.3051057413674325,1.3844406962233697,1.305759317770005,1.0836507890241482,1.0954474693545406,2.223161096241232,1.0834340628093062,1.6776655114251744,1.0338335275628696,1.310741678248038,1.0,1.0,-0.1966014355421066,-0.4760105907917022,-0.1897262781858444,-0.3985852003097534,-0.1879283040761947,-0.4797715842723846,-0.1917684078216552,-0.5297645926475525,-0.1593952178955078,-0.4980578124523163,-0.1569379866123199,-0.4425533413887024,-0.1603829115629196,-0.5005848407745361,-0.1698942929506302,-0.5381151437759399
K,0.0,0.0,1.2053937857163164,3.039166685774371,1.3271302739317092,2.5317199880767944,1.275697889716544,2.0605675315358996,1.2440061446279822,1.6623780246129056,1.4002485926705148,2.2911822645576136,1.4664979174366704,1.7491408412411933,1.4721575320558387,1.3708747506444758,1.484885068092003,1.049610366638606,1.1415486488215394,2.2786170390485028,1.126680799192563,1.7198894155335802,1.0530129644898074,1.322277463501558,1.0,1.0,-0.1475783288478851,-0.5409071445465088,-0.1411722004413604,-0.4655294716358185,-0.141848623752594,-0.5567131042480469,-0.1460733711719513,-0.6133158206939697,-0.1052473485469818,-0.5749105215072632,-0.105238988995552,-0.5118210911750793,-0.1119549497961998,-0.5797924995422363,-0.1214753538370132,-0.6243289709091187
K,0.0,0.0,1.1565143775162388,3.285472860460859,1.2241775713671441,2.702081402037719,1.1503236970366308,2.193085397026322,1.1121558218952927,1.7730734019685161,1.2335324101957468,2.4419333957114793,1.2906153113165357,1.8697408808005553,1.3068273831680493,1.4823498202903904,1.3180235979754202,1.1432258920242957,1.0626849409878572,2.413205953124122,1.0530980868196977,1.7912769113879528,1.0233920126507348,1.370139947146777,1.0,1.0,-0.2159899622201919,-0.5218461751937866,-0.2171764969825744,-0.4550897181034088,-0.2235227227210998,-0.5447123646736145,-0.2270246148109436,-0.5970714092254639,-0.1754141598939895,-0.5601258873939514,-0.1831884533166885,-0.4997561275959015,-0.1970226466655731,-0.5644991993904114,-0.2057959139347076,-0.6051344275474548
K,0.0,0.0,1.2900673684359751,3.400627199949636,1.383866050580617,2.775613568834043,1.3053560790275023,2.2501157942190586,1.2978927588838918,1.8011447888666674,1.4093644993570533,2.4863840613192227,1.4795201114548249,1.850710616755986,1.4977283411074405,1.4231976573592848,1.5160881650454188,1.052955478809096,1.1632076803045672,2.482443685224096,1.1324979161826978,1.845080544435189,1.0599238838810328,1.3910712258110935,1.0,1.0,-0.1702564358711242,-0.5533862709999084,-0.1658932864665985,-0.4805104732513428,-0.1733407825231552,-0.5794341564178467,-0.1786275655031204,-0.6391961574554443,-0.1280023902654647,-0.5957156419754028,-0.130007266998291,-0.527052104473114,-0.1429338604211807,-0.5989217162132263,-0.1519123911857605,-0.6447304487228394
K,0.0,0.0,1.2250116419323174,3.047987836717067,1.3227789927731648,2.5109066624719785,1.2563715447886512,2.040521529210344,1.213218757047456,1.6200773742662018,1.3420456985762446,2.2210370940465523,1.4157590991211455,1.6523410414841808,1.4322611731259831,1.2750067964548315,1.4506362726579616,0.9443182191921047,1.108548474245027,2.2246100522492482,1.1045148547567012,1.7104886389266198,1.0444543174672072,1.331221207451945,1.0,1.0,-0.171941801905632,-0.5653952956199646,-0.1697401702404022,-0.4964275062084198,-0.1764264404773712,-0.5960876941680908,-0.1826639920473098,-0.6596065163612366,-0.1288830190896988,-0.6056540012359619,-0.1323295086622238,-0.5438346862792969,-0.1452958434820175,-0.6180084943771362,-0.1557303369045257,-0.6661263704299927
K,0.0,0.0,1.2052371366821963,2.4901558756055784,1.2803190260536925,2.0705983457455313,1.222305286469891,1.7061643300869067,1.190547050626554,1.3903952738701741,1.2762286952374609,1.8420861214619106,1.3378330356697044,1.4039688011259663,1.3433418874827308,1.1143615400535534,1.3485889826023596,0.856550675196171,1.0741745032568677,1.8548955640646387,1.0794542136499299,1.5011155110255403,1.035975550645261,1.2343386983128226,1.0,1.0,-0.186593011021614,-0.594852864742279,-0.1886212229728698,-0.5282220840454102,-0.1962976902723312,-0.6217094659805298,-0.2009923309087753,-0.6836578845977783,-0.1449251770973205,-0.6336179375648499,-0.1543986499309539,-0.5726214647293091,-0.1693512350320816,-0.6411186456680298,-0.1786127239465713,-0.6880066990852356
K,0.0,0.0,1.1285241573578118,3.0368131593756433,1.2085035515638842,2.496474687081664,1.1424967037989724,2.0460436981310375,1.1224003729749708,1.6549661201199246,1.200881175464585,2.2032996871296797,1.2618026092465344,1.6832797798191925,1.272511056517261,1.3358187061496596,1.282531002597504,1.0279751489927267,1.0148039750748175,2.2089444131808875,1.0254922205867913,1.6893105521229665,1.009124629384531,1.3283730311160966,1.0,1.0,-0.1949619352817535,-0.576653003692627,-0.2011011838912964,-0.5141342282295227,-0.2089089751243591,-0.6119703650474548,-0.2122114449739456,-0.6689784526824951,-0.1518807262182235,-0.6193220019340515,-0.1645824909210205,-0.5578809976577759,-0.1815955489873886,-0.6320267915725708,-0.1888413578271865,-0.676591694355011
K,0.0,0.0,1.4215198708279455,2.681517217414756,1.5338028883571257,2.21541977091853,1.4013780043549977,1.8223089150915264,1.2711291488930705,1.4998200852118757,1.503293729295285,1.990978017618061,1.5717607817085661,1.5309119952700407,1.5806194861719798,1.225191078425525,1.5955669530416792,0.9607312765962964,1.2173456936950315,2.0052564784104847,1.1598156754199207,1.5749963565829157,1.0707906862008028,1.2646602027347669,1.0,1.0,-0.152766928076744,-0.6071224212646484,-0.1476178169250488,-0.5447009801864624,-0.1590086072683334,-0.6394818425178528,-0.1659391224384308,-0.7011203169822693,-0.1101225614547729,-0.6511436700820923,-0.1123602837324142,-0.5905640721321106,-0.128352016210556,-0.660344660282135,-0.1388444155454635,-0.7086865901947021
K,0.0,0.0,1.1084677063009494,3.0247041939797223,1.1647532932919824,2.4518944815884804,1.1197589276842579,2.0008641190785412,1.0935031633644077,1.6153806679596259,1.1348271379439345,2.1921639782897353,1.186335602811289,1.706028458213047,1.2045337053879075,1.3897598281908783,1.2157164057659913,1.1109446976589774,1.0083836826534438,2.1902241903770925,1.0150594186845698,1.6585740545744843,1.0101092124259756,1.313023121643553,1.0,1.0,-0.2855061590671539,-0.5894404053688049,-0.2957302927970886,-0.5212339162826538,-0.3066867291927337,-0.6212137937545776,-0.3090049028396606,-0.6791505813598633,-0.2433707416057586,-0.6322532296180725,-0.261139303445816,-0.5691352486610413,-0.2801829278469085,-0.6398237347602844,-0.2869816422462463,-0.6822623610496521
K,0.0,0.0,1.4418233618606426,3.460508845472746,1.4992295958207786,2.8168672099757845,1.3622173835242115,2.2828467054739043,1.2624485702050845,1.8326356486074302,1.4871883911376371,2.4778515445807185,1.5092378167367122,1.8455674701097031,1.4987143573569675,1.425231603549077,1.490560013504155,1.0589933169096093,1.2406094927534572,2.507066000863172,1.1636343383700212,1.8409275905860216,1.0730533718350044,1.3871409511913573,1.0,1.0,-0.1830877661705017,-0.5484427809715271,-0.1773166954517364,-0.4795839190483093,-0.1920155435800552,-0.5754632353782654,-0.2008056938648224,-0.6359254121780396,-0.1430897563695907,-0.6008539795875549,-0.145098403096199,-0.5355014801025391,-0.1636769920587539,-0.6042637825012207,-0.1741802841424942,-0.6504931449890137
K,0.0,0.0,1.271357888045194,3.2407108024515665,1.3504033806731974,2.662867877269881,1.2545678817896442,2.168785493362826,1.1929336436446956,1.7417263700607468,1.3583064148839943,2.3643530754363566,1.4344384702004656,1.7777410024748785,1.4587083727926198,1.389670160772227,1.4802482593436799,1.0471453509963213,1.1269142143717064,2.361948404340389,1.0984439262334256,1.770974798526458,1.0427176987452142,1.3642251299107904,1.0,1.0,-0.1736441254615783,-0.5480940937995911,-0.1737967729568481,-0.4870930314064026,-0.1832314729690551,-0.582148551940918,-0.1885353028774261,-0.637486457824707,-0.1314702928066253,-0.5925745964050293,-0.1372075974941253,-0.5312967300415039,-0.153295025229454,-0.6015501022338867,-0.1616569459438324,-0.644565761089325
K,0.0,0.0,1.3437514836403992,2.7156741645674405,1.4268018228516035,2.296486312655104,1.3009438344314794,1.9275323032814458,1.2158824576816396,1.6080236532486634,1.4632866738574686,2.054145076750826,1.5342580630837102,1.6010756257870802,1.5492978437335378,1.298194866149105,1.563579229095842,1.0392135789570405,1.1955849845455682,2.061344117516218,1.1411194430454532,1.5840439313817978,1.060057938872568,1.2659907427540826,1.0,1.0,-0.1592354625463485,-0.6209596395492554,-0.156318113207817,-0.5566972494125366,-0.1640261113643646,-0.6495245099067688,-0.1697217524051666,-0.7064794898033142,-0.1177966743707656,-0.6641815304756165,-0.1220149472355842,-0.603439211845398,-0.1342657804489135,-0.6748996376991272,-0.1420465558767318,-0.7203207015991211
K,0.0,0.0,1.2746987187191239,3.1175500700062635,1.3691781009373107,2.6001819736124037,1.261291181124162,2.137605335363902,1.2044064035882054,1.7316311198584036,1.372451529044892,2.2710368465746242,1.447763380902914,1.7166789863149965,1.4689175451351746,1.3422352077690118,1.488931594284987,1.0202522690990503,1.1161310973687,2.283626120562497,1.0972186094514842,1.7178872048085034,1.0411604391489753,1.3310582680644845,1.0,1.0,-0.1633910536766052,-0.607384204864502,-0.1630269587039947,-0.5449123978614807,-0.1737748384475708,-0.6447679996490479,-0.1812692135572433,-0.7056760191917419,-0.1204179301857948,-0.6559790372848511,-0.1260828375816345,-0.5985010266304016,-0.1434645056724548,-0.6738596558570862,-0.1542095988988876,-0.7202163934707642
K,0.0,0.0,1.1195655077750752,2.377901547252638,1.164786576940084,2.0286867791479826,1.1068857552140907,1.7187809558618752,1.0802465638587957,1.4505239226287907,1.1849870338639545,1.7726252286324797,1.2372474712580144,1.4023847621408245,1.2526468881273491,1.157307898391166,1.2667547580882894,0.9419635409856267,1.0211272017097794,1.7942490605697305,1.030745748581325,1.4461369097413497,1.011824632434225,1.2042388011002017,1.0,1.0,-0.2221546471118927,-0.643690824508667,-0.2245126366615295,-0.589316725730896,-0.2340892106294632,-0.6746445894241333,-0.2406241446733474,-0.7330681085586548,-0.1820329427719116,-0.6907548904418945,-0.1909346729516983,-0.639979362487793,-0.2091341912746429,-0.7038704752922058,-0.2206097543239593,-0.7505792379379272
K,0.0,0.0,1.1779180782143654,2.499708845133543,1.2408791888918085,2.1116688508131,1.1779321214719005,1.7681480067627071,1.1263871670435361,1.4645384623143571,1.254164363551345,1.8816735760179946,1.3000304017548252,1.478500511703223,1.3034432928832695,1.2131829725030319,1.3087639162672666,0.9840635869814008,1.075850796841001,1.8891089846395925,1.069264888604706,1.505589552719398,1.0294098074315146,1.2332990387428004,1.0,1.0,-0.2115441709756851,-0.6082632541656494,-0.2129574865102768,-0.5478512048721313,-0.2205243408679962,-0.6350712776184082,-0.2255762666463852,-0.6924058198928833,-0.1715497076511383,-0.6499476432800293,-0.1795400381088256,-0.5919895172119141,-0.1941671073436737,-0.6561610698699951,-0.2036880552768707,-0.7014134526252747
K,0.0,0.0,1.1625098431260268,2.341716786047908,1.2226969479047665,1.995773576148528,1.1556276507015708,1.6911687029723534,1.1356866184876169,1.4251929032133301,1.2283576510814112,1.7861514957618891,1.2733808995316476,1.4228270273860766,1.2792094984290896,1.1771580061665128,1.287647184059993,0.9624201754437596,1.0444165895016655,1.8017611640869167,1.0544384957437158,1.461404811292437,1.0229620699308017,1.2122960296032967,1.0,1.0,-0.2011242061853408,-0.6681898832321167,-0.2010930627584457,-0.6041460633277893,-0.2096914947032928,-0.6960844397544861,-0.2160769402980804,-0.757544994354248,-0.1607376635074615,-0.7105202674865723,-0.1681081056594848,-0.6535149812698364,-0.1832631081342697,-0.7232242822647095,-0.1925660073757171,-0.7699103355407715
K,0.0,0.0,1.2104556566783204,2.492908798163103,1.29387689036946,2.1193460060028433,1.2179146046876852,1.787645148443184,1.1782559256064737,1.4989522464681193,1.317597175160266,1.9053265408892723,1.36519741598007,1.508876702900781,1.3649427325904175,1.2421931144552534,1.3659935133383014,1.015110567570554,1.109270750678585,1.9044356444602002,1.0961971915791566,1.511265621743732,1.0417401934365522,1.2350805904353506,1.0,1.0,-0.1905616223812103,-0.6383286714553833,-0.1909585446119308,-0.5775048136711121,-0.1978968679904937,-0.6695430278778076,-0.2029255479574203,-0.7257160544395447,-0.1496809422969818,-0.6786152720451355,-0.1565054059028625,-0.6186098456382751,-0.1694245636463165,-0.6873931884765625,-0.1772560179233551,-0.7318341732025146
K,0.0,0.0,1.2912111892981415,2.5049936553605536,1.3627258537225087,2.0959609736503517,1.2738391505358955,1.7505386981751727,1.2393153224308637,1.4413256940741739,1.3892104541424115,1.8542502845805489,1.3923775202227702,1.4323333210240654,1.3530924397631883,1.1583961298856515,1.3212639624464422,0.9254836158779896,1.1617064300690754,1.8828161042656042,1.1319727584418828,1.4868031398896653,1.0595617358627254,1.2260206990906202,1.0,1.0,-0.1687780320644378,-0.5897110104560852,-0.1638820767402649,-0.5235679149627686,-0.1730312258005142,-0.613041877746582,-0.1796076595783233,-0.6663814187049866,-0.1295783370733261,-0.632485568523407,-0.1320077180862426,-0.5685078501701355,-0.1459522247314453,-0.6347934603691101,-0.1555226594209671,-0.6775256395339966
K,0.0,0.0,1.3264158241778152,2.616975888283132,1.3867836696277132,2.203473596316685,1.2703263654799692,1.8490535904436078,1.1994049628066916,1.5591255812147127,1.4346722483122716,1.9568897498156246,1.4556783259383386,1.5103455525309517,1.4366676384202268,1.2141292489158388,1.4253476820716175,0.9649439303410231,1.1742877317869589,1.9839055092397935,1.1315352205211362,1.542246626448108,1.0523321954787246,1.2450121444301472,1.0,1.0,-0.1579253077507019,-0.6306779980659485,-0.1505798399448394,-0.5634901523590088,-0.158131718635559,-0.6533640027046204,-0.1654266268014907,-0.7127500176429749,-0.1173482090234756,-0.6775063872337341,-0.1170445308089256,-0.615628182888031,-0.1301323175430297,-0.6831575036048889,-0.1407665759325027,-0.7298213839530945
K,0.0,0.0,1.232762116715266,3.2492196810510103,1.3031974388616916,2.711422967364381,1.2243467500239904,2.233456110720357,1.1898832126751542,1.8268933584786125,1.3342283413747096,2.3948134326814703,1.3856575839009413,1.8209378345570375,1.3960784042010317,1.43638654180496,1.4069863147053088,1.1058905256983171,1.127065898177361,2.392799835496183,1.094032313550288,1.7743291312002014,1.039667365198825,1.3532345856733565,1.0,1.0,-0.1997797936201095,-0.5627208948135376,-0.1950448006391525,-0.4943721890449524,-0.2039095312356948,-0.5865474343299866,-0.2103580236434936,-0.6429752111434937,-0.1605240106582641,-0.6054683327674866,-0.1616890430450439,-0.539320170879364,-0.1750971972942352,-0.6067115664482117,-0.1837323904037475,-0.6505330801010132
K,0.0,0.0,1.1585231716829136,3.304040278949639,1.2510442886428799,2.7371379737428083,1.1870795046853315,2.2255868002423096,1.161796216294386,1.7995245520732324,1.2953246037177784,2.4942850119347635,1.3607450879890528,1.9180057297717166,1.3743059408171139,1.5188243012368132,1.3881758638341606,1.1766490591241765,1.084986625907251,2.4581974772949553,1.0742128359572314,1.8225250561457356,1.0296104882838282,1.3791606514347927,1.0,1.0,-0.1801542788743972,-0.534113347530365,-0.1763398200273513,-0.4650572836399078,-0.1801687031984329,-0.5575429797172546,-0.1843972951173782,-0.6117014288902283,-0.1388141512870788,-0.5712386965751648,-0.1408185362815857,-0.5063062906265259,-0.1510752141475677,-0.5743549466133118,-0.1591753959655761,-0.616051197052002
K,0.0,0.0,1.0667670386080843,2.3639896131824774,1.1116905109090698,2.0104476586894795,1.066935014247364,1.7130696854671772,1.0311351175311196,1.4770887080226494,1.0942827063675082,1.8143548919205543,1.1408499655942301,1.4792589343610603,1.1560798454836745,1.2635196109536009,1.167752114734449,1.0775592579905644,0.9808484736586999,1.8115644564553783,0.9980561426680182,1.454973870741171,0.9980746589700276,1.2081552444116925,1.0,1.0,-0.2911883890628814,-0.6643994450569153,-0.303771048784256,-0.6085324287414551,-0.3118326663970947,-0.6902241110801697,-0.3136467039585113,-0.7487037181854248,-0.2538856267929077,-0.7030505537986755,-0.2712568342685699,-0.6492297053337097,-0.2906801402568817,-0.7060289978981018,-0.2991987466812134,-0.7517253160476685
K,0.0,0.0,1.115722356334617,2.5724707392685793,1.1757127107981846,2.2139590073041266,1.099148791306086,1.8811217787159806,1.067051542483134,1.5993867717999346,1.2906767951396698,1.8839952271534433,1.36044705499957,1.4967157083034999,1.4017715591264124,1.2517396471300601,1.4312121070175123,1.0475405855101163,1.1296614319948997,1.8915851196296456,1.0922316485752381,1.4653743880783943,1.0424587233277054,1.2055452145591263,1.0,1.0,-0.2660268545150757,-0.616489827632904,-0.2541380226612091,-0.5556867718696594,-0.2578072547912597,-0.6464032530784607,-0.2640221714973449,-0.7000277042388916,-0.231938362121582,-0.6616551280021667,-0.2267744988203048,-0.6093308329582214,-0.231855034828186,-0.6795614361763,-0.2405371367931366,-0.7238097190856934
K,0.0,0.0,0.97990540531209,2.4082339540139746,1.053668587136784,2.0864914783620283,1.0316701844308862,1.7610353005181425,1.033010847851089,1.4933262603038824,1.1477342448085623,1.8635875958403934,1.2487133681602125,1.5250986438014653,1.3098606268652748,1.3039522270276058,1.3611890307595063,1.1122567907593872,1.001394669234485,1.8444634674290976,1.0187462014278765,1.4715233395502685,1.007280272345962,1.2114827064068192,1.0,1.0,-0.2470167130231857,-0.6261776685714722,-0.2477960139513015,-0.5596874952316284,-0.243002563714981,-0.651517927646637,-0.2420191317796707,-0.7090994715690613,-0.2075397670269012,-0.6569535136222839,-0.213116705417633,-0.6019967198371887,-0.2140229642391204,-0.6726351380348206,-0.2182676345109939,-0.7214685082435608
K,0.0,0.0,0.959428817528565,2.525057755813245,1.036361181108963,2.175689224002838,1.0230234536639624,1.8331864833433607,1.0205974913786007,1.5732409610837275,1.0704428703214746,1.9420014327054218,1.1563232177685685,1.5675477533737951,1.1985168200237664,1.3169842880766078,1.2352133216677477,1.1002732025134474,0.949612420391578,1.9028144185980966,0.9802988033108999,1.511644155512651,0.9875842181501719,1.2353751602067558,1.0,1.0,-0.2646770775318146,-0.5848543643951416,-0.2704388201236725,-0.5241602063179016,-0.2686849534511566,-0.6079561114311218,-0.2674176096916199,-0.6627169251441956,-0.2255755364894867,-0.6131289601325989,-0.2371173053979873,-0.5579307675361633,-0.2422596365213394,-0.6217983961105347,-0.2446549534797668,-0.6682520508766174
K,0.0,0.0,1.0005986400805527,3.229933682434683,1.0975276198110522,2.7199449468031918,1.0725600596165714,2.187933425417469,1.0970240532714994,1.742573832852774,1.1740327298188298,2.3863426313466203,1.3054748538843393,1.866202400781903,1.3802138028948276,1.5231566207552092,1.4432542480485404,1.231882957977686,1.0114286644162584,2.3230166587159395,1.0304763641381265,1.7165541280170415,1.0126003092732259,1.3245186201847292,1.0,1.0,-0.2261782884597778,-0.5201594829559326,-0.2300815284252166,-0.457321286201477,-0.2271534949541092,-0.5486477017402649,-0.2258721441030502,-0.6064293384552002,-0.1847253441810608,-0.5500168800354004,-0.1951268911361694,-0.4910615980625152,-0.1976393461227417,-0.5636429786682129,-0.1991991251707077,-0.6139581203460693
K,0.0,0.0,1.0874368636065936,2.668728339237782,1.1605476764573721,2.282069550289739,1.1036109406067083,1.925870560880675,1.0901644380354367,1.629588855426063,1.225259256431116,1.9652051174178506,1.3166628388836186,1.5419452948749177,1.367142349475613,1.2671739893414349,1.4099953890388346,1.030648059246803,1.048895924438975,1.9658515525614795,1.0536112049293231,1.5424773113988899,1.0211002281985238,1.2461204623674456,1.0,1.0,-0.2226095497608184,-0.6111399531364441,-0.2211346924304962,-0.5529524087905884,-0.2230914831161499,-0.6479848027229309,-0.2260061651468277,-0.7096655368804932,-0.1824548840522766,-0.6514318585395813,-0.1861679702997207,-0.5956249833106995,-0.1939731389284134,-0.6682446002960205,-0.201355904340744,-0.7198441624641418
L,0.0,0.0,1.0573071285165865,1.1902411806401192,1.2907093445225675,1.0859444575707458,1.434962471543896,0.9657319023645518,1.487285266668347,0.8489562167172534,1.2014788773804423,0.8437797386452446,1.280376313600968,0.6570317696879372,1.311415097905799,0.5430592864542629,1.3291910276118715,0.44284309627233237,1.0563778424602877,0.8280900928736301,1.0709728837478893,0.7317428799912761,1.0210851331031645,0.8978441867650534,1.0,1.0,-0.2578753232955932,-0.5489502549171448,-0.2577855288982391,-0.4997025728225708,-0.2529105842113495,-0.6082238554954529,-0.254666119813919,-0.6593046188354492,-0.2138845026493072,-0.5635159611701965,-0.2183306813240051,-0.5162465572357178,-0.2218945026397705,-0.5970011949539185,-0.2258278727531433,-0.6393592357635498
L,0.0,0.0,1.0975748240101602,1.1948736814295886,1.3557344337530786,1.1172068634931067,1.5706274489938299,1.0582030425378803,1.7509667110140625,1.0622827445761274,1.275921119402919,0.8336852831019522,1.3584143850864776,0.6431886715871844,1.3964709382362537,0.5237716233803619,1.4228202010830011,0.4201657717305073,1.1222611706112744,0.8064919479615287,1.094846881507136,0.7252894169021247,1.0346284061510462,0.8862613940495299,1.0,1.0,-0.2599284052848816,-0.5022815465927124,-0.2495490461587906,-0.4601660072803497,-0.2453967630863189,-0.5596655011177063,-0.2465827465057373,-0.6225668787956238,-0.2195280790328979,-0.51017826795578,-0.2141361236572265,-0.4714486300945282,-0.2168765068054199,-0.5452979803085327,-0.224994421005249,-0.5948777794837952
L,0.0,0.0,1.03478667905577,1.2121742720015405,1.2804240904148898,1.1351466905948289,1.4680646307023533,1.0543868894976776,1.628473694307495,1.0416497525494095,1.2229491808349535,0.8367522641357718,1.2966984337807388,0.6389493324237354,1.3297836908389113,0.5143368718537309,1.3534281913379957,0.40852215429260064,1.0870640898711164,0.8061705158127149,1.0996109484694658,0.712607765077892,1.0377223446895718,0.8870004829678296,1.0,1.0,-0.2791123390197754,-0.4656231999397278,-0.2791162431240082,-0.4208623170852661,-0.2695069909095764,-0.5234301090240479,-0.2657990753650665,-0.5788450241088867,-0.2374235689640045,-0.4684182703495025,-0.2427290678024292,-0.4245986044406891,-0.2401358932256698,-0.5039920210838318,-0.2412583231925964,-0.54984050989151
L,0.0,0.0,1.0455325081929119,1.170345068334338,1.2738492389461433,1.0665767400543444,1.4370331092136428,0.9744270511823231,1.5819900336705486,0.9601078114509279,1.1807499323433306,0.8004840809896036,1.241016963415672,0.6058649143312301,1.2659068719094289,0.483822630143747,1.2838848985532467,0.38090083006430675,1.0432894624856917,0.7808240275457174,1.0746143569843198,0.7167372581877678,1.0338704109413506,0.8873936332460896,1.0,1.0,-0.2844222486019134,-0.4834227859973907,-0.2889672815799713,-0.4641339778900146,-0.2845174670219421,-0.5673423409461975,-0.2814998030662536,-0.6254622936248779,-0.2432724833488464,-0.4914031326770782,-0.2534554302692413,-0.4643422961235046,-0.2564839720726013,-0.5424736142158508,-0.2581005394458771,-0.5878199338912964
L,0.0,0.0,1.037547351828309,1.1617644615770677,1.2488140119190008,1.0619668555048418,1.4027431157647279,0.970429968329863,1.5411575895772813,0.9805615170966182,1.171478347869627,0.7973231209876178,1.2325514792142866,0.609198436302163,1.2573187258764527,0.48714799044387447,1.2771809179859603,0.3869209299686698,1.0469103312688621,0.7726703203726931,1.1009853613118172,0.7276959861144533,1.0453830198617344,0.8952266296121173,1.0,1.0,-0.3007269203662872,-0.4726194441318512,-0.3143115043640136,-0.4615983068943023,-0.3035331070423126,-0.5599873661994934,-0.2958499491214752,-0.6127579212188721,-0.2589807510375976,-0.4772332310676574,-0.2749425172805786,-0.4567903280258178,-0.2752389013767242,-0.5328335165977478,-0.2737101316452026,-0.5758289694786072
L,0.0,0.0,1.014630583321669,1.1601451955711886,1.153678947038183,1.034643361782612,1.2498302821444718,0.9159615133869453,1.3532614819784383,0.888486547202187,1.081734021278684,0.759254728384409,1.1101773759936677,0.5581125224139002,1.1183732570093685,0.4267559990837388,1.1275486074576753,0.3169409827153485,0.9911341927823658,0.7390273833806003,1.0498280297509015,0.7042668548628855,1.026598129548025,0.8836199485965776,1.0,1.0,-0.4189965426921844,-0.4375313520431518,-0.4457810223102569,-0.4335346221923828,-0.4380400478839874,-0.5363591313362122,-0.4302217960357666,-0.5929246544837952,-0.378392606973648,-0.448214590549469,-0.4068402945995331,-0.4358894824981689,-0.4088985919952392,-0.5099216103553772,-0.4056166410446167,-0.5513424277305603
L,0.0,0.0,1.0252318188779046,1.184361987444792,1.2233341985954556,1.0583702288675954,1.3534401923243318,0.9334461902616641,1.4853905513023782,0.8866769278455474,1.1416094862334327,0.8013266453222918,1.2032400277659265,0.6060914271439257,1.230270569756604,0.4838795436241448,1.2531188646351157,0.381692096065325,1.0183141275100311,0.781215396339538,1.0779157086664195,0.7134442494994215,1.0360416037765607,0.8864850570329474,1.0,1.0,-0.3034014105796814,-0.4662993550300598,-0.3215236365795135,-0.4427312016487121,-0.3120169341564178,-0.5453330278396606,-0.3037953674793243,-0.601443886756897,-0.2595587968826294,-0.474289059638977,-0.2801968455314636,-0.4436348080635071,-0.2823966443538666,-0.5200769901275635,-0.280279129743576,-0.5643688440322876
L,0.0,0.0,1.0506269320509378,1.2125823155370048,1.26217566505204,1.083140692060634,1.4014902904292412,0.9404699057491114,1.528033241212046,0.8616669264798696,1.1630295721933945,0.7866773627967343,1.2137234868569644,0.559495880647069,1.2314397578156882,0.41707168333850025,1.243421793679982,0.29794811793067233,1.0331987541815664,0.77296518094384,1.0617203577705163,0.6671230621292187,1.0268323040370837,0.8635765243299008,1.0,1.0,-0.2777642607688904,-0.4020284414291382,-0.2852779030799866,-0.3616404235363006,-0.2821318507194519,-0.4615343511104584,-0.2785410284996032,-0.519304096698761,-0.2350872159004211,-0.4147509336471557,-0.2476648390293121,-0.3687105476856231,-0.252124935388565,-0.4414389133453369,-0.2527354657649994,-0.4851951897144317
L,0.0,0.0,1.0329322005539088,1.214097739297121,1.2109598650900306,1.0797665720660057,1.3430728386729602,0.9668891714084392,1.4600677958360897,0.9617678592215624,1.1234667671198677,0.764687796811324,1.1620403092814577,0.52566266391276,1.1732210729076828,0.3750485031255783,1.1823512714888513,0.24851320928561133,1.0149314716693347,0.7482901566953715,1.0577413930628021,0.6552237186586395,1.029382141454819,0.8607433867069554,1.0,1.0,-0.3209253251552582,-0.3651991486549377,-0.334434449672699,-0.336508572101593,-0.3308571875095367,-0.4324392080307007,-0.3250575065612793,-0.4870215356349945,-0.2789535522460937,-0.3734846115112304,-0.2953489422798157,-0.3408251404762268,-0.30141282081604,-0.4084460437297821,-0.3011872172355652,-0.4479230046272278
L,0.0,0.0,1.001707084394636,1.1509790540859224,1.1265311747086657,1.0484929910253786,1.2300554183432306,0.9808509046947983,1.3250136543224122,0.9796491773017091,1.0526608143073772,0.7511578183127112,1.0792989268682893,0.5605414453369445,1.0928496164745911,0.43020104043799345,1.1072785520984523,0.3225428330612286,0.9819664352947569,0.721266539169169,1.0614773332646184,0.710082748388734,1.035087043154381,0.892600757525375,1.0,1.0,-0.485084056854248,-0.435599684715271,-0.5273387432098389,-0.4579035341739654,-0.5145002603530884,-0.5594791173934937,-0.5001651644706726,-0.6079866886138916,-0.4473572969436645,-0.4462112784385681,-0.4881184995174408,-0.4562666714191437,-0.4878450632095337,-0.5295311212539673,-0.4802233874797821,-0.5649949908256531
L,0.0,0.0,1.0368490290845653,1.1658255379084688,1.2474660669411994,1.0511144423377325,1.3865166926687043,0.9479659842748364,1.5215384087960842,0.9210436508985969,1.155040058177302,0.7592608983791872,1.2053757162698386,0.5517656970337975,1.2226697505562918,0.4183676855100002,1.236800376290902,0.30785785852700603,1.0211212452841516,0.7297224211665632,1.0843080618869219,0.7046305980115628,1.0403605919831775,0.8873975897476984,1.0,1.0,-0.298914760351181,-0.4469900727272033,-0.3162506818771362,-0.4554725289344787,-0.3079655170440674,-0.5600221157073975,-0.301935076713562,-0.6126776337623596,-0.2547295093536377,-0.4579767286777496,-0.2736502289772033,-0.4521977305412292,-0.2766965329647064,-0.5295478105545044,-0.2765066623687744,-0.5677051544189453
L,0.0,0.0,1.0253207686611707,1.1507768498101134,1.2031442769855216,1.0433803641603117,1.3327963475087865,0.9525934431689282,1.4585926713603672,0.947626817612161,1.1217132261392324,0.7432447233403188,1.1588420394748826,0.5439703195581448,1.1691354938887693,0.41108230811108154,1.178866314942715,0.30230272116630386,1.0070218064264609,0.7097257004253891,1.0683763545545526,0.7112117268751115,1.0346487369735147,0.8895750354775931,1.0,1.0,-0.352980762720108,-0.4485121369361877,-0.3754611909389496,-0.4762349426746368,-0.3681249916553497,-0.5805967450141907,-0.3620933294296264,-0.6350688934326172,-0.3093519806861877,-0.462872713804245,-0.3325640261173248,-0.4705391526222229,-0.3364557325839996,-0.5461949706077576,-0.3368296027183532,-0.5840225219726562
L,0.0,0.0,0.990086797213419,1.1511768949260828,1.1221430975249387,1.053098132232709,1.2266239309317577,0.996429960871668,1.3200305460923858,1.0005464196121738,1.0494880290151885,0.7754475419383854,1.0912435534967537,0.5820068897841716,1.1087113352277669,0.45939323774861723,1.1271164956697375,0.35148828713670466,0.980645643132618,0.7454244943735103,1.0618477986357437,0.7102188315326181,1.0349091685667993,0.8890679244990822,1.0,1.0,-0.4525162577629089,-0.4194850921630859,-0.4921436607837677,-0.4147821962833404,-0.4800360202789306,-0.5132880210876465,-0.4657069444656372,-0.567295253276825,-0.4164555668830871,-0.4211913347244262,-0.4543898105621338,-0.4136472344398498,-0.4534122943878174,-0.4836229085922241,-0.4445303082466125,-0.524212658405304
L,0.0,0.0,1.0456786332740853,1.178324135781993,1.2518356129898467,1.0435615130223255,1.3938815443178958,0.9295029301488696,1.5356797394097053,0.9152870339656022,1.1450653001441793,0.7936454469607873,1.1853620114885535,0.5927146346611983,1.1949582147733948,0.46894645316285183,1.2036411886762228,0.3649348129831227,1.0125401450944793,0.7847371410190686,1.0688236629108914,0.7062619744076878,1.0336130775744352,0.8829053205070213,1.0,1.0,-0.2753343284130096,-0.4722248017787933,-0.28960782289505,-0.4444709718227386,-0.2852680683135986,-0.5474740862846375,-0.2796846330165863,-0.6042532324790955,-0.2312440127134323,-0.4847747683525085,-0.2480557858943939,-0.4513149261474609,-0.2537333965301513,-0.5276006460189819,-0.2538279294967651,-0.5712522864341736
L,0.0,0.0,1.0385500994200954,1.1586999304396481,1.2293250966936597,1.0198428089351517,1.3582095264231493,0.9054759135305424,1.485865643520311,0.8734895534915272,1.1012064226889655,0.7718727543791403,1.1233047171651067,0.5716510906411625,1.1181682083922608,0.45077570331647654,1.1174798651314475,0.3475998325186021,0.976781665729668,0.7635310693323164,1.0486702970903812,0.7098492092540178,1.0285728707148214,0.8894775116939958,1.0,1.0,-0.2923141717910766,-0.4835416078567505,-0.3142311573028564,-0.4725753664970398,-0.3124013245105743,-0.5794949531555176,-0.3073149919509887,-0.6340416669845581,-0.249472826719284,-0.4994881153106689,-0.2720524966716766,-0.4816254377365112,-0.2801069915294647,-0.555895984172821,-0.2801871001720428,-0.5930784940719604
L,0.0,0.0,1.022826637148856,1.094887702838709,1.1655141652007874,0.9830853278016098,1.269953717438318,0.9039206310807456,1.3703679065206313,0.8722500529086178,1.0723600106159807,0.7476978048995114,1.107496678708281,0.5851389549041952,1.1180906324477462,0.4749126022177148,1.1333155640771468,0.38002564845779657,0.9792697215482444,0.7188372183976274,1.0744744719274342,0.7489034275006852,1.0418338758526504,0.9048139272513602,1.0,1.0,-0.4207172989845276,-0.5522609353065491,-0.4675748944282532,-0.6058535575866699,-0.455651193857193,-0.7060251832008362,-0.4423182606697082,-0.7551491260528564,-0.3822682499885559,-0.5771002173423767,-0.4255188703536987,-0.610693633556366,-0.4261118173599243,-0.6867663264274597,-0.4208716750144958,-0.7225247025489807
L,0.0,0.0,1.0626558283816423,1.1322213425479872,1.2631469189546818,0.9907535085767102,1.389641447089386,0.8733785432117531,1.5165335212905091,0.8196015257481936,1.1169999054064639,0.7507493608918647,1.1364237747017094,0.5600602317455005,1.1263590586152556,0.4403775415646075,1.120920382447274,0.3389430458457203,0.9695015427066305,0.7363435687198445,1.0394852049740648,0.7212732779013601,1.0240512657175842,0.8923372459713438,1.0,1.0,-0.2739912867546081,-0.5275498628616333,-0.2957913279533386,-0.5516489744186401,-0.2962363362312317,-0.6584176421165466,-0.2935019135475158,-0.7118152379989624,-0.2295536994934082,-0.5519694685935974,-0.2515717446804046,-0.5612834692001343,-0.2614919543266296,-0.6368027925491333,-0.263809323310852,-0.6716290712356567
L,0.0,0.0,1.0233527032321528,1.110626249284414,1.164676415723247,0.9869418662978604,1.270179367985703,0.9029348094746924,1.3746724808275328,0.877573052380377,1.0524768696117106,0.7463303120467119,1.0863313938389494,0.5747665145673588,1.1053925522009906,0.4585325322640701,1.128254817399389,0.35846104114404775,0.9638786995381738,0.7243052708460472,1.0636581781420724,0.7252296318829123,1.0388943900408723,0.8935019579059827,1.0,1.0,-0.4332873821258545,-0.536273181438446,-0.4830643236637115,-0.5706170201301575,-0.4724316895008087,-0.6776412725448608,-0.4585895836353302,-0.7293041944503784,-0.3936871290206909,-0.5589842796325684,-0.4394055008888244,-0.580143392086029,-0.4408695101737976,-0.6553613543510437,-0.4336974024772644,-0.6885299682617188
L,0.0,0.0,1.1139202561645585,1.147454580777121,1.401168625106408,1.0149713292873803,1.5768110078475532,0.9025457246854042,1.7435075757153549,0.8555008302471436,1.2340627289650383,0.7803194160533997,1.3006270714684558,0.5946157138883221,1.3142405567243964,0.478341444381587,1.3226339207209867,0.38012493824565946,1.0273724646577882,0.7682442787887229,1.1177353569391162,0.7295322391258395,1.0630286094613408,0.9005238071382926,1.0,1.0,-0.2097907960414886,-0.5722681283950806,-0.2281869351863861,-0.5707715153694153,-0.2245422601699829,-0.6831331849098206,-0.2175952792167663,-0.7361307144165039,-0.1612454056739807,-0.5940435528755188,-0.1819711327552795,-0.5800844430923462,-0.1897383630275726,-0.6623772382736206,-0.1894706487655639,-0.7003650665283203
L,0.0,0.0,0.9958058320962961,1.1526838005077704,1.1217057393519332,1.0342144930140633,1.220639333441799,0.9627759174487014,1.3130917235374662,0.9713769053357949,1.0305422881591426,0.7363762354741372,1.0551797078871379,0.5425667326743661,1.0696602931742083,0.4147769512819505,1.0887657553831942,0.3052538542998541,0.9584268096000803,0.712027457794912,1.0524211338672014,0.7105815499963353,1.0351392944640727,0.8884255691519622,1.0,1.0,-0.5163082480430603,-0.4766128659248352,-0.5715646743774414,-0.5005846619606018,-0.5620560646057129,-0.6108640432357788,-0.5460413098335266,-0.6669793128967285,-0.4784466028213501,-0.4906758964061737,-0.5327900052070618,-0.4983294010162353,-0.5334740281105042,-0.5761192440986633,-0.522508442401886,-0.6157922744750977
L,0.0,0.0,1.0491235277697153,1.1894250509797646,1.253706436843149,1.0286545540029919,1.3941717836646654,0.8949917103865375,1.5386348167986623,0.8606790815789824,1.1251293598722685,0.7456092705387087,1.1618904645227353,0.5201425507315948,1.1706001899041962,0.3830721006231162,1.1780239068320923,0.2660307098447616,0.9862848608048739,0.7382259585158801,1.0592106918178983,0.6806990043080309,1.0325137635434258,0.8784621668165563,1.0,1.0,-0.2934160828590393,-0.4560737609863281,-0.3161096274852752,-0.440896600484848,-0.3126663267612457,-0.5572434067726135,-0.3071925342082977,-0.6175916790962219,-0.2467829287052154,-0.475350558757782,-0.2705806493759155,-0.4507438540458679,-0.2785854041576385,-0.533013105392456,-0.2792762517929077,-0.5773259997367859
L,0.0,0.0,1.1087290441457658,1.1660090854489007,1.3915352419139597,1.0254222440288034,1.573348666107304,0.9073703424855178,1.7623458286655829,0.8756971291447778,1.2303075674339297,0.7667936524049744,1.2790101003744774,0.5549977958434025,1.2859025345294797,0.42319566988971696,1.2887656387642423,0.31414255488537907,1.0349192409520251,0.7611157168114643,1.0833052485389232,0.70107035536268,1.0365265844411142,0.8866643356183247,1.0,1.0,-0.2003787904977798,-0.4927043318748474,-0.2074863016605377,-0.4738132655620575,-0.2054004967212677,-0.5843340754508972,-0.2045997381210327,-0.6394607424736023,-0.1548884510993957,-0.5101159811019897,-0.1651738435029983,-0.480881005525589,-0.1721361577510833,-0.5647673010826111,-0.1756480634212494,-0.6081992387771606
L,0.0,0.0,1.0684642789422316,1.1813040596627935,1.261878445322562,1.0426138908075764,1.4152211837325719,0.9391999371672219,1.551315352913297,0.9170824843592248,1.1503935503543736,0.7712690036181995,1.1782547023443637,0.5519971748871243,1.183514484611885,0.41882815097425247,1.186193391605656,0.30748554521312454,1.0177614676073654,0.7698578743033425,1.0542964124687753,0.6819468555166962,1.0269804779901333,0.8760270117955156,1.0,1.0,-0.2946355640888214,-0.4805252254009247,-0.3051751852035522,-0.4463185369968414,-0.3045566082000732,-0.5580379962921143,-0.3010051548480987,-0.6157897114753723,-0.2485662102699279,-0.5007485151290894,-0.2623496651649475,-0.4612520933151245,-0.2703527808189392,-0.5422913432121277,-0.2714560627937317,-0.5858169198036194
L,0.0,0.0,1.0140375851143086,1.1262690059312874,1.2049772363823583,1.0494064725897434,1.3430885563377486,0.9968253540103073,1.4594152284016104,1.004689912400569,1.096150480919203,0.7836967377155611,1.1385115529550396,0.6234795806315294,1.157370913152449,0.5156248701157807,1.1772604113880207,0.42675950811860125,0.984928180040137,0.75516122777294,1.082981168146938,0.7592240485604544,1.0468332807576384,0.9131688051228626,1.0,1.0,-0.3122491240501404,-0.5313804745674133,-0.3470576703548431,-0.5590423941612244,-0.3359324336051941,-0.6574169397354126,-0.3229942917823791,-0.7009727358818054,-0.2737162113189697,-0.5424357652664185,-0.3084960579872131,-0.5571525692939758,-0.3076026141643524,-0.6275413632392883,-0.2999421656131744,-0.656959056854248
L,0.0,0.0,1.0214426311405602,1.160844558314705,1.1973342946446084,1.0482153513940522,1.3322689056238268,0.963454069169874,1.4501395658070477,0.9641788387122877,1.0809271186139404,0.751656118934712,1.1087570956216781,0.5491170320041284,1.117453256914908,0.41612627754777715,1.1279323086345565,0.3074275207924333,0.973438214805046,0.7292555123595891,1.0618217586694987,0.6915539261287882,1.0363910318639136,0.8800254535618212,1.0,1.0,-0.3314823508262634,-0.436810553073883,-0.3649442493915558,-0.4443461894989013,-0.3569047451019287,-0.5495613813400269,-0.3469224572181701,-0.6034035086631775,-0.290349394083023,-0.4478644728660583,-0.322226881980896,-0.4439654946327209,-0.3251001238822937,-0.5158820152282715,-0.3212750554084778,-0.552392303943634
L,0.0,0.0,1.0121718638718435,1.1665335989637384,1.177261820803669,1.047584505566371,1.297035056423411,0.9463836642350879,1.4174774637388434,0.9345533141938042,1.0808962296400724,0.7710296208201718,1.119491800329116,0.5782484048288172,1.133629771295779,0.451599362689028,1.1473464004905303,0.3462282754981201,0.980008205889808,0.749101780380215,1.0645510427281808,0.7086561677006558,1.0375212805019882,0.8874916864248218,1.0,1.0,-0.3394148349761963,-0.4431118369102478,-0.370291531085968,-0.4453345835208893,-0.36123988032341,-0.5471436977386475,-0.3503553867340088,-0.5979602336883545,-0.2991859912872314,-0.451857179403305,-0.3301470279693603,-0.4476262927055359,-0.3321256637573242,-0.5208438634872437,-0.3272177278995514,-0.5573748350143433
L,0.0,0.0,1.0144688600147145,1.173266021249419,1.2156902413231603,1.0516836098248767,1.375843293034859,0.9705788242494233,1.516205933871733,0.9756960238344667,1.0832935800469057,0.7840729848648015,1.1145097758342244,0.5915370377204023,1.1200325651795773,0.4687925592250985,1.1264740674502585,0.36485336285985076,0.9672470334694608,0.7725632602007974,1.0588965984282017,0.709905530624143,1.0362925011627557,0.8919651458885073,1.0,1.0,-0.2835929095745086,-0.4818930029869079,-0.3118623793125152,-0.4634154140949249,-0.3087338507175445,-0.5736912488937378,-0.3006627261638641,-0.628495454788208,-0.2416770160198211,-0.4919786155223846,-0.2704896330833435,-0.4717714190483093,-0.277003139257431,-0.5473809242248535,-0.2744944393634796,-0.584937334060669
L,0.0,0.0,1.0370302634591049,1.1471195837760908,1.2429780314367291,1.03050723223685,1.399060529144191,0.9389446180124729,1.5434860092193012,0.9144700236349458,1.1145164861945098,0.7626776244298944,1.1502491807721893,0.5763093516049916,1.1589775196391632,0.4553422012102392,1.169313640108546,0.35341393464933957,0.9789874510762752,0.7420322200234581,1.0691590946952823,0.7192360832730617,1.039521937622134,0.8940117085951877,1.0,1.0,-0.2840705811977386,-0.5064569115638733,-0.3141782879829407,-0.5244765281677246,-0.3075045645236969,-0.6322502493858337,-0.2993688285350799,-0.6839563846588135,-0.240797221660614,-0.5222481489181519,-0.2715354263782501,-0.5261984467506409,-0.2752826511859894,-0.6008337736129761,-0.2723099589347839,-0.6346287727355957
L,0.0,0.0,0.9966996583564124,1.1692955256630657,1.2130214611059063,1.0626253908173653,1.3813552120898207,0.9903535857478553,1.5240464802700242,1.0183181798198109,1.1390094482844844,0.8044075999061973,1.2115572485287964,0.6189910668030214,1.2422324659371222,0.504338377538024,1.2707861446810167,0.4091030191326934,1.0215529349109158,0.7768233381712736,1.1116099464703655,0.7254498536049998,1.0543961467178529,0.8965221149603443,1.0,1.0,-0.2973188161849975,-0.4855932295322418,-0.3222793042659759,-0.4753742814064026,-0.3084840178489685,-0.5808663964271545,-0.2965612113475799,-0.633553683757782,-0.2544328570365906,-0.4854414165019989,-0.2809348106384277,-0.4742374718189239,-0.2791589498519897,-0.5488446354866028,-0.2734540700912475,-0.583774209022522
L,0.0,0.0,1.0065744861258126,1.1342370966383828,1.1369090516118663,1.025266911958567,1.2452985153206275,0.9641504749165911,1.3475298016548163,0.964742826557783,1.0308001972922196,0.7086999943404795,1.048661350121645,0.5199444176422436,1.0658072632354816,0.38874957208503635,1.0877156775269752,0.2808270888806986,0.9496270844532623,0.6812851822020504,1.060444018332659,0.7117997033583041,1.0402866279101988,0.8952979219897218,1.0,1.0,-0.4710894227027893,-0.4809992909431457,-0.5335213541984558,-0.5270093083381653,-0.5221747756004333,-0.6368532180786133,-0.5035198330879211,-0.6873230934143066,-0.4334346055984497,-0.5065834522247314,-0.4881695806980133,-0.538563072681427,-0.4890663027763366,-0.6191885471343994,-0.4789975583553314,-0.6544457077980042
L,0.0,0.0,1.0441018100408128,1.1470390159326427,1.2739781196715034,1.046965622142227,1.4447489021242528,0.9616319107520124,1.5981207868291105,0.9432646966796159,1.165714146430459,0.7326415947833843,1.2112331034605015,0.5324147606545958,1.2289843259794464,0.40164400489600266,1.2468203982008539,0.29549965855700255,1.012562557035804,0.6891243334568422,1.0767777166769645,0.7150957027633312,1.0377115841356357,0.8928745053345688,1.0,1.0,-0.2787437438964844,-0.464283287525177,-0.29864501953125,-0.5193251967430115,-0.2931340932846069,-0.6247512102127075,-0.2890622019767761,-0.6762564778327942,-0.2316061854362487,-0.4817371666431427,-0.2535381913185119,-0.5164135098457336,-0.2575373351573944,-0.5945765376091003,-0.258087545633316,-0.6283278465270996
L,0.0,0.0,1.006574007988827,1.1701401643608307,1.1830355703147655,1.0697033102655238,1.3190636381717837,0.9960770908871954,1.43935366179855,0.9982947910828277,1.0871906620645717,0.7684943078572155,1.1280865208649111,0.5678177079372514,1.1459521560536894,0.438229992166498,1.1649310554003967,0.3306984133004144,0.9875528632660916,0.7403087537576665,1.0743317970803559,0.7030585651534473,1.0401064758586283,0.8888443267909484,1.0,1.0,-0.3629994690418243,-0.4506728649139404,-0.394295871257782,-0.4613300561904907,-0.3835542201995849,-0.5664293766021729,-0.3726633787155151,-0.6153087019920349,-0.3225935399532318,-0.4576661884784698,-0.3536317348480224,-0.4590339362621307,-0.3543194532394409,-0.5325179696083069,-0.3495692312717438,-0.5645133256912231
L,0.0,0.0,1.0990359321597225,1.1509114586981433,1.4022352551473694,1.029557836327927,1.6138982293601711,0.9324001319619748,1.8193399640739745,0.9032493359875154,1.2428670634819208,0.7554720617447559,1.3217500697766433,0.5558532210208982,1.3497487785253564,0.429222520529753,1.3720421604280044,0.3233804276716696,1.0295504083850568,0.7363268937664077,1.0950392384991223,0.7110763831492123,1.046580765569904,0.8906857189686234,1.0,1.0,-0.1918262243270874,-0.5096496343612671,-0.2036128789186477,-0.5154592990875244,-0.2018363773822784,-0.6295191645622253,-0.200180321931839,-0.685953676700592,-0.1430085450410843,-0.5282298922538757,-0.1577771008014679,-0.5200260877609253,-0.1645014584064483,-0.6039273142814636,-0.1660289615392685,-0.6444671750068665
L,0.0,0.0,1.0024207733164376,1.1493114980849746,1.1250009648878863,1.0534873008770242,1.2293188016697463,1.01048020044765,1.3225673403079254,1.0210109773751332,1.041844110418223,0.7481498168246122,1.074397237145242,0.5680612597750879,1.0997289343068861,0.44393163322147194,1.1267055306121896,0.3409707177959524,0.9727798346985367,0.7186937068220834,1.0770186028298232,0.7331877689066847,1.046288227554152,0.9074075259029151,1.0,1.0,-0.5191784501075745,-0.492868959903717,-0.5793211460113525,-0.5357565879821777,-0.563028872013092,-0.6411125063896179,-0.5415652990341187,-0.6846804618835449,-0.4837743937969208,-0.5106478929519653,-0.5360171794891357,-0.5379436016082764,-0.5352840423583984,-0.6154018640518188,-0.5239052176475525,-0.6482332348823547
L,0.0,0.0,1.0424327317029232,1.1426546292105104,1.2220837818189758,1.0171038040000138,1.3347517762761025,0.909518348441311,1.4500671022474474,0.8426643222429795,1.0764310520995497,0.8110035438631501,1.102622856253793,0.6405031865111189,1.0993823863651873,0.5399362990996706,1.0948845795850852,0.45209987358844683,0.9553438410145312,0.8093171070126702,1.0378943451230087,0.7529381742867558,1.0273097503432451,0.9084781696069564,1.0,1.0,-0.2737835645675659,-0.5888711214065552,-0.3007722795009613,-0.5709887146949768,-0.3004069626331329,-0.6795114278793335,-0.2940589189529419,-0.7293603420257568,-0.2327763140201568,-0.6104921698570251,-0.2585127055644989,-0.5845264196395874,-0.2682244181632995,-0.6593029499053955,-0.2677191495895386,-0.6961646676063538
L,0.0,0.0,1.0295095996050392,1.1149922794947882,1.2026580340385786,1.0036629276589077,1.3374403911314336,0.9182639737811144,1.4606660620251877,0.9023219846489857,1.092711777647464,0.7405096950046289,1.126350653377885,0.5616862116693374,1.1358836034349737,0.44162760582675237,1.1441239013100282,0.34191534359789705,0.9737528587791505,0.7131396082333168,1.0619047539696451,0.7234787521530335,1.037452070902116,0.8957186819560169,1.0,1.0,-0.3390488624572754,-0.519858181476593,-0.3745043277740478,-0.5699976086616516,-0.3679900467395782,-0.6736067533493042,-0.3585793375968933,-0.7211104035377502,-0.2965157628059387,-0.5430053472518921,-0.3307294249534607,-0.5748228430747986,-0.3344849050045013,-0.6511119604110718,-0.330812931060791,-0.6825541257858276
L,0.0,0.0,1.0217680892818806,1.1361747564580482,1.1992622573574392,1.0110106775018846,1.3348052548708655,0.9067144922318071,1.4701574824749197,0.884520964495417,1.0899716533577106,0.7365060820694098,1.1258324105493493,0.5450628312667077,1.1365724985442172,0.4168133000076269,1.1472390451688597,0.31209641289063267,0.9683139073921112,0.7113538536236819,1.0607214134885814,0.704199871511844,1.0375438464043545,0.8859647545923346,1.0,1.0,-0.3250106275081634,-0.4936771690845489,-0.3600428700447082,-0.528313398361206,-0.3532956540584564,-0.6388354897499084,-0.3440117537975311,-0.6928275227546692,-0.2814096212387085,-0.5139840245246887,-0.3152105212211609,-0.5333318114280701,-0.3183883428573608,-0.6084790825843811,-0.3141253292560577,-0.6403962969779968
L,0.0,0.0,1.029020276101929,1.1096701317543536,1.2070622085725455,0.9863258239417484,1.3389884068480327,0.8973140397390693,1.4705871267846211,0.8864254410497501,1.0815732628928263,0.7569569413977221,1.1191975926405653,0.584907574094114,1.126507646200443,0.4757374933603608,1.1384693997456057,0.38289232589568173,0.9573495896595908,0.7366567207889047,1.0561013109100288,0.7375666564079499,1.0349573495059057,0.9000221444146692,1.0,1.0,-0.2990443408489227,-0.5459441542625427,-0.334410548210144,-0.5798386931419373,-0.327862024307251,-0.6819195747375488,-0.3189042210578918,-0.730595588684082,-0.257510781288147,-0.5691461563110352,-0.2902036309242248,-0.5835138559341431,-0.2955642342567444,-0.6544865965843201,-0.2936935126781463,-0.6865818500518799
L,0.0,0.0,1.0077031100510518,1.1791741459435758,1.1125472113897354,1.0574097010331005,1.202042918718007,0.9906069971771677,1.2868617481270852,1.0039960708057825,1.011684147333557,0.7535680779443608,1.0320576287119652,0.5670054099958783,1.0514884484189817,0.4412172957910833,1.0742321249190074,0.33698100566469785,0.9522336243495649,0.7371071800712266,1.0707765340563393,0.7348207447889036,1.0480476995865144,0.9125163384782453,1.0,1.0,-0.5565502643585205,-0.51336270570755,-0.6296281814575195,-0.5366532802581787,-0.6140429377555847,-0.6489344835281372,-0.5879582762718201,-0.6887717247009277,-0.5255579352378845,-0.5312912464141846,-0.5878275036811829,-0.5448598265647888,-0.585257887840271,-0.6298090219497681,-0.5694983005523682,-0.6626939177513123
L,0.0,0.0,1.058798918308528,1.1497232157697124,1.2515581957056094,1.0394579966185782,1.4055466039178406,0.965431324421818,1.535338373684486,0.9753666863710133,1.149283402525204,0.806630555020449,1.1788741784762464,0.6209903645236369,1.1824495167360838,0.507152355940132,1.1852622561044377,0.41257305899054436,1.019013385238206,0.8019298061027903,1.0635666289428958,0.7404069227147405,1.0300678672099555,0.900161141910095,1.0,1.0,-0.2991406917572021,-0.5742573738098145,-0.3108299374580383,-0.5558958053588867,-0.3070767819881439,-0.659787118434906,-0.3031408190727234,-0.7111629247665405,-0.2567431628704071,-0.5903200507164001,-0.2713022232055664,-0.5615111589431763,-0.2763038277626037,-0.6366597414016724,-0.2766528725624084,-0.6754269599914551
M,0.0,0.0,1.0254338117574364,1.2110754872084388,1.1666018781188854,1.0816953746441602,1.154467881920063,0.9148521752290458,1.080891591532549,0.8325176228275051,1.13941456244324,0.9353644707303387,1.1837361083803801,0.7754607300721852,1.13083045436246,0.8492613722668566,1.091608291436115,0.9503907429206534,1.0376872735443645,0.8943811150081644,1.0712844423222765,0.7325318975295245,1.0224136542800701,0.8746739893600611,1.0,1.0,-0.2992888987064361,-0.4211189150810241,-0.3075634837150574,-0.3533151149749756,-0.2983964681625366,-0.4303056001663208,-0.2943367660045624,-0.4888128638267517,-0.2655877768993377,-0.4203090071678161,-0.278814435005188,-0.3690078854560852,-0.2759976089000702,-0.4238127171993255,-0.2739198803901672,-0.4679664969444275
M,0.0,0.0,1.0148014773884084,1.2547940367001196,1.1486929599183093,1.099413218514078,1.1267632724904004,0.9242841341653512,1.0545718473599435,0.8321188152608655,1.1213413677623687,0.9187458052323025,1.1673451363982623,0.7368208100675083,1.1247506636054825,0.8481190472189577,1.089579774611098,0.9612085675566412,1.015501791817672,0.8823070999933773,1.0537349998373966,0.6934667224156853,1.0189458480546139,0.8754384386848109,1.0,1.0,-0.3034511506557464,-0.3937773108482361,-0.3132000565528869,-0.3168018460273742,-0.3086581826210022,-0.4035611748695373,-0.3048396408557892,-0.4567285180091858,-0.2659394741058349,-0.3987482786178589,-0.27987140417099,-0.3410269916057586,-0.2821650505065918,-0.4008612930774688,-0.2810182869434356,-0.4408991932868957
M,0.0,0.0,1.0171250238599283,1.279758034830289,1.130287026369145,1.1118217870923295,1.0907434122241493,0.9260346666560919,1.0189236745697001,0.8259641138893221,1.1211912067007699,0.9661614570951726,1.168590645897734,0.7836855371141574,1.1174678851678026,0.8889828108247328,1.0772723401998205,0.9988684146025931,1.0218842902622987,0.9170812624416127,1.068351252786064,0.7250163998135755,1.0261988328570968,0.8835244157725125,1.0,1.0,-0.3062420487403869,-0.3817287385463714,-0.316750705242157,-0.3077383637428283,-0.3103412091732025,-0.3831830620765686,-0.3038735091686249,-0.4360116720199585,-0.2723368406295776,-0.3791095018386841,-0.2848310172557831,-0.3127886950969696,-0.2892748117446899,-0.3581420183181762,-0.2892647087574005,-0.3987544178962707
M,0.0,0.0,1.0442243293329028,1.297684457204543,1.136202803972301,1.0868243505246689,1.09945526665619,0.8699504518906788,1.033916425275594,0.7561801720491116,1.103979353999956,0.8987084223359564,1.1387765421909524,0.6727939013678512,1.1105683713145327,0.8317443546629105,1.0784637092599718,0.977207136313398,1.0078916423213302,0.8562602373496905,1.040109482864224,0.6316790977759449,1.0197059256610361,0.8605138722378759,1.0,1.0,-0.3303785920143127,-0.3218295276165008,-0.3397575616836548,-0.2358477413654327,-0.3403635025024414,-0.32209512591362,-0.3345386385917663,-0.3781962692737579,-0.292585164308548,-0.3296349346637726,-0.3024987876415252,-0.2495802938938141,-0.312879204750061,-0.299860805273056,-0.3147001564502716,-0.3455112874507904
M,0.0,0.0,1.0153930645642817,1.2880922816046907,1.1096115901026478,1.1105450509110595,1.09608161674859,0.9038344376989953,1.0627466388262967,0.782740636869628,1.0936786201874615,0.9469405920429237,1.1350687468196112,0.7503360175259841,1.1054092451588764,0.8710894512062198,1.0713143951111774,0.9896778691028064,1.0151385974345133,0.8917424853498112,1.0580743976032698,0.6923943586191913,1.027437649971208,0.881057325401375,1.0,1.0,-0.3880641460418701,-0.3514534533023834,-0.4036436378955841,-0.2778869867324829,-0.3966829180717468,-0.3598401248455047,-0.3866693675518036,-0.4094996154308319,-0.351920485496521,-0.3490573167800903,-0.3703365623950958,-0.2836261987686157,-0.3744128048419952,-0.3360031843185425,-0.3710042536258697,-0.3752289414405823
M,0.0,0.0,1.0160999993074518,1.3277044873593133,1.106494050848705,1.1264200015779249,1.0817333796671844,0.902042204095336,1.0324972765701799,0.7848194585396167,1.0820962231719267,0.9168356945662562,1.1204577653331962,0.694410800937181,1.0956465446016932,0.8768564090632855,1.0662778385789118,1.0031082222063372,1.0067881379040915,0.8608976878401696,1.0507831393885394,0.6441610608556043,1.0281529278577664,0.8937254592563717,1.0,1.0,-0.4302544295787811,-0.307479977607727,-0.4485291242599487,-0.2282071262598037,-0.4445717334747314,-0.3216944336891174,-0.433875024318695,-0.3620705902576446,-0.3927803635597229,-0.3064469695091247,-0.4138520956039428,-0.2396392971277237,-0.4188897907733917,-0.3008737862110138,-0.4130730330944061,-0.3355640172958374
M,0.0,0.0,1.0067994677534502,1.2497429650614171,1.0961616856755052,1.0895973202087472,1.0687273023648032,0.9071916909377467,1.0212810301560482,0.7915298813450916,1.0808513218749467,0.9302202794016906,1.1313545207367948,0.7751120362032579,1.1037101206261393,0.914784369308834,1.0663655869531443,1.0235339821998244,1.0112542578819932,0.8766096198468738,1.0641586024619811,0.7063271798056447,1.0343102777075792,0.8932218786016618,1.0,1.0,-0.4033189713954925,-0.3686505556106567,-0.4238161742687225,-0.2960405945777893,-0.4165719151496887,-0.3793485462665558,-0.4028937816619873,-0.4253673851490021,-0.3685497939586639,-0.3615356981754303,-0.3913255035877228,-0.299186110496521,-0.3939010202884674,-0.3523917198181152,-0.3858995735645294,-0.3877983391284942
M,0.0,0.0,0.9953931814096616,1.2645749787752896,1.084446443565863,1.1058660324951317,1.0598019923748616,0.9064043854694221,1.0066533618064795,0.7869821824782569,1.0758789851152413,0.9475917067889953,1.1330058864187507,0.7857499444528298,1.1031877768441536,0.9162078881860225,1.061892397767444,1.024769307390723,1.0085564929065114,0.8844754122280056,1.0691782492913964,0.7064899347640432,1.0365921640365128,0.8900629475464708,1.0,1.0,-0.3911691009998321,-0.3414779901504516,-0.4127500355243683,-0.2764907777309418,-0.404418408870697,-0.3534379601478576,-0.389874666929245,-0.3967101275920868,-0.3572387099266052,-0.3359143733978271,-0.3827899694442749,-0.2794811129570007,-0.3848818242549896,-0.3321781456470489,-0.375921219587326,-0.3685314357280731
M,0.0,0.0,1.0053567272626234,1.2543608394091512,1.1117222554212571,1.1077465720217508,1.085499592930213,0.9377488508294031,1.0271179915713065,0.8496779055129986,1.0993950723929444,0.9533839153917153,1.1382949073746929,0.7828410279341041,1.1019172874748586,0.8854981151240456,1.073835547830642,0.9849731662325915,1.0107262250385807,0.9134026498626288,1.0465863682587266,0.7392702129573927,1.0172992469499178,0.8941005981822598,1.0,1.0,-0.3567495942115783,-0.4214882850646972,-0.3696341812610626,-0.337796688079834,-0.3640812933444977,-0.4164810180664062,-0.3582164347171783,-0.4681701362133026,-0.3212698996067047,-0.4238077700138092,-0.3387835919857025,-0.3616496920585632,-0.3400615751743316,-0.415992796421051,-0.336726039648056,-0.4569432437419891
M,0.0,0.0,0.9950341357981084,1.2585541765935484,1.0924454130937225,1.1046295839419908,1.0624705182262286,0.9215474771181641,1.003340619419188,0.8088224265354039,1.090044517232836,0.9679495275735758,1.1470115352854449,0.8134387128295733,1.1090214483121004,0.9245948765576474,1.0667650053830389,1.0259565897239808,1.008454054558657,0.9099525433649251,1.0734864765537047,0.7353234083494308,1.0354830311887797,0.8953200263492367,1.0,1.0,-0.3508708477020263,-0.3992787003517151,-0.3714770376682281,-0.3239274024963379,-0.3624072670936584,-0.4044246673583984,-0.3496182858943939,-0.4533630907535553,-0.3141296207904815,-0.3953829109668731,-0.338795006275177,-0.3387587070465088,-0.3396316468715668,-0.3943535089492798,-0.3314923942089081,-0.4319169819355011
M,0.0,0.0,0.9982742853349227,1.2769878044399143,1.0991822063907692,1.0954224646237487,1.044653321542278,0.889325343597361,0.9691212132912295,0.7701029603373427,1.1028779888085047,0.9458979379091702,1.163101585037544,0.7739645133103253,1.1187182280052623,0.9139945970571441,1.0705511121586089,1.0322515566429247,1.0167579947293084,0.8835215344964288,1.0816503753001894,0.6984186226995454,1.0410828880801732,0.885839855175111,1.0,1.0,-0.3583708703517914,-0.355972021818161,-0.3790640234947204,-0.275603175163269,-0.3716934621334076,-0.3592837750911712,-0.3585740625858307,-0.4079993963241577,-0.3206585347652435,-0.3499384522438049,-0.3446099162101745,-0.2915578186511993,-0.3466096222400665,-0.348008930683136,-0.3388668596744537,-0.3840942680835724
M,0.0,0.0,1.0074793256654087,1.2569727208112802,1.1108216408274054,1.1074853208233348,1.10756191582452,0.90312653483108,1.0734733984972848,0.7847749829471503,1.1048895020715885,0.9311102912083682,1.1583400294478887,0.743618086583719,1.1213194605062309,0.8766858151918663,1.0802980763809078,0.9971004933540137,1.0227708540151756,0.863525878855839,1.0770384290441493,0.6840068139786224,1.0332327142773485,0.8867547546567857,1.0,1.0,-0.3608758151531219,-0.3298603296279907,-0.3802620768547058,-0.2590503096580505,-0.3700239658355713,-0.3417917788028717,-0.3577916026115417,-0.3866294920444488,-0.3226642310619354,-0.3254153728485107,-0.3449176549911499,-0.266266405582428,-0.346573144197464,-0.3219373524188995,-0.3404841721057892,-0.3582943379878998
M,0.0,0.0,1.0367190627010248,1.265026378574549,1.123103033056512,1.0735531802449374,1.052437232212279,0.9272501214300335,0.9659248623229388,0.8605981994751779,1.0741918619045792,0.9054104946097286,1.111513192911929,0.7390222056581814,1.107335281941106,0.8883247543142029,1.08039268630488,1.0091811491710683,0.9791822944171674,0.8939043650660305,1.019239024102667,0.699293048092403,1.0251136031496413,0.8892322261561819,1.0,1.0,-0.3292151391506195,-0.4424077868461609,-0.3421887159347534,-0.3529307842254638,-0.3514808118343353,-0.4447166323661804,-0.3444185256958008,-0.4931873381137848,-0.290832906961441,-0.4617698788642883,-0.3117706179618835,-0.3976651430130005,-0.3244271576404571,-0.4565937519073486,-0.3188789784908294,-0.4910593926906585
M,0.0,0.0,1.0298966779919119,1.2410201541890145,1.130062167144865,1.0740957537559204,1.1043087894677681,0.9071552555252838,1.047332277112694,0.8195605478726949,1.0936456103530408,0.9157249243847155,1.136687066329398,0.7512982810340819,1.1208271011666286,0.8774913243011592,1.0863737691898085,0.9895876403392045,1.004600631270968,0.8732775673515372,1.0491731695890503,0.7069510670051176,1.0318626103637067,0.8916137826553964,1.0,1.0,-0.3331312835216522,-0.4016445279121399,-0.3482008874416351,-0.3286979794502258,-0.3474320769309997,-0.4141725599765777,-0.3369104564189911,-0.4640823006629944,-0.2968499362468719,-0.4044022560119629,-0.3154228627681732,-0.3309507668018341,-0.3238696157932281,-0.383214920759201,-0.3202614486217499,-0.4255329668521881
M,0.0,0.0,1.0411318874316406,1.268584198114436,1.1325677891363688,1.081423243946006,1.098668632799327,0.8884108415115762,1.0302414974157228,0.7912612532556054,1.0942712161914596,0.9011224016120939,1.1433761659233312,0.7054123903756087,1.120101040953523,0.86227579313187,1.0830452355803375,0.9988331038632264,1.006020557545758,0.8494950999990372,1.054631789277946,0.6482366894053312,1.031330282430292,0.8722648849495336,1.0,1.0,-0.3337351679801941,-0.3123595714569092,-0.3498631715774536,-0.2394204437732696,-0.347916841506958,-0.3244098126888275,-0.3370221257209778,-0.3706498146057129,-0.2956763207912445,-0.3181928694248199,-0.3146888613700866,-0.2489794492721557,-0.3235776126384735,-0.3017418682575226,-0.3196457624435425,-0.3405283689498901
M,0.0,0.0,1.022551274886509,1.3163864778448566,1.1205338122364987,1.0972383339970186,1.0830085905039264,0.8793488145032033,1.0214103231049343,0.7512349763372406,1.1040596693363858,0.9166450241823386,1.1461191792873937,0.696385045018094,1.1231471136236284,0.8408540667536297,1.0900876092753593,0.9809680282797609,1.0059495233365363,0.8642740106661919,1.0483160132047358,0.6444621285478301,1.0258916779843386,0.872113039353089,1.0,1.0,-0.3248578906059265,-0.3142599165439605,-0.3388358056545257,-0.2371411919593811,-0.3371075987815857,-0.3223914504051208,-0.3284007608890533,-0.3709733486175537,-0.2874358594417572,-0.3156471252441406,-0.3055071234703064,-0.2467735856771469,-0.3125947117805481,-0.3021012842655182,-0.3099458813667297,-0.342635840177536
M,0.0,0.0,1.028691084015354,1.1948454468552092,1.1318250267243344,1.043310203708361,1.0859865603483945,0.8816915681657103,1.0237621859223276,0.7833048880861474,1.1107488539836852,0.920499096915796,1.1636660212017116,0.7853323121241912,1.124008395388809,0.891916596172752,1.0790088456643092,0.9959896202473765,1.0141704348685947,0.8880750588719449,1.0698181803505153,0.7302295434280619,1.03596494628352,0.878902524063193,1.0,1.0,-0.3255089819431305,-0.4553646147251129,-0.3430883288383484,-0.3855182826519012,-0.3372536897659302,-0.4730754792690277,-0.3272051513195038,-0.5359116792678833,-0.2880716323852539,-0.4581847786903381,-0.311053067445755,-0.3978215157985687,-0.3149329125881195,-0.4551075398921966,-0.3102404475212097,-0.5008125305175781
M,0.0,0.0,1.0121810719464057,1.2029952602346456,1.0993709616984861,1.0648583710883206,1.0617745627842856,0.9036427763354457,1.0002482221004976,0.8118164535710892,1.0872020415667913,0.9332165434438972,1.1453583821708573,0.8045664435452324,1.1134889709897482,0.9197487480986408,1.0708777426045952,1.0167568812308885,1.010277803642309,0.8854359414896446,1.072141453934444,0.7455419415611412,1.0386493497889029,0.9034080230927991,1.0,1.0,-0.3588904440402984,-0.4243382811546325,-0.3801972270011902,-0.3568218648433685,-0.3735550045967102,-0.43738853931427,-0.3598118722438812,-0.4835045039653778,-0.3228690326213836,-0.4243721067905426,-0.3490843772888183,-0.3687685132026672,-0.3514379858970642,-0.4238529801368713,-0.3426770269870758,-0.4602358937263489
M,0.0,0.0,1.0151666362491922,1.2112669948530654,1.130500893790294,1.0714781454293814,1.1079346097391976,0.899897895837366,1.058271276793205,0.7932635582686125,1.1189143396147576,0.918637687548404,1.175154839909407,0.7726464467354308,1.128557571128113,0.8972850024749182,1.079896374542076,0.9981006192747625,1.0220371581249965,0.8722413392203588,1.0817153798060546,0.7152042042282432,1.0372551616324737,0.8973247121004874,1.0,1.0,-0.3194330930709839,-0.4031410217285156,-0.3358782827854156,-0.3418669700622558,-0.3272858560085296,-0.4295576512813568,-0.317053735256195,-0.4726759493350982,-0.2807201147079468,-0.4049669504165649,-0.3008708953857422,-0.3493122458457947,-0.3020996749401092,-0.4105777144432068,-0.2964808046817779,-0.4442711770534515
M,0.0,0.0,1.0228097478153122,1.2493181431919993,1.1344473793027492,1.0911763610334504,1.1025414171835768,0.9134892631166902,1.039600168230376,0.8155217698197742,1.1165082862653053,0.9307214925511426,1.1664051399718802,0.7710388321607582,1.122064255305683,0.9117093394857207,1.078809283926592,1.016839650268771,1.0174974794613445,0.8800886597423384,1.0683269722474686,0.7165761329223258,1.0311599215702776,0.9062155007957723,1.0,1.0,-0.3104386329650879,-0.3827776312828064,-0.3248126208782196,-0.3122666478157043,-0.319821298122406,-0.3973452448844909,-0.3107369840145111,-0.4395946860313415,-0.2734854817390442,-0.3845468759536743,-0.2901636660099029,-0.3210261464118957,-0.2955511212348938,-0.3760897517204284,-0.29279226064682,-0.4110564291477203
M,0.0,0.0,1.0161161858551575,1.2549885916500676,1.119124672157656,1.0898185910222116,1.1136953480934624,0.9013818350919051,1.0719529909882166,0.7906083786344063,1.0972920141607074,0.8973983304550852,1.1568002228269083,0.7390213864301696,1.1172022875651604,0.9056963785129749,1.0692552347991886,1.0157097152776675,1.0215833416785742,0.8386253542039096,1.080030753559111,0.6735306962922689,1.0416124943871525,0.8951492261847677,1.0,1.0,-0.3913436532020569,-0.3495473265647888,-0.4130796194076538,-0.2817400991916656,-0.4054995477199554,-0.3740604817867279,-0.3904219269752502,-0.4151358306407928,-0.3517623543739319,-0.3478506803512573,-0.3779906630516052,-0.2872073054313659,-0.3815765380859375,-0.347771406173706,-0.3725586533546448,-0.3808092772960663
M,0.0,0.0,1.0699340728795075,1.2110037150806543,1.2017874274195568,1.07641665639839,1.1683239122712112,0.9151669440411366,1.0873832967637893,0.8337593610104805,1.1612856508732479,0.9321133491990804,1.2078538128320426,0.7765034298865742,1.152630514047159,0.8891763133045306,1.1085379709764656,0.9883547463683252,1.0301810098246897,0.8901225868995492,1.0702325831867558,0.7386248554530959,1.0235525075641445,0.9063505956064027,1.0,1.0,-0.2433705031871795,-0.4320422410964966,-0.2518277466297149,-0.3639537394046783,-0.2471313029527664,-0.4439500570297241,-0.2417948842048645,-0.4884507358074188,-0.2059536129236221,-0.4382656216621399,-0.2152575254440307,-0.3726024329662323,-0.2215637862682342,-0.421330451965332,-0.2237447500228881,-0.4555158317089081
M,0.0,0.0,1.0209808038626964,1.2472295619665212,1.1131229669915308,1.0853288349488877,1.0843555157798224,0.917209563129622,1.0278178925085153,0.8212501584012124,1.0910294943666399,0.9313349394381851,1.1441041776514969,0.7760326548865456,1.114442476519192,0.9055032907996928,1.0735198446660272,1.011194547722514,1.007806752521752,0.8783705473676154,1.063008281453643,0.7057272507179363,1.0347199122569581,0.891089062295989,1.0,1.0,-0.3508836627006531,-0.3832892477512359,-0.3686918616294861,-0.3114616274833679,-0.3644015192985534,-0.3947650492191314,-0.3517659902572632,-0.4397264719009399,-0.3122802078723907,-0.3833802938461303,-0.3327873647212982,-0.3180764317512512,-0.3387850224971771,-0.368261307477951,-0.3325074315071106,-0.4017911553382873
M,0.0,0.0,1.036745686246359,1.2536050700816546,1.1498841890504685,1.1088499730187875,1.1449342834130145,0.9586970343791202,1.1111563505176643,0.8735124200296417,1.113402697075891,0.9355247424545782,1.1643407431715342,0.7874505318810671,1.1217710506345704,0.9218933566190567,1.0827753677775458,1.0151672915130894,1.012181094049337,0.897118121128485,1.0652705853397904,0.7476981710710969,1.029571073647282,0.9264401860282953,1.0,1.0,-0.3119651675224304,-0.4317187070846557,-0.32698455452919,-0.3631958365440368,-0.3223727643489837,-0.4490143358707428,-0.3144024014472961,-0.4788359105587005,-0.2712351083755493,-0.4432850778102875,-0.2876954972743988,-0.3914069533348083,-0.2929683923721313,-0.4503029584884643,-0.2892604470252991,-0.473450630903244
M,0.0,0.0,1.019456136561569,1.238690911473038,1.1169818808818133,1.0986930333801626,1.1035939769253478,0.9184007086315337,1.0684243426680184,0.8174375906527854,1.1031809408941193,0.931087648293182,1.1471044402189956,0.7607798934346911,1.1078433974459219,0.8950822310215703,1.0748523690164182,0.9977099780190359,1.0129776443635647,0.8835050203040878,1.0556219405589051,0.7177735355458605,1.019496068277518,0.9148539195113632,1.0,1.0,-0.3374143540859222,-0.3608013987541199,-0.3515335619449615,-0.2971396744251251,-0.3439747393131256,-0.3797232806682586,-0.3369812369346618,-0.4106438755989074,-0.2994760870933532,-0.36391681432724,-0.3165333867073059,-0.308671236038208,-0.3183747828006744,-0.3646262884140014,-0.3144563436508178,-0.3905365467071533
M,0.0,0.0,1.0278087439018806,1.2219319977692422,1.1212248115818169,1.093207402168859,1.1207385847409796,0.9226857280565915,1.0950660949028923,0.8202479060819958,1.1079323856487946,0.9338209638771366,1.159685582888196,0.7800303134057103,1.1158834157684896,0.8949676239724099,1.0750751821808218,0.9973098925248274,1.0194913321804076,0.8810075816135644,1.0701695565033116,0.7221708813246885,1.0271632023391628,0.902715062821278,1.0,1.0,-0.3269733786582947,-0.3783528804779053,-0.3414568901062011,-0.3150101602077484,-0.3342791497707367,-0.3934734761714935,-0.3263993859291076,-0.4314563572406769,-0.2882118225097656,-0.3862116634845733,-0.3033410012722015,-0.3299669623374939,-0.3075575530529022,-0.3828688263893127,-0.3048264682292938,-0.4116347432136535
M,0.0,0.0,1.0333230447915316,1.2807166264775252,1.149645310173049,1.116723765966216,1.1227690845093057,0.910393323269288,1.054412407133844,0.809081490251194,1.1247766744866647,0.9293995403038606,1.1711273793282948,0.7312264977572028,1.1182099597087047,0.8855442464288298,1.0815981719356598,1.0008128132569236,1.0210026631313636,0.8741671121842892,1.0593107359756522,0.6829209556180399,1.0183762597430668,0.898238646955226,1.0,1.0,-0.3111748099327087,-0.3378871083259582,-0.3217954635620117,-0.2626587748527527,-0.3161576390266418,-0.3473817706108093,-0.3102469146251678,-0.3875737190246582,-0.2728894352912903,-0.3423660695552826,-0.2838355600833893,-0.2747446298599243,-0.2898851633071899,-0.3291046619415283,-0.2904028594493866,-0.3640721142292022
M,0.0,0.0,1.0294923296327654,1.2544093182704419,1.1368960616878576,1.1052894699380569,1.130891326903607,0.9150209477370091,1.1004400652854227,0.8078473575596682,1.1126158468723542,0.9198670923039087,1.1557172059245935,0.7433242418219737,1.1137003921647444,0.8881313948179608,1.07932790181394,0.9934301440104317,1.0162931345628363,0.8698962212502264,1.0566142524207776,0.7021026286976838,1.021190043721805,0.910056258896665,1.0,1.0,-0.3289227187633514,-0.3527388870716095,-0.3408689796924591,-0.2899113893508911,-0.335294246673584,-0.3732069432735443,-0.3288806676864624,-0.4059600234031677,-0.2914553582668304,-0.3576812446117401,-0.3053692877292633,-0.2977717518806457,-0.3097981512546539,-0.3536343574523926,-0.3078005909919739,-0.3824846446514129
M,0.0,0.0,1.0204694932099534,1.2719433710999597,1.12930375341576,1.1238106340950926,1.1004518443782403,0.9475167256062417,1.0416882652152557,0.8569066915186682,1.127456357800279,0.9472793577201646,1.1655246384496043,0.7769916638412689,1.1067168159928338,0.912524518874748,1.075658716409405,1.0071808441839523,1.0228714451790524,0.9023206660097258,1.0580633922415619,0.7336345327850163,1.0111448943628591,0.9222370112478989,1.0,1.0,-0.3173472881317138,-0.3841504454612732,-0.3276785910129547,-0.3161273002624511,-0.3193590044975281,-0.3958490192890167,-0.3167683482170105,-0.4248907268047333,-0.2798948585987091,-0.3913006484508514,-0.2907726764678955,-0.3433485627174377,-0.2921745181083679,-0.3974423110485077,-0.2929563522338867,-0.4197358787059784
M,0.0,0.0,1.0351014944628163,1.2509457553971044,1.139830600913834,1.0988668726482196,1.1119197470819306,0.92046766045026,1.0480308220331032,0.8304841537771762,1.1211703969508346,0.9443469466962318,1.1665640372805475,0.7745259875840907,1.1156469040384567,0.9009252359248993,1.0770676514539066,1.0066581992469819,1.023154679796764,0.8915627670657111,1.0669155567685344,0.7209948557378488,1.0243927861072821,0.901752318798421,1.0,1.0,-0.3075657486915588,-0.3700369894504547,-0.3184379339218139,-0.2973362505435943,-0.3130693137645721,-0.3750122487545013,-0.3061217069625854,-0.4169580042362213,-0.2703581154346466,-0.374182641506195,-0.2836563885211944,-0.3124158382415771,-0.2886989116668701,-0.3631872236728668,-0.2876321971416473,-0.3966030776500702
M,0.0,0.0,1.0225613649526168,1.1972108071704286,1.1065992266975353,1.071780821378298,1.0940848078947416,0.9049089518110685,1.0557568790793632,0.803768022808734,1.1012872352391434,0.9179624687756717,1.148416865674543,0.7830754047634598,1.1090966288121331,0.8943086799940794,1.0707381198946582,1.0008754463138472,1.0177188105934354,0.8712113250733614,1.066842816729951,0.7236467980766045,1.027311935015331,0.8942189495366278,1.0,1.0,-0.3409593999385834,-0.388634592294693,-0.3566049635410309,-0.3246040642261505,-0.3499402999877929,-0.4036897420883178,-0.3405161499977112,-0.4509952664375305,-0.3034147620201111,-0.397511750459671,-0.3219520151615143,-0.3454729914665222,-0.3261198997497558,-0.399718165397644,-0.3225982189178467,-0.4344454407691955
M,0.0,0.0,1.0087064629790932,1.2649521672012982,1.1056353200686564,1.061418727167629,1.0057552805723877,0.8789054469133556,0.9076820926861741,0.7861781430849565,1.1089657214144044,0.9084118013282353,1.139743890314002,0.7448385729782206,1.102689100364673,0.9042767598858379,1.0738045448089273,1.0250086092905462,1.0005150943170207,0.8826347301523982,1.0421938397457726,0.6870506265013812,1.0180288144787706,0.888765642362809,1.0,1.0,-0.3129667639732361,-0.4059491157531738,-0.3218835592269897,-0.3235815763473511,-0.3224112689495086,-0.4157341718673706,-0.3196735084056854,-0.4598450362682342,-0.2761688530445099,-0.413988709449768,-0.2904503047466278,-0.3597461283206939,-0.2960386276245117,-0.4216537475585937,-0.2944619357585907,-0.4520306289196014
M,0.0,0.0,1.0118388630109107,1.2706028023214957,1.1280645954280157,1.104089219330855,1.1189024222133324,0.9019522619815031,1.090700642729809,0.7846067512519433,1.1248165865884543,0.9234763155813871,1.1717474585478902,0.7439041888197249,1.1201486746295253,0.9014134798817154,1.0836833437455173,1.002950439116248,1.0223065438580363,0.8751182165559733,1.067362235119925,0.7062767623692745,1.0222217759792358,0.9209998554694598,1.0,1.0,-0.3341376185417175,-0.3881903290748596,-0.3483612537384033,-0.3181888163089752,-0.3382160365581512,-0.4151911735534668,-0.3309929966926574,-0.4465841352939605,-0.2934842109680176,-0.3893775641918182,-0.310275137424469,-0.3319156765937805,-0.3103969693183899,-0.3970031142234802,-0.3064796924591064,-0.4229961335659027
M,0.0,0.0,1.0291603712180846,1.262210655956742,1.1415710731601343,1.091159613231712,1.1210482054489443,0.8772915238178493,1.0675854119058215,0.7623042187110274,1.1342018730977281,0.9107812576719763,1.1806245734697933,0.7172446074327821,1.1247662681305255,0.8612858441325216,1.083089830743672,0.9840971978615046,1.0297739968815915,0.8524581360413761,1.0721578933433216,0.6601975746693759,1.022007212236084,0.8814027036732187,1.0,1.0,-0.3208577930927276,-0.3272880911827087,-0.3323523998260498,-0.2574411332607269,-0.3230876922607422,-0.3456957638263702,-0.3167703151702881,-0.3894976675510406,-0.2805551886558532,-0.3311850130558014,-0.2947331964969635,-0.2690087258815765,-0.2966328561306,-0.3288350403308868,-0.296057641506195,-0.3646201491355896
M,0.0,0.0,1.0237496581279197,1.2298173384449316,1.1149164905013216,1.0413013678129135,1.0423760852131507,0.8609955424089005,0.9633954365893177,0.7494120115233385,1.1203470415810879,0.9228828227181447,1.1754974249499577,0.7769253413216469,1.1216274845065204,0.9041420887712255,1.0731192485870575,1.0280727598153916,1.0211500568198695,0.8828699494432886,1.0890770561212744,0.6850917014883077,1.0394580900454577,0.8555599613691914,1.0,1.0,-0.3195421099662781,-0.3751207590103149,-0.3376747965812683,-0.303561270236969,-0.3290099203586578,-0.3862852752208709,-0.319788783788681,-0.4414694309234619,-0.2812671065330505,-0.3790690302848816,-0.3027401268482208,-0.3331772089004516,-0.3015391826629638,-0.3887403011322021,-0.2951134145259857,-0.4236935675144195
M,0.0,0.0,1.0395059389055659,1.2523239561814468,1.1435361987196515,1.0828885844667584,1.1239144645284007,0.896765877843855,1.07571635413484,0.80078788943066,1.1151265524972778,0.9094061011722906,1.1475598401060398,0.7350832854523293,1.1104341779232827,0.8793960170384745,1.0824878216397202,0.9872264261755954,1.0094177506230844,0.8751329977647332,1.040703692991992,0.7065873770261335,1.0154131394829107,0.9135325863245485,1.0,1.0,-0.2986938953399658,-0.3576810657978058,-0.3079878687858581,-0.2952674329280853,-0.3050185441970825,-0.3790574073791504,-0.3000971376895904,-0.4072732329368591,-0.2621074914932251,-0.3676610887050628,-0.2752557396888733,-0.316662847995758,-0.2791360318660736,-0.3720775842666626,-0.2763383388519287,-0.3935415148735046
M,0.0,0.0,1.040493453319882,1.3037308852463316,1.1427268581851344,1.108719741809889,1.1085582819355813,0.9286282208859518,1.0517431956985217,0.8363925853852735,1.1112159920171845,0.9223086032752622,1.1454932884073092,0.7373741926251213,1.1121870565793222,0.9033550396365446,1.080432049999398,1.01649073642482,1.0079932862259258,0.888551108916634,1.042447361913642,0.7043126369184056,1.0225371790596283,0.9191072258799188,1.0,1.0,-0.3101004064083099,-0.3532982468605041,-0.3206089735031128,-0.2823818325996399,-0.3203358948230743,-0.3671741485595703,-0.3136563003063202,-0.3965976238250732,-0.2724595069885254,-0.3620989322662353,-0.2871096730232239,-0.3075052201747894,-0.2938557267189026,-0.3635519444942474,-0.2909847795963287,-0.3878902792930603
M,0.0,0.0,1.0690581550462843,1.229600558573779,1.1466939356073549,1.0415469080003459,1.0738369684633484,0.8746104578515073,0.9764895687366842,0.7953908600382226,1.0953427219550904,0.8873717087214468,1.1405419797015206,0.7150631775189913,1.1257462410628347,0.8573717804690251,1.0932766396391618,0.9976783238859394,0.9974080818646146,0.8469979113902302,1.0398234134577091,0.6674080583103897,1.0269555493834166,0.8619865091895431,1.0,1.0,-0.2821728587150574,-0.3281446397304535,-0.2941208183765411,-0.2559596300125122,-0.2959998548030853,-0.3336402475833893,-0.2864516079425812,-0.3861340284347534,-0.2473578006029129,-0.3357730507850647,-0.2595296502113342,-0.2607651352882385,-0.2705681025981903,-0.3022223711013794,-0.2685716450214386,-0.3422247767448425
M,0.0,0.0,1.0410493107926264,1.250935894493975,1.127480458512717,1.0566689573377739,1.0636285969544046,0.8885119696755228,0.9859472953779473,0.7993020880557337,1.0726321332306241,0.8922213310979525,1.1091403474318777,0.7177430428984941,1.1007428150805516,0.841713015115861,1.0745874920651604,0.9785777183314468,0.9766280078055309,0.8771276011567459,1.0148859492142608,0.6646846495175013,1.0169127043177975,0.85209943859171,1.0,1.0,-0.3031819760799408,-0.351341187953949,-0.3178018033504486,-0.2816793918609619,-0.3215594291687011,-0.3657834827899933,-0.3149132430553436,-0.4164262115955353,-0.266713410615921,-0.3699450194835663,-0.2890803515911102,-0.3230453133583069,-0.2957647740840912,-0.3786486387252807,-0.2887951731681824,-0.4103583097457886
M,0.0,0.0,1.0585787486208087,1.2352223022676154,1.1311230573715108,1.0430295162476713,1.0526596298207551,0.8792826163146312,0.9630559352984611,0.8092533795242629,1.1005668405326885,0.9132970717301971,1.1397787306592464,0.7364979854857512,1.1101700396864995,0.8731563952117569,1.0769826678051826,1.002321159582897,1.003370822154874,0.8807216505719959,1.0461857161388914,0.6897778797287675,1.0263675021168983,0.8781272735619574,1.0,1.0,-0.3033888936042785,-0.3504524528980255,-0.313276082277298,-0.2739044427871704,-0.3152246177196502,-0.3516384661197662,-0.3086177706718445,-0.3973143398761749,-0.2669618725776672,-0.3620127439498901,-0.2822763621807098,-0.3010826110839844,-0.2907895147800445,-0.3521592617034912,-0.2877623736858368,-0.3863865733146667
N,0.0,0.0,1.0488788061040788,1.3028937745742144,1.1656154762613602,1.1178366315018746,1.0909031151325714,0.951140407876895,1.0009001489292626,0.8686020311906935,1.1041243882547092,0.9382146022329539,1.140209826563598,0.7792949969313258,1.1191036239211098,0.9206998791017698,1.0885234152526218,1.0202298549928779,0.990145795538823,0.9296075360885896,1.0286553630467152,0.7331050029773785,1.0212171848964353,0.9147789584584367,1.0,1.0,-0.2872112989425659,-0.49713796377182,-0.2975006699562073,-0.4544195830821991,-0.3002240359783172,-0.5557281970977783,-0.2953776121139526,-0.5806339383125305,-0.2496758997440338,-0.5188694596290588,-0.2658669352531433,-0.4889144897460937,-0.2733439803123474,-0.5565987229347229,-0.268589437007904,-0.5687980651855469
N,0.0,0.0,1.0271304532897214,1.2675436194706506,1.1381708052182995,1.0885986950069857,1.0762128612014634,0.9105420194500126,1.0068384466639315,0.8047205592391664,1.1023824209336874,0.93869628512614,1.1559586252186076,0.7821275525430009,1.1227852191117353,0.9052763743966209,1.0804503317795677,1.0031593518538604,0.9953394037069138,0.9185196672379211,1.0542401659807976,0.7407220789363058,1.0310915575787023,0.913260588777107,1.0,1.0,-0.3033032119274139,-0.4694486558437347,-0.3177362382411957,-0.426064521074295,-0.314219981431961,-0.5228635668754578,-0.3063642382621765,-0.5509734153747559,-0.2662936449050903,-0.4805463254451751,-0.2861981093883514,-0.4472878277301788,-0.289642870426178,-0.5164890289306641,-0.2828291058540344,-0.5345548391342163
N,0.0,0.0,1.042876894856416,1.3118385610529537,1.1442162199130774,1.1179305473910854,1.0874407907877084,0.9260947679721715,1.0183330367414407,0.822126762858841,1.0975545459711196,0.9415592956620014,1.1412967179016402,0.7629906500109402,1.1112096253653099,0.8925195585375003,1.071330917271958,1.00770822930777,0.9967177825497125,0.920242115754071,1.0387205536140032,0.7072006711384757,1.0235809268842573,0.8933948451251135,1.0,1.0,-0.3142211139202118,-0.4012059867382049,-0.3225283920764923,-0.3560622632503509,-0.3224933445453644,-0.4470609426498413,-0.3173073828220367,-0.478198230266571,-0.2771986126899719,-0.4168523252010345,-0.289962887763977,-0.3771792650222778,-0.296609103679657,-0.4420922696590423,-0.293639063835144,-0.4635218679904938
N,0.0,0.0,1.0158860654325215,1.3437953748310556,1.1051594284693387,1.1398501864390884,1.029367163789957,0.936296524153162,0.9554632468867594,0.8135951957787696,1.0789430002571219,0.979852195239946,1.1163932812573807,0.7807303950210394,1.0968568382212778,0.896438347832933,1.0675210779882265,1.0279229898266808,0.9794757083811165,0.9626800912264599,1.0132483425827217,0.7231203548764553,1.0092784755710675,0.8763454415242674,1.0,1.0,-0.297508031129837,-0.3961766064167022,-0.3086736798286438,-0.3522270321846008,-0.3064717352390289,-0.4383136034011841,-0.3010798692703247,-0.474297285079956,-0.26215660572052,-0.4091008305549621,-0.2797141671180725,-0.3702267110347748,-0.2822951972484588,-0.4344297647476196,-0.2766497135162353,-0.4598166048526764
N,0.0,0.0,1.0394656184466264,1.3083995736985625,1.1383698776338602,1.1083521993845382,1.0616939016738087,0.9144355869377627,0.9763375872780191,0.8053202095925909,1.0985982126229095,0.9531951211869321,1.1424839506539282,0.773066860117398,1.1087522258960278,0.8905013826493428,1.0706701514830954,1.0121120554151435,0.9893992238977665,0.9353580517633454,1.0314844271888801,0.7200421988555363,1.0165132120356115,0.8780831799957747,1.0,1.0,-0.2901834547519684,-0.4177248179912567,-0.3001803457736969,-0.3648593723773956,-0.2994701564311981,-0.4550388753414154,-0.2951914370059967,-0.5000168681144714,-0.253441572189331,-0.4319306015968323,-0.2697393596172333,-0.3872295916080475,-0.2751639187335968,-0.4539433717727661,-0.2720038592815399,-0.4856085181236267
N,0.0,0.0,1.0297893744036652,1.2869544414211889,1.132116351313808,1.0845324026011998,1.0738073147455651,0.8831549553170326,1.0119772927292359,0.7573456212486943,1.1015338295715056,0.9350760207134551,1.1482967947102303,0.7418403293667649,1.1216787298014141,0.8582612409983036,1.0813221938001951,0.9831052849824928,0.9918378776123193,0.9151919003979377,1.0330679178575075,0.7004459532209781,1.0188792104070143,0.8811107167462932,1.0,1.0,-0.2875621914863586,-0.3925880491733551,-0.2989304959774017,-0.3450431227684021,-0.2972039878368377,-0.4355659782886505,-0.2915048599243164,-0.4728645980358124,-0.2494865357875824,-0.4049721360206604,-0.2667874097824096,-0.361053317785263,-0.2711430788040161,-0.4277634620666504,-0.2664900422096252,-0.4555026888847351
N,0.0,0.0,1.0540670057670918,1.3364599298669608,1.156383268231401,1.090614841542994,1.0598136027188616,0.8800735079484553,0.9595910106646003,0.7599380563861148,1.1165708546036435,0.9184102125836633,1.1567174705035315,0.7052790517078094,1.1262125466512825,0.862803245246625,1.0889399542828306,0.9942227896562459,0.9867693796473039,0.9106997253226183,1.0223366413590054,0.6753979114800596,1.0161533676171823,0.8832053174156407,1.0,1.0,-0.2652602791786194,-0.3999757170677185,-0.2742014825344085,-0.3504203557968139,-0.2787110805511474,-0.4522002935409546,-0.2755072116851806,-0.4902325570583343,-0.2257655262947082,-0.4213703572750091,-0.2411974519491195,-0.3793904185295105,-0.2522652745246887,-0.4530761241912842,-0.250880479812622,-0.4807939529418945
N,0.0,0.0,1.052104039661581,1.3242204827159267,1.1592535853188606,1.089581113494173,1.0823035898923499,0.886137059768763,0.9840393640609821,0.7795740932070548,1.0954443355012466,0.8986103206306096,1.140803164907622,0.7146829463269697,1.1142944602693958,0.8857135926749965,1.0759123048286747,1.0049760723163397,0.9821556886545679,0.885993841693053,1.026635416409325,0.6725158044345575,1.0222874582707855,0.8882865261460874,1.0,1.0,-0.2934761643409729,-0.3848475515842438,-0.3050439953804016,-0.3418204486370086,-0.3095448315143585,-0.4432474374771118,-0.3041730225086212,-0.478337287902832,-0.2550053894519806,-0.4038870930671692,-0.2726865112781524,-0.3699285984039306,-0.2833754420280456,-0.4420676231384277,-0.2796925902366638,-0.4655633270740509
N,0.0,0.0,1.0387614814277855,1.3515006984142524,1.130104711620679,1.0947283234838643,1.0520921872812756,0.8706117858297292,0.9705510263896591,0.7361825197014875,1.0921152147088289,0.9002297505388694,1.1342782211532396,0.6882662326869523,1.108268287822859,0.863360484742755,1.0726145606475728,0.996842313954432,0.9808861850423852,0.8864785864544199,1.0214074117796403,0.6464613799278847,1.0175745035769492,0.8747414541670836,1.0,1.0,-0.3068347573280334,-0.372018039226532,-0.3187935352325439,-0.3199876844882965,-0.3229945302009582,-0.4247775077819824,-0.3180537521839142,-0.4655903577804565,-0.2676461935043335,-0.3920461237430572,-0.2860448956489563,-0.3544070720672607,-0.2967696189880371,-0.4280773401260376,-0.2937172055244446,-0.4552705585956573
N,0.0,0.0,1.0560373277148145,1.354257822696978,1.162455745716359,1.087821212714678,1.0938446075872836,0.8541996622992449,1.0133079988547429,0.7175633123058595,1.1045832665494923,0.8720095862165539,1.1525424208674275,0.649250570552267,1.128775501723594,0.8408738926988821,1.0903439013909764,0.9825217508774071,0.9866538259035456,0.8583811191180103,1.0307097900772686,0.6122998251236618,1.0248739098251476,0.8746607618839227,1.0,1.0,-0.2847626507282257,-0.3201206922531128,-0.2966200709342956,-0.2647052407264709,-0.300091028213501,-0.3653343617916107,-0.2931280732154846,-0.3994656503200531,-0.245460033416748,-0.3400718867778778,-0.2629881203174591,-0.2944665551185608,-0.2728365659713745,-0.3651950657367706,-0.2677253186702728,-0.3902568221092224
N,0.0,0.0,1.0585302139946915,1.2336554282195091,1.1550701334862723,1.060954289058353,1.1023940436524242,0.9123250691101317,1.0397247986327809,0.8312039056707268,1.0916463090363089,0.9192116400055208,1.1246284484908282,0.7746536507858056,1.1030763879384577,0.9040462596788446,1.0759529888551858,0.9850275140176186,0.9881333472731489,0.9175631622413557,1.0238456332402026,0.760329559582554,1.0193674817213028,0.9268939607721428,1.0,1.0,-0.3099795579910278,-0.5180655121803284,-0.3206323087215423,-0.4751988351345062,-0.3255055546760559,-0.5718487501144409,-0.3207996785640716,-0.6019065976142883,-0.2745400667190552,-0.537946343421936,-0.2903704047203064,-0.5052019953727722,-0.3012981116771698,-0.5722979307174683,-0.2987641990184784,-0.593563437461853
N,0.0,0.0,1.0345313334338002,1.283537184901355,1.1265440382925955,1.079469985923144,1.0692632221154235,0.901470160180215,1.0096114116422403,0.7960558274874467,1.0765853531600382,0.9050139551682312,1.1180588651539958,0.7391434315792754,1.1037172193703941,0.8942841246940766,1.0740186675268222,0.9889528683297996,0.9761821592893436,0.8981361551296804,1.020188390607367,0.7186005064163596,1.0213181959787943,0.9201991446800971,1.0,1.0,-0.3233813047409057,-0.4498911201953888,-0.3390595018863678,-0.4160021841526031,-0.343407928943634,-0.5174321532249451,-0.3359795212745666,-0.5412449836730957,-0.2875851392745971,-0.4686276316642761,-0.3088677525520324,-0.4450184106826782,-0.3186484575271606,-0.5155277848243713,-0.3126772940158844,-0.5313714146614075
N,0.0,0.0,1.0479522109126151,1.2875262521163056,1.1490079341713695,1.0804651155093117,1.087931083362665,0.8937538857545413,1.0098032006231843,0.7903595774505698,1.0997529158330575,0.9068967695346916,1.1408672850531305,0.7261038163281405,1.1128897681857652,0.8809006234308724,1.077706116826977,0.9953134421317024,0.9909921792300134,0.8935763891762117,1.02934766726813,0.691671755729402,1.0200915847014556,0.8974469041121284,1.0,1.0,-0.3020325303077698,-0.3944445252418518,-0.3113086819648742,-0.3492583036422729,-0.3145438730716705,-0.4458897113800049,-0.3101492524147033,-0.4792259931564331,-0.2637141346931457,-0.4128713607788086,-0.2780947983264923,-0.3743654489517212,-0.2879476845264435,-0.4426427185535431,-0.2857885062694549,-0.4661626517772674
N,0.0,0.0,1.0428815017979494,1.281340490386563,1.1449181377055953,1.083993123238123,1.0975967093529384,0.9067430842974311,1.0315638994219953,0.8085616291148648,1.0862064980347805,0.9076926120694429,1.1257422712518168,0.7420701960993317,1.1060199183725208,0.8912190721166149,1.0737564738549412,0.9963568783439937,0.9872957220101718,0.8959707065462317,1.0285080348859426,0.7122112403491689,1.022646312531593,0.9055012355009965,1.0,1.0,-0.3250642120838165,-0.4225361943244934,-0.3381651043891907,-0.3821323812007904,-0.3408387899398803,-0.477585881948471,-0.3343548476696014,-0.5086506009101868,-0.2885342836380005,-0.4403765797615051,-0.3075688481330871,-0.4101110398769378,-0.3165093660354614,-0.4790778756141662,-0.3117882907390594,-0.500994086265564
N,0.0,0.0,1.0204789045107048,1.3228567523004997,1.1387504240703212,1.0914269164826407,1.0798288412204022,0.878187294163025,1.0057532410884855,0.7554756079210942,1.0930753375713984,0.8951629502981855,1.1531350362289456,0.7228245521919916,1.118017199753725,0.9151209245868426,1.0786680430560085,1.0042470764261826,0.9819218352931269,0.863783474337401,1.0503176264268057,0.6743045783229558,1.0315125656176918,0.9193834983914515,1.0,1.0,-0.3193672299385071,-0.3927396833896637,-0.3372140526771545,-0.3690118789672851,-0.3371725678443908,-0.4783575534820556,-0.3281657695770263,-0.4959085285663605,-0.2802603840827942,-0.405596524477005,-0.3031461834907532,-0.3995588719844818,-0.3114643692970276,-0.4728203117847442,-0.3049619793891907,-0.4774541854858398
N,0.0,0.0,1.0287931758728521,1.3440369674069694,1.139546021296504,1.1202074422138872,1.0880302622834954,0.9134571691040612,1.023091615862806,0.7879738137910645,1.0962896253442178,0.8987814134039762,1.1507695590232323,0.7026741955674217,1.1197815674778242,0.8772232034801005,1.0743288445168502,0.98758728832545,0.9807558014193224,0.8721193553453308,1.0375912858136656,0.6603973141698385,1.02741625975423,0.9029852405214146,1.0,1.0,-0.2907276451587677,-0.3666328489780426,-0.3038700222969055,-0.3397666811943054,-0.3058691322803497,-0.4425201117992401,-0.2988907098770141,-0.4654757678508758,-0.2518264949321747,-0.3842428922653198,-0.2699526846408844,-0.3671010732650757,-0.2797513604164123,-0.4390642344951629,-0.275799036026001,-0.4526920914649963
N,0.0,0.0,1.0467288263707093,1.348836186644075,1.1570605803620813,1.0859242676845098,1.0587819401939456,0.8665008317747007,0.9574286530732644,0.7526787862075971,1.111690571881568,0.9067439966184777,1.1507643523468898,0.7178258842481646,1.113888315327606,0.9114780554794633,1.080755410936175,1.0055517196964614,0.9869427749714246,0.8877008731366706,1.0354865233582833,0.6700533170304284,1.0219700601010286,0.9142493074591233,1.0,1.0,-0.2805327177047729,-0.3723767697811126,-0.291285902261734,-0.3305480480194092,-0.2946628332138061,-0.4357002675533294,-0.2890832126140594,-0.4587796032428741,-0.2415753751993179,-0.3887436985969543,-0.258410632610321,-0.3647619187831878,-0.2690248191356659,-0.4367420077323913,-0.2656626999378204,-0.4486626982688904
N,0.0,0.0,1.0643621562353667,1.2694199525721819,1.181198595538544,1.0682874712010737,1.0972577500666632,0.8829283256247644,0.9978221082695646,0.793738457519709,1.132057170745091,0.9045411948707739,1.1637088480162467,0.73560262964186,1.1182590465625664,0.885358251381895,1.0834390685470567,0.9936346041315713,1.003588144820905,0.8957801824067819,1.0350546083916239,0.7047177253368339,1.0167061967127633,0.9034789426411066,1.0,1.0,-0.2655004262924194,-0.4298756122589111,-0.2719039916992187,-0.3879692852497101,-0.2740817070007324,-0.4885192513465881,-0.2716151475906372,-0.5190123915672302,-0.2275686562061309,-0.4493785202503204,-0.2397739887237548,-0.4167937338352203,-0.2481673955917358,-0.4874491989612579,-0.2467265427112579,-0.5069220662117004
N,0.0,0.0,1.0378203318889472,1.3229350854164317,1.1559108616616562,1.1184254205825745,1.0678979304967917,0.9278189132683659,0.9624476985142743,0.8208508647202662,1.0957103917470672,0.957837216722304,1.1445100542451065,0.7793646019582947,1.1262873922945467,0.90808122831919,1.0884285986437021,1.0235990327617228,0.970615414232174,0.9471545324086781,1.0138149841014699,0.7341080795243319,1.0182366844679185,0.8959859260678783,1.0,1.0,-0.2521902620792389,-0.4594586491584778,-0.2674795389175415,-0.4284916520118713,-0.270095944404602,-0.523224949836731,-0.2630304396152496,-0.5526193976402283,-0.216273158788681,-0.4771970212459564,-0.2397127598524093,-0.4540438652038574,-0.2455945611000061,-0.5216223001480103,-0.2361975014209747,-0.5376295447349548
N,0.0,0.0,1.0429079331986717,1.301143813337846,1.1705356882454159,1.1103966758794444,1.1335555214772988,0.9101443585838644,1.0708649720155836,0.7874566341399214,1.1080501414508996,0.8955675635023598,1.159451714298348,0.7088195987741365,1.1466389064768234,0.8076116344219452,1.1056144764435094,0.9424278865136217,0.9932537281978864,0.8714204598868144,1.0450080110037225,0.6611110233703724,1.029777601741629,0.8660004888412584,1.0,1.0,-0.2782418131828308,-0.3498942255973816,-0.2906696796417236,-0.304698646068573,-0.2887528240680694,-0.3963865041732788,-0.2808479368686676,-0.43414306640625,-0.2378021329641342,-0.3646473884582519,-0.2554824948310852,-0.3174022436141968,-0.2610146999359131,-0.3845778405666351,-0.2551430761814117,-0.4117667078971863
N,0.0,0.0,1.023538223172151,1.2883785555645924,1.142422806264603,1.0865931322607794,1.0879146052049768,0.8730783794679674,1.0199960777985009,0.7429438190259563,1.1078982404134954,0.9181394098766276,1.1632930224369613,0.7308960231196417,1.1325601966003502,0.8680597276842493,1.0872650834368516,0.9874400343040074,0.9972011600950913,0.8892663116749934,1.0524845159396077,0.6841313795673697,1.0303975258931228,0.8877306039376732,1.0,1.0,-0.2841711640357971,-0.364078938961029,-0.2981222867965698,-0.3210133016109466,-0.2939047813415527,-0.4154325723648071,-0.2857048511505127,-0.447631299495697,-0.245633840560913,-0.3727397918701172,-0.2654322385787964,-0.3357209861278534,-0.2680287361145019,-0.4047103524208069,-0.2610861659049988,-0.4267668128013611
N,0.0,0.0,1.0096942085850116,1.376429897224348,1.1529721930704069,1.163922048652896,1.092733297917563,0.9123741526305145,0.9986018228542024,0.780848188571327,1.147120578210144,0.9786036852936225,1.2034490312087167,0.7480271882041396,1.131845107862873,0.875411444494246,1.0809206990261357,1.0243132369870644,1.018342281798878,0.9384037066555085,1.0809247574444658,0.6653343511455271,1.027691316701796,0.840536003985417,1.0,1.0,-0.254800796508789,-0.345867395401001,-0.2632663547992706,-0.2961722016334533,-0.2533438205718994,-0.3850026130676269,-0.2499535679817199,-0.4332315325736999,-0.2164511978626251,-0.3527170717716217,-0.2309819012880325,-0.31154465675354,-0.2286771833896637,-0.3798512816429138,-0.2257009148597717,-0.4155373275279999
N,0.0,0.0,1.0167209109700222,1.3340429996974141,1.1540330414614235,1.1268044515879239,1.1094404875330635,0.8860263997839603,1.0204385580604876,0.776327065797736,1.136018739331204,0.9381078961838418,1.1977346779734572,0.7358255707643704,1.1283019056411354,0.8878965742750144,1.080296969910621,1.0093569729722696,1.0162204603243017,0.8949272981054235,1.0752355984280277,0.6630391636923257,1.0248578926686092,0.8812980924090046,1.0,1.0,-0.2782831788063049,-0.3238281011581421,-0.2870347499847412,-0.2739051580429077,-0.2797194421291351,-0.3669403791427612,-0.2754419147968292,-0.4040264189243316,-0.2387748658657074,-0.3294835686683655,-0.2526693642139435,-0.285795509815216,-0.2541520595550537,-0.3537927269935608,-0.2512449622154236,-0.3828240633010864
N,0.0,0.0,1.029842905440826,1.3860830250256422,1.1720375354256154,1.1310498251505332,1.1279845627386238,0.8588973067932918,1.052917844832175,0.7056261696060713,1.147121351181768,0.9046854716649051,1.2088352130214641,0.669179323644156,1.1449206079092071,0.8571542611304539,1.0923774842288465,1.003314447689831,1.0179682673587531,0.859221704183364,1.0753471790967497,0.5922464210485592,1.0299779945835303,0.8570105890500805,1.0,1.0,-0.2623714208602905,-0.2808818519115448,-0.2713972926139831,-0.2328471094369888,-0.265373021364212,-0.3321843147277832,-0.2602974772453308,-0.3694138824939728,-0.2211768329143524,-0.2899726927280426,-0.2358331233263015,-0.2483305931091308,-0.237995445728302,-0.3210518360137939,-0.2348110675811767,-0.3479803502559662
N,0.0,0.0,1.0270748679123265,1.2945527205046596,1.1117757411588032,1.0912758496808448,1.053095696982498,0.9150577746611732,0.9913915357661592,0.8061849635844591,1.0581583772962229,0.9190455213720766,1.103196029677232,0.7474384784287279,1.0943914428515373,0.9024764743098195,1.0617572062700489,1.0029583927960368,0.9642535353190161,0.9083277856137206,1.0124743026565484,0.7193851985667742,1.019955782521593,0.9136541296201094,1.0,1.0,-0.3787536323070526,-0.5183406472206116,-0.400367259979248,-0.4869144260883331,-0.4046370685100555,-0.602520763874054,-0.3940663337707519,-0.6321335434913635,-0.3382532596588135,-0.5391194820404053,-0.3659960925579071,-0.5201982259750366,-0.3761090934276581,-0.6012483835220337,-0.3669779896736145,-0.6192407608032227
N,0.0,0.0,1.0236096237221564,1.3024145167943957,1.0881113124066926,1.0879168742139618,1.0537582837573634,0.9086773778235414,1.0136434081017736,0.8002395959875348,1.022264961161378,0.8904017870421786,1.0741181637724178,0.7170087756124343,1.0827564983918028,0.8703527663274501,1.0585145198437669,0.9950805294165548,0.9581900799176357,0.874504629090942,1.0224762805479168,0.6781629584065946,1.0282018922117209,0.8940119745540568,1.0,1.0,-0.4990450739860534,-0.4129683375358581,-0.5368863940238953,-0.3784633278846741,-0.5354173183441162,-0.4882668852806091,-0.5150068998336792,-0.5181554555892944,-0.4609626233577728,-0.4298057556152344,-0.5045104026794434,-0.4031232297420501,-0.5090841054916382,-0.4812545776367187,-0.4897897243499756,-0.5013591647148132
N,0.0,0.0,1.0025682517923726,1.2951337120227175,1.1140316996513189,1.10573250954518,1.0491869203968387,0.9092587075798363,0.9808161229210987,0.7810843857506038,1.0742973549853438,0.9488048532165526,1.1433094201863034,0.7954896686639367,1.111933424577206,0.9417100977808042,1.0675649186156984,1.047355152713525,0.9728938740880683,0.9142337409248301,1.0511836455100008,0.7191935281716092,1.0303158839963864,0.899991675443306,1.0,1.0,-0.326008528470993,-0.4628274440765381,-0.3507746458053589,-0.4279075562953949,-0.3421224951744079,-0.535720705986023,-0.330029159784317,-0.5677624344825745,-0.2860796451568603,-0.4692436456680298,-0.3162449598312378,-0.448879212141037,-0.315643697977066,-0.5280793309211731,-0.3036404252052307,-0.5451951622962952
N,0.0,0.0,1.0024496316363853,1.30706692490096,1.0856799903673109,1.1057673145650933,1.0192012042625531,0.918971670989434,0.9530417435637627,0.7994877508472081,1.044982981808302,0.9533925973163905,1.1026319499770576,0.8029395063532623,1.0907830220621217,0.9311436315083235,1.0528674671658649,1.0394603208344588,0.9589629363470672,0.9254648635535853,1.0232756905889715,0.7280754262612663,1.0227471570556137,0.890518107154438,1.0,1.0,-0.3521390259265899,-0.449088305234909,-0.3764683604240417,-0.415975958108902,-0.3726824820041656,-0.515864372253418,-0.3601541221141815,-0.5523449778556824,-0.3130894899368286,-0.4590190947055816,-0.3429555594921112,-0.437297374010086,-0.346339076757431,-0.5100661516189575,-0.3351633548736572,-0.5306162238121033
N,0.0,0.0,1.020667487186557,1.370402951488047,1.1158799924659706,1.1271842010686317,1.0530769647052494,0.9007851447335653,0.9759986594748733,0.7644925936917012,1.0646178309190881,0.922075988290681,1.1149524482420952,0.7263434325961076,1.096353493513086,0.8933668318477967,1.06026936271242,1.030810182872362,0.9698338008845532,0.9002555262110093,1.0195556736652722,0.6635580254020044,1.0188251721232449,0.8636183465880874,1.0,1.0,-0.3454362750053406,-0.3652326464653015,-0.3640601933002472,-0.3261972069740295,-0.3641743659973144,-0.4251962006092071,-0.3551461696624756,-0.4676645398139953,-0.3072946071624756,-0.3811042308807373,-0.3321065902709961,-0.3532774746417999,-0.3389712870121002,-0.4263839423656463,-0.3315412104129791,-0.4543823003768921
N,0.0,0.0,1.0031791639906196,1.4037199547649468,1.086208869553309,1.1558897949863063,1.040619613708561,0.9125598111993368,0.9893743791716015,0.7629039698510176,1.0399628906587612,0.9247218829252658,1.088839379692183,0.7039296036722062,1.0856494958803058,0.8738655689281978,1.0518858108559899,1.0239665406372176,0.9654319933869423,0.8868857171222099,1.0183381972288994,0.623243808320123,1.0222602448326776,0.8602162100674727,1.0,1.0,-0.3951161801815033,-0.3126756250858307,-0.4179950058460235,-0.2826792001724243,-0.415641039609909,-0.3789999485015869,-0.4022741019725799,-0.4075369834899902,-0.3582051992416382,-0.3247223794460296,-0.3863526582717895,-0.3027114868164062,-0.3902319073677063,-0.3725714087486267,-0.37837815284729,-0.3897477686405182
N,0.0,0.0,1.0381120699364486,1.2873107787551439,1.1460379366500706,1.0816658306798363,1.0600031452640086,0.895181519975781,0.9680492809724103,0.7829184421836822,1.1049002286510476,0.9256682347580146,1.1549753660388464,0.7532124265455528,1.1220107107303716,0.8892449266661248,1.0789932204713755,1.0006644206824324,0.9853195795332395,0.9100742664917689,1.037567275409851,0.7147474985119778,1.0237499585091827,0.8980357978836288,1.0,1.0,-0.273615688085556,-0.4268169105052948,-0.2862283289432525,-0.3839952945709228,-0.2867510318756103,-0.4801028668880462,-0.2809548079967499,-0.513725757598877,-0.2356598079204559,-0.4433389604091644,-0.2547405064105987,-0.4106091260910034,-0.2619099020957947,-0.4810763001441955,-0.2570926249027252,-0.5031418204307556
N,0.0,0.0,1.010288892984407,1.3125386129051235,1.080434766934732,1.100141696041508,1.0347978492879975,0.9215113938140481,0.9840920322791478,0.802490483725502,1.0112806506628604,0.9205461429719821,1.070304684200347,0.7556103809355715,1.0783425952618004,0.8993656284939854,1.0516333169358008,1.0161420288734238,0.9407418304427675,0.9005954347661568,1.0095799706058735,0.7038549541992398,1.0229769528442973,0.8942039899757356,1.0,1.0,-0.4106270968914032,-0.4245612323284149,-0.4465224742889404,-0.4024394154548645,-0.4468210935592651,-0.5044781565666199,-0.4290445446968078,-0.5334088802337646,-0.3767215013504028,-0.4387381076812744,-0.4193674921989441,-0.4297723174095154,-0.4242324233055115,-0.5030649900436401,-0.4064362943172455,-0.5202034711837769
N,0.0,0.0,1.054943546981308,1.3514576461342627,1.1514172470436264,1.095757953634769,1.0444228221547158,0.8863140171107402,0.9384976844934804,0.7641871708336068,1.112133297568755,0.9119351298213675,1.153292322450622,0.7086390469935445,1.1256992072042673,0.8787801504717527,1.0879767189564136,1.005320501296485,0.9800819974313035,0.9021446253685798,1.0202870590793278,0.6679207297205038,1.0181184944664707,0.8862084955362147,1.0,1.0,-0.2573979794979095,-0.38680300116539,-0.2685715854167938,-0.3459027409553528,-0.2730287313461303,-0.4470903277397156,-0.2681396603584289,-0.4791808426380157,-0.2189754843711853,-0.410220056772232,-0.2359326481819152,-0.3798679113388061,-0.2466761320829391,-0.4510520994663238,-0.2427881807088852,-0.4697390794754028
N,0.0,0.0,1.0318213459139736,1.3903643488470385,1.1353363432308492,1.1243008171579634,1.0577149365489302,0.8893980865500692,0.9692691038915615,0.7524991073938468,1.0803641467785519,0.9163074853929236,1.132121687184685,0.6961948324975766,1.1095877840899366,0.8820803866446376,1.0684018456155193,1.022017415957201,0.9696241262937926,0.8910387961336145,1.0213593734305477,0.6355240771302837,1.0220597327696617,0.8686343437184447,1.0,1.0,-0.3068934082984924,-0.3567900061607361,-0.3241922855377197,-0.3230446875095367,-0.3259751498699188,-0.4284161031246185,-0.3168230056762695,-0.4614895582199096,-0.2671884596347809,-0.3745879530906677,-0.2906402349472046,-0.3510976731777191,-0.2994426190853119,-0.4271163046360016,-0.2917187213897705,-0.4463048577308655
N,0.0,0.0,1.0121442533550402,1.4272523043602607,1.0921913858563697,1.1478620842891247,1.0238218614775996,0.8858168421952635,0.9566541225833043,0.7150855599232601,1.0400208635291501,0.9399900140531189,1.0955637899293782,0.7101267140598263,1.090193593350446,0.889708928981329,1.05476935566971,1.0568775100447172,0.956945053893748,0.903489571983002,1.013581212634875,0.60573966848871,1.0215849706765825,0.828016435332825,1.0,1.0,-0.3498125374317169,-0.2982324957847595,-0.3715652525424957,-0.2558151483535766,-0.3701839447021484,-0.3508359789848327,-0.3573280572891235,-0.3914853036403656,-0.3111678957939148,-0.3091717958450317,-0.3401218056678772,-0.2759813070297241,-0.3447833061218261,-0.3459934890270233,-0.3328811526298523,-0.3727450668811798
N,0.0,0.0,1.0371793225428494,1.3178008256888887,1.1480178073780665,1.0913484988449034,1.0379057246350547,0.8891695380711376,0.9308783631055191,0.7626228744157207,1.109242180886376,0.9405338930284861,1.1621668841508592,0.7473808399818697,1.1333345344019212,0.9092515946293103,1.093431858665511,1.0270782459678789,0.973279715397022,0.9236309661040962,1.027271239902906,0.6947878715639209,1.0209880451079463,0.8953403130549704,1.0,1.0,-0.2379746735095977,-0.427880048751831,-0.2519882023334503,-0.3874199390411377,-0.2533493936061859,-0.4918645620346069,-0.247243270277977,-0.5210174322128296,-0.199465125799179,-0.4437631070613861,-0.2197345197200775,-0.4172464907169342,-0.2268019914627075,-0.4897999167442322,-0.2193418741226196,-0.5043811202049255
N,0.0,0.0,1.0600009056308792,1.3504059115073745,1.1672694514021789,1.109455108933398,1.0867093902005975,0.9036625974035941,0.9946545852329737,0.7870680997813027,1.0952966775262933,0.8948390511695888,1.1435279089221324,0.693883840913068,1.1228708498869153,0.8606340445548071,1.0837129912749617,0.9951836221868896,0.9706226688942009,0.886068935778516,1.0159185122867895,0.6576234120342619,1.0185093792376971,0.8772993271840561,1.0,1.0,-0.265656441450119,-0.3779703378677368,-0.2786948382854461,-0.3371908962726593,-0.2839060723781585,-0.4390285611152649,-0.2783922553062439,-0.4749487340450287,-0.2269036471843719,-0.4027183651924133,-0.2445102781057357,-0.3682363629341125,-0.256730169057846,-0.4414806365966797,-0.2535955011844635,-0.4653553366661072
N,0.0,0.0,1.034101007752276,1.3680764542809078,1.140480787527391,1.1232471662689218,1.0737817013476136,0.9007858796237697,0.9926818959882006,0.7724143694697436,1.094246422936811,0.9185848847186634,1.1457099572834764,0.7210068506420833,1.1125965205782256,0.8904092650921311,1.0703203446963836,1.0122965142667217,0.9829695456111014,0.8926124006669021,1.0383172461242942,0.658069165878296,1.0254726471062166,0.8817291419658322,1.0,1.0,-0.3161950707435608,-0.3786536157131195,-0.3318229913711548,-0.3387194573879242,-0.3326376676559448,-0.4446654617786407,-0.325169026851654,-0.4792434275150299,-0.2753323316574096,-0.3951446413993835,-0.296742707490921,-0.3686381578445434,-0.3058582544326782,-0.4447299838066101,-0.3012424111366272,-0.46523118019104
N,0.0,0.0,1.0146393645736347,1.3469659570513715,1.1050249314757077,1.11562123860764,1.0251506469072933,0.9050750213985649,0.9448494467409259,0.768722959454454,1.0772117540027955,0.9405242353449583,1.1354563928785082,0.7368545341190776,1.1131522222593568,0.8838942538704894,1.0665179865151717,1.0061840075815804,0.9696297965608421,0.9142026381134466,1.0284090894446172,0.6866738907016433,1.0238900903258554,0.8910628679382062,1.0,1.0,-0.2985847890377044,-0.3997457325458526,-0.3179332017898559,-0.3661167323589325,-0.3176450431346893,-0.4665343165397644,-0.3085014522075653,-0.4937128722667694,-0.2604266703128814,-0.4144944548606872,-0.2855233550071716,-0.3972519934177398,-0.2918117642402649,-0.466992437839508,-0.2837226986885071,-0.4788806438446045
N,0.0,0.0,1.0449179730516736,1.3583922188532067,1.138659646701212,1.1124974884109264,1.0671407062395104,0.8851849407395028,0.9845007454442247,0.7499201818618075,1.0961688870852972,0.9136062127447621,1.1353096235146847,0.7072746998935542,1.1141464321357901,0.8497320321405372,1.07748688232302,0.9969589451911116,0.9881400297756437,0.8973310342675036,1.0190873740669661,0.653942934745502,1.017278614298698,0.8578496668446182,1.0,1.0,-0.2988126575946808,-0.3387096226215362,-0.3069385886192322,-0.2902920246124267,-0.3109930753707886,-0.3816675245761871,-0.3063379526138305,-0.4210730493068695,-0.2605534791946411,-0.3597396612167358,-0.2753254175186157,-0.3158606290817261,-0.283951461315155,-0.382031500339508,-0.2799478471279144,-0.4080294072628021
O,0.0,0.0,0.8648113192840909,1.3781807606145176,0.9593067127055633,1.2783711158967828,1.035029846795007,1.1743808693818074,1.0564732770249963,1.0400470665271546,0.9086919724030743,1.0384870750541895,0.9734122513212392,0.8893538942422223,1.0206345228961349,0.9298915658757281,1.01890493293244,1.0049450038815042,0.8792146757559997,0.9964513481808281,0.9465872694472849,0.8071339518523128,1.0014775169301793,0.8864276107593946,1.0,1.0,-0.3687781691551208,-0.4574917554855346,-0.3996395766735077,-0.3680303692817688,-0.4278971254825592,-0.4110837280750274,-0.428776204586029,-0.467887282371521,-0.3516677320003509,-0.450923204421997,-0.3881054818630218,-0.3864579200744629,-0.4119034111499786,-0.4153710901737213,-0.414037823677063,-0.4642155766487121
O,0.0,0.0,0.8192068636542146,1.3203584096564138,0.928836947840588,1.2575045882083047,1.0163111881857032,1.1899824853971448,1.0342609152513444,1.0871769504297033,0.8944084895525396,1.028054357033194,0.9652811430625418,0.8907418007835247,1.0110838036765917,0.9465878509538179,1.0121110575759173,1.027778623361039,0.8598010727487595,0.992200928229834,0.9396565249416382,0.8258329362768453,0.9962424976288518,0.8992749307357015,1.0,1.0,-0.3511604964733124,-0.5211359858512878,-0.385228544473648,-0.4310020506381988,-0.4129573404788971,-0.4690610766410827,-0.4173851907253265,-0.5224770903587341,-0.3331406414508819,-0.5149322748184204,-0.3695386350154876,-0.4593075215816498,-0.3953197598457336,-0.4791980683803558,-0.404580682516098,-0.5166059732437134
O,0.0,0.0,0.8216528415921618,1.3179281562975635,0.921827950698056,1.253983768161555,1.0029612094022355,1.1863838166446727,1.0231789943797216,1.074883675766196,0.8880041830034157,1.0322867544441532,0.9548035458231783,0.9273638987703435,0.9977161091944995,0.9613376701315116,1.0017025721631008,1.023335570257654,0.8640211241413032,0.9903466974969567,0.9431341027253998,0.846837408954868,0.9949851050881662,0.9030567332066374,1.0,1.0,-0.3828957378864288,-0.5007520318031311,-0.4189189970493316,-0.4244087338447571,-0.4466343224048614,-0.4579374492168426,-0.4518930912017822,-0.5102189183235168,-0.3669831752777099,-0.4903498291969299,-0.4039168059825897,-0.4353770315647125,-0.4305978417396545,-0.4524569511413574,-0.4417990148067474,-0.4917747378349304
O,0.0,0.0,0.847983536183315,1.3940200719738907,0.9396616857368039,1.3075598151185346,1.013780656525691,1.215941829779227,1.0355636298985094,1.0770629280943087,0.8941040029601802,1.0530841332597913,0.9533910716862019,0.908745768178387,0.9995963270130093,0.9380532465194603,1.0095265235144484,1.010936626326947,0.8660314414490681,1.0097882637059186,0.9321771752138162,0.8253978900891248,0.9881694801229804,0.8843952831303845,1.0,1.0,-0.3738242089748382,-0.412137508392334,-0.404878705739975,-0.3312329053878784,-0.4318001568317413,-0.3633774518966675,-0.437028706073761,-0.4147196412086487,-0.3567125201225281,-0.4043866991996765,-0.3945273458957672,-0.352515161037445,-0.4193427264690399,-0.3735756278038025,-0.4271250367164612,-0.4139289557933807
O,0.0,0.0,0.93004500853974,1.4073115311308197,0.9878748134804143,1.2837145349928767,1.036755531721927,1.1613119590211536,1.0283157909166376,1.0397048070371266,0.8792476892291378,1.1488195389211977,0.9229334962802208,1.046373128589778,0.9701000757607008,1.0192944894865086,0.9942808977854667,1.0300324564834762,0.8526651146451504,1.106090862229843,0.901769520572413,0.9708007867428993,0.9602671668612222,0.9559054002790791,1.0,1.0,-0.3881826996803283,-0.4981845319271087,-0.4115177094936371,-0.4309237003326416,-0.4434864223003387,-0.4272185862064361,-0.4638203978538513,-0.4485766291618347,-0.3754932582378387,-0.4894901216030121,-0.3971824645996094,-0.4224970042705536,-0.4246274530887604,-0.4134073257446289,-0.4478679597377777,-0.4286527335643768
O,0.0,0.0,0.8105019511468537,1.2684958352005578,0.901739941334168,1.2281848919618066,0.9756970385997682,1.18386907852775,1.0203253640092438,1.0806905292010176,0.8972290612543368,0.9942613971817359,0.9702996826115506,0.9079862667131398,1.0071855816653055,0.9499413158063208,1.0014755259476837,1.0144853929707005,0.8799291056077326,0.9485487221072249,0.9656149291683608,0.8300466628255193,1.0069827590085583,0.9019524053406173,1.0,1.0,-0.430706650018692,-0.4566489458084106,-0.4739222824573517,-0.3949632048606872,-0.4974644184112549,-0.4374330937862396,-0.4961401224136352,-0.4886009991168976,-0.416858971118927,-0.4460193216800689,-0.4612480998039245,-0.4104095697402954,-0.4859496355056762,-0.4388396143913269,-0.4919222891330719,-0.4794944524765014
O,0.0,0.0,0.830367794823004,1.2595804793588798,0.9117143999595458,1.19649347458671,0.9852110915291822,1.1404303264262023,1.0099792532480303,1.0466108791527031,0.8339712612302154,0.9906349862621104,0.9120597694680478,0.9027201011775898,0.9698688075791428,0.9441704956417148,0.9951931540868901,1.0055339680624524,0.8133310289190339,0.964141262237046,0.9086950943834408,0.8527705040975787,0.9748367791077258,0.913624216977853,1.0,1.0,-0.4046268463134765,-0.5887932777404785,-0.4548695385456085,-0.5165542364120483,-0.4914396107196808,-0.5566946268081665,-0.504397451877594,-0.6099736094474792,-0.3993348479270935,-0.5940974354743958,-0.4481711089611053,-0.5393990874290466,-0.4812036752700805,-0.5610454082489014,-0.4983149468898773,-0.5980702042579651
O,0.0,0.0,0.8748230286630098,1.2997257204241877,0.9597957467800761,1.2053867604672546,1.0337502827151352,1.13024075357555,1.046050356406541,1.0286660943940358,0.8658859974145731,1.0218458561407595,0.9306607227121105,0.8921626815262088,0.9891489796289239,0.9283649997190218,1.0050071632511366,0.9942214173846543,0.835950148482023,1.0029420256333617,0.9153786211614464,0.8552348082384454,0.9831552486052096,0.9139395147464721,1.0,1.0,-0.3514241874217987,-0.5812307596206665,-0.387968361377716,-0.4946902990341186,-0.421188622713089,-0.5289126634597778,-0.4304099380970001,-0.5786544680595398,-0.3392785489559173,-0.5843841433525085,-0.3783383071422577,-0.5128933191299438,-0.4088967740535736,-0.5309208035469055,-0.4217908084392547,-0.5678878426551819
O,0.0,0.0,0.8419560049203894,1.276013896800438,0.9228362317929103,1.1916415644827636,0.9977332684434098,1.1286698630201832,1.0219827841462839,1.03410136285529,0.7761224842994868,0.975044398912493,0.8827546808721475,0.8731126024271668,0.9653950283397189,0.9120045507405999,1.0036437952420805,0.9863550761112944,0.7566198969110635,0.9592028038179514,0.8938684465445427,0.8444757969713275,0.9759346349223692,0.9091398248185779,1.0,1.0,-0.3423765301704407,-0.5833171010017395,-0.4012926518917084,-0.5133649110794067,-0.4390874803066253,-0.551283061504364,-0.4507528841495514,-0.6039649844169617,-0.3506763279438019,-0.6013562083244324,-0.3994598984718323,-0.5402571558952332,-0.4308830201625824,-0.5604390501976013,-0.444792091846466,-0.5992891788482666
O,0.0,0.0,0.8690824633417497,1.3111849782738618,0.9500383125824946,1.2205892461883223,1.0193015512877202,1.1462187704453353,1.0296046807563421,1.0412254787392774,0.8621911348330419,1.0351186668488972,0.9243077375093807,0.9129041858298511,0.9829040055571344,0.9387168638988653,1.00339258214169,1.0007967868121168,0.8331786174587695,1.0151325807967302,0.9051677690940606,0.8688104969636782,0.9754375604948504,0.9147749466450039,1.0,1.0,-0.3628841340541839,-0.5917086601257324,-0.3967140316963196,-0.5041557550430298,-0.4325492978096008,-0.5313760042190552,-0.4455627501010895,-0.5799499154090881,-0.3512402176856994,-0.5942109227180481,-0.3873012363910675,-0.5211942791938782,-0.4188303649425506,-0.5309429168701172,-0.4349356293678283,-0.5640135407447815
O,0.0,0.0,0.8943635667790961,1.3298857353513782,0.9729849488663987,1.232669295217073,1.040787650270068,1.1527809177767412,1.043459824497559,1.0499728849145424,0.8758592742374257,1.0460965777798867,0.9274606682423874,0.9143035857602388,0.9838060642096847,0.9330385867248603,1.0028118290103358,0.997714437638101,0.8439436589999458,1.0288008418213463,0.9028984014498126,0.8748842402398643,0.9735714989543475,0.9130409780743917,1.0,1.0,-0.3562701046466827,-0.5863565802574158,-0.3846328854560852,-0.4974051117897033,-0.419877678155899,-0.5188426375389099,-0.4332571923732757,-0.5658414363861084,-0.343449980020523,-0.5908114910125732,-0.3761546313762665,-0.5170302391052246,-0.4066529870033264,-0.5222753286361694,-0.422827273607254,-0.552781343460083
O,0.0,0.0,0.89561763393303,1.3517910652972938,0.9749142264400094,1.2423765275225844,1.0397700237038474,1.1545061988455936,1.034645773461487,1.0561650608267599,0.8792471217050134,1.0530811045523254,0.9274093279276633,0.9094879157881735,0.9853933900113307,0.9322617790565537,1.004686934372658,1.0015721759311924,0.845652739596151,1.0371729066862958,0.9012659381215488,0.8689771812864429,0.974068324978295,0.9101215968005254,1.0,1.0,-0.352317601442337,-0.5852492451667786,-0.3776530623435974,-0.488818347454071,-0.4133791923522949,-0.5098687410354614,-0.427670419216156,-0.5572079420089722,-0.338932067155838,-0.5918504595756531,-0.368518203496933,-0.5119322538375854,-0.3998447060585022,-0.5126947164535522,-0.417486310005188,-0.5401036143302917
O,0.0,0.0,0.7701425787158576,1.302516398638644,0.8864934541462172,1.2225465154028199,0.9876156798398775,1.1588056136605096,1.0148342043681513,1.057090271577199,0.7771646802151859,0.9716532245105559,0.8928115001371629,0.8460140700156545,0.9750693782158681,0.9088277377913224,1.001741813336354,0.9983921579038807,0.7411711345272289,0.9470599824776883,0.8823078223634033,0.8065344901226235,0.9757285812619396,0.8949956147643873,1.0,1.0,-0.2479579448699951,-0.4803860783576965,-0.2991207242012024,-0.4076888561248779,-0.3340490162372589,-0.4527834057807922,-0.3422423005104065,-0.5055412650108337,-0.2420254945755005,-0.4896651208400726,-0.2909597158432007,-0.4337783455848694,-0.322166383266449,-0.4597376585006714,-0.3338389694690704,-0.4992041885852813
O,0.0,0.0,0.8059018299887185,1.226718859333059,0.8919726628796655,1.167458423814759,0.9663327892199653,1.1310206964611045,1.009160011694689,1.0539570793909971,0.7752686483481251,0.8577255347701052,0.9091997741606995,0.8064209582088806,0.9802225861267306,0.8843330396799379,1.0008363062565018,0.9819648942149475,0.762647563074699,0.8396101517492685,0.9295049134953889,0.7882742890598513,0.9949879156622538,0.8924644088675774,1.0,1.0,-0.3495861887931824,-0.4646127223968506,-0.4227457046508789,-0.4285049438476562,-0.4520497918128967,-0.4859136939048767,-0.4537878334522247,-0.5406736135482788,-0.3586900234222412,-0.4909476935863495,-0.4193206429481506,-0.4584178626537323,-0.4444880783557892,-0.4949653446674347,-0.4504102766513824,-0.5380064845085144
O,0.0,0.0,0.8145317271662681,1.2213744814179088,0.8993723194465771,1.1755842824828064,0.9748214878070661,1.1440177207549844,1.0063920683062202,1.0608197747536767,0.8015337834743088,0.8715428196162122,0.9177663525824474,0.8154401730656811,0.982006768391478,0.894374813112558,0.9977698830174343,0.9891292054779894,0.788228598567461,0.8463321854604533,0.9340273620067406,0.7866404946587726,0.9952177621004143,0.8940539908687903,1.0,1.0,-0.3717001378536224,-0.4411683082580566,-0.439041793346405,-0.4065753519535064,-0.4694224894046783,-0.4631994366645813,-0.4723938107490539,-0.5180704593658447,-0.3778718113899231,-0.4628099799156189,-0.4351817369461059,-0.4313254952430725,-0.462526798248291,-0.4676713347434997,-0.470441073179245,-0.5112741589546204
O,0.0,0.0,0.833618768300544,1.1571708683005952,0.8933679002397471,1.1194983960532954,0.9475882849438727,1.1051831925742859,0.9889826676935006,1.0561548777835443,0.8303029654314469,0.7643663506610752,0.9372197682743791,0.7916446808877525,0.9835461379093682,0.8921945895793248,0.9976236624124049,0.9955951679680134,0.8332170551784216,0.751300150799359,0.9575012034926261,0.7837015429817109,0.9956646819787889,0.899927020007754,1.0,1.0,-0.5499365329742432,-0.4188084602355957,-0.6271255016326904,-0.423895388841629,-0.6518543362617493,-0.4853789806365967,-0.6529301404953003,-0.5378488302230835,-0.5629098415374756,-0.4520618915557861,-0.6266781091690063,-0.4521300196647644,-0.6499540209770203,-0.4911364018917084,-0.6558629870414734,-0.5300847291946411
O,0.0,0.0,0.7728301752336855,1.177190440441276,0.8700750132466872,1.1257969393683014,0.9494681088795761,1.1006463146022414,0.9903055850616101,1.0514419713794476,0.7633014990731043,0.8132189656719933,0.9021900362067843,0.7935476611356885,0.9715938632703501,0.8724324271814597,1.0041796588487624,0.9649597124729277,0.7566855422650022,0.8014763508922331,0.9339651394862519,0.7884904575728477,0.9921570175660758,0.8905829885010016,1.0,1.0,-0.3659199774265289,-0.4860317707061767,-0.4422223269939422,-0.4738940894603729,-0.4719250202178955,-0.5329561233520508,-0.4774318933486938,-0.5915725827217102,-0.3749943077564239,-0.519531786441803,-0.4342784285545349,-0.5028777122497559,-0.4610931277275085,-0.5394679307937622,-0.4727315902709961,-0.5834733843803406
O,0.0,0.0,0.7652675363832289,1.2080914115142072,0.8698501606083464,1.139911661871661,0.9585851318215703,1.0962958675838232,0.9824406055933885,1.0393753488621524,0.7301783234981855,0.8768155938266411,0.875472489273198,0.8217008498074319,0.9641024244798024,0.8877636340427525,1.0056452707399814,0.976418806795136,0.7149812027009732,0.8681451183468825,0.9047976439870894,0.812483713471914,0.9842460501624326,0.9024749480152906,1.0,1.0,-0.308499813079834,-0.5596683025360107,-0.3810634911060333,-0.5206311941146851,-0.4164206683635711,-0.5718754529953003,-0.4257010817527771,-0.6289790272712708,-0.3181557357311249,-0.5895006060600281,-0.3747960031032562,-0.5506478548049927,-0.4039449095726013,-0.5822169780731201,-0.416944295167923,-0.6254353523254395
O,0.0,0.0,0.8022122511240378,1.281862684278826,0.9034300972203204,1.1927095373674486,0.9886795352718794,1.1287714823388824,1.0161213273309522,1.0416451585409188,0.7816062540395767,0.9726198902896783,0.8889525641697504,0.8599373523834763,0.9715834971703945,0.9080978669660591,1.004787690835662,0.9867240879271469,0.7503771915143955,0.9584974497729889,0.8851470504539259,0.8348383872157041,0.9749448335398554,0.9048543615046217,1.0,1.0,-0.3089788854122162,-0.5845472812652588,-0.3646600246429443,-0.5088317394256592,-0.4041222333908081,-0.5494938492774963,-0.4155747294425964,-0.6038427948951721,-0.3075776994228363,-0.6006669998168945,-0.356916069984436,-0.5382336974143982,-0.3902129530906677,-0.56070876121521,-0.4045524299144745,-0.6021887063980103
O,0.0,0.0,0.7955112535657691,1.4067198835909729,0.9003090541063735,1.318160389763768,0.9845769285428582,1.2461321408421164,1.013045239010272,1.1107521698463638,0.8607799048225905,1.0042614485592782,0.9425230597389442,0.8572356743748879,0.9961771606272835,0.9289864750299826,1.0045222269989411,1.0268161059494645,0.8380851396513535,0.951858192817806,0.9327758700583667,0.766790724782754,0.9956462443532714,0.8622085894781686,1.0,1.0,-0.3371143341064453,-0.3302595615386963,-0.3768543303012848,-0.2623131275177002,-0.4063122272491455,-0.2982731163501739,-0.411570131778717,-0.3467089235782623,-0.3224634528160095,-0.3215640783309936,-0.3621034622192383,-0.2698904275894165,-0.3898649215698242,-0.2900876104831695,-0.4007081091403961,-0.3282423615455627
O,0.0,0.0,0.7520409457036665,1.1778560942172862,0.8473251587227572,1.1178703207539615,0.9278540363624169,1.0896449079841826,0.9708162577789606,1.0391904641711287,0.7311980725886139,0.8430847198807526,0.8918156007783413,0.8233669740084505,0.9680059297711395,0.8927025785485243,1.0005949811230206,0.9746870229419776,0.7299256578127012,0.8392350064586317,0.9199042109862658,0.8191659614137812,0.9865555223154924,0.907509964649621,1.0,1.0,-0.3401073813438415,-0.5775406360626221,-0.4197807312011719,-0.5546565651893616,-0.4489805698394775,-0.6114712357521057,-0.4531933069229126,-0.6668143272399902,-0.3549025356769562,-0.6160018444061279,-0.4157838523387909,-0.5915097594261169,-0.4411840736865997,-0.626424252986908,-0.4494469761848449,-0.6690036058425903
O,0.0,0.0,0.8096564335865437,1.1905899443193229,0.9036664251897797,1.1540186982861576,0.9874105826184223,1.11660036424076,1.0108892394785527,1.0564860635347386,0.8318886842097636,0.9009258249897341,0.9474352061170012,0.83497902624657,1.002036345000987,0.9040831990432127,1.0114879781510255,0.99090562099426,0.8108210894846756,0.8729000562667255,0.9531684456632186,0.8028815365279756,1.0034232027680003,0.9054995334386197,1.0,1.0,-0.3516294360160827,-0.5113446116447449,-0.4123429954051971,-0.4639787375926971,-0.4381583631038666,-0.5205678939819336,-0.4391196668148041,-0.575509250164032,-0.3516992330551147,-0.5301312208175659,-0.403223842382431,-0.4835171699523926,-0.4298534095287323,-0.519598126411438,-0.4369083344936371,-0.5642486214637756
O,0.0,0.0,0.8032731116316714,1.199337253985817,0.8970393909272467,1.139774160120654,0.9789768948093126,1.1065651948554405,1.014121632538772,1.0507547886548865,0.7846903238180527,0.8644572662789696,0.9201333306970236,0.8153375020329333,0.9880925347365423,0.8916843374236407,1.007990481590536,0.9797541291459652,0.7707457767284023,0.8482074500717426,0.9434375095075247,0.8057567309106097,1.0018665871513055,0.901071126730626,1.0,1.0,-0.3458639681339264,-0.5283584594726562,-0.4187730252742767,-0.4939523637294769,-0.4456012845039367,-0.5533964037895203,-0.446831464767456,-0.6097387075424194,-0.3543131053447723,-0.5567549467086792,-0.4125362038612366,-0.5166558027267456,-0.4391123950481415,-0.5518973469734192,-0.4479576051235199,-0.596080482006073
O,0.0,0.0,0.8390794522217623,1.165861469366245,0.9029645335683034,1.1371840066233487,0.9627658077900708,1.1200873283302297,0.9949660876211565,1.0619861948448246,0.837367251637215,0.7975791307014707,0.9406850529063582,0.7866054005283418,0.9837863532829366,0.8890558392250447,0.9929678600539855,0.9978286489930585,0.83117653481764,0.7654011377921054,0.9553524678206948,0.7476668098342425,0.9966908831438591,0.8767099857633147,1.0,1.0,-0.4902586936950683,-0.3743634819984436,-0.5611978769302368,-0.354841023683548,-0.5857143998146057,-0.421505331993103,-0.5866257548332214,-0.480408102273941,-0.4987839162349701,-0.395541787147522,-0.5568480491638184,-0.3696220219135284,-0.5794535875320435,-0.4135320484638214,-0.5855850577354431,-0.4625967144966125
O,0.0,0.0,0.7952426935423098,1.2169558394672155,0.8968751642778093,1.1683452934064043,0.9844398811337376,1.1375760538710409,1.017598402235747,1.051648826271819,0.8480006754140214,0.9322066135386431,0.9475984407679241,0.8460871358844356,0.998857589751762,0.9145589245848732,1.0053521194211257,0.9978890100660625,0.8248545341501052,0.8964841715640857,0.941576962381861,0.8066196354884256,0.9968609348952074,0.8987576110850903,1.0,1.0,-0.3459186553955078,-0.4556999504566192,-0.398974597454071,-0.4110804200172424,-0.4252821505069732,-0.4612022638320923,-0.4268401861190796,-0.5133298635482788,-0.3361291289329529,-0.4532272219657898,-0.3870891332626343,-0.4199669361114502,-0.4129331707954407,-0.4528159201145172,-0.4211117029190063,-0.4940402209758758
O,0.0,0.0,0.8100918236848295,1.0949758361871227,0.883363514298655,1.0745851962297805,0.9511372707657405,1.0805557123169254,0.9899126252599885,1.0452592988354008,0.8338582771191719,0.7254525671447037,0.9505647201000791,0.7818280110357659,0.9921603463117825,0.8851247641766925,1.0011637002455267,0.9793082024053582,0.8392534945351952,0.7083743447447992,0.9779092453300345,0.7858677427470322,1.0060174884744852,0.9012612228687823,1.0,1.0,-0.4809967875480652,-0.4144784808158874,-0.5555739402770996,-0.449966698884964,-0.5706332325935364,-0.5198794007301331,-0.566331684589386,-0.5760513544082642,-0.4943038821220398,-0.4470345675945282,-0.5555262565612793,-0.4644293785095215,-0.5720521211624146,-0.5115317702293396,-0.5728226900100708,-0.5577368140220642
O,0.0,0.0,0.77829513458427,1.2189154314216735,0.8896737886948746,1.1621111792175263,0.983015214711465,1.1165315719197724,1.012221177440179,1.0316536146394575,0.808765268993437,0.9219892267835281,0.9151464796098235,0.8469169517232036,0.9820673230699547,0.9112343957605781,1.0029685818280298,0.9936809868521058,0.7800298959420432,0.8911249826405246,0.9188395506620064,0.8100844406462442,0.9874947177220716,0.8996207016215638,1.0,1.0,-0.3090183436870575,-0.4788864850997925,-0.3687494099140167,-0.436924397945404,-0.3979014158248901,-0.4873740971088409,-0.4035514593124389,-0.5403052568435669,-0.3030201494693756,-0.4874697923660278,-0.357624351978302,-0.4669739007949829,-0.3850849866867065,-0.4982004463672638,-0.3962457776069641,-0.5349927544593811
O,0.0,0.0,0.8352124425626118,1.1740940418602452,0.9074351778439016,1.1468816709114398,0.9706750634254075,1.1353878975201053,1.0096577533717281,1.0648480289862046,0.8520342086874808,0.8508957042011579,0.9502127237724752,0.8148349041818175,0.9943349890065545,0.9000094925221798,1.0014219152426906,0.9941876374178871,0.8399450294898327,0.8167456742363111,0.9590755395344959,0.7758800699815754,1.00080391006449,0.8892915935716782,1.0,1.0,-0.4549258947372436,-0.409140944480896,-0.5210268497467041,-0.3834650814533233,-0.5440415740013123,-0.4448768496513366,-0.5432029366493225,-0.5004100203514099,-0.4562444984912872,-0.4233083724975586,-0.512646496295929,-0.3979206681251526,-0.5359840393066406,-0.437301367521286,-0.541702151298523,-0.4824127554893493
O,0.0,0.0,0.7878112545789123,1.248457302462152,0.9005052049929915,1.1813061891526373,0.9941403459676514,1.1328822160081513,1.018521191405115,1.0479346312806352,0.8231294784031008,0.9450367974267431,0.9308055133656347,0.8360525240631834,0.9955281626366648,0.9084736059272115,1.0084435016266111,0.9961548002976929,0.7900564793198765,0.9218104156604969,0.9245439699899083,0.8028733613536071,0.9942837990556226,0.90027775152334,1.0,1.0,-0.3080811500549316,-0.5036415457725525,-0.3638018369674682,-0.4381836652755737,-0.3941994905471802,-0.491916298866272,-0.3975094556808471,-0.5461706519126892,-0.2995012998580932,-0.5136250257492065,-0.3512368202209472,-0.4689456820487976,-0.3788697719573974,-0.5017910599708557,-0.3860874772071838,-0.5418446660041809
O,0.0,0.0,0.8319209522350177,1.1453040652254283,0.8974689313483971,1.111060305661446,0.9554344110609507,1.0978611073405344,0.9974466342130388,1.0497199309156098,0.8297066600659287,0.7868624294921646,0.9383399733613079,0.7937288201562194,0.9836487346621248,0.892568198948726,0.9967445200124156,0.9973576374337428,0.8296489036095821,0.7692202281113176,0.9590103018658872,0.7833262156587475,0.9973787605543049,0.8948152529484261,1.0,1.0,-0.5095786452293396,-0.4354586005210876,-0.5845337510108948,-0.4359233975410461,-0.6074488759040833,-0.5015376806259155,-0.6078605651855469,-0.5592575073242188,-0.5218685269355774,-0.4623847007751465,-0.5841497778892517,-0.4561965465545654,-0.6034835577011108,-0.5015411376953125,-0.6053505539894104,-0.5501391887664795
O,0.0,0.0,0.7488891120930639,1.1819700345163136,0.8746585868373942,1.1287123339379808,0.9726846890522649,1.100484514842988,1.0093705207674692,1.0322134979881177,0.8039094106028312,0.8570051739558302,0.935456005036807,0.7993451781579632,0.9974886616851673,0.8939701927839683,1.0082550987728245,0.9835137154368727,0.770820330455966,0.8323894755395013,0.9315209267631573,0.7749733346508199,0.9982761726297993,0.8932256154083295,1.0,1.0,-0.3045290112495422,-0.470510184764862,-0.3693885505199432,-0.434451699256897,-0.3986129760742187,-0.498320460319519,-0.4022232890129089,-0.5554466247558594,-0.2968406677246094,-0.4900446832180023,-0.3520696759223938,-0.4627118110656738,-0.3792139589786529,-0.5012063980102539,-0.3882830440998077,-0.5433300733566284
O,0.0,0.0,0.753484834021882,1.227791113068844,0.8596093451217416,1.1598426761282665,0.9505064548135522,1.124464639848524,0.9922084298355734,1.059814472739826,0.7272459056129462,0.819100279593528,0.8866029713456394,0.7760907250967479,0.9696804316546663,0.8596675833417928,1.0082117261155796,0.96436076758235,0.7202729685425351,0.8118942637026848,0.9209150879619367,0.7695003698978583,0.9904622878547953,0.8804975853286219,1.0,1.0,-0.316739946603775,-0.4520848989486694,-0.3936231136322021,-0.4213161766529083,-0.4243474006652832,-0.4772492945194244,-0.4298462271690368,-0.534355878829956,-0.3293888568878174,-0.4873487949371338,-0.3875832557678222,-0.4556984305381775,-0.4143551588058471,-0.4899621307849884,-0.4251438975334167,-0.5334920287132263
O,0.0,0.0,0.7926951528301124,1.2965501948848868,0.8884897338597226,1.2248414215340966,0.9734699127643618,1.1683575537075013,1.0186780512439086,1.0653151436894304,0.786153226996025,0.9469313730406079,0.8996195240709567,0.8594883630402438,0.972559267017442,0.9152650074974518,0.9996742891339977,0.9992031957794156,0.764430227380956,0.9141332057950201,0.9041438897700981,0.8094731633802322,0.9804714739489714,0.891118838073537,1.0,1.0,-0.3301726579666137,-0.465404063463211,-0.3914250135421753,-0.407992422580719,-0.427172303199768,-0.4520706534385681,-0.436308890581131,-0.5073683261871338,-0.3324337601661682,-0.4799148142337799,-0.387023389339447,-0.4337233901023865,-0.4185230135917663,-0.4620639979839325,-0.431833416223526,-0.5053248405456543
O,0.0,0.0,0.802513192742764,1.2779716730008197,0.8952656411959178,1.2173917901565985,0.9806639815945878,1.1634750984998141,1.0019541237341327,1.0769740396599659,0.8079647869805742,0.9298667440767777,0.9208217058427309,0.835959562396609,0.9846558493364768,0.9031301208814414,0.9970125928198601,1.0020939781171216,0.7851075615785663,0.9023531605322652,0.9224477912447335,0.7956148466242574,0.9909865754534279,0.8890380081914916,1.0,1.0,-0.3388798534870147,-0.4744813442230224,-0.4013592302799225,-0.4170821905136108,-0.4332548081874847,-0.4681657552719116,-0.436705470085144,-0.5254061818122864,-0.3385997414588928,-0.4886276125907898,-0.3953009843826294,-0.4470107853412628,-0.4241062700748443,-0.4790835678577423,-0.4325430393218994,-0.5226151943206787
O,0.0,0.0,0.8503029102516939,1.4041034993965846,0.931362138677426,1.2793906931388013,1.001738804573916,1.1787321437348781,1.014644462680814,1.0667519342461158,0.8437152888149176,1.0320750235539944,0.9173723033624672,0.8978267766551986,0.9767817801633416,0.9425503897365423,0.995176321487355,1.0241955292610903,0.8193751155608586,0.9911984196739185,0.9041304369924421,0.8177790121449585,0.9763521616371192,0.8844576634781265,1.0,1.0,-0.3434025645256042,-0.4189066290855407,-0.3805416226387024,-0.3381896018981933,-0.4165825843811035,-0.3668227791786194,-0.4299728870391845,-0.4156278967857361,-0.3335624635219574,-0.4184460937976837,-0.3706153035163879,-0.3478383719921112,-0.4025261104106903,-0.3585134446620941,-0.4205246269702911,-0.391991376876831
O,0.0,0.0,0.8047743514654099,1.3592467181476,0.9057954773669171,1.2565731313764772,0.990721072131197,1.1828725501624984,1.0226821529571672,1.0619946560725324,0.8235193901859603,1.011136319273531,0.9081779942006357,0.8787416486862315,0.9756941242600037,0.9274169694536357,1.0031723242654342,1.0039327489864196,0.7938242848004249,0.9810120680537692,0.895309301960473,0.8193784729835567,0.9729688751088398,0.8901401224263829,1.0,1.0,-0.3290064334869385,-0.4640825986862182,-0.3750124275684356,-0.3844991326332092,-0.4127351939678192,-0.4190686047077179,-0.4263452589511871,-0.471514344215393,-0.3176369071006775,-0.4654401242733001,-0.3644674122333526,-0.4050288200378418,-0.3985157907009125,-0.4214016795158386,-0.4160615801811218,-0.4569429159164428
O,0.0,0.0,0.7818561346245234,1.3272259879636352,0.877385249844034,1.2327751603777295,0.9602240126227232,1.17469642285424,1.003703880527137,1.0782870491433936,0.7339130622270008,0.9016342645091995,0.8624382856768266,0.7995669380039206,0.9534814970359917,0.8718054110594011,0.9994307748646626,0.9756969776778667,0.7142665924841526,0.8803242940977127,0.8830531278355378,0.7730072376710889,0.9730924780925996,0.8755964978084778,1.0,1.0,-0.3171759247779846,-0.4296081066131592,-0.387889415025711,-0.3732718825340271,-0.427747368812561,-0.4209704101085663,-0.4397316575050354,-0.4765337407588959,-0.3270370662212372,-0.4574612379074096,-0.3858460187911987,-0.4125436544418335,-0.4180448651313782,-0.4405677020549774,-0.4322659969329834,-0.4809833765029907
O,0.0,0.0,0.7921833773530381,1.37141906772007,0.8894177301961733,1.2669650521577378,0.9738106279024442,1.1829466550790186,1.004194036170084,1.0557320759562876,0.8013977432340705,0.9951706069821086,0.8961511320792758,0.8599032429606902,0.9697370242679625,0.9162580839564536,1.0033954985651592,1.0052681925986475,0.7723679912901471,0.959748397595581,0.8879982795352057,0.7952279280080952,0.9696750606531046,0.8801667518333938,1.0,1.0,-0.3312951624393463,-0.4214975237846374,-0.3860985040664673,-0.3484033942222595,-0.4243389666080475,-0.3889816105365753,-0.4367334246635437,-0.4421756565570831,-0.3255306780338287,-0.4266495704650879,-0.3800677061080932,-0.3766831457614898,-0.4130834937095642,-0.4019819498062134,-0.4276170432567596,-0.4413235783576965
O,0.0,0.0,0.7898856364446799,1.2875346038763849,0.8803120945089459,1.1942565835641823,0.9618429075114324,1.1386489548626322,0.9957435976387683,1.0514340475162047,0.7170562595201881,0.8738868631848541,0.8655993863802518,0.7952997266414009,0.9573888689490545,0.8642295691370141,1.0004387510225372,0.9665104628701784,0.7043755552848128,0.8591248301626847,0.8917322547589098,0.7784267955713606,0.9765248378842187,0.8811469025028817,1.0,1.0,-0.3175286948680877,-0.4483049511909485,-0.3951903581619262,-0.4013159871101379,-0.4319131076335907,-0.4523325562477112,-0.4405024647712707,-0.5086508989334106,-0.3315219581127167,-0.4755739569664001,-0.3932305574417114,-0.4365846514701843,-0.4223792254924774,-0.4673497974872589,-0.4335429668426513,-0.5093374848365784
O,0.0,0.0,0.8006783310375738,1.3523706246431346,0.896448209311061,1.2484225334536343,0.9807216067742829,1.1692458403593338,1.0059834929630997,1.064602166256834,0.8167583491091538,0.9964407190107648,0.9056093663958474,0.8923791923146734,0.9696211126475806,0.9386290034974657,0.9961886883771955,1.0117178620207405,0.7919719909776963,0.9553328657828892,0.896013896896352,0.8205482548386082,0.9712152428795161,0.887588510183353,1.0,1.0,-0.3315305709838867,-0.4291929006576538,-0.3790896236896515,-0.3634862303733825,-0.4155019223690033,-0.3970455825328827,-0.4299651682376861,-0.4484758377075195,-0.3230275511741638,-0.4273830056190491,-0.3693205714225769,-0.372252881526947,-0.4022785127162933,-0.3900150060653686,-0.421794444322586,-0.4272024035453796
P,0.0,0.0,0.6333414289573078,0.7329518608182841,0.7647289474867298,0.7331793223564835,0.8591990583480642,0.754934265677587,0.9396437793345098,0.7617004619343071,0.825947841310743,0.5865392529399203,0.9615630837565164,0.6398723489792563,1.0492889742679292,0.6592895579105241,1.1264776319891172,0.6726500318195112,0.7929781959374663,0.590918178937725,0.8955174682799953,0.7924508949360803,0.9517351366139642,0.914760559298963,1.0,1.0,-0.3584144115447998,-0.4172142148017883,-0.3884419500827789,-0.5649152994155884,-0.3582358956336975,-0.5707504153251648,-0.3374614715576172,-0.5493897795677185,-0.3339022696018219,-0.4561764597892761,-0.3608995079994201,-0.5749772787094116,-0.3385952711105346,-0.582525372505188,-0.321131557226181,-0.56266188621521
P,0.0,0.0,0.6282794422109221,0.8160581243760407,0.7431126124512861,0.7978399711547539,0.826538559159815,0.7846134917813145,0.8964357049253334,0.7603658585578582,0.7901496221352046,0.5974101548925433,0.9196671657704525,0.636410594802633,1.0025223612362084,0.6485661743289362,1.0736315261564566,0.6525302362859535,0.7605559783342538,0.5925880673886013,0.8814263319920336,0.7860430991364504,0.94700283023212,0.9122789150491434,1.0,1.0,-0.3864980936050415,-0.3737448751926422,-0.4248724579811096,-0.5236268043518066,-0.3932583630084991,-0.5427115559577942,-0.3705673813819885,-0.5287354588508606,-0.3654400706291199,-0.4137759506702423,-0.3973630964756012,-0.5338370203971863,-0.3755491375923157,-0.5533016324043274,-0.3573712110519409,-0.5404698848724365
P,0.0,0.0,0.5973417736013843,0.8114389202486769,0.7103179429662937,0.7816738189862419,0.8047227578887405,0.7935118865471783,0.877180358736151,0.795213608759063,0.7644838604219658,0.6382321794507863,0.8942514342812748,0.6708960020414024,0.9726861140692695,0.6738505833283438,1.0401216027472342,0.6695415248910777,0.7446251010080847,0.662693213877588,0.8721720702187882,0.8211290317075148,0.9423762094535005,0.9262447430059042,1.0,1.0,-0.4129590094089508,-0.4658089578151703,-0.4601553082466125,-0.6002410650253296,-0.4285355806350708,-0.6147025227546692,-0.4053989946842193,-0.598899245262146,-0.3960586190223694,-0.5191056728363037,-0.431833952665329,-0.6265081763267517,-0.4078099727630615,-0.6370899081230164,-0.3894484639167785,-0.6184195876121521
P,0.0,0.0,0.636364384322034,0.8675323504958972,0.7383656151623732,0.8151487369602438,0.8290680534768314,0.8237413621391162,0.8950191189801358,0.8334033162069581,0.7771092036214351,0.7122349766630863,0.8962346012402745,0.731565557310557,0.9655556681002093,0.731830730778986,1.0241695027309956,0.7293627649193243,0.766437395533066,0.7415289519108935,0.8849118574243697,0.8758886902573714,0.9480747002340645,0.951895507523414,1.0,1.0,-0.4883418679237366,-0.6054094433784485,-0.5410149693489075,-0.7305694222450256,-0.5117153525352478,-0.7501364946365356,-0.4883459806442261,-0.7370655536651611,-0.4774804413318634,-0.661270260810852,-0.519763708114624,-0.7597048282623291,-0.4977671205997467,-0.7751619219779968,-0.4790895581245422,-0.7605700492858887
P,0.0,0.0,0.5591103013926393,0.8292813416539478,0.6838448937349264,0.775111727293422,0.7912145660297569,0.7892272565338233,0.8675056533402467,0.8172703869138617,0.7447110124574414,0.6965450079359248,0.8872513854367318,0.7316074731077458,0.9654897401122445,0.7486187835164445,1.0338522405527444,0.7581195767418715,0.7426265461032912,0.740924302340784,0.8755661325918234,0.8702523103594412,0.943235270660684,0.9510116955144866,1.0,1.0,-0.4216024875640869,-0.6536124348640442,-0.4680734276771545,-0.7648513317108154,-0.4359057545661926,-0.7839837074279785,-0.4113699495792389,-0.770901083946228,-0.4129012525081634,-0.714978814125061,-0.4504348635673523,-0.800780713558197,-0.4234123528003692,-0.8151014447212219,-0.4006769955158233,-0.7998301982879639
P,0.0,0.0,0.5640676144223923,0.8964800910493663,0.678482960422537,0.8313234333136276,0.784805606186878,0.8246333356797524,0.861295115929418,0.8235786151102329,0.7208099348203062,0.7208848066041937,0.8622014248299228,0.7229086709321658,0.9412426919590334,0.7127511940262247,1.0084037046027319,0.6972482422102521,0.7113969339901782,0.7646939044392795,0.8597417790634372,0.8784835757931779,0.9381924902070132,0.9535366972677092,1.0,1.0,-0.4057808220386505,-0.6377423405647278,-0.465438961982727,-0.7439629435539246,-0.4368601441383362,-0.7657482028007507,-0.4124026000499725,-0.7552237510681152,-0.3974580466747284,-0.6995120048522949,-0.4438706934452057,-0.7805597186088562,-0.4196707308292389,-0.7944850921630859,-0.3969442248344421,-0.7789401412010193
P,0.0,0.0,0.6633043851748275,0.7689914380565983,0.7856495653817601,0.7545248603894792,0.8820714326792847,0.7737104474143772,0.9671301297009601,0.7759389658582682,0.8448990897697873,0.6196974810821275,0.9610754169226484,0.671805990332746,1.0401029329762363,0.6914978486638808,1.11029964241545,0.7065849423921569,0.8182829629803939,0.6268449372049081,0.9026976691302125,0.815748863182659,0.95290998873662,0.9257476953805297,1.0,1.0,-0.4195345044136047,-0.5298855304718018,-0.4529678225517273,-0.6852938532829285,-0.4209505915641784,-0.6884725093841553,-0.4006499946117401,-0.6631667017936707,-0.393862247467041,-0.5723462104797363,-0.4248636960983276,-0.6939693093299866,-0.4018293619155884,-0.6995857357978821,-0.3850504457950592,-0.6749601364135742
P,0.0,0.0,0.6000719983813897,0.8760446178246452,0.7235947289606046,0.8133922186537661,0.8299179213940979,0.8107784078180702,0.9094803056683162,0.7974141378083395,0.7370430544456181,0.667392426281726,0.8732305191033676,0.6731928461405622,0.9568459701545056,0.6608610036775315,1.027114653587863,0.643641542745282,0.7093299932580464,0.7017731493999072,0.853918058533872,0.8471815994604984,0.93661604900762,0.9401452799657728,1.0,1.0,-0.3570291697978973,-0.5539030432701111,-0.4165697693824768,-0.6669392585754395,-0.3897373974323272,-0.6771884560585022,-0.3654567301273346,-0.6585416197776794,-0.3393177986145019,-0.6121295094490051,-0.3902452886104584,-0.7002109885215759,-0.3699717819690704,-0.7107282876968384,-0.3486436009407043,-0.6945134997367859
P,0.0,0.0,0.5945794360106115,0.8389314449904156,0.710868464209668,0.7910235996868911,0.8103256831115567,0.8066213224208415,0.8837448323890565,0.8158775840900664,0.7526376159338016,0.6741478847956884,0.8850897584315445,0.7020920118100904,0.9624723514877702,0.7050563735778416,1.0295343818140563,0.6995137698792724,0.7331748492636044,0.708710100916163,0.8638656733952198,0.8519359023107831,0.9376089758638011,0.9422695730465002,1.0,1.0,-0.4075377881526947,-0.5613572597503662,-0.4601890444755554,-0.6825006604194641,-0.4304700195789337,-0.6952334046363831,-0.4074403941631317,-0.6763439774513245,-0.3919721245765686,-0.6161817312240601,-0.4363309144973755,-0.7083146572113037,-0.4142284989356994,-0.7174658179283142,-0.3945032656192779,-0.6984840631484985
P,0.0,0.0,0.5197127077543273,0.8667412942438674,0.6685870509479988,0.8021015306733401,0.7916508770382499,0.8032768422935713,0.8927690568295473,0.7877070054739279,0.6874711805308106,0.6192967716381593,0.8537178043375848,0.6411317858695962,0.9571686740341346,0.6483783530899259,1.0434727879329098,0.6528816054011102,0.6483551156765351,0.6631180591141553,0.829286180651206,0.825421889021456,0.9252015376490086,0.9305900507444901,1.0,1.0,-0.2583900690078735,-0.4553816318511963,-0.3223379552364349,-0.5675721764564514,-0.2966656386852264,-0.5796871781349182,-0.2733729779720306,-0.562183141708374,-0.2387420237064361,-0.511972188949585,-0.2942098379135132,-0.6019371747970581,-0.2745815813541412,-0.6114739775657654,-0.2533611357212066,-0.5945954322814941
P,0.0,0.0,0.6086460469897699,0.873511945925582,0.7176337806352033,0.8120820149994683,0.8198083020038743,0.8198893656771985,0.8943652139419938,0.846219185583995,0.7681067417329994,0.7112743682247542,0.9101939464514172,0.7388683790171747,0.9860501513534424,0.7487196097976802,1.0483223479764394,0.7520928569842473,0.758951110334352,0.7526695147654783,0.8973268910343581,0.8732182741024422,0.9570706064054466,0.951881852831993,1.0,1.0,-0.4518690109252929,-0.6458658576011658,-0.5051981806755066,-0.7564694881439209,-0.477994292974472,-0.7764022350311279,-0.4542139172554016,-0.7655297517776489,-0.4437534511089325,-0.7080494165420532,-0.4863044917583465,-0.7940170764923096,-0.463972806930542,-0.8092783093452454,-0.4442160725593567,-0.798039436340332
P,0.0,0.0,0.5454316980866792,0.905779103456977,0.6814809390463469,0.840380176128582,0.7949880295414514,0.8367563534523514,0.8897341113155006,0.8100887524698464,0.6837944465924876,0.6727641658732098,0.8318284012961161,0.6786802437157841,0.9283112084890663,0.6755939875268835,1.011311530044614,0.6693438666560508,0.641843945317331,0.71030792320761,0.8200275730627579,0.8529012641644919,0.9200468403587362,0.9422807972393143,1.0,1.0,-0.2717996835708618,-0.5574272871017456,-0.3376605808734894,-0.6733009815216064,-0.3082275390625,-0.6799953579902649,-0.2830986380577087,-0.655818521976471,-0.2499098479747772,-0.6166236400604248,-0.3070887327194214,-0.706756055355072,-0.2857699692249298,-0.7126548886299133,-0.2633407115936279,-0.6905019879341125
P,0.0,0.0,0.6667225445488609,0.8288491998095656,0.7755361775350903,0.7932428617642032,0.8705897211260698,0.8208028150101321,0.9377472705994983,0.8468374624624625,0.8089880421917213,0.687059620596206,0.9296006264407937,0.7166347750189214,0.997489971382918,0.7169771906052393,1.053925901013297,0.7109241863815035,0.8021212940896238,0.717943858492639,0.9101355515506815,0.8591710613052076,0.9609903339455326,0.9452757635684464,1.0,1.0,-0.535017728805542,-0.6041891574859619,-0.5839454531669617,-0.7190300822257996,-0.5529429912567139,-0.7378692626953125,-0.5277677774429321,-0.7283358573913574,-0.5264936089515686,-0.6589949727058411,-0.5654705762863159,-0.7466455698013306,-0.5407286286354065,-0.7633426785469055,-0.5198550820350647,-0.7550616264343262
P,0.0,0.0,0.5881989336521022,0.9390776435872822,0.7087826636667524,0.8550539756047766,0.8187846595862299,0.8475947632314097,0.9023437580464231,0.8518587440733353,0.7243943099924228,0.7236601838454876,0.8679466173393038,0.7382761727472967,0.9512593427949964,0.7351881727929475,1.0208232620349553,0.7274764550207521,0.7003994766159223,0.7730241175150299,0.8591885855522533,0.8838439500784304,0.938308633332896,0.9566534776317942,1.0,1.0,-0.3708102107048034,-0.6400672793388367,-0.4427605867385864,-0.7389331459999084,-0.414333164691925,-0.7580606937408447,-0.3874132633209228,-0.7462223768234253,-0.35659259557724,-0.7067364454269409,-0.4184394478797912,-0.7803928852081299,-0.3979358971118927,-0.7920403480529785,-0.3742066025733948,-0.7790921926498413
P,0.0,0.0,0.5048488161833514,0.9155887866427685,0.6388284231745432,0.8376837524598498,0.7635771038301941,0.8320830826375124,0.8547951144978289,0.8478128387358448,0.693460890082419,0.7363883831048542,0.8665728949860011,0.751860630780993,0.9580517014143236,0.7512209314736645,1.034747059201953,0.7440810617854181,0.6876352556647446,0.7909988274946573,0.8620351563686419,0.890136328453297,0.9400096211035786,0.9592420381510943,1.0,1.0,-0.3362382650375366,-0.6538193225860596,-0.3980558812618255,-0.7429009675979614,-0.3692998588085174,-0.7604956030845642,-0.3440448343753814,-0.7485963106155396,-0.3294117748737335,-0.7185235023498535,-0.3809714317321777,-0.7845422029495239,-0.3561285734176636,-0.798440158367157,-0.3314916491508484,-0.7854783535003662
P,0.0,0.0,0.6137700604350342,0.816943034736385,0.7252264695699977,0.7778915098869065,0.8270550358259514,0.7980582336425693,0.8982340455007531,0.824334745987408,0.7762560611531415,0.6932593899455529,0.9117815955036312,0.7334059486256361,0.9841886953096174,0.7483843575194807,1.0472420393328525,0.7537549033237262,0.7705296559851194,0.7403087248706899,0.8923837021046456,0.8706585251547494,0.9517827045212574,0.9502960984090085,1.0,1.0,-0.4906096756458282,-0.672196626663208,-0.5380352139472961,-0.7836016416549683,-0.5088687539100647,-0.7955162525177002,-0.4845356047153473,-0.7814385294914246,-0.4808730781078338,-0.734592616558075,-0.5161100625991821,-0.8188797831535339,-0.4908329844474792,-0.8290106058120728,-0.4700841903686523,-0.8159134984016418
P,0.0,0.0,0.533523809557934,0.9071078065582516,0.6732900987656488,0.8370997158930028,0.7943877353281024,0.829204371358043,0.878541129840039,0.8166798575836437,0.6831547797881412,0.7103429491651463,0.8370047004558925,0.7036017655838678,0.9285835385091198,0.6846562636308884,1.0064525791774301,0.6645854471569032,0.653823913520832,0.7561528302221949,0.8283068475474185,0.8775330773693207,0.9237265619919313,0.9527791488267928,1.0,1.0,-0.3086071014404297,-0.6527703404426575,-0.379023939371109,-0.7588107585906982,-0.3496139645576477,-0.7676110863685608,-0.3230162262916565,-0.7491793036460876,-0.2901054620742798,-0.719444990158081,-0.351797878742218,-0.7998350858688354,-0.3300172388553619,-0.804711103439331,-0.3051624298095703,-0.7870652079582214
P,0.0,0.0,0.6215418204896794,0.8670563514224965,0.7372150578711878,0.8210753545056036,0.8381823611088713,0.828235571009625,0.907248268257325,0.8308632650442728,0.7633341081249505,0.7109822789175819,0.8946878396084967,0.7223695198544322,0.9705609769343794,0.7119363226467352,1.0330077911043172,0.6966430710997795,0.747855189593177,0.7498575417029263,0.8802609601966562,0.866552052947514,0.9493077755899492,0.948353473980983,1.0,1.0,-0.4679848849773407,-0.6859970688819885,-0.5386624932289124,-0.8103323578834534,-0.5117013454437256,-0.8444616198539734,-0.4850199520587921,-0.8394149541854858,-0.4561693668365478,-0.7535389065742493,-0.5101801156997681,-0.8528207540512085,-0.4879204630851745,-0.8723554611206055,-0.4656303226947784,-0.8591650724411011
P,0.0,0.0,0.5399800211304348,0.9897745863083943,0.6744091687735974,0.895305568931593,0.7942588553204093,0.863771569524745,0.8881751199580074,0.8322503260741312,0.6347251893214138,0.7229422250852258,0.781783367163851,0.6981941552208535,0.8767271672268716,0.6695536053115801,0.9575403668997535,0.6404916304982158,0.595697312895941,0.7656837670889951,0.8036022435542248,0.8768022571664557,0.9150562827550333,0.9568779318768157,1.0,1.0,-0.2535343468189239,-0.6332340836524963,-0.3337304890155792,-0.7252564430236816,-0.3051332235336303,-0.7468949556350708,-0.2770356237888336,-0.7346813678741455,-0.2376139760017395,-0.7027364373207092,-0.3090771436691284,-0.7712857723236084,-0.2895488739013672,-0.7877955436706543,-0.2642261981964111,-0.7781898379325867
P,0.0,0.0,0.6673811985587157,0.7553401545452587,0.7674211112337227,0.7481008960269623,0.8522569445352409,0.7851093957408963,0.9140345133503932,0.8122836388239377,0.8124065050599928,0.6432870688626298,0.9362607916324763,0.6682530656345296,1.0080162677055293,0.666141335213126,1.068342720090205,0.6591041770813951,0.8026842516037852,0.6719195763535423,0.900253265491374,0.836579651762249,0.9553388585236442,0.9335214421546751,1.0,1.0,-0.5352070927619934,-0.5378928780555725,-0.5708224773406982,-0.6746693849563599,-0.5399256348609924,-0.6922181844711304,-0.5168905854225159,-0.683456540107727,-0.5225436091423035,-0.59652179479599,-0.5466007590293884,-0.7040619254112244,-0.5228713750839233,-0.7194854021072388,-0.5069047808647156,-0.7160613536834717
P,0.0,0.0,0.5903236655827993,0.7789415709544164,0.7377963799808093,0.7563368753020199,0.853302088648773,0.7781810774120244,0.9496445017731973,0.7895093597091545,0.7770297604524106,0.6393498269542188,0.9259395240671331,0.6705615298522323,1.0186206106015665,0.6690152481891227,1.0977389589195419,0.6654950860388307,0.7370978329999466,0.6724641940563914,0.8757753359865409,0.8361624240155761,0.9448360451947534,0.9340556039573669,1.0,1.0,-0.3347725868225097,-0.5814799666404724,-0.3882798552513122,-0.7166741490364075,-0.3601866960525512,-0.7150518298149109,-0.3375230133533478,-0.6880080699920654,-0.3072898387908935,-0.6382761597633362,-0.3551271557807922,-0.7447272539138794,-0.3352397680282593,-0.7417700290679932,-0.3150255978107452,-0.715659499168396
P,0.0,0.0,0.598884415208637,0.88370352692906,0.7267917461138957,0.8289875592922996,0.8295847791320065,0.8212898364837501,0.9162804175315878,0.7992862975026798,0.736533582240338,0.682743436642741,0.8701536190943393,0.6794277769308558,0.956776350508964,0.6656318565762872,1.0323517550977632,0.6512081940900452,0.6978844263605277,0.7106583670084595,0.8488794688054635,0.8522102668762067,0.9336473290082384,0.9410557720749332,1.0,1.0,-0.3244831264019012,-0.5777291059494019,-0.3860302567481994,-0.6970921158790588,-0.3578303456306457,-0.703558087348938,-0.3336348235607147,-0.6811771392822266,-0.3022877871990204,-0.6337639689445496,-0.3545487225055694,-0.7286551594734192,-0.3334627449512481,-0.7340608835220337,-0.3120546042919159,-0.7118726372718811
P,0.0,0.0,0.6038314181450462,0.7089125128394499,0.7438901400946675,0.7067387346698402,0.8560088388602815,0.7548632011590901,0.942134289495317,0.7828640946231799,0.8034624983003715,0.6032885004930214,0.9410461876641111,0.6865809007676149,1.0241084012533719,0.7327399101158443,1.0931185795510445,0.7691370273460638,0.7688799706277036,0.6425170930122484,0.8909756155824877,0.8143489468839472,0.9510168504642859,0.9233047922848676,1.0,1.0,-0.3793954849243164,-0.5616106390953064,-0.4239376485347748,-0.6988846659660339,-0.3957157731056213,-0.6923974752426147,-0.3749117851257324,-0.6608414053916931,-0.3527638912200928,-0.6148954629898071,-0.3929649889469147,-0.7246177792549133,-0.371958315372467,-0.7173029184341431,-0.3535239100456238,-0.6858306527137756
P,0.0,0.0,0.6105700826245455,0.790326222287417,0.7481084852354304,0.7568105578831407,0.8620748152523042,0.7784880765598309,0.9526759506889131,0.7826395381336788,0.7861603769026562,0.6139950561255495,0.9276831163616115,0.6696719987259631,1.0156559979846986,0.692002387423041,1.0887815119545938,0.7072442618441619,0.7544097033763336,0.6524240828137162,0.8882316316013905,0.820230855956209,0.9506452858317646,0.9277649299973693,1.0,1.0,-0.3616886436939239,-0.523345947265625,-0.4135903120040893,-0.6529051065444946,-0.3851882219314575,-0.6560185551643372,-0.3619535267353058,-0.631132185459137,-0.3389844000339508,-0.5799571871757507,-0.3854900002479553,-0.683760941028595,-0.3652153611183166,-0.6860204339027405,-0.345396876335144,-0.662826657295227
P,0.0,0.0,0.6239245327464994,0.8228474342159714,0.7542594685148533,0.7701113454418325,0.8589386494885809,0.7801179941610783,0.9411731883882628,0.7829607852631962,0.778621386579742,0.6204281040263558,0.9163529582179127,0.6468419957284727,1.000250480603443,0.6476061176459275,1.0719264941632054,0.6427301183204154,0.7516399187192099,0.6612923568232997,0.8878972236208402,0.8351224088969205,0.9499832110596854,0.9390058138516587,1.0,1.0,-0.3872499465942383,-0.5122441649436951,-0.4437018036842346,-0.6344968676567078,-0.4143719375133514,-0.6416925191879272,-0.3907136917114258,-0.6194980144500732,-0.3687078356742859,-0.573538601398468,-0.418595016002655,-0.6648405194282532,-0.3981359302997589,-0.6695548892021179,-0.3787845075130462,-0.6498021483421326
P,0.0,0.0,0.7142623983280516,0.7421165755052143,0.8163835657337286,0.7286084290083115,0.905074766094755,0.7712546717027812,0.9663027166063523,0.8029461782133142,0.8610303938372361,0.6264112283951082,0.9804603429956725,0.6887949037620111,1.0463917658749609,0.7136313597361851,1.1008766136718782,0.7326610979547967,0.8538644713402657,0.6592364503259631,0.9465301948531043,0.8269244630145759,0.9778879958393915,0.9290130053936535,1.0,1.0,-0.5817691683769226,-0.5516242980957031,-0.6208192110061646,-0.6823613047599792,-0.5896379351615906,-0.7070696949958801,-0.5648393630981445,-0.7048201560974121,-0.572808027267456,-0.6094556450843811,-0.6028780341148376,-0.7096073627471924,-0.5771145820617676,-0.7271844744682312,-0.5572711229324341,-0.7222927808761597
P,0.0,0.0,0.5785108088878822,0.8681497421598745,0.7226896583082102,0.8031981421370319,0.8426852009144923,0.8046855383823286,0.9350615722911492,0.7963104705117734,0.7316323368866001,0.6323689747036584,0.8905990699536442,0.6562402386505475,0.9873538317662078,0.6527294160730165,1.068111142439999,0.6440432993746391,0.6965710953973714,0.6750815126499837,0.8623450833526789,0.8389427875014843,0.9398842102470629,0.9408228585310229,1.0,1.0,-0.3020266592502594,-0.4960715174674988,-0.3662049174308777,-0.6064097285270691,-0.3393665850162506,-0.6199997663497925,-0.3153895437717438,-0.6043244004249573,-0.2846688628196716,-0.556159257888794,-0.3429924845695495,-0.6401364207267761,-0.3243193626403808,-0.6495915055274963,-0.3031996488571167,-0.6356127858161926
P,0.0,0.0,0.6933522403450891,0.7958929101282087,0.8002362447127565,0.7618964015153799,0.8928655229945124,0.7939222240725239,0.9587334412629073,0.8078033898176656,0.8307795167164179,0.6303882166285709,0.9545332354706308,0.6738816376007623,1.0211439377662284,0.6835455937381658,1.077266716665262,0.6847455105262551,0.8217866046873549,0.6618641293463025,0.9305346291237712,0.8346647181670097,0.9697433550328677,0.9376753636775531,1.0,1.0,-0.5343731641769409,-0.5009356737136841,-0.5803888440132141,-0.6204310059547424,-0.5494232773780823,-0.6370209455490112,-0.5255932807922363,-0.6240536570549011,-0.5257433652877808,-0.5566725134849548,-0.5616766214370728,-0.6482279896736145,-0.5377803444862366,-0.66241055727005,-0.5188463926315308,-0.6502016186714172
P,0.0,0.0,0.5776696806294599,0.9042007335424981,0.7016370647365474,0.8377024290188998,0.8119533298794758,0.8316719130302082,0.8973760712686425,0.808087606727071,0.7069496765357824,0.6803930795852225,0.8514542987238223,0.7128478410157857,0.9383178982216002,0.7256144323710546,1.009703816717446,0.7329657807339046,0.6801273037093682,0.734640160675811,0.8438556842492022,0.8643271312435822,0.9306623478075435,0.9485702258307317,1.0,1.0,-0.3518608808517456,-0.6033638715744019,-0.4221998155117035,-0.7093468904495239,-0.3926758766174316,-0.72053062915802,-0.3658346235752105,-0.7012720704078674,-0.3350326716899872,-0.6709399819374084,-0.3962371349334717,-0.7537100315093994,-0.3761629462242126,-0.7622466087341309,-0.3530853986740112,-0.7458850741386414
P,0.0,0.0,0.5996201248367614,0.8640124770861101,0.7132973762050161,0.8083164111556811,0.8172661828645283,0.8094127181229147,0.8945024837142618,0.8083985099076517,0.7483343595620542,0.6902807745247572,0.8832199867222255,0.7121864693559994,0.9594774078204849,0.7150600058495361,1.024375891429616,0.7104903764869175,0.7347179195183887,0.7336572171858343,0.8682523956873114,0.8648986465251062,0.9413149651433339,0.9477156022264155,1.0,1.0,-0.4242269396781921,-0.5974822044372559,-0.477794349193573,-0.7102825045585632,-0.4496040046215057,-0.7269401550292969,-0.4262278079986572,-0.7134473323822021,-0.4134233295917511,-0.6583834290504456,-0.4568180739879608,-0.7439643144607544,-0.434962660074234,-0.7549575567245483,-0.4153780937194824,-0.7391787767410278
P,0.0,0.0,0.6349863841976222,0.8381242659236747,0.7637083650079444,0.773259527496703,0.8862055356947184,0.7836732541565296,0.9759878626314924,0.8026738451259207,0.7976630129574841,0.6436449681495128,0.9580807925158886,0.6876354712363518,1.0416303906763642,0.7191646784987145,1.111868947581087,0.7437142365104982,0.785930993863686,0.6936209618008502,0.9397278166433816,0.8399983178033054,0.9767742704566623,0.9404184513178878,1.0,1.0,-0.4291009902954101,-0.566157341003418,-0.4867924451828003,-0.6818698644638062,-0.4560328423976898,-0.7055189609527588,-0.4297193586826324,-0.6966396570205688,-0.4232422113418579,-0.6341946721076965,-0.472037523984909,-0.7224533557891846,-0.4480111300945282,-0.7365889549255371,-0.425874650478363,-0.7215923070907593
P,0.0,0.0,0.6070589035020991,0.892945814649665,0.73050237001598,0.8162353253399364,0.8450884075844828,0.8021706020251386,0.9329109061736948,0.7879984710896574,0.7491633460547029,0.6692156155825341,0.9004745966441049,0.6618326560894779,0.9857573530919186,0.6449752511811082,1.0569572080747789,0.6273590660961628,0.7314779987203099,0.7193534011161379,0.8885018348336781,0.8396355818830801,0.9543562868275018,0.9359402423055835,1.0,1.0,-0.393849641084671,-0.5739425420761108,-0.4603565037250519,-0.6836380362510681,-0.4325002133846283,-0.706610918045044,-0.4064812958240509,-0.6967166066169739,-0.3855888545513153,-0.641553521156311,-0.4414826333522796,-0.7248970866203308,-0.4193993210792541,-0.739290177822113,-0.3970255255699157,-0.7244417667388916
P,0.0,0.0,0.600791796614345,0.8994480088706064,0.7205839569173118,0.833986375800266,0.8223710306854695,0.8299944299234201,0.9031922372530542,0.8141748934852592,0.7323198557925151,0.6714172904172194,0.8689835940158488,0.6824644648142413,0.9501445553239111,0.6766768611753553,1.0175401310023648,0.6651871511134099,0.7070303063568707,0.718874429369872,0.8573860861604832,0.8469191595065811,0.9390976331093441,0.9391544381574464,1.0,1.0,-0.3794916272163391,-0.5507634878158569,-0.446418434381485,-0.6591538786888123,-0.4178245067596435,-0.6743647456169128,-0.3910911679267883,-0.6576520204544067,-0.3638469278812408,-0.6144739389419556,-0.4199267625808716,-0.7001232504844666,-0.3986581265926361,-0.7111828327178955,-0.3763355910778045,-0.6961309313774109
P,0.0,0.0,0.8123412309611415,0.8375644316361818,0.887517253545943,0.796569718207677,0.9482065508224982,0.8339557814844851,0.9884137684657635,0.893549565227124,0.9285022325694862,0.7118854627272824,1.029036424863704,0.771812916636556,1.0811328272538416,0.7899694725050997,1.1260545795446404,0.7980443067588647,0.9403825155828156,0.7479949172479332,1.0101417229548046,0.9019998392478682,1.0034404096621916,0.9765634422238427,1.0,1.0,-0.7653948664665222,-0.6018054485321045,-0.7983444333076477,-0.7207903265953064,-0.7638928294181824,-0.7496901154518127,-0.7410861849784851,-0.7400497794151306,-0.7666117548942566,-0.6612000465393066,-0.7883368134498596,-0.7560232281684875,-0.757997989654541,-0.7753050923347473,-0.7359794974327087,-0.7636142373085022
P,0.0,0.0,0.5975766771357642,0.9544758902314741,0.7078970174455982,0.8717463325004132,0.8130143218413358,0.8484324878481747,0.8903979871514492,0.8310205370802888,0.7244891813116053,0.7418312752785897,0.863041622631465,0.7347261168367428,0.9386726765661526,0.7156280393897541,1.00001542008237,0.6928611108335256,0.7146818536884629,0.7917280107702417,0.8656318342529498,0.8879446979937018,0.9428179879710938,0.9576504936661104,1.0,1.0,-0.4041782915592193,-0.6324906945228577,-0.4706754088401794,-0.7257788181304932,-0.4464523196220398,-0.7513889074325562,-0.4229986667633056,-0.7442908883094788,-0.3987351655960083,-0.6970535516738892,-0.4514731764793396,-0.7694692611694336,-0.4311970174312591,-0.7864360809326172,-0.4099604785442352,-0.7748372554779053
P,0.0,0.0,0.5905364536482105,0.9884708748903652,0.7017550322007094,0.9031018444780854,0.8044533467816944,0.8683162457665622,0.883341633164333,0.829942861717152,0.7052953975724443,0.7486596146444822,0.8463175889491571,0.7370014830780742,0.9236779159677682,0.7138458991410982,0.9861263713823935,0.6877117545887018,0.6827472598700799,0.7998568193722712,0.8467286808960023,0.8833442575339358,0.9341937754956317,0.953001128475711,1.0,1.0,-0.3730714917182922,-0.6363677382469177,-0.448988139629364,-0.728421151638031,-0.4221443831920624,-0.7517739534378052,-0.3953579366207123,-0.7433228492736816,-0.3621751070022583,-0.704177975654602,-0.423983097076416,-0.7772828340530396,-0.4031618535518646,-0.790704607963562,-0.3788143396377563,-0.7780674695968628
P,0.0,0.0,0.5991159373098548,1.022109040387661,0.7082826097963609,0.9136195474255364,0.8078784656051862,0.8714212318857196,0.8841171420165918,0.8225946175749786,0.6823615547526116,0.7305599416018861,0.8196610758380349,0.7110928116522509,0.9021185597294473,0.6855027337262211,0.9682625248034277,0.6583925085600701,0.6586207024487846,0.7930123730184989,0.8361574831057339,0.879652894481189,0.930315790300714,0.9554115622005067,1.0,1.0,-0.3484779894351959,-0.584316611289978,-0.4310120940208435,-0.6665719747543335,-0.4045521318912506,-0.6912403702735901,-0.3760068714618683,-0.6832530498504639,-0.3391439318656921,-0.6563096046447754,-0.4097404778003692,-0.7194628715515137,-0.3918973803520202,-0.7363853454589844,-0.367545872926712,-0.7301435470581055
P,0.0,0.0,0.5971888791072558,0.9642877743761257,0.7009230333371995,0.8743524417051531,0.7976931296810026,0.8537689424671555,0.869692296868969,0.833865324406737,0.7084293222088912,0.7275085297369622,0.8371863882767446,0.7002184928039694,0.9089280111954275,0.6638414804967454,0.9666222056589387,0.62469611099341,0.6925018871368568,0.781314022443716,0.8412541426694478,0.8931000730825096,0.9307763975745775,0.9613636653600944,1.0,1.0,-0.4233140349388122,-0.5756961107254028,-0.4946832656860351,-0.6715900301933289,-0.4677904844284057,-0.6963216662406921,-0.4422363936901092,-0.6905854940414429,-0.4157341122627258,-0.6453330516815186,-0.4750834107398987,-0.719970166683197,-0.4544339478015899,-0.7371522188186646,-0.432509183883667,-0.7300524115562439
P,0.0,0.0,0.6607715949308061,0.9577808443293405,0.7669080216043374,0.8730327504122032,0.8692860078628142,0.8572999629638841,0.9481228410003757,0.8505662459157768,0.7709725077015156,0.7298956401568288,0.9043336356438257,0.7158167068507404,0.9750578423255113,0.6873984615560411,1.0340609208757285,0.6577686445924246,0.7583780133985709,0.7710347998335727,0.9030544531034594,0.8766767076438914,0.9605068453691084,0.9535915958264128,1.0,1.0,-0.4325294494628906,-0.599126398563385,-0.4982583224773407,-0.695953905582428,-0.4723906219005584,-0.7257301807403564,-0.4470491409301758,-0.7234293818473816,-0.4283154010772705,-0.661218523979187,-0.4839425086975097,-0.7335937023162842,-0.4662993550300598,-0.7578523755073547,-0.4467641413211822,-0.7547883987426758
P,0.0,0.0,0.6324438259810191,0.9312635595626565,0.7337507184489931,0.8568532293981007,0.8280475494260857,0.844553131579679,0.8974469542327353,0.8366932823767602,0.7519042418937878,0.7214014237172179,0.8789037347304702,0.7184331696286017,0.9477364413451347,0.6978691002474527,1.004034968823344,0.6736003161194817,0.7399365667082926,0.7609989274517585,0.8769918203161738,0.8719687452870646,0.9477286717041135,0.9493659495843348,1.0,1.0,-0.4453145861625671,-0.5880059003829956,-0.5069072842597961,-0.690632164478302,-0.480904221534729,-0.7168371677398682,-0.4569072425365448,-0.7119426131248474,-0.4390357136726379,-0.6493333578109741,-0.4891967177391052,-0.7291063666343689,-0.4697389006614685,-0.7499788999557495,-0.4502810537815094,-0.7445195913314819
Q,0.0,0.0,0.9811791411331302,0.8691603192524572,1.0914218802514193,0.8737675155612101,1.1852969422274373,0.9692958010392971,1.2104959214665454,1.097284416670446,0.9458740114924966,0.6734926233936527,1.0352927325356545,0.9014523663462526,1.0602841553361815,1.0470117424179133,1.0665983887870543,1.134709594362239,0.8351664950212694,0.7385040889202911,0.9777662865825829,1.0086650856811405,1.0043224826214263,1.0282665810531575,1.0,1.0,-0.2974851727485657,-0.5016958713531494,-0.3592932224273681,-0.638836681842804,-0.3616546988487243,-0.6304656267166138,-0.3533397018909454,-0.5986483097076416,-0.2785420417785644,-0.560164213180542,-0.3276564180850982,-0.6591494679450989,-0.3381235897541046,-0.6513867974281311,-0.3360202014446258,-0.6249804496765137
Q,0.0,0.0,0.9872745479853845,0.8377917219140276,1.0945839959357413,0.8521117336754306,1.1583117762089599,0.964746010922717,1.1946506392071419,1.0890308852322752,0.9403441795439932,0.6485774164563946,0.9818425660731839,0.8544731323063178,0.9632018245389102,1.0165277931313024,0.9434513886338729,1.1326750340168013,0.8006113735850262,0.6849708999930789,0.934076745065127,0.9378219156515322,0.9835774312370897,0.983666898728016,1.0,1.0,-0.2604154646396637,-0.5224789977073669,-0.3124418258666992,-0.6630167365074158,-0.3237428367137909,-0.6582453846931458,-0.3223490417003631,-0.6353166103363037,-0.238530158996582,-0.5800613760948181,-0.2797126471996307,-0.6821175813674927,-0.2958162724971771,-0.6815887093544006,-0.2990611791610718,-0.6604701280593872
Q,0.0,0.0,1.0674818271141615,0.7946288315050251,1.182617376605617,0.8006647391413085,1.2462004763099064,0.8864091123129028,1.291514339712586,0.9791058097071836,1.0211217382208375,0.6040895607079692,0.973827479001211,0.8173141424636737,0.9107292914180363,0.9942189521854208,0.8574719619208631,1.1348612097238326,0.8309075308144626,0.6016285677453365,0.9115637628312832,0.9076117414234501,0.9674219417405582,0.9625587099040774,1.0,1.0,-0.2222576439380645,-0.4287164509296417,-0.2542583048343658,-0.6039642095565796,-0.2787154614925384,-0.5775579214096069,-0.2940094470977783,-0.5399388670921326,-0.1944983601570129,-0.4724091589450836,-0.2289133220911026,-0.5959267020225525,-0.2506055533885956,-0.5908635258674622,-0.2629063725471496,-0.5611560344696045
Q,0.0,0.0,1.1057562414407744,0.9046700253134352,1.173021704699759,0.9288144561830145,1.2437593265345774,1.0300155923306284,1.3239456769085085,1.135363662092235,1.0203560262702738,0.5403526449699171,0.9786753739757597,0.8917605745804247,0.9297991534535341,1.1513403335120456,0.8971704456778037,1.3384947584068727,0.8590132764069611,0.5485067195581712,0.9080119253462887,1.0239058678227433,0.9639525895102206,1.060516722253733,1.0,1.0,-0.2587851881980896,-0.284477561712265,-0.286094069480896,-0.4839916229248047,-0.3138751089572906,-0.4694596827030182,-0.3291533589363098,-0.4218231439590454,-0.2293881028890609,-0.3324955105781555,-0.2549099922180176,-0.4664885401725769,-0.2837922275066376,-0.4754337966442108,-0.2987962067127228,-0.4485984444618225
Q,0.0,0.0,1.2858536945916836,0.7512741906666841,1.3698155343906404,0.8002683796774431,1.3884716913395136,0.9223294942020839,1.404449454100057,1.0470978825949215,1.1611242159947628,0.5124195460151038,1.0401597575655186,0.8020261113217332,0.9551604966950351,0.990421563628916,0.9020062086879396,1.1351814327236915,0.972201761240048,0.49471716366203433,0.9571162333959834,0.8793098714915091,0.9751113973771459,0.9644594930255056,1.0,1.0,-0.2394909113645553,-0.2861138582229614,-0.2489427179098129,-0.4750614166259765,-0.2736354470252991,-0.4802696704864502,-0.2958389222621918,-0.4676454961299896,-0.2153787165880203,-0.3156420588493347,-0.2326561510562896,-0.4407759308815002,-0.2578976154327392,-0.4609702229499817,-0.2792194187641144,-0.4521399736404419
Q,0.0,0.0,1.1681768430221513,0.9096093165853525,1.1957614204359364,0.9583141321716776,1.1430296891000085,1.1460773364608678,1.0813112204617679,1.296208697913671,0.9779858702259557,0.6490270049938857,0.8887083030826394,0.9245174535933721,0.8363339817671518,1.1031383208840453,0.7781753310384685,1.2231198157488703,0.8405596896333903,0.6703664766972834,0.841253703368197,1.015203518976516,0.9358192460976054,1.0339548224632336,1.0,1.0,-0.2509913742542267,-0.4324392676353454,-0.263532429933548,-0.6220945715904236,-0.2968179881572723,-0.6280733346939087,-0.314476877450943,-0.5950276851654053,-0.2335337698459625,-0.4712830781936645,-0.2505804896354675,-0.6070135235786438,-0.2820389568805694,-0.6268636584281921,-0.3025873899459839,-0.6230728030204773
Q,0.0,0.0,1.1070581243905624,0.9161200315206166,1.1573290019388136,0.9281847901421065,1.1457852683348686,1.0756762744065884,1.1313416922371646,1.210934953388941,0.9813932941579534,0.6428582279041848,0.9024492692276532,0.8214333863248204,0.8432479407222121,0.9614457920293349,0.7942742690893757,1.065529441922631,0.8546443680863268,0.6757389358732676,0.8899462962607478,0.9636489649781476,0.9548921614209595,1.0032908873981883,1.0,1.0,-0.2816879749298095,-0.4229936897754669,-0.3082039952278137,-0.5791729688644409,-0.3354889750480652,-0.583785355091095,-0.3509472012519836,-0.566075325012207,-0.2630873322486877,-0.4699974358081817,-0.2920032441616058,-0.5810129642486572,-0.318176120519638,-0.5984169244766235,-0.3317186534404754,-0.5887894630432129
Q,0.0,0.0,1.0749226797821192,0.9135473158220766,1.1391134771389275,0.8549628898095584,1.172129394170838,0.8754234328484672,1.1989342903384568,0.9040056440152409,1.026086477562239,0.4930629670328223,1.0148871244713653,0.734295997341307,0.9951478847842691,0.9215038034323304,0.9807557117959064,1.0486251932227915,0.9245336986046392,0.5177966916482535,0.9493603320394991,0.8145437110453851,0.9771719283034376,0.9294919552148971,1.0,1.0,-0.4273024201393127,-0.326229989528656,-0.4480265974998474,-0.4807554483413696,-0.4679241478443146,-0.5156424641609192,-0.4810551702976227,-0.5273852944374084,-0.4013915956020355,-0.3859208822250366,-0.4229495227336883,-0.4946434199810028,-0.4454622864723205,-0.5213867425918579,-0.460347980260849,-0.5180654525756836
Q,0.0,0.0,1.1496997661560047,0.8697059322674824,1.2109191566704438,0.8802036878246555,1.1999460754312077,1.0413134010238123,1.1946578143140185,1.1826859266267218,0.9903683226989347,0.600712110542687,0.9056509238799629,0.8023909971676569,0.8526298199510278,0.9676599095815679,0.819515325677461,1.0975377127019912,0.8376435243032885,0.6367370450565383,0.8725483589959665,0.942563289759708,0.9414721780073688,0.9928988663531063,1.0,1.0,-0.2373673766851425,-0.419044941663742,-0.2609517872333526,-0.5905222296714783,-0.2877143919467926,-0.5983629822731018,-0.3082006573677063,-0.5876217484474182,-0.2209921181201934,-0.470016598701477,-0.2491670548915863,-0.5881204009056091,-0.2775953412055969,-0.6058053374290466,-0.2974293231964111,-0.6005592942237854
Q,0.0,0.0,1.1086068868044592,0.8423566231340068,1.1781830035880865,0.8673186963935499,1.1626907264219681,1.04210235025154,1.141484564379773,1.2058031728962046,0.9983266200907553,0.5545884585518952,0.9310373411093817,0.8073935109205869,0.8635996749063903,1.002126950315847,0.8176206616041969,1.1520864015709376,0.8224092428400142,0.5718193362611151,0.8573395948089217,0.9290431924147504,0.9317327608470592,0.9887423684898584,1.0,1.0,-0.2258688658475875,-0.3860299587249756,-0.2500316798686981,-0.5871076583862305,-0.2812182307243347,-0.5840602517127991,-0.3046886026859283,-0.5615723729133606,-0.2028590440750122,-0.4372366964817047,-0.2323243916034698,-0.5731918215751648,-0.2650226354598999,-0.5835095643997192,-0.2886171340942383,-0.5685320496559143
Q,0.0,0.0,1.2192414210208842,0.9638624471850444,1.2264945592721748,1.0229045446447422,1.1659920994010515,1.2148189286908526,1.0704031838962211,1.3629269040439906,0.9316031350644374,0.6431554815654494,0.7848895500582725,0.973944760432314,0.7011686660591333,1.2340613849825357,0.6125605577053219,1.424873780110925,0.7696810169638498,0.6908217600205784,0.8017290227629239,1.0803776870608448,0.9420435262222082,1.0767411683792913,1.0,1.0,-0.1991896331310272,-0.3659456670284271,-0.2276051938533783,-0.5265763998031616,-0.273545503616333,-0.5069037079811096,-0.2879902124404907,-0.4565173089504242,-0.1822713911533355,-0.4082400202751159,-0.2120703160762787,-0.5202022790908813,-0.2472020536661148,-0.5348027944564819,-0.2607432305812835,-0.5185807347297668
Q,0.0,0.0,1.0986227668359598,0.9453516818376574,1.1612029440355898,0.9325338265898947,1.1293013161759033,1.1218355656616124,1.0893096891405076,1.2883628929206192,0.9277181509668017,0.5980053596365161,0.8767001872317213,0.8704105096641528,0.8164945469398344,1.044742371251668,0.745832455291023,1.1556190935467234,0.7805176896452756,0.6689408888672642,0.8487403908191954,1.0348674235966064,0.9473726484210793,1.04962455184174,1.0,1.0,-0.2338383495807647,-0.3481467664241791,-0.2683227062225342,-0.4991227388381958,-0.2989406585693359,-0.4924561679363251,-0.3121274411678314,-0.460527628660202,-0.2178258597850799,-0.4029498100280761,-0.2514325082302093,-0.5084166526794434,-0.2799581289291382,-0.5122028589248657,-0.2925319373607635,-0.4914987683296203
Q,0.0,0.0,0.9962409818391167,0.8818130426521928,1.1010391004684112,0.8964070072999828,1.1750559829662017,1.0200867511191232,1.2120002434754404,1.170410231937089,1.0174715940090262,0.6119544287091158,1.0556204025446672,0.9096702904166926,1.0462764398675277,1.1111758330414234,1.0353101442731434,1.2504148780834117,0.8872611097697031,0.6366737477679579,0.9572916048594406,0.9673065085512282,0.9927319234301815,1.0079759523277723,1.0,1.0,-0.3376809358596802,-0.417091965675354,-0.3779656887054443,-0.5892236232757568,-0.3928053975105285,-0.571708083152771,-0.3953249752521515,-0.527953565120697,-0.3103534579277038,-0.466418594121933,-0.3465728759765625,-0.5976374745368958,-0.3656731247901916,-0.5851272940635681,-0.3725046217441559,-0.5440976023674011
Q,0.0,0.0,1.059304172827492,0.8839753908927177,1.1405277431232852,0.8584968051505084,1.1817055929123272,0.9621382028818952,1.1983946233671277,1.0738111763119333,0.956945837241783,0.5708977352161234,0.9770203721569722,0.7857556845220415,0.9707449429530587,0.9590869037562587,0.9431891510290114,1.0739096019773726,0.8115564768061321,0.6286375838662221,0.9332424213495365,0.940453507379441,0.9911716025538079,0.9942723714499746,1.0,1.0,-0.2506871223449707,-0.4205706119537353,-0.2999606728553772,-0.577789306640625,-0.3246206939220428,-0.5732890963554382,-0.3334137201309204,-0.5446264743804932,-0.2323208451271057,-0.4804238379001617,-0.2776989638805389,-0.588631272315979,-0.3025263249874115,-0.5963366031646729,-0.3138569891452789,-0.5713483095169067
Q,0.0,0.0,1.020133015424139,0.8066697767270437,1.105580008695733,0.7911879180724906,1.1705059697734306,0.8864167131230991,1.2192384509501293,1.0039436894794278,0.96933289618457,0.4886339112660803,0.970701269447884,0.7302937590989375,0.9510492593903129,0.9241737561580499,0.9364285544438393,1.0714543923957438,0.8311949892925324,0.5190346004034998,0.917503603406548,0.850932740563982,0.9676613060827142,0.9447578735298252,1.0,1.0,-0.2788349986076355,-0.3194023668766022,-0.320134162902832,-0.4758491516113281,-0.3409618437290191,-0.4889567196369171,-0.3524152934551239,-0.4840414822101593,-0.2556324005126953,-0.3759086728096008,-0.2922554314136505,-0.4869507551193237,-0.31474769115448,-0.4984342455863952,-0.3256954252719879,-0.4830639660358429
Q,0.0,0.0,1.0351242617810683,0.7484798372246922,1.1283549112734195,0.7489463205527814,1.1579034768043162,0.9258849566887305,1.1557210187555373,1.1184440819689945,0.959600797447705,0.35799417107492937,0.9778062429871521,0.6522416880318666,0.9713442919804177,0.8715639890674143,0.9630249035275629,1.0205824127601393,0.8078888888430364,0.42276836548813534,0.9173316947496956,0.8543798777209765,0.9741803402151918,0.9652887582597603,1.0,1.0,-0.2558988630771637,-0.2352048605680465,-0.3064898252487182,-0.4051649570465088,-0.328920304775238,-0.4180290102958679,-0.3384082317352295,-0.4017032980918884,-0.2343554943799972,-0.298207551240921,-0.2810189723968506,-0.4205744862556457,-0.3079852163791656,-0.4372676312923431,-0.3211470544338226,-0.4200884401798248
Q,0.0,0.0,0.9552345074367972,0.9504504660075056,1.0552620238421382,0.9397693555329243,1.1616484461952028,1.0034364698810803,1.2721301516950858,1.0518721965044004,0.9937592191235106,0.4315094809614487,1.0262701377233678,0.7847226209527888,1.0234643665558092,1.039798395110069,1.0104734956871417,1.1842503608721486,0.8718956457619172,0.4760799794276613,0.92382496679236,0.9102488553614643,0.9728392930659561,1.0107872387607266,1.0,1.0,-0.385831356048584,-0.2510256469249725,-0.4241639375686645,-0.4220394194126129,-0.4483063220977783,-0.4362819194793701,-0.4573092758655548,-0.411081314086914,-0.3538172841072082,-0.3134421408176422,-0.388813316822052,-0.4443790912628174,-0.4134040474891662,-0.4597501754760742,-0.4243477284908294,-0.4391422867774963
Q,0.0,0.0,1.138785463475582,0.8062404147456675,1.2235912625751275,0.8151132561149635,1.2219008638331788,1.0755743034923129,1.208451778289998,1.2890508718036966,0.9190477370155746,0.4548169501883585,0.9135016479610522,0.7474781664512798,0.8663069515951832,0.9670424234820563,0.8210762370478877,1.1310073568889982,0.7148025678033647,0.529243755374802,0.8737546045970573,0.9770022754131124,0.9517275586480257,1.019032129131321,1.0,1.0,-0.1645580828189849,-0.3107883334159851,-0.2204575836658477,-0.5012835264205933,-0.2523248493671417,-0.4849331378936767,-0.2709580361843109,-0.4508053958415985,-0.1474939733743667,-0.3772733211517334,-0.2009004652500152,-0.4994177222251892,-0.2346798926591873,-0.5011526346206665,-0.2530539035797119,-0.479739636182785
Q,0.0,0.0,0.9595751153403014,0.8894681556964625,1.042799727500171,0.9294071206823421,1.1148785325291437,1.0921575546312237,1.17018282014846,1.2296323226274788,0.9929942466749281,0.391261647710734,1.0256646976207169,0.7786296363621242,1.0268533310327526,1.064523386904189,1.026060247671626,1.2383028351326915,0.8843822075637322,0.4435661137902478,0.9311092843089261,0.9382446337067492,0.9754323753199245,1.0218097183163852,1.0,1.0,-0.4329652488231659,-0.2356650829315185,-0.4735875129699707,-0.4182840287685394,-0.4979784786701202,-0.4211430549621582,-0.507918119430542,-0.3893223404884338,-0.4016231298446655,-0.2999811768531799,-0.4388523995876312,-0.4384955763816833,-0.4656893908977508,-0.440759539604187,-0.480465680360794,-0.4091673493385315
Q,0.0,0.0,1.0451197618780064,0.9627980274679625,1.1062456822432214,0.9880035186201276,1.089163101440108,1.2620059566410524,1.0637705403582103,1.4837917364283568,0.8870941115548094,0.5555179383661903,0.7995742677335506,0.8400426443947826,0.696015248704721,1.0244261175565341,0.6089005354887266,1.1535258457290214,0.707275688070383,0.6003831284681457,0.7947279055389697,1.065565833237691,0.9119359112634127,1.0650120356788388,1.0,1.0,-0.1836516261100769,-0.2822699546813965,-0.2217172235250473,-0.4515770077705383,-0.2532473802566528,-0.4374961256980896,-0.2718283534049988,-0.403606116771698,-0.1642258763313293,-0.3375239074230194,-0.2017664164304733,-0.4513658285140991,-0.231049433350563,-0.4579208791255951,-0.2459184378385543,-0.4393571317195892
Q,0.0,0.0,1.1607482297739584,0.803192715856967,1.2629925674368834,0.7813819250646711,1.3003714020893566,0.9087189554322537,1.310886607571217,1.0349155679586104,1.0520223152722972,0.37903289892928627,1.034259318334242,0.6359894351469184,0.988410325711544,0.8586957837966567,0.9375974158090793,1.0314004043494558,0.8595242054391591,0.4256026517332181,0.9722185409670119,0.8431982230622483,1.0029405721491134,0.9438036750693383,1.0,1.0,-0.2186639606952667,-0.2579219043254852,-0.2601311802864074,-0.4291237294673919,-0.288499504327774,-0.428096204996109,-0.3053781390190124,-0.4088220596313476,-0.1961442977190017,-0.3235380351543426,-0.2349271923303604,-0.439872682094574,-0.2608042955398559,-0.4509658217430115,-0.2766097784042358,-0.4286151230335235
Q,0.0,0.0,1.0567685762120802,0.7023700272063281,1.1486388665810436,0.7215335324005877,1.131199037091594,0.9444610157610622,1.1200276616403986,1.1537317444957607,1.04013072243664,0.32706259147080424,1.038595545663248,0.7164142070265966,1.0038591276891582,0.985343790135149,0.9749106107355338,1.1870607518123677,0.8680132954846119,0.3686821543351841,0.9664237393032685,0.8384806324407378,1.0073123268133644,0.9372832421125306,1.0,1.0,-0.2840805351734161,-0.2210153639316558,-0.3288767635822296,-0.4071738719940185,-0.3525887131690979,-0.3881876468658447,-0.3578033745288849,-0.3460838198661804,-0.2551612854003906,-0.2851459980010986,-0.3026092052459717,-0.4216991662979126,-0.3264166116714477,-0.4145638942718506,-0.3343828320503235,-0.3738722503185272
Q,0.0,0.0,1.074632171641529,0.7744418531706425,1.1672677417926605,0.8062301847443435,1.1976662346009803,1.0399621681608806,1.21925707602982,1.2765019106723077,1.0143273286890089,0.2255025345843011,1.0005980979949405,0.5581605191220803,0.9619903571488551,0.8453886512549131,0.9333008139018278,1.073909759553439,0.8535601907195954,0.2551539830932569,0.9308188026436923,0.7862072169646976,0.9734801745972856,0.9251034139558346,1.0,1.0,-0.2898344397544861,-0.1499482691287994,-0.3326638638973236,-0.3427490592002868,-0.3559221029281616,-0.3550233244895935,-0.3684743046760559,-0.3424045443534851,-0.261406272649765,-0.2156227529048919,-0.3026350736618042,-0.349999189376831,-0.3298684656620025,-0.3658459484577179,-0.3437202870845794,-0.3450216948986053
Q,0.0,0.0,1.0107888246935444,0.7310024143206874,1.1104371552584846,0.700859723877454,1.1662613275333877,0.9434119523324097,1.1894665489496117,1.2228395783252952,0.9066728288870063,0.15814323620165507,0.9455987046018367,0.5323699319354177,0.9456727910945706,0.8423117482904531,0.9450640332053997,1.0699796249617417,0.7409053003141768,0.2559481364845423,0.8945645154335484,0.7937315305925294,0.9612223805138874,0.9373285982815814,1.0,1.0,-0.227666974067688,-0.1585436910390854,-0.2912246882915497,-0.3319466412067413,-0.3140580952167511,-0.3485513627529144,-0.3241231143474579,-0.3376023173332214,-0.2051537036895752,-0.2342426031827926,-0.2599258124828338,-0.356983482837677,-0.2920432686805725,-0.3759902715682983,-0.3091339766979217,-0.3609801530838012
Q,0.0,0.0,1.0739327473030686,0.7942589474808851,1.1704363765666799,0.801095806845734,1.1852827126467245,1.1084009560522692,1.1785434826262209,1.360571977053367,0.9534985372847804,0.2216675167972594,0.9374079111556672,0.6002851096754627,0.8998140814854867,0.9216109515201543,0.8681635071309791,1.1676255335574692,0.7834119276160397,0.29481348536885044,0.8715303401919343,0.8920105531076008,0.9450672076799336,0.9899719629228179,1.0,1.0,-0.2376244366168975,-0.1605724394321441,-0.2802699506282806,-0.358024924993515,-0.3073262572288513,-0.3667056262493133,-0.3234281241893768,-0.3491336703300476,-0.2133564054965973,-0.2288850843906402,-0.2551332712173462,-0.3691620230674743,-0.2862447500228882,-0.3858062922954559,-0.3024860024452209,-0.3674281239509582
Q,0.0,0.0,1.169954124837002,0.6056896542666483,1.3028887043238746,0.6080321854790673,1.3425858577623675,0.8337996040694711,1.3559644505701913,1.0613013843708374,0.9810050541657273,0.21359106262446875,0.9321735247997207,0.4885201160361924,0.8890625908936699,0.7239148544813909,0.8725646865699653,0.9336530778060158,0.7327362004036371,0.27089192455747313,0.8771639858739827,0.7424783874040841,0.946832218937135,0.8918339076908013,1.0,1.0,-0.1633967906236648,-0.2095938026905059,-0.2188305854797363,-0.4422647356986999,-0.2518464922904968,-0.4382763504981994,-0.2749317288398742,-0.4149847030639648,-0.1376000344753265,-0.2863891422748565,-0.1892006993293762,-0.4410450160503387,-0.227728933095932,-0.4526068568229675,-0.2517372965812683,-0.428574800491333
Q,0.0,0.0,1.0934581681539004,0.8817008139916147,1.1782819859169114,0.8568760930318633,1.1990111512744654,1.031547390861324,1.2101203165112406,1.1999170011182916,0.9743308345804248,0.4646321897749765,0.9688115878067995,0.703320724243401,0.9376720582256379,0.9165248580011918,0.905085799185007,1.0743137496396218,0.8266593198576188,0.5222594327712209,0.8983459560369864,0.8843163376819084,0.9608398865139974,0.9742579926448166,1.0,1.0,-0.2659711837768554,-0.3032438158988952,-0.2952426671981811,-0.4572575688362121,-0.3232448697090149,-0.4819098114967346,-0.339594691991806,-0.4780378043651581,-0.2440992444753646,-0.3685960471630096,-0.2706490457057953,-0.4816857278347015,-0.3002525568008423,-0.5089783668518066,-0.3167373538017273,-0.5031994581222534
Q,0.0,0.0,1.0826103811482541,0.7146392042152185,1.1942194643562738,0.7269203509032242,1.2351008055296453,0.8864254907896235,1.2619612550025556,1.0291797803760323,0.9905293270670792,0.3988811012222975,0.9443544745408595,0.6863633325015145,0.9157488311773893,0.907309267188795,0.9000165240680812,1.086468655440948,0.8073895366878713,0.4320726054826248,0.8742602242774994,0.8353834889654409,0.9459208997591603,0.939258448746539,1.0,1.0,-0.2470073997974395,-0.3061221837997436,-0.2826597094535827,-0.5276156663894653,-0.3176829218864441,-0.524458110332489,-0.3422020077705383,-0.4987393021583557,-0.2194168865680694,-0.364553153514862,-0.256443589925766,-0.5156027674674988,-0.2921165823936462,-0.5266155004501343,-0.3143246471881866,-0.4998842179775238
Q,0.0,0.0,1.0827743871134516,0.9868444798823983,1.1689900028483564,0.9195385491657861,1.2308933979420662,0.9506962628271174,1.292317729867629,0.9955055869465828,1.0257229958315546,0.40552380905505336,0.98394409445696,0.6451189687117866,0.946193180027894,0.8992560627339288,0.9159486336431829,1.0802992319589093,0.8795966589106297,0.4311698065897094,0.90148856025058,0.812040755834684,0.9607691001748361,0.949377456867416,1.0,1.0,-0.2927669584751129,-0.2374252080917358,-0.3163618743419647,-0.4066794514656067,-0.3378688097000122,-0.4372539520263672,-0.3478915095329284,-0.4322082996368408,-0.2639392614364624,-0.3038876354694366,-0.2882848680019378,-0.4291668534278869,-0.3133507072925567,-0.4566307067871094,-0.3272014856338501,-0.442440927028656
Q,0.0,0.0,1.1557694366485194,0.6211813763675034,1.2735799383502042,0.6330067352410778,1.3271666035116523,0.8737384591085443,1.3546156494722643,1.1135193185743022,0.9987352466920433,0.15463483188923693,0.9606966751680415,0.4845129994817033,0.921305545904847,0.7819371798878813,0.9018911402022847,1.0411657882359302,0.7966620022385753,0.2170600824537763,0.9014277117202578,0.7583923882025976,0.9562221496838992,0.9030666829987508,1.0,1.0,-0.2062518000602722,-0.1443971097469329,-0.2514202892780304,-0.3519167900085449,-0.2812853753566742,-0.3630732297897339,-0.3036041259765625,-0.356982946395874,-0.1830933541059494,-0.2094923257827758,-0.2257790714502334,-0.3520386219024658,-0.2593204975128174,-0.3692844212055206,-0.2814449071884155,-0.3554662466049194
Q,0.0,0.0,1.1455460246924598,0.7834299413889588,1.2376836954813473,0.8077266340259962,1.274101148533612,0.9733505727195507,1.3075686446050183,1.1308431838128314,1.0619979645722513,0.37593858681070874,0.98207200891815,0.6230682876428567,0.9153879121064361,0.835752663273358,0.8713734471860646,1.0258063056950286,0.8853834016094422,0.38502480600006267,0.903577442202553,0.8177155695136425,0.9523074112284302,0.9283191083865078,1.0,1.0,-0.2683619260787964,-0.2334329783916473,-0.289293885231018,-0.436460018157959,-0.3205596804618835,-0.449750155210495,-0.3466477394104004,-0.4436748623847961,-0.2409440875053405,-0.2898903489112854,-0.264931857585907,-0.4301108419895172,-0.2932337820529938,-0.4548351466655731,-0.3147621750831604,-0.4444750249385834
Q,0.0,0.0,1.1627927869302876,0.7702599165848226,1.2630300351760066,0.7778637818135382,1.296616342924489,0.9675205204716469,1.3227939076458106,1.1324947137837853,1.023802641996464,0.38129932941107986,0.9724886934264612,0.6542439607561823,0.9106736404093866,0.8757132401406903,0.8664482175200373,1.0661920182829845,0.8342050511733169,0.42232146461990877,0.9007030682298839,0.8689544770401695,0.9545435976414361,0.9557431969308021,1.0,1.0,-0.2354551702737808,-0.2676119804382324,-0.2690418660640716,-0.4817093312740326,-0.3003256916999817,-0.4884883761405945,-0.3247963786125183,-0.4750042557716369,-0.2116025984287262,-0.3323405683040619,-0.2473938167095184,-0.4790227711200714,-0.279775857925415,-0.4999638199806213,-0.3025118708610534,-0.4884285926818847
Q,0.0,0.0,1.2086953854240257,0.8282675693101764,1.2843231150940362,0.8525086702245094,1.3127686860635108,1.1114233462874337,1.35242994714988,1.3331302262831,1.0742420794642737,0.23969293022783783,0.9652542625089224,0.6281727813759221,0.898004625243979,0.9429664034077179,0.8573653874065348,1.1961799267092572,0.8929179557172493,0.27759857414336614,0.8906326218430373,0.8846721164225552,0.9488682986730007,0.9850243590529166,1.0,1.0,-0.2506584227085113,-0.1432072669267654,-0.2653343081474304,-0.3526508510112762,-0.296123594045639,-0.3666431903839111,-0.3199989795684814,-0.3550941348075866,-0.2258643209934234,-0.2001975178718567,-0.2479827105998993,-0.3490405976772308,-0.2795830368995666,-0.3771523833274841,-0.3009251952171325,-0.3681077659130096
Q,0.0,0.0,1.3656161977593149,0.9144556558546549,1.342770372027219,0.9494574088414749,1.1943840318095593,1.0565848092454966,0.9786099201364011,1.1860695980715863,0.8676775090908498,0.5762989118639323,0.6162891215221284,0.8650814657281445,0.4795808180935017,1.1315951152669101,0.33001277985104976,1.3422925728581134,0.6544929498312899,0.6311544927190045,0.6623871719394863,1.021858846675939,0.9192136273324701,1.068719009697292,1.0,1.0,-0.1016973108053207,-0.3431592881679535,-0.123232215642929,-0.5074551701545715,-0.1740803718566894,-0.4951685070991516,-0.1877605468034744,-0.4419440627098083,-0.0870676040649414,-0.3903475403785705,-0.1094418838620185,-0.5043275952339172,-0.1500236392021179,-0.5066059827804565,-0.1658510416746139,-0.4731712341308594
Q,0.0,0.0,1.1860384023394852,0.7835653302512082,1.2207084624965956,0.8868168105203512,1.1992837281233744,1.1578921134570783,1.1703567051073556,1.356697643872457,1.0376044351073725,0.5305275026968425,0.9862724252051497,0.9068538176311678,0.9435981140823901,1.1602527361624178,0.919838968095378,1.3396029803435017,0.8543578093759903,0.550269419228102,0.9097724946460987,1.0150284178853637,0.9624284473431989,1.044325459120679,1.0,1.0,-0.2713330090045929,-0.3596151471138,-0.3062127828598022,-0.6076087355613708,-0.3387290239334106,-0.5898404717445374,-0.3584103584289551,-0.5386435985565186,-0.2466069459915161,-0.4088728725910187,-0.2834767699241638,-0.5720826387405396,-0.3212371468544006,-0.5675909519195557,-0.3447692394256592,-0.5318374633789062
Q,0.0,0.0,1.2813586774494057,0.70629125658741,1.3756784889509397,0.7401135605802112,1.3967495592256194,0.9536463091646696,1.4057440801616334,1.1389467065945316,1.0984377731807886,0.3495719154149275,1.0051555544795767,0.5838680392646682,0.9333798846006254,0.8042148219996087,0.8789937780551025,1.007705223027948,0.8948394962349798,0.3921792906961832,0.9441341840116992,0.8058876037113568,0.9767392369880892,0.9122167862979211,1.0,1.0,-0.2370033115148544,-0.2608486413955688,-0.2692936658859253,-0.4665440320968628,-0.3012301325798034,-0.4754906594753265,-0.3273983299732208,-0.4716536402702331,-0.2163510620594024,-0.3201214671134949,-0.2535785734653473,-0.4583948254585266,-0.2866155505180359,-0.4808039665222168,-0.3112454712390899,-0.4736679494380951
Q,0.0,0.0,1.1315497149294402,0.7527477919296338,1.2152997592324324,0.755400652596139,1.2340662161858191,1.0048604174636862,1.2556653255275958,1.2380327745544075,1.0072912557140485,0.20341711461739181,0.9780734427819904,0.5472449548952057,0.9359710331889379,0.8341097707222344,0.9066272213022233,1.068426438660972,0.8457542045925872,0.25987897468863086,0.8986131731658084,0.7887577523247689,0.9527052382280828,0.927840546450108,1.0,1.0,-0.2659884393215179,-0.150467187166214,-0.2964676320552826,-0.3458443880081177,-0.3248871862888336,-0.3687101304531097,-0.345974326133728,-0.3702046275138855,-0.2428013682365417,-0.2131383717060089,-0.2732239365577698,-0.3497304916381836,-0.3037793636322021,-0.3756095468997955,-0.3240929543972015,-0.3691040277481079
Q,0.0,0.0,1.146765090258375,0.7321414545527819,1.2288097395099387,0.7704479274457633,1.2046286536286668,1.0275163988481706,1.1659871331161353,1.2623680001184345,1.0511119337326915,0.32973010798778424,1.0070224599566755,0.630828491207273,0.951939331312021,0.8642678580656783,0.9091410625699773,1.045908001958006,0.8834843980585494,0.3593816161006101,0.9482179845319989,0.8480080743757143,0.9796490480617641,0.950691874919553,1.0,1.0,-0.2729592323303222,-0.2029535472393036,-0.3079124391078949,-0.4057362079620361,-0.3361904323101043,-0.4066596031188965,-0.3562375009059906,-0.3888990879058838,-0.247203454375267,-0.2607470154762268,-0.2852934002876282,-0.4013250470161438,-0.3154058754444122,-0.4197793006896972,-0.3355311751365661,-0.4098802804946899
Q,0.0,0.0,1.0453777233940331,0.9498710200478697,1.1105290692517484,0.9657595877503324,1.115238609479914,1.3225308785582959,1.097933930468557,1.6107384474965278,0.9026884042038502,0.3784455821968733,0.8520581473814234,0.8055209648684173,0.7800170504183862,1.0926979666120158,0.7071561448970436,1.2879599213529003,0.7402843288035378,0.4788909870142645,0.8245249769273878,1.1117319815016369,0.9304912716782378,1.098264624738892,1.0,1.0,-0.2370709031820297,-0.2108389735221862,-0.2849307656288147,-0.396998643875122,-0.3238767981529236,-0.3756927251815796,-0.343504250049591,-0.3293129801750183,-0.2157543897628784,-0.2766829133033752,-0.2631322741508484,-0.405254602432251,-0.2994394600391388,-0.4044724404811859,-0.3158467411994934,-0.3736204802989959
Q,0.0,0.0,1.1292391984260146,0.8484267157140937,1.194877223940132,0.8774582627495354,1.1833867788953312,1.1686981758680304,1.1644336271786888,1.4055399161787943,0.9970706668473908,0.349098432003446,0.9248353065676161,0.6895928523808547,0.8631617097977542,0.9506885091965861,0.8214861261831619,1.1529640546561675,0.8302012185419757,0.3903372023520141,0.8775745845516087,0.9498341046707524,0.9414087065893367,1.007910602077052,1.0,1.0,-0.2556731402873993,-0.20059734582901,-0.2873105108737945,-0.405647724866867,-0.3186400830745697,-0.4052450060844421,-0.3428191840648651,-0.3857712149620056,-0.2330525517463684,-0.2637110650539398,-0.2700389623641968,-0.4044441878795624,-0.3023101985454559,-0.4215049147605896,-0.3231596350669861,-0.409931480884552
R,0.0,0.0,1.077398781348104,4.283133398113685,1.1614806471344203,3.5687805420112744,1.0914204178539535,2.991378422089119,0.9628803491849012,2.6645877384352663,1.0914449272922184,2.943494519204914,1.07373696470854,2.189140452358142,1.035877555108939,1.7053486705342757,0.995591391432779,1.2788165969002867,0.9754745773187528,2.9438552546823566,0.9851855364476659,2.0360988406915426,0.9978213240637925,1.4674879894781336,1.0,1.0,-0.2408737242221832,-0.4463239908218384,-0.2430649250745773,-0.380596250295639,-0.2549696266651153,-0.4613935947418213,-0.2581691443920135,-0.5177206993103027,-0.2082742005586624,-0.4825199842453003,-0.2161025702953338,-0.4232354760169983,-0.2305148541927337,-0.4791042506694793,-0.2331563681364059,-0.5220882892608643
R,0.0,0.0,1.0288786056477264,4.207085267433536,1.1121687579804538,3.543172272844742,1.0241798907840227,2.9936937647831687,0.8987841105127399,2.6526812399020745,1.0687738516502456,2.8805401737188596,1.0598536856137446,2.1566870713004858,1.025519407458929,1.6887268179226733,0.9888763213437449,1.2805965938793997,0.9475475413076593,2.866769117261217,0.9724694207772004,1.9886011548378322,0.9916760291004744,1.4375892415039329,1.0,1.0,-0.2403932809829712,-0.4550485610961914,-0.2412412315607071,-0.3846395611763,-0.2540335655212402,-0.4678287506103515,-0.2585335373878479,-0.5313326120376587,-0.2047864496707916,-0.4924381971359253,-0.213695153594017,-0.4272643029689789,-0.2284244298934936,-0.4836784601211548,-0.2330248653888702,-0.5336494445800781
R,0.0,0.0,1.0174285025462741,4.619027050255896,1.0880902209448797,3.8876691967333143,1.0029257463787709,3.259533729702582,0.8993990140605453,2.797735849723945,1.063661893110194,3.1051878008580536,1.05321597392143,2.3079389388575087,1.0190533302889198,1.7764977248853162,0.9801592217570444,1.3144826567821934,0.9460473072738325,3.090657086367704,0.9779510586296413,2.135411766578362,0.9939861540318362,1.507740407911351,1.0,1.0,-0.2475089877843856,-0.4400078654289245,-0.2472985833883285,-0.3747113347053528,-0.2603230476379394,-0.4590170383453369,-0.2672461867332458,-0.5210750699043274,-0.2122910618782043,-0.4800241589546203,-0.221895694732666,-0.4246722757816314,-0.2370252311229705,-0.4838908314704895,-0.2435778677463531,-0.5320777893066406
R,0.0,0.0,1.0395950845754234,2.994643421234338,1.127872179874427,2.5757060530889544,1.0478483532010539,2.2522397683419086,0.9110382131808985,2.1067004341157554,1.0721446983384229,2.135215922908516,1.0814786852424283,1.6968226861702642,1.0616794176701085,1.4064591556486454,1.0398416523928122,1.1434356547210471,0.9378231088366713,2.1131528489419007,0.9641373468514147,1.613879014224832,0.9849716866007695,1.2830756382490105,1.0,1.0,-0.2448627799749374,-0.5787012577056885,-0.2517586052417755,-0.5204540491104126,-0.2670741081237793,-0.608989417552948,-0.2740978598594665,-0.674291729927063,-0.2082039266824722,-0.6200763583183289,-0.2241129577159881,-0.5774264335632324,-0.2417638599872589,-0.6408944129943848,-0.2474529147148132,-0.6910966634750366
R,0.0,0.0,1.0077034598879366,3.3049638818585816,1.1123194767174458,2.8309156780925706,1.039843003235521,2.4472868596913147,0.9086964129308862,2.222591609492603,1.0564684426704847,2.325687822926604,1.0925105084447502,1.8186256460123043,1.0930452293060626,1.5036245418809437,1.0885164995580654,1.2246843043431501,0.9236090058671317,2.3079140444872666,0.96327703499882,1.6900095521681389,0.9881428548574811,1.3077016185229333,1.0,1.0,-0.2368459701538086,-0.5641494393348694,-0.2472178936004638,-0.4939720928668976,-0.2624554336071014,-0.587318480014801,-0.2673166990280151,-0.657291829586029,-0.199418842792511,-0.6048107147216797,-0.2167377769947052,-0.5449455380439758,-0.234874278306961,-0.6093613505363464,-0.2405126988887787,-0.6647778749465942
R,0.0,0.0,1.0625554393670287,5.742645828334785,1.151875055995043,4.808957371007126,1.0929485228593139,4.030212842531006,0.9716329966905649,3.710425080195253,1.0693376786626572,3.676138208021745,1.0595878730637684,2.708833776566254,1.0275166480529456,2.085424828167436,0.9898484833977691,1.5239970805097827,0.9618384805458688,3.6847580633779407,0.9843966179335967,2.452544674450631,0.9982242304827782,1.6398948439141336,1.0,1.0,-0.299247682094574,-0.464921772480011,-0.3056400716304779,-0.3942332863807678,-0.3222667872905731,-0.4871570467948913,-0.3291813731193542,-0.5605233311653137,-0.2642829716205597,-0.5113928914070129,-0.2770586311817169,-0.4516726732254028,-0.2961269915103912,-0.5133189558982849,-0.3037200570106506,-0.5674574375152588
R,0.0,0.0,1.07532058741168,6.719442760537253,1.1644471047723266,5.580424542759857,1.061214448357904,4.651716976447109,0.9231268313487743,3.972699650332114,1.13469569895938,4.294804642341209,1.1419833916120903,2.969446320994748,1.115234619328454,2.1762876936347073,1.0834125627148972,1.4804664013558217,0.9844887261011255,4.294737458056264,0.9983177657498843,2.7395615126309556,1.0052171503483434,1.7945235210014359,1.0,1.0,-0.2316167056560516,-0.4434304535388946,-0.233582466840744,-0.3770558834075928,-0.2481403350830078,-0.4738737046718597,-0.2526008784770965,-0.530819296836853,-0.1937971413135528,-0.4898191690444946,-0.2071497142314911,-0.430814653635025,-0.2228646576404571,-0.5031446218490601,-0.2246623933315277,-0.5468177795410156
R,0.0,0.0,0.913819898636946,14.36975269861215,0.9935272596230134,12.23216897090799,0.9984997431906841,10.062491449580087,0.9483485166209542,8.435840969494762,0.96013551653242,8.726451645466057,1.0001655116193278,6.0140671840528555,1.0141917922918615,4.301766732590682,1.0223074892349615,2.694630801169365,0.8969802219142007,8.304952137571778,0.9430783734197383,4.8573484467124555,0.9778274725772772,2.7705890791048335,1.0,1.0,-0.4918853342533111,-0.3849658668041229,-0.5301093459129333,-0.3245539963245392,-0.5360698103904724,-0.4311738610267639,-0.5287579298019409,-0.4991134405136108,-0.4542725086212158,-0.4184829890727997,-0.4972710013389587,-0.3837760984897613,-0.5093236565589905,-0.4594548940658569,-0.5046489834785461,-0.5120682716369629
R,0.0,0.0,1.227544760943326,2.8304629733320046,1.2814477173977719,2.4448413142800196,1.1968185144162176,2.180028129973216,1.0682971080878423,2.026992034635415,1.1837916505606474,2.0149803922374425,1.1625736690320352,1.613144854978584,1.1309916855506055,1.3714404744903883,1.0946523680675653,1.1598920828200658,1.0577774638663668,2.039035115206521,1.0302975407339459,1.5421642408246252,1.0186330392679535,1.2389614512518248,1.0,1.0,-0.2855482399463653,-0.6274777054786682,-0.2930438816547394,-0.5515600442886353,-0.3155140876770019,-0.6349732875823975,-0.3243277668952942,-0.6976103186607361,-0.2548905313014984,-0.6802016496658325,-0.2694038152694702,-0.6230557560920715,-0.2922796010971069,-0.6739699244499207,-0.3012328743934631,-0.7189863920211792
R,0.0,0.0,1.152101685724969,3.7516490569553165,1.2060124942822112,3.1783274889115214,1.1104840363707547,2.7644019749616975,0.9775622082013848,2.4978308604135075,1.1246143443951653,2.5491280183811833,1.0971539453961474,1.9530512436985508,1.051633336551169,1.5822663724606185,1.0004864532270699,1.2556022859753015,1.002776253089296,2.58057101300693,1.0054913639888012,1.8319074589014916,1.0080336860657746,1.369305880077241,1.0,1.0,-0.265350341796875,-0.519983172416687,-0.2694076299667358,-0.4484640955924988,-0.2888771593570709,-0.5310081243515015,-0.2970972955226898,-0.5939920544624329,-0.2324415445327758,-0.5703374147415161,-0.2447129487991333,-0.5102742314338684,-0.2666817903518677,-0.5646892786026001,-0.2757408916950226,-0.613039493560791
R,0.0,0.0,1.234254729045372,3.4226199398254957,1.2833347971616855,2.881035325386256,1.1555323614261837,2.5318715833107928,0.9912526334871067,2.3413623914512924,1.1736888496937308,2.301745451162342,1.1038514334773128,1.7649086671846799,1.0244466448043343,1.4285608656675102,0.9382695347519218,1.138211700776847,1.0369382296632124,2.361015156187815,1.0285183713453243,1.7020278027117004,1.0201475943310083,1.3082679930556396,1.0,1.0,-0.2415048480033874,-0.5291097164154053,-0.2416482418775558,-0.4580985307693481,-0.2633110880851745,-0.5407657027244568,-0.2737885415554046,-0.6025678515434265,-0.2102818787097931,-0.5852739214897156,-0.2166020274162292,-0.5243160128593445,-0.2405407726764679,-0.5789502859115601,-0.2525631487369537,-0.6268841028213501
R,0.0,0.0,1.1626209895278785,5.604042897838354,1.2149531493781296,4.584967882477798,1.100191983469834,3.8393894877953425,0.9600835199999666,3.378114841088087,1.1316433035516997,3.6189177791431617,1.0940832372051348,2.6052181198681796,1.0383982685482285,1.9656609227503778,0.9795596231543674,1.4102873820030166,1.0068972966640601,3.6825872758755525,0.9998889395204308,2.4003382114729384,1.0055374881079735,1.6168784561246725,1.0,1.0,-0.2524257302284241,-0.4242923557758331,-0.2526136338710785,-0.3482120633125305,-0.2739930152893066,-0.4272360503673553,-0.2833539247512817,-0.4892118573188782,-0.2203688472509384,-0.4717307686805725,-0.2296265512704849,-0.401830792427063,-0.2512528002262115,-0.4546896815299988,-0.2603430449962616,-0.5055832266807556
R,0.0,0.0,1.1789803058081314,7.9332499233501155,1.2339177920380318,6.3679937210966076,1.1026505635623374,5.2388163021538645,0.9424114870692838,4.521928255704032,1.1475949549663993,4.853095697386241,1.105373266456137,3.288809794897674,1.0429924832625062,2.289587272285956,0.9769754013921943,1.4132574765579093,1.0047492645471243,4.936670424640386,1.0018426295150211,3.0465268817547724,1.0074478180774415,1.9216654104601558,1.0,1.0,-0.2352365553379058,-0.4020552933216095,-0.2358633130788803,-0.3271406590938568,-0.2574915289878845,-0.4137061536312103,-0.2664295732975006,-0.4781914055347442,-0.2008746266365051,-0.4539566338062286,-0.2113700956106186,-0.3861431181430816,-0.233899250626564,-0.4448160827159881,-0.2424780279397964,-0.4965802133083343
R,0.0,0.0,1.1943439717798505,8.312928169708538,1.2490120737409174,6.618765552851972,1.1244058152287468,5.394842788977392,0.968376016356869,4.738963293153695,1.1519409083183745,5.103499650582787,1.1089224698227247,3.4927081148083863,1.050803607717796,2.4613231443362573,0.990506653334267,1.5706087787679046,1.0206977015873129,5.232837468215061,1.008568106566581,3.2197406696250224,1.0111226968756437,1.9856736714908072,1.0,1.0,-0.2462724894285202,-0.3835389316082001,-0.2468962669372558,-0.3109997808933258,-0.2684167027473449,-0.3889400064945221,-0.2765777707099914,-0.4484842121601105,-0.2146668434143066,-0.4328494071960449,-0.2250543981790542,-0.3675025403499603,-0.2470562309026718,-0.4201710820198059,-0.2548219859600067,-0.468872457742691
R,0.0,0.0,1.1346044111158087,6.3324818711263475,1.1885064419213598,5.133869141003509,1.0805555312816053,4.226781099551615,0.9422082779259495,3.739678495921068,1.1114243622538533,4.015946332236466,1.08147800835352,2.820110998470097,1.0321487879983162,2.037279794116894,0.9803960564506953,1.3588298059166082,0.9905045328839875,4.04894268390107,0.9985023809731873,2.615941041030222,1.0052575367351084,1.7117964359343685,1.0,1.0,-0.2599109709262848,-0.3993569314479828,-0.2613714039325714,-0.3283559679985046,-0.2818432152271271,-0.4036175608634949,-0.2920773923397064,-0.4674934446811676,-0.2269544005393982,-0.443686306476593,-0.2381083965301513,-0.3784388601779938,-0.2601230442523956,-0.4273136258125305,-0.2709638774394989,-0.4790560305118561
R,0.0,0.0,1.1295954825645886,4.6118714269130106,1.2158401729342325,3.8497229056438793,1.101301092953488,3.2734955876883323,0.9478547956014252,2.967455006213532,1.1376406873851657,3.050102633962263,1.1376608611242887,2.2579149340831055,1.1049085898031425,1.746868394105438,1.0741164648486492,1.2790876645627098,0.995213574538518,3.037587431670019,0.9958169340218891,2.1106602421063867,0.9990234263428481,1.5168306028544094,1.0,1.0,-0.2507199347019195,-0.4718139469623565,-0.2550656497478485,-0.405906468629837,-0.2753610610961914,-0.4920519292354584,-0.2840432226657867,-0.5557567477226257,-0.2152470499277115,-0.5214138031005859,-0.2296259701251983,-0.4655795097351074,-0.2510291337966919,-0.5255694389343262,-0.25850710272789,-0.5767343044281006
R,0.0,0.0,1.0980257986247095,4.788099871561239,1.1554094580878413,3.9527081425042487,1.060693950610743,3.351425496125071,0.9317517372146227,3.060577914856511,1.0740344842735716,3.0468276817376396,1.0483962265396127,2.23217998105723,1.0074055414002292,1.6926450824175447,0.9623949341760032,1.226741609897162,0.9649226231700393,3.0747217580210076,0.9842940298797335,2.103085050470522,0.9981246208843623,1.4817583051032297,1.0,1.0,-0.2716190814971924,-0.4289972186088562,-0.2763425707817077,-0.3581627905368805,-0.294483482837677,-0.4342871904373169,-0.3031835854053497,-0.4969543814659118,-0.2393244206905365,-0.4756869077682495,-0.2509192526340484,-0.418179452419281,-0.2731923162937164,-0.4684131741523742,-0.2845388650894165,-0.5184675455093384
R,0.0,0.0,1.0337556328653488,47.49594865954919,1.1013700328227483,38.95788888376298,1.0482893280455945,32.39230621674988,0.9684380583254605,28.504988599914157,1.038912468909302,26.46491954380242,1.035013758193138,17.122751852058762,1.0134933115209224,11.278862613788444,0.9832190511738439,5.944866804746533,0.9575330168264052,26.302924200962135,0.9849536890532994,14.826432173737857,0.9977719515184331,7.266344372436828,1.0,1.0,-0.4193984866142273,-0.3484657704830169,-0.4371660649776459,-0.2849111557006836,-0.453504204750061,-0.3823092579841614,-0.4582122564315796,-0.4547350406646728,-0.3841190934181213,-0.3955699503421783,-0.4099919199943542,-0.3551214933395386,-0.4289273023605346,-0.4222267568111419,-0.4337156116962433,-0.4754431247711181
R,0.0,0.0,1.151799593302504,5.029428812526527,1.2041289281640293,4.156752358666942,1.1011722759314706,3.5304775414425453,0.9718511150365581,3.152150737648862,1.1279796812093916,3.2568658068135425,1.1071555950748657,2.392859442959929,1.0684431752790244,1.8524221025959087,1.0249692535181503,1.3893448859042858,1.0068847121021816,3.3089056913035604,1.006525433902549,2.215750113058899,1.0081822993862912,1.5294235045970213,1.0,1.0,-0.2753975391387939,-0.451505035161972,-0.2773588001728058,-0.3893896341323852,-0.2994195222854614,-0.4672617316246032,-0.3104360103607178,-0.5283362865447998,-0.2433215677738189,-0.5015919804573059,-0.2543586492538452,-0.4434452056884765,-0.2772640585899353,-0.4948053956031799,-0.2887546420097351,-0.5429477095603943
R,0.0,0.0,1.1806750557130312,4.415653010961217,1.235230321774459,3.663464291971509,1.1103065944005117,3.132742680272027,0.9528230082024499,2.8398311211533547,1.1471449990072944,2.946042141172728,1.1045534911726438,2.2030624142868365,1.047142949766616,1.7353997128294358,0.9854377374053725,1.3314949181281954,1.0115468553281994,2.9848921297946513,1.0072309081036497,2.0416280516907017,1.0098560637983494,1.4557054508034128,1.0,1.0,-0.235201358795166,-0.4733363091945648,-0.233012318611145,-0.3945940434932709,-0.2546526193618774,-0.4730606973171234,-0.2658425271511078,-0.5381399989128113,-0.2025032341480255,-0.5223729610443115,-0.2076247930526733,-0.4530716240406036,-0.2301401793956756,-0.5016811490058899,-0.2423779517412185,-0.5521533489227295
R,0.0,0.0,1.2862791057575962,4.842100362340004,1.3671926722932284,4.082776805168413,1.2203432377822194,3.606581023925915,1.0331632204508576,3.362215917062322,1.234974633335948,3.134246835578534,1.1667409694663506,2.37297554241361,1.091515775866509,1.8653272855344392,1.0096742868708262,1.4360831446946902,1.0749392473290589,3.1890199734911704,1.0554715812679132,2.1661542887084733,1.0309519067802686,1.5179107117581445,1.0,1.0,-0.2219375073909759,-0.4953476786613464,-0.2173397094011306,-0.4285229742527008,-0.2392728775739669,-0.5164619088172913,-0.2532549798488617,-0.578943133354187,-0.1901150047779083,-0.552518367767334,-0.1950978189706802,-0.5069053173065186,-0.2191662639379501,-0.5665491223335266,-0.2340801060199737,-0.6129681468009949
R,0.0,0.0,1.1996976042577623,6.302979961990407,1.2659945379123618,5.1601417668284535,1.132293560454035,4.354379521815547,0.9628169299368498,3.8754855671339348,1.1721401375661227,4.0048156994892095,1.1440654952939018,2.823361366116711,1.0910225501227282,2.0731533308058205,1.0293008659258396,1.429200163278952,1.0172702846190786,4.078143452913768,1.0301169401231083,2.627498089224438,1.0229586292394435,1.723294564676271,1.0,1.0,-0.221878096461296,-0.4364820420742035,-0.222592607140541,-0.3668841123580932,-0.2450486272573471,-0.4498707354068756,-0.2573407292366028,-0.5145962834358215,-0.1875274181365966,-0.4894708395004272,-0.1954679787158966,-0.4248645305633545,-0.2197752445936203,-0.4771251380443573,-0.2340023517608642,-0.5271213054656982
R,0.0,0.0,1.0737474925802533,6.0172659206897645,1.1494992996721085,5.103508542809142,1.1016082073808222,4.414361302184043,1.0131723387573899,4.012148984055536,1.0740649943734628,3.7878583700510347,1.0619316295691716,2.8175651567502458,1.0395058699326207,2.217800741750404,1.0083395561433017,1.6450461850572156,0.9823531152262646,3.7785379275366915,0.994214914667002,2.5247185469299773,1.0028201590130044,1.7149160300504005,1.0,1.0,-0.3951866924762726,-0.4735563695430755,-0.4139158129692077,-0.4188739359378814,-0.4313442707061767,-0.5196818113327026,-0.4349461197853088,-0.5846781134605408,-0.3608969151973724,-0.5247426629066467,-0.3899115324020386,-0.4989021718502044,-0.4093268811702728,-0.5665674209594727,-0.4129077792167663,-0.6100372672080994
R,0.0,0.0,1.1770980153021724,4.833090189999198,1.2454360747791413,4.036573471144755,1.1363422654858473,3.502944183431773,0.9903395377547007,3.2169569435013092,1.1564345135677285,3.1565931623830323,1.1528319430675413,2.3459972899003527,1.121314621934405,1.8447142737159778,1.0778633256971122,1.4002744839275068,1.016616196847027,3.185748496949146,1.018074699637816,2.1682149982415617,1.0166461619361846,1.5293242304610541,1.0,1.0,-0.2622341215610504,-0.5002768039703369,-0.2722770571708679,-0.4351095557212829,-0.2926318943500519,-0.5215737223625183,-0.298733502626419,-0.582500696182251,-0.2276611626148224,-0.5546823143959045,-0.2470363825559616,-0.5056703686714172,-0.2695509791374206,-0.5647993683815002,-0.2768069505691528,-0.6127068996429443
R,0.0,0.0,1.178071383215518,7.054626194129819,1.2429004878677128,5.7178883887670136,1.1193358111456402,4.744699930994257,0.958097446501763,4.282304177197438,1.1454579699630365,4.323142648273147,1.1044615229006558,3.0005049114920923,1.0413312018215968,2.1331515911072,0.9745467973873857,1.3776381095463615,1.0068531215632306,4.380497272453283,1.0161722514089027,2.7975485116064296,1.0134528254740294,1.7974494019678489,1.0,1.0,-0.2363230735063552,-0.4020092487335205,-0.2350319027900695,-0.3299194574356079,-0.2552047967910766,-0.4110448360443115,-0.2661812901496887,-0.4778009951114654,-0.2031301259994506,-0.453101634979248,-0.2089445143938064,-0.3896979987621307,-0.2319931238889694,-0.4402672350406647,-0.2452979385852813,-0.4907722473144531
R,0.0,0.0,1.3074514287324364,7.13662286640976,1.3795522542589118,5.796445294273119,1.2043507968517475,4.923391751803619,0.9849148337324315,4.480913116257215,1.2646052051508985,4.416753516691846,1.218948525972791,3.040695409293659,1.1476091257803147,2.1767899969654145,1.0681796644810966,1.4351985695034046,1.0766540932027673,4.5391432030202274,1.0614946318118428,2.8805153572815345,1.0369944525864871,1.837466350373776,1.0,1.0,-0.2037682682275772,-0.4562146961688995,-0.2034962028264999,-0.3855500817298889,-0.2272785305976867,-0.4724986553192138,-0.2389236688613891,-0.5369107127189636,-0.1688169538974762,-0.5164679288864136,-0.1763705462217331,-0.4520675539970398,-0.2026309221982956,-0.513344943523407,-0.2164826393127441,-0.5667352080345154
R,0.0,0.0,1.1713129702398917,6.655823024472502,1.2453306094279504,5.557761930258597,1.130877820456228,4.790015044190249,0.9869799157857065,4.396308495488091,1.1533309672846248,4.160372686030655,1.1148276536694564,3.0157156507219023,1.0618781380048703,2.289846055476837,1.0027490077833827,1.6393933664738969,1.0253300588792205,4.215639785576094,1.0252979107658822,2.7545513844040794,1.0151335031514,1.7945987132288492,1.0,1.0,-0.2752256393432617,-0.4536299109458923,-0.2770088911056518,-0.379616379737854,-0.2963320612907409,-0.4656584560871124,-0.3067373633384704,-0.5312209725379944,-0.2417104840278625,-0.5079997181892395,-0.2506400644779205,-0.4532530605792999,-0.2741216719150543,-0.5156352519989014,-0.2874006330966949,-0.570120632648468
R,0.0,0.0,1.173726374457726,7.090348445228572,1.236418182523817,5.678919006389789,1.1173209329485438,4.658092773613711,0.9650167960734033,4.163568914309284,1.1463553851190968,4.6160325332019685,1.1487850547498668,3.169561307285388,1.1233094412138485,2.28360061262892,1.0939385311778855,1.5134819891680111,1.0102050121178472,4.634749363455928,1.0079519329078406,2.9012273701063447,1.0102159504166914,1.8418345500943718,1.0,1.0,-0.2508426308631897,-0.4129583537578583,-0.257257878780365,-0.3315149247646332,-0.2795593440532684,-0.4095276594161987,-0.2876245975494385,-0.4717206358909607,-0.2167476415634155,-0.4574869871139526,-0.231277510523796,-0.3859938383102417,-0.2553383708000183,-0.4396032691001892,-0.2653320133686065,-0.4941089749336242
R,0.0,0.0,1.3098857173720622,6.683269937737741,1.3610945355445832,5.383373081581718,1.2011786666241013,4.512603981581227,1.0198947631459296,3.981160474494378,1.257930766699401,4.209718732785525,1.2265560806736278,2.9476634078006856,1.1763791031178006,2.1704243609086484,1.1268102916047906,1.4773902482481083,1.0897891272408953,4.310289374876387,1.04633080681485,2.7521347179563485,1.0253853950688065,1.7922300483680895,1.0,1.0,-0.2274233251810073,-0.4313326776027679,-0.2272346019744873,-0.3626696765422821,-0.2520509958267212,-0.4444496631622314,-0.2628445923328399,-0.5027725696563721,-0.1961244344711303,-0.4871459007263183,-0.2064533680677414,-0.4205968379974365,-0.2313468158245086,-0.478440523147583,-0.2418285608291626,-0.5278406143188477
R,0.0,0.0,1.1174148478537207,5.910659506796212,1.1777283809818915,4.903643244839031,1.102262336781746,4.169978802512485,1.0004372412914622,3.6536113899456413,1.1041912324362628,3.748487949846347,1.0871754714268087,2.754404638181616,1.0537963249792923,2.10542769184763,1.0093590214434456,1.550394987035672,0.9984103872612615,3.7854090673078207,1.0076569946659453,2.4524292528056177,1.0119993057880388,1.6508714598435985,1.0,1.0,-0.3139795064926147,-0.4433065950870514,-0.3253026902675628,-0.3755308389663696,-0.3426535129547119,-0.4646081030368805,-0.3466730117797851,-0.523202121257782,-0.2800256311893463,-0.4894548952579498,-0.3002331256866455,-0.4397116899490356,-0.3196163773536682,-0.5026046633720398,-0.3237204849720001,-0.5483148694038391
R,0.0,0.0,1.0875544029059123,6.2248350454708286,1.1424245153747405,5.198859418737162,1.0966872624322668,4.4247017171998975,1.0185429118842397,3.9281496534180294,1.052364794730087,3.9203637336097845,1.0646080902335187,2.8122547554942203,1.058392447158288,2.1349692871752293,1.043408783358769,1.5110803331721068,0.9687014247263351,3.93241197610326,0.9846526178724702,2.538099805262587,0.9975876816078356,1.6937243819054333,1.0,1.0,-0.4274196028709411,-0.4586803317070007,-0.4584042727947235,-0.4009600281715393,-0.4821839928627014,-0.4897856414318084,-0.488604336977005,-0.5521162152290344,-0.3970285952091217,-0.5115357637405396,-0.4327308535575866,-0.4682490229606628,-0.4586597681045532,-0.5264389514923096,-0.4676989018917084,-0.5742893218994141
R,0.0,0.0,1.299536889853616,6.4072429648733875,1.3799827163908003,5.321908290106868,1.209708297663171,4.568935349870979,1.0127161415778334,4.2261400822392945,1.2645609220657497,3.9919782258624315,1.2446327764381222,2.840645536144168,1.2035764243069134,2.117273127761832,1.153448517755297,1.4797436859674677,1.0788739567940135,4.0577754683101634,1.0503859209050328,2.652590559875976,1.0279001502796035,1.7504975756581875,1.0,1.0,-0.2168172001838684,-0.47962287068367,-0.2149238288402557,-0.4143336117267608,-0.2385937273502349,-0.4960030913352966,-0.2518094778060913,-0.5593875646591187,-0.1833965480327606,-0.5441402196884155,-0.188186228275299,-0.4893322885036468,-0.2163400799036026,-0.5425087809562683,-0.2352857887744903,-0.5936465263366699
R,0.0,0.0,1.2653935861045345,4.066004724929509,1.3464914695017272,3.416398384378944,1.178650626055552,2.986653344284784,0.9820962544502627,2.737124567093153,1.238005560061948,2.707456751653303,1.2218892549313858,2.0486523789766045,1.1897228508113575,1.6436515745531217,1.1501759666441425,1.2714485550013974,1.05795344529611,2.732449088461181,1.0326653325962047,1.912943258507837,1.021435993645715,1.4243293225060756,1.0,1.0,-0.2148060798645019,-0.5195814967155457,-0.2178562730550766,-0.4705323874950409,-0.2392374277114868,-0.5590102076530457,-0.2472039312124252,-0.6108309030532837,-0.182155892252922,-0.576561450958252,-0.1966651976108551,-0.5440241098403931,-0.2177181243896484,-0.6061926484107971,-0.2236368060111999,-0.6428290605545044
R,0.0,0.0,1.1365903057705558,5.36080763765351,1.2067378209780764,4.507148075378995,1.1136973937066807,3.8414430916770765,0.9927463259409043,3.426271842020592,1.1268373174871946,3.4118984306312017,1.1233234966826497,2.5378811809727617,1.0979343417483949,1.9915998623000404,1.0676753632691798,1.4989146837252936,1.0003288268253583,3.426143481794366,1.0069588240860947,2.3248232540808784,1.0053859069775208,1.5981879936978807,1.0,1.0,-0.2754980325698852,-0.4514035284519195,-0.2801231443881988,-0.4057864546775818,-0.299660325050354,-0.4848604798316955,-0.3113842308521271,-0.5458516478538513,-0.2434516549110412,-0.5056503415107727,-0.2538053095340729,-0.4718479812145233,-0.2790784239768982,-0.5216217637062073,-0.2969788014888763,-0.5665590763092041
R,0.0,0.0,1.1195228356352303,6.070707975314623,1.1787185299428122,4.964979531788112,1.100807127917345,4.114756938439724,0.9831671330125027,3.617191012762679,1.090987300461358,3.84464046603784,1.071890213556245,2.7402612321937685,1.0324148632759877,2.0419988993858302,0.9885214051081326,1.436853960481652,0.98305405460437,3.886485421494466,0.9946427920328024,2.5411433293640417,1.003809719534295,1.67659823753502,1.0,1.0,-0.2763314247131347,-0.4028485417366028,-0.2809266746044159,-0.3304059207439422,-0.301009863615036,-0.4057492911815643,-0.3106718063354492,-0.4699435532093048,-0.2438817024230957,-0.4471371173858642,-0.254666119813919,-0.383670300245285,-0.2775422632694244,-0.427037626504898,-0.2900301814079284,-0.474790096282959
R,0.0,0.0,1.1580455069206368,-422.8541647618483,1.2291186190377967,-334.01049190822573,1.1200313491329643,-267.710386760557,0.9643919281761666,-231.32017463657158,1.1230555713615091,-240.51481210571364,1.0912926805197947,-155.1359719301566,1.0369443664025493,-99.24853707598776,0.9749688153477388,-49.559522721042235,0.9829632443418638,-243.74293681998654,1.0025117759292714,-131.73204489349038,1.0100683306186609,-58.28789887538139,1.0,1.0,-0.2279584109783172,-0.3492998778820038,-0.2282676994800567,-0.2745639085769653,-0.2498300969600677,-0.3566353321075439,-0.2612057030200958,-0.4237005710601806,-0.1938190460205078,-0.3996304869651794,-0.2015931755304336,-0.3353517353534698,-0.2276239395141601,-0.3885679841041565,-0.2429400980472564,-0.4419770538806915
R,0.0,0.0,1.1388208439697602,9.030562957075961,1.2121290551475348,7.290596621736252,1.096430310289678,6.039887272316558,0.9394402891713639,5.398715877492099,1.1370840440906471,5.463649986304585,1.1181986942459334,3.649197046179848,1.0746580115990225,2.4711783499926616,1.023621059973619,1.4787355220697416,0.9931770653383711,5.5081095615043125,1.0140804048416987,3.404769983304853,1.0142656277036135,2.0634900311542155,1.0,1.0,-0.2282446175813675,-0.3897603154182434,-0.2298778593540191,-0.3185746073722839,-0.2485374808311462,-0.3941617608070373,-0.2584793865680694,-0.4568555653095245,-0.1931327283382415,-0.4388535022735595,-0.2019080817699432,-0.3811702728271484,-0.2253693044185638,-0.42850062251091,-0.239597350358963,-0.4763045310974121
R,0.0,0.0,1.2003841426127901,33.139333038294325,1.2628877551906388,26.13086021225453,1.1121392538677841,21.101295568340575,0.9257688123828627,18.748323050356216,1.1481302041277037,19.44377163980944,1.1272890099490085,12.495947552477894,1.0820253010688272,7.968790079747303,1.0268665399008448,4.1057211534289575,0.9836566357938554,19.594767396454323,0.9991620059761033,10.89365232256441,1.0079900299053226,5.395761851456532,1.0,1.0,-0.1995419859886169,-0.3699037432670593,-0.200667068362236,-0.2938704490661621,-0.2239530980587005,-0.3695785999298095,-0.2380676716566085,-0.4346697330474853,-0.1641642451286316,-0.4231387972831726,-0.1736538857221603,-0.3621275126934051,-0.2007987946271896,-0.4038311839103699,-0.2186578065156936,-0.4495287239551544
R,0.0,0.0,1.117827579429165,-82.00749487879546,1.1911995127770265,-65.81940173700754,1.0756645836667669,-53.19120347224438,0.922391354819552,-45.66738931338294,1.1182303708998247,-47.179881515434985,1.0997876635623862,-29.72037554032626,1.057818328247335,-18.419569420540792,1.0097234239434212,-8.493675366448342,0.9718623612907046,-47.102039191049194,0.9921639863244562,-24.853086660089406,1.0011282390544562,-10.515881267669947,1.0,1.0,-0.2232403010129928,-0.3476680219173431,-0.225104808807373,-0.2760983407497406,-0.244695097208023,-0.355446845293045,-0.2560812830924988,-0.4203299283981323,-0.1885857135057449,-0.3977116644382477,-0.1988451182842254,-0.3420190513134002,-0.2237737327814102,-0.3926263451576233,-0.2394749224185943,-0.4414303302764892
R,0.0,0.0,1.1651668697894344,8.931804307578908,1.2239295993193657,7.280531836623725,1.0866320919007635,6.151830060642701,0.936158071482397,5.55581456886312,1.1544723921764826,5.351154417167862,1.1183665840136474,3.636082520550481,1.066659013677921,2.477573184497508,1.0140914266930545,1.5256407288743399,1.01542973661754,5.423868923531919,1.0216371032007756,3.442265298313886,1.0127522277476109,2.090439821843626,1.0,1.0,-0.2379058450460434,-0.3884687125682831,-0.2381220012903213,-0.3197829723358154,-0.2548434436321258,-0.3960137367248535,-0.2649436295032501,-0.4563697874546051,-0.2051316797733307,-0.4389069378376007,-0.2112172394990921,-0.3865334093570709,-0.2346449792385101,-0.4328134655952453,-0.2513651251792907,-0.4766978919506073
S,0.0,0.0,1.093319363096462,1.332743969043682,1.1652961625917266,1.0483452239475304,1.1503180236286452,0.7831309448166156,1.0548216371806531,0.6700098419214932,1.0516771106263034,0.8748028585606799,1.0534140432873464,0.6809497040055407,1.0930583385988328,0.8483976990813537,1.0828940032585719,0.9469846809755144,0.9653247680161242,0.8977832700239764,0.9834652178270133,0.6959318866136002,1.029745407018021,0.9421235373472013,1.0,1.0,-0.2786554098129272,-0.3260779082775116,-0.2889674007892608,-0.2804428339004516,-0.3042800426483154,-0.361327975988388,-0.2924848198890686,-0.3758705854415893,-0.2485657334327697,-0.3520777225494385,-0.2642845511436462,-0.3114517331123352,-0.2787369191646576,-0.3631414771080017,-0.268632560968399,-0.3790289759635925
S,0.0,0.0,1.0956659987791753,1.3078776124331957,1.1452682523479365,1.061988800685332,1.1531048460903475,0.8547655124758653,1.07582912184533,0.747296764127752,1.0354851420955482,0.8999220309500208,1.065254026316681,0.7215040356442397,1.101052912768823,0.8842710009629305,1.0693512562373881,0.953147453737637,0.9477044740462156,0.9273631038957005,0.9982993745143032,0.7468678185505032,1.0429592544939332,0.9636141481605408,1.0,1.0,-0.2783338129520416,-0.431592047214508,-0.301026850938797,-0.3975830674171448,-0.3152403533458709,-0.4833248853683471,-0.2986949384212494,-0.4901861846446991,-0.250498503446579,-0.4622769653797149,-0.2754305303096771,-0.4367274045944214,-0.2895953357219696,-0.4921174049377441,-0.275545597076416,-0.5025705695152283
S,0.0,0.0,1.0742437167904777,1.4992450688097203,1.1147590507169742,1.206706320879768,1.086864280255297,0.9509189230064711,0.9945517295598675,0.821681033005811,1.089313157717687,0.9817372481614535,1.093229793075713,0.7794424430164095,1.0924465415984113,0.9254187061905708,1.0700548474469158,1.020876273825063,0.9912922921780306,1.0040505497536365,0.9788171532545994,0.7695136420159339,1.0090755686014525,0.9763284130443333,1.0,1.0,-0.2825356423854828,-0.3785285651683807,-0.2821728587150574,-0.3370808660984039,-0.298839271068573,-0.4131516218185425,-0.2956068217754364,-0.4150713980197906,-0.2528799772262573,-0.4089312851428985,-0.2598137855529785,-0.3824177086353302,-0.2750124633312225,-0.4333637654781341,-0.2720932066440582,-0.440002977848053
S,0.0,0.0,1.124273293671502,1.4957225326525738,1.1740061398677029,1.1038226818351513,1.151887081012697,0.7603902036405927,1.039643440113686,0.5806523015987659,1.0762847584293207,0.890442607772893,1.1053295855871852,0.6683781019932602,1.1270765001130716,0.8825561387160059,1.077163951975504,0.952575178793728,0.9740698010014198,0.9183604592787578,0.9927804822115114,0.6522442285736886,1.0444399099414836,0.9601434264851928,1.0,1.0,-0.2520433664321899,-0.2990061342716217,-0.2624614536762237,-0.2366400212049484,-0.2823226153850555,-0.3275269567966461,-0.267301857471466,-0.3409629762172699,-0.2186959981918335,-0.3347404599189758,-0.236050546169281,-0.2877829074859619,-0.2536053955554962,-0.3428973853588104,-0.2409743964672088,-0.356414258480072
S,0.0,0.0,1.0820383183696287,1.6449203863523643,1.1337041418720606,1.1744407889318695,1.131551651847317,0.7541191621182884,1.0509291407401864,0.5162771644474322,1.0520772351562084,0.8556973430801917,1.0924276240288027,0.55954378552356,1.1077434759757245,0.8654665699545334,1.0660114525980942,0.9498847323955344,0.9737617001340533,0.8767566947632088,1.0103993055213807,0.5160155780552931,1.040696210878984,0.9222684566951902,1.0,1.0,-0.3369674384593963,-0.2389972656965255,-0.3552105128765106,-0.1736881583929062,-0.3711493909358978,-0.272915780544281,-0.3542747795581817,-0.2920949161052704,-0.3019040822982788,-0.2725191116333008,-0.3271726071834564,-0.2263137698173523,-0.3441572785377502,-0.2876541018486023,-0.3303109407424927,-0.303145557641983
S,0.0,0.0,1.1124798830609786,1.505111814551233,1.1813248680757213,1.1300696705056539,1.1572137620352378,0.8067539231753587,1.0507852591266638,0.6193695480272496,1.1091118092020091,0.8845542010591515,1.140957575610819,0.6372492996779643,1.149613331011193,0.8706232928481092,1.1069441158884703,0.9552415518587533,0.9822558818763142,0.9023081317179157,1.0009427486816884,0.6308977342742468,1.0366929242392349,0.9448106823119734,1.0,1.0,-0.2175366431474685,-0.2944435179233551,-0.2258447408676147,-0.2389762103557586,-0.2403623610734939,-0.3338329792022705,-0.2299403548240661,-0.3478770852088928,-0.1814153492450714,-0.3274333477020263,-0.1963060796260833,-0.2888004183769226,-0.211998164653778,-0.3475212454795837,-0.2037384659051895,-0.3579010367393493
S,0.0,0.0,1.0569758723341274,1.634664716655797,1.1104759964209232,1.2119469142714718,1.108278151063252,0.8489497326259597,1.0398359471077894,0.6448532817841498,1.0419153729371642,0.8415231153510736,1.0662248526543439,0.5062126937666765,1.0897205523186966,0.8385257096168862,1.0662529253972788,0.96324033982828,0.9630202897397026,0.8668511224041551,0.9888955827077703,0.505958891371806,1.0252852381787723,0.9183090773818842,1.0,1.0,-0.3995169997215271,-0.2629790604114532,-0.4180698990821838,-0.2158215641975402,-0.4362671971321106,-0.3220995962619781,-0.4215883612632751,-0.3346729278564453,-0.3629834353923797,-0.2988060116767883,-0.3888866305351257,-0.2749968469142914,-0.4072818756103515,-0.3396078646183014,-0.3947621285915375,-0.3481627702713012
S,0.0,0.0,1.126784433197919,1.6887520964810958,1.1843692714444018,1.1346888857802433,1.145590429913683,0.6636045081240204,1.0402681438855792,0.3685595891659223,1.0922530663543784,0.7755158257427442,1.1185030785644434,0.39633647137191236,1.1384859084993992,0.7568313953684446,1.0987015002642802,0.9267706387291436,0.9703720868141061,0.8177509912630714,0.9791953512754361,0.4065988921919374,1.03229242075125,0.8709134890692952,1.0,1.0,-0.2319686710834503,-0.2096770256757736,-0.2399132251739502,-0.1413180083036422,-0.260204404592514,-0.2447137832641601,-0.2502602040767669,-0.2702463567256927,-0.1947828531265258,-0.2487086504697799,-0.2117772996425628,-0.1996806114912033,-0.2323473989963531,-0.2630026638507843,-0.2247228920459747,-0.2819932103157043
S,0.0,0.0,1.0856366848564776,1.7793712700049948,1.1689065502568843,1.2261548070890216,1.1316513509491084,0.7845177792484487,1.0217581000841807,0.6066470933457956,1.0904007470608426,0.8481678425755383,1.1277476857405373,0.4847789880228747,1.1360046987084655,0.851335902897526,1.0999914082369187,0.9588844531644108,0.9789174096820249,0.8731451330591355,1.0085314798912837,0.4810244505514535,1.0383055540818622,0.935876179267608,1.0,1.0,-0.2748449742794037,-0.219627246260643,-0.287806898355484,-0.1627083420753479,-0.3036267161369324,-0.2634031176567077,-0.2917237281799316,-0.2751490473747253,-0.2370539158582687,-0.2524660527706146,-0.25686976313591,-0.2145810723304748,-0.2754887640476227,-0.2769906222820282,-0.2676064968109131,-0.2878983318805694
S,0.0,0.0,1.0742658693619103,1.5672442235689952,1.1407597622196421,1.1681057408973898,1.1466325797325303,0.8110667804410174,1.0713545905366937,0.5776862177588378,1.0418543271939804,0.8251216401624475,1.0739755001188218,0.49338879851084383,1.1061518640624346,0.8054290922263644,1.0792903383285313,0.96635711898867,0.9363965233830691,0.8455554562310458,0.9882204158595848,0.4923814229582543,1.0325169930491558,0.8919916365617224,1.0,1.0,-0.2603099346160888,-0.2555378675460815,-0.2851444780826568,-0.2248581498861313,-0.2986574470996856,-0.3279603123664856,-0.2831328511238098,-0.342039942741394,-0.2262064516544342,-0.28787362575531,-0.2576908767223358,-0.280761182308197,-0.2723045647144317,-0.3431636095046997,-0.2573425769805908,-0.3497169613838196
S,0.0,0.0,1.043170581455427,1.4505046051199706,1.1233169057933576,1.138799982821334,1.125415259064955,0.8469672011221454,1.048747929997483,0.7251872001467465,1.0313017500629282,0.8284741122596715,1.0797908138256298,0.6095351514816235,1.090199316402369,0.8749203848894705,1.0599579375488521,0.9623344096689688,0.9522678616377198,0.831864351137759,1.0102409814130335,0.5983895819396898,1.031697865744605,0.94163475389741,1.0,1.0,-0.3946082890033722,-0.2899487614631653,-0.427098274230957,-0.2563316226005554,-0.4380465745925903,-0.3607738316059112,-0.4206876158714294,-0.3736512959003448,-0.3610737323760986,-0.3174677789211273,-0.3984642326831817,-0.2973394095897674,-0.4101996719837188,-0.3650998175144195,-0.3936956822872162,-0.3772990703582763
S,0.0,0.0,1.1360277782384416,1.55253760613099,1.2071989608574865,1.103148434678544,1.15199182263245,0.7014805339477539,1.021294366494158,0.4758698049809867,1.105127567838358,0.7870585473066274,1.1299085365919321,0.4706997364871084,1.1505309323013124,0.7525539152509967,1.1018152041574314,0.9107319652555993,0.9723430178251019,0.8352233397891187,0.9932822305294849,0.5464321974337365,1.0492094759080166,0.9537701728545428,1.0,1.0,-0.2344380617141723,-0.251445859670639,-0.245020255446434,-0.1901735663414001,-0.2654091715812683,-0.2935668230056762,-0.2511576116085052,-0.307931900024414,-0.1964920163154602,-0.2853188216686249,-0.2179539650678634,-0.2384759485721588,-0.2384333163499832,-0.3044523596763611,-0.2277563512325287,-0.3228646218776703
S,0.0,0.0,1.0929859072416361,1.6784645674802237,1.1546635980829227,1.1889175919981656,1.161371409337186,0.7641956292604648,1.0746483906829403,0.5244608105540728,1.0548547802266073,0.8664120035658918,1.0759489127322508,0.49966655322590553,1.1183715885332468,0.8051663870112444,1.0872516332983824,0.9685687490168485,0.9655870310032992,0.8998899980212098,0.9942366078414622,0.4949391628441817,1.0440373632485453,0.9050141946888882,1.0,1.0,-0.2826642394065857,-0.2425321638584137,-0.2996899783611297,-0.1779200285673141,-0.3175204992294311,-0.2776084244251251,-0.3005352318286896,-0.2947320938110351,-0.2480142414569854,-0.2756139636039734,-0.2734319865703583,-0.2325976341962814,-0.2899091839790344,-0.294037252664566,-0.2743922173976898,-0.3089193701744079
S,0.0,0.0,1.097377359363538,1.6159753398364265,1.15324398727494,1.0895364245313983,1.1462469580973005,0.6175499297949589,1.0423506361410502,0.3901451242506466,1.0490154906632896,0.7642124231581583,1.0790246396917091,0.4080672635203853,1.1158578743956304,0.7263615711170822,1.0793127855806537,0.90423893881415,0.9589601524738568,0.8057254998671609,0.9918405927316716,0.41107948977250336,1.044733506562898,0.8683830017253282,1.0,1.0,-0.275749146938324,-0.1976065039634704,-0.2930325865745544,-0.128507062792778,-0.3113340735435486,-0.2264749854803085,-0.2944598197937011,-0.2541023790836334,-0.2415144145488739,-0.2290821075439453,-0.2672885060310364,-0.1753802299499511,-0.2846357524394989,-0.2359201610088348,-0.2702848613262176,-0.2593204081058502
S,0.0,0.0,1.0582393705483182,1.4716394313478751,1.1302071710271837,1.1751179486756427,1.138756777460542,0.9063528911236421,1.0447090395740561,0.7602532777106835,1.0377430189712482,0.9234113647338691,1.0725297986048494,0.6615791525255439,1.1088501225500436,0.8701240932322667,1.078040567048788,0.9852091638895119,0.935434726867619,0.9298323601137398,0.9780539085828441,0.669921076845702,1.0281482252185312,0.9207434692540883,1.0,1.0,-0.2903187870979309,-0.3982473015785217,-0.3219877481460571,-0.3800393342971802,-0.3342721462249756,-0.4841166138648987,-0.3158653676509857,-0.4987083077430725,-0.261400818824768,-0.4289448857307434,-0.3008476793766022,-0.4395936131477356,-0.3082508444786072,-0.5027300119400024,-0.2856763005256653,-0.5061830282211304
S,0.0,0.0,1.0804437778134983,1.4878133901341084,1.1645182345861174,1.171028543477832,1.1644798499186857,0.892287607666472,1.0596362792912166,0.7627636769839169,1.0571746459515892,0.9108582670094487,1.1039506940285222,0.6675980299782369,1.1332299895303768,0.9079455492189099,1.0935226466346721,1.0066819372039408,0.9545456244624665,0.9172048998151616,0.9960615143015711,0.6372140771041945,1.0401965878492379,0.9288936128381363,1.0,1.0,-0.2774648666381836,-0.3443560004234314,-0.302006721496582,-0.2948804497718811,-0.3174967169761657,-0.399289608001709,-0.3006351888179779,-0.4167093336582184,-0.2414458394050598,-0.3752683103084564,-0.2727037966251373,-0.348239928483963,-0.2883142530918121,-0.4122013747692108,-0.2736792862415313,-0.4245884120464325
S,0.0,0.0,1.0831204913913883,1.4510138742889105,1.207870241049881,1.1516266791521121,1.177568252247968,0.8566227241136297,1.0467158585601477,0.7944288743550019,1.088616973482398,0.8621399506194142,1.1178395582611966,0.607526826083357,1.1249091076173103,0.8752819312832066,1.1022065242679926,0.975850698514756,0.9761414332880908,0.8677800546400568,1.0154750435225912,0.5931500264017079,1.0351638651999413,0.9184635075521408,1.0,1.0,-0.283712089061737,-0.3171072006225586,-0.2961467802524566,-0.267240434885025,-0.3082889914512634,-0.3674125671386719,-0.2979991734027862,-0.3835444450378418,-0.2471964955329895,-0.3449179828166961,-0.2660644650459289,-0.3124468922615051,-0.2813555002212524,-0.3755449652671814,-0.2732210457324981,-0.3861135244369507
S,0.0,0.0,1.0927122857263234,1.4690558813720116,1.166913146671019,1.1098796749246906,1.1581372058572135,0.8039041047508599,1.0691380528547791,0.6064667686587915,1.093087502257934,0.8543159925857505,1.1473391249435214,0.613224626180383,1.152470119000979,0.8573349833286689,1.095520017278944,0.954359448026488,0.9802610340924997,0.8698047277015915,1.0224171053797664,0.6388878357849292,1.052052528377324,0.9550800393781401,1.0,1.0,-0.2656882703304291,-0.3126321732997894,-0.2843444347381592,-0.2567650079727173,-0.2981182634830475,-0.3643063902854919,-0.2808637022972107,-0.3813365399837494,-0.2266174256801605,-0.3423944115638733,-0.2530804574489593,-0.3011725544929504,-0.2694030702114105,-0.369045227766037,-0.2556922733783722,-0.3854058384895324
S,0.0,0.0,1.1113368068946199,1.469498746201617,1.1649240674360732,1.1181494429038046,1.1659667447439888,0.8034718454925853,1.0675012279925469,0.6081453268032124,1.0545156635016257,0.8728846657233147,1.0867786812374918,0.6084525168911871,1.1172755209327059,0.8421839612441625,1.0845295266240962,0.9624814585791298,0.9493602260318182,0.8981920454933441,0.9766700698636421,0.5745087234777065,1.0284355374953822,0.8849537555150059,1.0,1.0,-0.2457027733325958,-0.3112220764160156,-0.2605584263801574,-0.2540498673915863,-0.277946263551712,-0.3532654047012329,-0.2660558819770813,-0.3783506453037262,-0.2101916074752807,-0.3508114814758301,-0.2322049289941787,-0.3118673264980316,-0.2520492076873779,-0.3723571002483368,-0.2430462837219238,-0.3882113993167877
S,0.0,0.0,1.1239257646934822,1.7462476535747768,1.2038734364433892,1.2383220868651696,1.1365456043179571,0.7898782226771137,1.0138505455064002,0.5707869643064123,1.0720181545419385,0.8781757596153671,1.0847659499503675,0.5138391211560119,1.1299959143942666,0.8365305679765684,1.1121444256281858,1.0036745960802755,0.9510930972932166,0.9092019993898209,0.9463500746248394,0.44417770511924604,1.0164702718199887,0.8407790543683871,1.0,1.0,-0.2304013520479202,-0.2447502613067627,-0.2364488095045089,-0.1802300810813903,-0.2589005827903747,-0.2831379175186157,-0.2510913014411926,-0.3097832798957824,-0.1933329999446869,-0.2853650152683258,-0.2081308662891388,-0.2398732304573059,-0.2300735712051391,-0.3033834397792816,-0.223463624715805,-0.3204953372478485
S,0.0,0.0,1.1462660154713373,1.4282472541174223,1.2117783245734564,1.0182742363618986,1.1387838442541558,0.6706506549588753,0.9950947317877025,0.5194728717107212,1.0983215526793053,0.8261928549649624,1.1348314733388265,0.5658446328935615,1.1495203389582151,0.8176250178217378,1.103491364297799,0.9245549104427643,0.9763580251784005,0.8550689828072964,0.9983718238165714,0.5963593460396761,1.0455133009989979,0.9290845954505575,1.0,1.0,-0.2269326150417328,-0.2610340118408203,-0.2363893836736679,-0.1944043934345245,-0.2543803453445434,-0.2863819301128387,-0.2410713583230972,-0.309695690870285,-0.1925888061523437,-0.2918203771114349,-0.2132237404584884,-0.2408796548843383,-0.229246899485588,-0.2990013360977173,-0.2168292701244354,-0.318631112575531
S,0.0,0.0,1.1504753998677228,1.5084344938462892,1.259360986053498,1.0859969143299657,1.1872222541877564,0.7272406882296147,1.0363550654334484,0.580157010938061,1.1042130694644832,0.7974371319954429,1.1414872947857944,0.507785290221902,1.1718286179345463,0.7914199560897933,1.1315287643366927,0.9060342847645337,0.9602656951074277,0.8378175648853742,0.9893730883253545,0.5281152687940597,1.0516642644266185,0.904776235762462,1.0,1.0,-0.2024290412664413,-0.2569411098957062,-0.213841900229454,-0.1894706189632415,-0.2341338545083999,-0.2928387820720672,-0.2206462025642395,-0.317110925912857,-0.1632472276687622,-0.2937940955162048,-0.1828950941562652,-0.2406668066978454,-0.2048172503709793,-0.3055467903614044,-0.1953153610229492,-0.3257935047149658
S,0.0,0.0,1.089209931549078,1.4404715075575714,1.1783710994855638,1.1105444550700463,1.1659565632125306,0.8208654264320624,1.0606418490522371,0.6730737507772134,1.0587299756921384,0.7900588394304934,1.0986390955069327,0.5144839514318992,1.1325284073024706,0.7870653420681162,1.1074211423435831,0.9312111801839319,0.9385525520856335,0.814516501149526,0.9862763405946483,0.5403630918117367,1.036527643072739,0.900206468645951,1.0,1.0,-0.2444568574428558,-0.2753858566284179,-0.2662506997585296,-0.2334027588367462,-0.2822017669677734,-0.3380272090435028,-0.2686171233654022,-0.3583707809448242,-0.2074150443077087,-0.3050028383731842,-0.2364215552806854,-0.2766076028347015,-0.2550909519195556,-0.3422058522701263,-0.2453434616327285,-0.3591363728046417
S,0.0,0.0,1.109988159521276,1.415622932017255,1.1757431533998308,1.0675471950836277,1.1401625052529067,0.7719119178094379,1.0304350508830153,0.6543625918108233,1.0549169029875987,0.8253121790455655,1.0995851520895024,0.6389963999245046,1.129396944240524,0.8569845070772136,1.0827167335532033,0.9499133818182838,0.9517065983410299,0.8463360204717705,0.9890638931700999,0.6166238063948991,1.0460286873395024,0.9223313802287619,1.0,1.0,-0.2634801268577575,-0.2916487753391266,-0.2810609936714172,-0.2301206886768341,-0.3015728294849396,-0.32874596118927,-0.2845198810100555,-0.3546087443828583,-0.2261286377906799,-0.325176477432251,-0.2533214688301086,-0.2788602709770202,-0.2734456956386566,-0.3410332202911377,-0.2603184878826141,-0.3618834912776947
S,0.0,0.0,1.1102286693675276,1.4251952132074672,1.2117704162716643,1.0715222710404413,1.1725056454852942,0.7716098647685761,1.0445878548343364,0.6882177806639093,1.06850363468317,0.8060524126646834,1.124697142721431,0.5987922677375463,1.1466574372960254,0.8293470017002839,1.0983114012084605,0.9334866912061295,0.9506697396050834,0.8267907923588013,1.0069750688244525,0.5808801673368843,1.053351072988555,0.9027806923668242,1.0,1.0,-0.2514704465866089,-0.2906442582607269,-0.2735503315925598,-0.2283482998609542,-0.2916131019592285,-0.3357345461845398,-0.2739458382129669,-0.3648917078971863,-0.2121902406215667,-0.3232410252094269,-0.2425379455089569,-0.2760921716690063,-0.2619192004203796,-0.3448995351791382,-0.2481997609138488,-0.3673382997512817
S,0.0,0.0,1.0806580202797351,1.4535885280386958,1.1756138767597395,1.085242524700483,1.1670272176592311,0.7346221898444228,1.061192064953494,0.5438255120809748,1.077626904073875,0.7840337464259552,1.1425577033518992,0.580030211136042,1.1517362282245054,0.8146674793167084,1.0949993466971744,0.9295476589899611,0.966856941114626,0.7831448810258753,1.0346572401146168,0.5713047965145743,1.0565538997620765,0.930534054498049,1.0,1.0,-0.2683796286582947,-0.2450444996356964,-0.2939716279506683,-0.1966429054737091,-0.3037607967853546,-0.3011702597141266,-0.2837255001068115,-0.3227373361587524,-0.2297166585922241,-0.2683995366096496,-0.2638341188430786,-0.2331195920705795,-0.2752615213394165,-0.3005114495754242,-0.2577401995658874,-0.3179061114788055
S,0.0,0.0,1.1183072212883283,1.505222574413281,1.2168931706676822,1.0885797742754273,1.1915147464961457,0.7044863072806415,1.0682960512695274,0.551163002890545,1.060557567326518,0.7862385872704214,1.0953166854416616,0.4955722726836771,1.1337542812090378,0.7795353434118434,1.0990494218012297,0.9145068152692886,0.9502058648105408,0.8129565411348376,0.9874577512099844,0.47587346772161737,1.0446480453881666,0.8735392934196065,1.0,1.0,-0.2469341307878494,-0.2399650663137436,-0.2642582058906555,-0.1741815209388733,-0.2829264104366302,-0.2818204462528229,-0.2673256993293762,-0.3111611306667328,-0.2090732306241989,-0.2717037796974182,-0.2336323708295822,-0.2170241475105285,-0.2536529004573822,-0.2851226031780243,-0.2420919239521026,-0.3092426359653473
S,0.0,0.0,1.1324811511036925,1.5110786143755242,1.1975297876609514,1.0087252922348295,1.1440314916878858,0.5668686812432745,1.015897435342876,0.39217401129320006,1.0686805384266993,0.7393104086344021,1.116210242525595,0.46610310808420385,1.1449963876614822,0.7602379955291468,1.0957019512526491,0.9085389628367138,0.961377421198278,0.7650000747473393,1.0050221778611477,0.4536871579386901,1.0559599358282734,0.8746292066792172,1.0,1.0,-0.2591865956783294,-0.196270152926445,-0.2747553288936615,-0.1250633001327514,-0.2951265275478363,-0.2230980694293975,-0.2787236273288727,-0.2572258710861206,-0.2216501832008361,-0.2263449132442474,-0.2480674982070922,-0.1673022806644439,-0.2674011588096618,-0.2310987114906311,-0.2548726201057434,-0.2599635422229767
S,0.0,0.0,1.1056487300510982,1.4899317233910805,1.1913190231466722,1.1101525024020296,1.1970837970942199,0.7514615714048604,1.0791603343427827,0.5767588848874292,1.0408500768891222,0.7747773125844958,1.1087264500735976,0.5405560098376734,1.138593304249542,0.82421401324993,1.0891414221068814,0.9615540938792354,0.9333704668577415,0.7865070237470991,1.0023820052220733,0.4958363417720695,1.0528463081563988,0.8760530060151989,1.0,1.0,-0.2499681711196899,-0.2446610927581787,-0.2772930264472961,-0.1839905977249145,-0.2942885160446167,-0.2911337018013,-0.2754896879196167,-0.3209803998470306,-0.2127595245838165,-0.2781801223754883,-0.248838797211647,-0.2377646118402481,-0.2664802372455597,-0.3048693835735321,-0.2506449520587921,-0.3269583284854889
S,0.0,0.0,1.1158577832067411,1.528029642094858,1.1849842185228368,1.0386560026616558,1.1670853358502573,0.5643943167186246,1.0509326369551057,0.35099240342676835,1.0718154579612411,0.7833108340473732,1.1126215582593153,0.4822968145857153,1.1332632343415172,0.7660151721751539,1.0883221138130408,0.9170591111764178,0.9718804091693589,0.7951288042202208,1.0159154680953348,0.4555700150525816,1.0518806494423243,0.8821880046663996,1.0,1.0,-0.2676354050636291,-0.1807708591222763,-0.2834275066852569,-0.1097327768802642,-0.2991476953029632,-0.1983230262994766,-0.2828585207462311,-0.2267560511827469,-0.2312145978212356,-0.2035928815603256,-0.2563151121139526,-0.1485088765621185,-0.2725670635700226,-0.2066086381673813,-0.2609903812408447,-0.2321872860193252
S,0.0,0.0,1.1290613705664772,1.276449087196114,1.1645309677519586,1.0310666653927862,1.1375872853565594,0.8190450792568638,1.0325551252839567,0.7232223074497804,1.0555850017987205,0.8955336939391211,1.10766315443715,0.7561386332430203,1.1257259193902873,0.8759811872040015,1.079485386379883,0.9526129739558636,0.9586328594651535,0.9127162949551059,0.9940765300573958,0.7391826109187775,1.0393068338666278,0.9343395314821292,1.0,1.0,-0.2536238133907318,-0.413750022649765,-0.2690806984901428,-0.3560200333595276,-0.2862387299537658,-0.4421744644641876,-0.2720648050308227,-0.4687772095203399,-0.2209391742944717,-0.4475497007369995,-0.2429765462875366,-0.4035701751708984,-0.2606375217437744,-0.4577568769454956,-0.2500596642494201,-0.4769564867019653
S,0.0,0.0,1.087343568820922,1.2913276610271793,1.1387428177388563,1.0621619240745441,1.1600437514368278,0.8983653249059542,1.1158429355171577,0.7687935198010334,0.7648251385388862,0.9025270922858188,0.9273088285666502,0.6679535326800057,1.0245453885219635,0.7954507187885042,1.0267886365984247,0.9211545010314702,0.71607614277618,0.9270864697083119,0.9496169764671895,0.7119610710398454,1.0276974787247588,0.8781049967272777,1.0,1.0,-0.2027312219142913,-0.3782839775085449,-0.2787609994411468,-0.3610114455223083,-0.2888763844966888,-0.4214071929454803,-0.2713308334350586,-0.4453041851520538,-0.2188247293233871,-0.4030500650405884,-0.2865035533905029,-0.4161117970943451,-0.2904519438743591,-0.4635705947875976,-0.2721301317214966,-0.4788133800029754
S,0.0,0.0,1.09712634574179,1.3203445369647961,1.1562070106378242,1.040689090490844,1.1230040989165333,0.7997611370690327,1.0238784205679106,0.7043862143479727,1.0770191439350696,0.876130036297295,1.1158580913084142,0.7040492756853832,1.114971080646188,0.8642812060764556,1.0779764118608903,0.9586275922705988,0.9755838215925077,0.8894172940206759,1.0010863948791706,0.6924596290511512,1.0272640886148463,0.918575116288968,1.0,1.0,-0.2557063996791839,-0.3380234837532043,-0.2680354714393616,-0.2835899591445923,-0.2801343202590942,-0.3687455952167511,-0.2700269222259521,-0.3978831171989441,-0.2231542468070984,-0.3632371425628662,-0.2417796999216079,-0.3158337473869324,-0.2555495798587799,-0.3702987432479858,-0.2476954609155655,-0.3924437463283539
S,0.0,0.0,1.0789724878059557,1.3709530201967854,1.1470940020673956,1.070457784607652,1.1289438148880098,0.7961438197993497,1.0466285158842443,0.6582725656369096,1.0704618318818913,0.8551606190552415,1.1123044097382984,0.678377753905483,1.1173223084506407,0.8468648672581124,1.0776359524333319,0.9600320608938296,0.9766607970795045,0.8640088234677282,1.0123648852024731,0.6635099311513544,1.034112211901608,0.9216227121479885,1.0,1.0,-0.2853699624538421,-0.301919937133789,-0.3018125891685486,-0.24954554438591,-0.3119346797466278,-0.3383095264434814,-0.2983655035495758,-0.3638204932212829,-0.2507743239402771,-0.3248349726200104,-0.273699402809143,-0.2816849946975708,-0.2865184545516968,-0.340932697057724,-0.2768236398696899,-0.3621853590011596
S,0.0,0.0,1.0980650806965098,1.378364043325856,1.1775417159415298,1.045934314030724,1.1597131186083636,0.7447215953001945,1.0499208120930485,0.628417643733675,1.0787787502772104,0.8425330260243286,1.1458200807979497,0.6549072693937489,1.1441988449469103,0.8141820216629277,1.0787568632933997,0.9162141993942772,0.9736050970487853,0.840223646751264,1.0298674378347197,0.6085387350379783,1.0513002917165162,0.8951701470817999,1.0,1.0,-0.2580822706222534,-0.2742412984371185,-0.278467059135437,-0.212140291929245,-0.2891909182071686,-0.3074039220809936,-0.2725545167922973,-0.3426249325275421,-0.2211798429489135,-0.2945749163627624,-0.2480008900165558,-0.2438908964395523,-0.26253542304039,-0.3061137199401855,-0.2517732679843902,-0.33376544713974
S,0.0,0.0,1.0967372029745137,1.3542726156248919,1.1833925032109167,1.043104698528219,1.1437200022611955,0.7640802832749497,1.0325457800439466,0.684572023096729,1.0640796172328562,0.8318043313230639,1.1128359693689045,0.6536921343238156,1.126876507664623,0.8240733278465638,1.0824774907830237,0.9275711855129857,0.9626286320211133,0.8401959510777879,1.0046775105009569,0.6095988460413873,1.0400898188516174,0.8879173058585196,1.0,1.0,-0.2663372457027435,-0.2819914817810058,-0.2842756509780884,-0.2213985919952392,-0.2978725135326385,-0.3156353831291199,-0.2825949788093567,-0.3493924736976623,-0.2304272353649139,-0.3054457902908325,-0.2559044361114502,-0.2548689246177673,-0.2712789475917816,-0.3156303763389587,-0.2600170969963074,-0.3403747677803039
S,0.0,0.0,1.098691184605917,1.4085191005167979,1.1942886206723256,1.0718880558951704,1.1595523421540006,0.769894371479362,1.0454524477689164,0.6513828466633165,1.0763983416835146,0.8293528401377129,1.1300251414733407,0.6102429943519776,1.145752788353066,0.8320319942094645,1.1007358236760836,0.9478614584349054,0.9680966103693471,0.8409489127744316,1.0147339749750726,0.5974940181966831,1.047299388857069,0.9035506409342864,1.0,1.0,-0.262041300535202,-0.283948689699173,-0.2815190553665161,-0.2216332852840423,-0.2941362857818603,-0.3231287598609924,-0.2777908742427826,-0.3530905246734619,-0.2244727313518524,-0.3088417053222656,-0.251133531332016,-0.2591206431388855,-0.26704141497612,-0.3253978490829468,-0.2548819184303283,-0.3499012291431427
S,0.0,0.0,1.084149385144008,1.4849411482556178,1.1538869785938106,1.1058545594067488,1.1528346801843639,0.7698548741087482,1.0585706597689377,0.6433096559353159,1.0379734955341258,0.8203089590680258,1.0947142193740709,0.5955055955573808,1.1164654398480254,0.8481079207414651,1.0747142720742417,0.9563152386651692,0.9507750955113096,0.8364636617059925,1.0034775137671446,0.5532912013995875,1.0408444923361553,0.895855112415697,1.0,1.0,-0.3306289911270141,-0.285311609506607,-0.359695702791214,-0.2262114137411117,-0.375262051820755,-0.3367253839969635,-0.3558177053928375,-0.3643691539764404,-0.2930689752101898,-0.3188700377941131,-0.3286170363426208,-0.2776757478713989,-0.3451825082302093,-0.3471006155014038,-0.3281989991664886,-0.3674286603927612
S,0.0,0.0,1.1921434922865932,1.3420425310834825,1.2585798358183142,0.9526406066965097,1.1577310968777506,0.6153959969573798,0.9763504166620555,0.4846827930279612,1.0933271010448622,0.8156545400227243,1.1361462755997327,0.5630326170000894,1.1669984609399418,0.7689196299186501,1.1180956019343582,0.9144713175217547,0.9550708142467862,0.8331288049123706,0.9901907594972932,0.5372784876514329,1.0476206254609632,0.8498629008148407,1.0,1.0,-0.1863130927085876,-0.2538926899433136,-0.198597639799118,-0.1765662133693695,-0.2167329043149948,-0.2713450491428375,-0.2059602886438369,-0.3188114762306213,-0.1513774394989013,-0.281309962272644,-0.1706618666648864,-0.2177658230066299,-0.1887135505676269,-0.2749413549900055,-0.1813943982124328,-0.3090598285198211
S,0.0,0.0,1.1157577406005679,1.4614678483051498,1.159468267846804,1.0488015163074997,1.1340091243107229,0.6777574933146698,1.0438241483755677,0.4646820574257026,1.0625604935834447,0.8168474746904186,1.1160812938003006,0.5728558613429213,1.1294713689486158,0.8004975256124653,1.0802095195722983,0.9108709050826918,0.9724584776462858,0.8420395958831846,1.019372955003823,0.5593122790380397,1.0506596470784084,0.8952561746604032,1.0,1.0,-0.2847822308540344,-0.2415917217731475,-0.3037892878055572,-0.1732847839593887,-0.3185488879680633,-0.2645017206668854,-0.3013891875743866,-0.2955006659030914,-0.2515171766281128,-0.2717912495136261,-0.2781449854373932,-0.2183842957019806,-0.2936210334300995,-0.2766777873039245,-0.2795414924621582,-0.301130086183548
T,0.0,0.0,1.017314125535876,1.4261885005454544,1.1182379812360215,1.1642674671638003,1.1031867734186478,0.8843559968962158,1.086922248581295,0.706227761436436,1.0883874629792332,0.9152780288157439,1.1281504995172533,0.7085185299008356,1.1349091234378628,0.7705015834056932,1.1088470806383934,0.8651454720882533,0.9875721573958021,0.9038589122066265,1.0219749908678712,0.7385953379688687,1.0139051935671792,0.988468372081152,1.0,1.0,-0.3143266141414642,-0.3168424665927887,-0.3240737318992615,-0.280884712934494,-0.3246121406555176,-0.3630290031433105,-0.3185155689716339,-0.3567477166652679,-0.2790425717830658,-0.3321974575519562,-0.2914825975894928,-0.3087414503097534,-0.2973195314407348,-0.3644358515739441,-0.2903776168823242,-0.3649065792560577
T,0.0,0.0,1.033131048625119,1.369959475119369,1.1283221876314,1.1291335721093738,1.1018706106293092,0.8856853992336919,1.0842138432222757,0.7280145856047151,1.0890717714646805,0.9050267156408973,1.130868491993125,0.7063740403054566,1.1232463236774084,0.8448977430559523,1.089652256805903,0.9561932059302399,0.9829615205197849,0.9035015660630221,1.0190469215502476,0.7355295548205865,1.015422440088399,0.9768877897368968,1.0,1.0,-0.3123517632484436,-0.363793134689331,-0.3237301409244537,-0.3256584405899048,-0.3258922100067138,-0.4118309020996094,-0.3185614645481109,-0.4091822803020477,-0.2766727805137634,-0.3828318417072296,-0.2911006510257721,-0.3526501655578613,-0.2983213365077972,-0.411193698644638,-0.290811687707901,-0.4157524406909942
T,0.0,0.0,1.0329643248671958,1.258593923679137,1.1085887965183838,1.0595886884853776,1.0870507676638963,0.8613019461054975,1.0851005422312026,0.7214143537809113,1.0597172130580097,0.8795750095991335,1.0944300345700335,0.7105137858512411,1.1157801802858223,0.7621338882063339,1.098938224348866,0.8639946021833491,0.964848062564389,0.8717528678640344,1.0157210771543772,0.7255114451257962,1.0205594740633477,0.937718462068291,1.0,1.0,-0.3384243547916412,-0.4107632935047149,-0.3579202592372894,-0.3742150664329529,-0.3606391847133636,-0.4658306241035461,-0.3496859669685364,-0.4756842255592346,-0.302414983510971,-0.4289736151695251,-0.3251697719097137,-0.3991983234882355,-0.3322366774082184,-0.4622108340263366,-0.3216416537761688,-0.4696550667285919
T,0.0,0.0,1.0834599838744308,1.3453846088736607,1.136160983776578,1.0857929932456742,1.0902938048401232,0.8764308903729525,1.0609230320513996,0.7142366038467338,1.0604555765425887,0.8726426568059643,1.0878415562844823,0.6676450496885645,1.1223151655817118,0.7516172597810202,1.1107274537690206,0.8707619301744508,0.9498998797536542,0.8919575694529144,1.0026658954748084,0.7105590992049302,1.0322715481970084,0.9563716240339492,1.0,1.0,-0.3084176182746887,-0.4050487577915191,-0.3308129608631134,-0.3741677105426788,-0.3415386378765106,-0.4699724316596985,-0.3257056772708893,-0.4713479578495025,-0.2729204297065735,-0.4383773803710937,-0.2964500784873962,-0.4138258695602417,-0.3115866184234619,-0.4769187867641449,-0.2986676096916199,-0.4824645817279815
T,0.0,0.0,1.0288227551911162,1.373834719421611,1.092937198520822,1.1271132473544607,1.0811652226306567,0.9227932480506033,1.070073338749977,0.7637919277530656,1.0531343131350877,0.9160922831812763,1.1094856843528156,0.757738256748429,1.1093155669107095,0.9144381536718746,1.0735526244959674,1.0024182381951765,0.9759937342384019,0.8977919757447077,1.0415539869465398,0.7464709003205684,1.0366990920249108,0.9792786196970884,1.0,1.0,-0.4263582229614258,-0.4136933088302612,-0.4571980834007263,-0.3907591104507446,-0.4569171965122223,-0.4887206852436065,-0.4376187920570373,-0.4857282042503357,-0.390893816947937,-0.4334089159965515,-0.423888087272644,-0.4224132299423218,-0.4288600385189056,-0.4887114465236664,-0.4097923338413238,-0.4885947704315185
T,0.0,0.0,1.0997003092796953,1.298070553684643,1.1565634594483307,1.0625989065644426,1.0984708405265335,0.8553732412950865,1.0646839815821176,0.6941247277736966,1.0890039311271877,0.8854670583618663,1.1135725947096358,0.7091010200543667,1.1281069424531067,0.7356023650733051,1.113999691883673,0.817812793977472,0.9730221064651198,0.9056627874026315,1.0013910183033083,0.776223845213328,1.0194962016025575,0.9798323746701059,1.0,1.0,-0.2945156097412109,-0.4332403838634491,-0.3037208020687103,-0.3852595090866089,-0.3142315149307251,-0.4720059931278229,-0.3044039607048034,-0.4749519526958465,-0.2573858499526977,-0.4614201188087463,-0.2682841420173645,-0.4166415333747864,-0.2824531197547912,-0.4730058908462524,-0.2742175757884979,-0.4833816289901733
T,0.0,0.0,1.0263307897503053,1.3460743302114726,1.0827033122093697,1.09155230424584,1.075672346048967,0.8688578621260313,1.0698785890158051,0.6865575633676794,1.0398346889666976,0.8596038837425243,1.1022470186237274,0.7216390072232495,1.1238341847748903,0.8048236533985325,1.1110220093412368,0.9021417784974191,0.9672229697011523,0.846784379357215,1.0445356501821421,0.7456904794356537,1.0352499656362484,0.98156721959764,1.0,1.0,-0.4718002676963806,-0.399673581123352,-0.5149356722831726,-0.3866239488124847,-0.5108243823051453,-0.485719621181488,-0.4884471297264099,-0.4831098616123199,-0.4375539422035217,-0.4194383025169372,-0.4800415635108948,-0.4102149903774261,-0.4830856621265411,-0.4822561740875244,-0.4628014266490936,-0.4843618869781494
T,0.0,0.0,1.1066628141618446,1.3480360167973364,1.1508228103621136,1.0801965049856492,1.0879056875155098,0.8771658542775828,1.0346778781670019,0.735854734329351,1.0693410427025722,0.8833127204759792,1.073430915972602,0.6869305367675576,1.1005072675013914,0.7231683228974475,1.102876334251028,0.8258233610316895,0.9593389225629323,0.9224016859694542,0.9769301444964653,0.7534943169230921,1.0172548734816995,0.9625034939750469,1.0,1.0,-0.2991065084934234,-0.4298087060451507,-0.3068143129348755,-0.3776874244213104,-0.3239088058471679,-0.4610876739025116,-0.3143039643764496,-0.466964840888977,-0.2650504410266876,-0.4702863395214081,-0.2761455178260803,-0.4246252179145813,-0.2944307625293731,-0.4782666563987732,-0.2864322066307068,-0.4899153411388397
T,0.0,0.0,1.0215462849710009,1.370596737306731,1.069238901483014,1.1037261107224168,1.062609794155196,0.896391796226398,1.057865862307999,0.7217955599115085,1.0003726671502098,0.8621486818859574,1.075387962990223,0.7091916870127525,1.095922768721011,0.8508612970601502,1.081315629591763,0.9503708337747062,0.9370424830916064,0.8505292772741921,1.0281972320283916,0.6955806788439451,1.0324226844132312,0.9350368773139882,1.0,1.0,-0.4903359115123749,-0.4090422689914703,-0.5446454882621765,-0.4000250101089477,-0.5437257289886475,-0.5058679580688477,-0.5212056040763855,-0.5177791714668274,-0.4624157547950744,-0.4392904043197632,-0.513033390045166,-0.4369425475597381,-0.5167052149772644,-0.5102241039276123,-0.4954568743705749,-0.5200082063674927
T,0.0,0.0,1.1059501697492744,1.3562676688621702,1.1497254374020824,1.0936773265377944,1.0946522614019787,0.8839969325120539,1.0638236939628203,0.7255534603720996,1.0848259797326154,0.897746413902201,1.0999610479872637,0.711721681446326,1.1279304699187152,0.7801722631614507,1.1111958754484412,0.8844766131749477,0.9663469554740178,0.9244177417871059,0.9952212318793422,0.7561683325253652,1.0336285420330276,0.9740254621145154,1.0,1.0,-0.296042650938034,-0.464186429977417,-0.308068573474884,-0.4191961586475372,-0.3237222135066986,-0.5100225806236267,-0.30964195728302,-0.5115527510643005,-0.2594861388206482,-0.5021944642066956,-0.2742924094200134,-0.4711984694004059,-0.2930657267570495,-0.529273509979248,-0.283433198928833,-0.5344579815864563
T,0.0,0.0,1.08957708184921,1.360212992036798,1.1360900380927867,1.1027946633644963,1.1048091957773585,0.9125439479562741,1.0793837393316013,0.7619048042316002,1.0644841002406553,0.9184185745065793,1.0952491572680991,0.7399512699575276,1.122620704970112,0.8486305278427637,1.093998879977834,0.9369268734451237,0.9670288884299616,0.933185011626336,1.001094314945951,0.7488757145193584,1.0356375519506582,0.9581775705681516,1.0,1.0,-0.3338965773582458,-0.4626982510089874,-0.3505561351776123,-0.4094778001308441,-0.3664823174476623,-0.5032229423522949,-0.3503573834896087,-0.5132070779800415,-0.297686219215393,-0.4992032945156097,-0.3197629749774933,-0.4566880166530609,-0.336969643831253,-0.5166705250740051,-0.3232384026050567,-0.5291237831115723
T,0.0,0.0,1.065673351143052,1.3272919870367195,1.1389732673459434,1.1149299029013133,1.1024813927467494,0.932198264532143,1.074686805612101,0.8066861944838377,1.0779276625150642,0.9080436243670642,1.0946107165772174,0.7301272875798991,1.1143002178592154,0.7558841741260096,1.111951809282889,0.8554550763143108,0.9714940578347645,0.9222136422946706,1.0040998892047335,0.7637169169553604,1.015807189370686,0.9514338465025429,1.0,1.0,-0.3148867189884186,-0.4543612599372864,-0.3263634145259857,-0.400630235671997,-0.333431214094162,-0.4830059707164764,-0.3244822323322296,-0.4923295080661773,-0.2774950265884399,-0.4849282205104828,-0.2905753850936889,-0.4384297132492065,-0.3034985065460205,-0.4938789904117584,-0.2980250418186188,-0.5060454607009888
T,0.0,0.0,1.0455648846179884,1.3945440013489587,1.0990791754916018,1.144171992243487,1.0780064357972712,0.9394001854818312,1.050017227659003,0.7935695135317425,1.0633884748332556,0.9218714105050164,1.080098798856147,0.7020632998903971,1.099243729586812,0.8033299047297867,1.085065156926147,0.9264035072928084,0.9712180452907722,0.9288444481915521,0.990606054176116,0.7156432678526262,1.0149882076782386,0.9285973863923784,1.0,1.0,-0.3650601208209991,-0.4312295615673065,-0.373740017414093,-0.3681680858135223,-0.3858937323093414,-0.4552530646324157,-0.3780306577682495,-0.4747067093849182,-0.3268487155437469,-0.4655064642429352,-0.338694155216217,-0.4116521775722503,-0.354808509349823,-0.469190239906311,-0.3518749177455902,-0.4885575175285339
T,0.0,0.0,1.0567447280224591,1.2557398896673513,1.1422897442307967,1.0636048291962361,1.1228976879979509,0.8966992674991591,1.105157769822882,0.7725329647093441,1.0512706704701733,0.8755728157541758,1.0762977535548162,0.7264504420839851,1.1390091051860665,0.7183002641206085,1.1777496712202056,0.7795133080003869,0.955355842545931,0.8782183045166392,1.0365435045371738,0.745347548688472,1.0403836389787326,0.939408366700524,1.0,1.0,-0.3043514192104339,-0.4463732838630676,-0.3324553668498993,-0.4072389006614685,-0.3357267677783966,-0.4953320622444153,-0.3186893165111542,-0.5045067667961121,-0.2688392996788025,-0.4730512499809265,-0.2958762049674988,-0.439727634191513,-0.3066802322864532,-0.5016272664070129,-0.2934439778327942,-0.5122596621513367
T,0.0,0.0,1.0648350981782555,1.3053922652488972,1.1138337337076971,1.0837727012331784,1.0905371873445437,0.9225142966260969,1.059618198786778,0.7995112388064203,1.0514239580459093,0.9136170966542378,1.0777124332970376,0.7298700238193349,1.1235744183692877,0.8084889672258013,1.118827534415877,0.9120143167268012,0.9551342531559357,0.9233371064030794,1.0102828960533208,0.7592493391893386,1.0358193301204484,0.9588782299319591,1.0,1.0,-0.3132483959197998,-0.4537389874458313,-0.333128273487091,-0.3898377418518066,-0.3450289368629455,-0.4743298292160034,-0.3293216526508331,-0.4896131157875061,-0.277065098285675,-0.4804668128490448,-0.2984923720359802,-0.4275829493999481,-0.3153272569179535,-0.4816604256629944,-0.3053764402866363,-0.50126051902771
T,0.0,0.0,1.0749306615184822,1.2007050985126024,1.127866243374359,1.002443631888981,1.08842834819181,0.8394438167024596,1.0624214153118474,0.7131275470338605,1.039324375001614,0.8787759850090535,1.0511224862581685,0.7272257742281112,1.1083604587667593,0.7097436473290943,1.1431370878418676,0.7721277295079282,0.9575514398909433,0.8848953581404488,1.022081490546601,0.7494196505855546,1.037771641609931,0.9245356268919988,1.0,1.0,-0.3244196474552154,-0.4599634408950805,-0.3517452776432037,-0.410493403673172,-0.3570744395256042,-0.5015279054641724,-0.3366886973381042,-0.5257493853569031,-0.2896058559417724,-0.4773003458976745,-0.3185203671455383,-0.4293785989284515,-0.3294226825237274,-0.491416871547699,-0.3132756948471069,-0.5125523805618286
T,0.0,0.0,1.0696891909266597,1.2213841755287598,1.1106735100014116,1.0290234482635496,1.079498321447234,0.8676874664228635,1.0552996952923512,0.7259251198440964,1.0456380599321176,0.8837533994097705,1.103921950023186,0.7534900254616584,1.1345716922330453,0.8201634418129808,1.1175066261271192,0.9045039815700722,0.9548804454634787,0.8860490947944661,1.0236564884814958,0.7755178601589057,1.036979226401518,0.9583244753510051,1.0,1.0,-0.3129075765609741,-0.4628199934959411,-0.343252420425415,-0.4337792098522186,-0.3474668264389038,-0.5207240581512451,-0.3297188878059387,-0.5312464833259583,-0.2790562510490417,-0.48708376288414,-0.3113049566745758,-0.4588783979415893,-0.3202878832817077,-0.5190432667732239,-0.3049702942371368,-0.5303369760513306
T,0.0,0.0,1.0607566010376628,1.262247656625219,1.1031565433087727,1.0656982028602502,1.1009232313103698,0.9174428059845282,1.088109501863457,0.789639670331828,1.0341417650106672,0.92027887897163,1.0867913275349022,0.7827620533101952,1.1096860662533035,0.8973428611401374,1.0766274230874975,0.9724217645597175,0.9624795122378902,0.9193233038880795,1.0227513567033482,0.7775770813640945,1.0426322524758274,0.9557118492726027,1.0,1.0,-0.3364463150501251,-0.4576217532157898,-0.3628155887126922,-0.4112923741340637,-0.3704468905925751,-0.4958090484142303,-0.3515262007713318,-0.5096144080162048,-0.3035053014755249,-0.4790706932544708,-0.3344721496105194,-0.4403055608272552,-0.3443280756473541,-0.4965722262859344,-0.3271115720272064,-0.5109022855758667
T,0.0,0.0,1.070929089368535,1.3144997473673166,1.1151462361377946,1.0816314685404194,1.0817395879045277,0.9126032850739643,1.0555786656677557,0.7720163332384139,1.0399572064290394,0.9289890523302592,1.0939708655973759,0.7652844040789755,1.1124591329227955,0.9042629848573731,1.0760208339392747,0.990636242772215,0.9537984288248852,0.9287343919954408,1.0130311201854036,0.7464998619296168,1.0381632739814513,0.9408720396132103,1.0,1.0,-0.323406845331192,-0.4533233046531677,-0.3494060337543487,-0.4164795279502868,-0.3596441149711609,-0.5070016980171204,-0.3430048525333404,-0.5197843313217163,-0.2917062640190124,-0.4813562035560608,-0.321835458278656,-0.4550206363201141,-0.3348360061645508,-0.5127577185630798,-0.3197302222251892,-0.5225305557250977
T,0.0,0.0,1.0542826022513447,1.2827326435825854,1.1103947875968376,1.071485702107697,1.0873817645132624,0.899781387330104,1.0708403633365249,0.7493900822373631,1.038850351742292,0.8822457817282654,1.1067075028159066,0.7421363965073743,1.1401457071387227,0.8239399485688303,1.116827980760407,0.9197619641317943,0.9388936117710222,0.8831451431095778,1.0179670138233559,0.7521125100903134,1.0395613260966867,0.9550869045759888,1.0,1.0,-0.2964114248752594,-0.4423681497573852,-0.3288410902023315,-0.4245718121528625,-0.3349409103393554,-0.5141516923904419,-0.3173352479934692,-0.5231070518493652,-0.2641273140907287,-0.469833493232727,-0.2977333664894104,-0.4540219306945801,-0.3081829249858856,-0.5166301727294922,-0.2931605577468872,-0.5270935297012329
T,0.0,0.0,1.035163922756417,1.3505514805422643,1.0756034733657807,1.0961082238638418,1.0322656977410776,0.9183810548565605,0.9869147168251864,0.7717093350955853,0.9958438169729756,0.9292260575869558,1.0705324261021523,0.7494897515219225,1.0851648991995686,0.9078278824661218,1.0548433470203362,1.0386241799048848,0.9073699566711226,0.9268251418337208,0.967072053315056,0.6956912021470306,1.0057227443218255,0.8820508378824203,1.0,1.0,-0.3097860515117645,-0.4282791316509247,-0.3428131639957428,-0.3909670114517212,-0.3573141992092132,-0.4914756417274475,-0.3480074107646942,-0.5347626209259033,-0.2770117819309234,-0.459038108587265,-0.3127276003360748,-0.4333310723304748,-0.3279023170471191,-0.4953283965587616,-0.3177424371242523,-0.5194669961929321
T,0.0,0.0,1.0014428871978776,1.2874375844758799,1.057959761346098,1.0997565428571183,1.069847321665826,0.9377711145137968,1.0767447601799094,0.7924635968909323,0.995031081624153,0.8701668281097995,1.0806952939421555,0.7503020091186478,1.0912477821646422,0.9021603774081866,1.0654909468174583,0.9996020376749102,0.9335573167766373,0.8501550870880243,1.037701310136368,0.7338966753331839,1.0348482708603002,0.9408412496004758,1.0,1.0,-0.420958936214447,-0.4210873246192932,-0.4733717739582062,-0.4226987361907959,-0.4663090109825134,-0.5173101425170898,-0.4436520338058471,-0.5269123911857605,-0.395179271697998,-0.4429185092449188,-0.4429439604282379,-0.4511583745479584,-0.4418071210384369,-0.5168203115463257,-0.4208844900131225,-0.5229102373123169
T,0.0,0.0,1.1273665743857963,1.3312403884940158,1.1694435669142238,1.0629262018902175,1.109694818874647,0.8804617819202311,1.0745393589439232,0.7247319519149085,1.0827646314404227,0.8913479464027042,1.1372187879116424,0.7449590858442187,1.1545342557681777,0.895166067664099,1.1063157875060052,0.9799963268314895,0.9540792693299137,0.9034838526054368,1.014879682818,0.7516440073971703,1.0507349133862094,0.9644478703267011,1.0,1.0,-0.2675211429595947,-0.4438062310218811,-0.2878318130970001,-0.4139049053192138,-0.3045105636119842,-0.5011873841285706,-0.2878777384757995,-0.5036752223968506,-0.2333205044269561,-0.4819687902927398,-0.2592673897743225,-0.4626519978046417,-0.2772787809371948,-0.5152351260185242,-0.2632790505886078,-0.5196548700332642
T,0.0,0.0,1.051281161706767,1.3596023380005016,1.118770626331921,1.105584653896847,1.096896488384792,0.9078502325971294,1.0861860660429246,0.7462224458792694,1.051798843635434,0.9189660902206173,1.1171675249739448,0.7559440443287344,1.1220581234129314,0.9245467603344456,1.0772650017688505,0.9922652971104077,0.9647456621995683,0.9073891129568583,1.0389714601651363,0.726058080442052,1.0468265833161763,0.9581297916507434,1.0,1.0,-0.3552224934101105,-0.42853644490242,-0.3867792785167694,-0.3925455808639526,-0.3913458883762359,-0.4967057704925537,-0.3707324862480163,-0.5037872195243835,-0.3183560967445373,-0.4516229331493377,-0.352914422750473,-0.4258372485637665,-0.3634967803955078,-0.4944178164005279,-0.3461132347583771,-0.5026372671127319
T,0.0,0.0,1.0627139413589237,1.3261322959780284,1.1153537042073831,1.065866353537782,1.0779447694231805,0.8844187032790347,1.0526324592260672,0.7417124583508213,1.0329611748197978,0.8877603344302359,1.1084585003793503,0.7403670970237266,1.115710120980123,0.915184177282275,1.0727507253227397,0.991173734448605,0.9383515841118752,0.883778162480373,1.0225190398132142,0.7239438090265086,1.042455299639873,0.9546898039541426,1.0,1.0,-0.3471319079399109,-0.4508972764015198,-0.3833766579627991,-0.4291931986808777,-0.3940856158733368,-0.532647430896759,-0.3748484551906585,-0.5401362180709839,-0.3147339820861816,-0.4837750196456909,-0.3528819680213928,-0.4691883027553558,-0.3661697506904602,-0.5355104804039001,-0.3487322628498077,-0.5428023338317871
T,0.0,0.0,1.0434307480355307,1.3192587191529683,1.103097104712699,1.1011748921064697,1.1076024787469045,0.9326532346927945,1.108346672745895,0.7900881121594114,1.024311113644123,0.8939184066825727,1.0994410050893444,0.7851991587426821,1.109067370929196,0.9244742319834958,1.0730530805411902,0.9857339193706429,0.9498358854949577,0.8867335772359074,1.0396498397352467,0.763461375457614,1.0470132091694784,0.9690679095900058,1.0,1.0,-0.3813392221927643,-0.4583304226398468,-0.4234038889408111,-0.4313012063503265,-0.4262894690036773,-0.5309807062149048,-0.4016762375831604,-0.5379846692085266,-0.34898442029953,-0.4845572710037231,-0.3929016888141632,-0.465093582868576,-0.400347888469696,-0.5342981219291687,-0.377985805273056,-0.5452671647071838
T,0.0,0.0,1.0683271400147398,1.26516293442922,1.118216501302478,1.0584165799328304,1.0649576500948363,0.8951332124424606,1.0374693192808815,0.761121066128738,1.054018161657788,0.9223793684346062,1.1117672758177284,0.7747825573784564,1.1259015870978306,0.892480820198075,1.0902778251160279,0.9782214019764585,0.9457175802457113,0.9229407598957048,0.9999932718206584,0.7819736686803224,1.028495521555626,0.9559953646576607,1.0,1.0,-0.2838128507137298,-0.5283060073852539,-0.3090735971927643,-0.5035571455955505,-0.3175150454044342,-0.5980802774429321,-0.3032020926475525,-0.6030505895614624,-0.2519147098064422,-0.5542977452278137,-0.2819975018501282,-0.5354066491127014,-0.2907752394676208,-0.5983020663261414,-0.2751213014125824,-0.602020263671875
T,0.0,0.0,1.1191286064969235,1.2576523419774177,1.1548675553794276,1.0505587387889384,1.1142561892495844,0.9114971563609428,1.0918683883183073,0.79403334206417,1.0737928807576442,0.9272096385099965,1.119885039757237,0.8045096161546058,1.1435653636860665,0.9314730117048822,1.1003770240965183,0.9884798834850386,0.9620837598934425,0.936400686177028,1.0175227223524839,0.8072472130835758,1.0529033607432605,0.9727004602874837,1.0,1.0,-0.2783410549163818,-0.5584608912467957,-0.2988897860050201,-0.5065687298774719,-0.3155161440372467,-0.5965750217437744,-0.2965323626995086,-0.6063058972358704,-0.244173377752304,-0.591900646686554,-0.2726530134677887,-0.5516156554222107,-0.2896066606044769,-0.609150230884552,-0.2719402313232422,-0.6231282353401184
T,0.0,0.0,1.0054269055846556,1.2208393147313905,1.0748154052612056,1.0569745120757705,1.0718811607091052,0.9228262314599992,1.0642019628950516,0.8110047812244426,1.0032783530403933,0.9151672743081619,1.0801319336107782,0.8003773868348774,1.0891408787907308,0.9094459860084282,1.0552884045283903,0.993119682573734,0.9285280554320441,0.9039392218835512,1.0141736302520732,0.7701547731097905,1.0276889497919317,0.9204776648184312,1.0,1.0,-0.3398851752281189,-0.5650833249092102,-0.3810431957244873,-0.538785457611084,-0.3831607401371002,-0.6425800919532776,-0.3668030500411987,-0.6789544820785522,-0.3073974847793579,-0.5840675830841064,-0.3498425781726837,-0.5649552345275879,-0.3555639386177063,-0.6348341107368469,-0.3398562967777252,-0.6580308675765991
T,0.0,0.0,1.034265961008852,1.2011823528443817,1.083674125301493,1.0246917126346677,1.0800261385575887,0.888658138767945,1.0631070412497827,0.7782830392948881,0.9997793601016206,0.8941999065466879,1.0439835996277254,0.7731758712856373,1.084943990103447,0.8895604432518442,1.068452896266136,0.9678771035393178,0.9267001382871625,0.900083726300389,0.9872159251430147,0.7826400395156201,1.028912756597603,0.943328131637724,1.0,1.0,-0.3193012475967407,-0.5662000179290771,-0.3502311110496521,-0.5239226818084717,-0.3619017004966736,-0.6219707131385803,-0.3455951809883117,-0.6452911496162415,-0.2865081429481506,-0.5915146470069885,-0.3226918876171112,-0.5563454627990723,-0.3333472311496734,-0.6213945150375366,-0.3162970542907715,-0.6410614252090454
T,0.0,0.0,1.0907422706157714,1.2373535234342345,1.117443718885157,1.04740183552539,1.0900396635880047,0.9143585961750064,1.0603001580084475,0.8074719104251629,1.0215752148934236,0.9119132321524329,1.069727534024947,0.7976059758541303,1.1032233306609165,0.91396442726374,1.0734911919629258,0.9743924605259899,0.9358360986423954,0.9291288905460324,0.9924951568334671,0.8080012449056116,1.0391364467015047,0.9677563878691205,1.0,1.0,-0.3431489467620849,-0.6064107418060303,-0.3716113567352295,-0.5613847374916077,-0.3917619884014129,-0.6551623940467834,-0.3733445107936859,-0.6695536375045776,-0.3137060403823852,-0.6488952040672302,-0.3467346131801605,-0.6137348413467407,-0.3661916255950928,-0.6717585921287537,-0.3505613207817077,-0.6867603063583374
T,0.0,0.0,1.0807616711109997,1.3524639110608643,1.1092642016904362,1.094419187357521,1.1008894357976906,0.9186126681672102,1.0728227557659382,0.7789378790137075,1.0125846998702652,0.9010827540306213,1.0552853324487976,0.7272591775492697,1.0947860995580065,0.8876399547501679,1.068411529175558,0.9831023334434588,0.9414686115836924,0.9198534669215348,0.9931949627459005,0.7262065076511918,1.0395284541972232,0.9419373494505524,1.0,1.0,-0.3815068304538727,-0.4249709844589233,-0.4114744365215301,-0.3676748871803283,-0.4316535592079162,-0.4580932557582855,-0.4095591902732849,-0.4775232076644897,-0.3502677381038666,-0.4639308154582977,-0.3879550397396087,-0.4179393053054809,-0.4073784947395324,-0.4771372377872467,-0.3883550763130188,-0.5008304119110107
T,0.0,0.0,1.0837742451461676,1.2316180485062707,1.1501902145197085,1.0541315047402553,1.090552939038488,0.9226973623477948,1.04325969325507,0.8276862662627847,1.080303990982423,0.9396875336834448,1.1383522427060417,0.8117684263499005,1.1446793172131333,0.9147350136034961,1.0925310379500384,0.9889796120757337,0.9478862451525719,0.9366221973395771,1.0048154054547376,0.8021877776548885,1.035862061649999,0.955610384901658,1.0,1.0,-0.2442080676555633,-0.6518893241882324,-0.2686623334884643,-0.6226442456245422,-0.2779351472854614,-0.72578364610672,-0.2624441683292389,-0.7333996295928955,-0.2081374824047088,-0.6816624402999878,-0.2381259053945541,-0.6657567620277405,-0.2477887421846389,-0.731638491153717,-0.2309105694293975,-0.7332035303115845
T,0.0,0.0,1.0706791740956099,1.1627526160989303,1.1184140742774167,1.0011022443281214,1.073581337570257,0.8733625434773469,1.0530333657757478,0.7623143573941793,1.019935910055947,0.8793373158592626,1.0965214522001223,0.7780730336650448,1.127583908932016,0.8432986224855384,1.1083959305565954,0.9113555916914594,0.8983043985814069,0.8877040133446227,0.9937501675267142,0.8158552056313875,1.030155363119352,0.9599088437629928,1.0,1.0,-0.2562498450279236,-0.6708859205245972,-0.2940007150173187,-0.6682776808738708,-0.3040062487125397,-0.7640607953071594,-0.2888930737972259,-0.7758778929710388,-0.2261107861995697,-0.709601640701294,-0.2642257809638977,-0.7108893394470215,-0.2753109633922577,-0.7755551934242249,-0.2595672309398651,-0.7804207801818848
T,0.0,0.0,1.125478405747448,1.153138513854619,1.1462662888631954,0.994405722004853,1.0728664106610863,0.8692065921708815,1.0016932755207901,0.7665492235091329,1.052563953922205,0.8711626674620861,1.106562723907931,0.768031891129599,1.1557817490915303,0.8175799142504371,1.1584254172460358,0.8912019423985197,0.9150298236337655,0.8911497264975652,1.0082944724779292,0.8412486479958663,1.049942250308306,0.9821187348342917,1.0,1.0,-0.2397816479206085,-0.6723103523254395,-0.2746210694313049,-0.6691524386405945,-0.2878309488296509,-0.7566608786582947,-0.271206796169281,-0.7593398690223694,-0.2120439112186432,-0.7116660475730896,-0.2466771900653839,-0.7090914249420166,-0.2608607411384582,-0.7683932185173035,-0.2457717955112457,-0.7743432521820068
T,0.0,0.0,1.0340389874764468,1.0982419333309554,1.0728542173338826,0.9240920090619833,1.0269958878081344,0.7904418213247837,0.9861228337913407,0.6802600705352064,0.9815649240436158,0.813857123368216,1.035502713151245,0.6946144005518675,1.0826554844367429,0.7269640425623451,1.1036797730986543,0.8110211168037572,0.8928057545667978,0.818433068222643,0.9789804845354986,0.7504426836178656,1.0082181291962988,0.9018296792821309,1.0,1.0,-0.2927638590335846,-0.545367419719696,-0.3320244252681732,-0.5169951915740967,-0.3406690657138824,-0.6106711030006409,-0.3337675333023071,-0.6593124270439148,-0.2622398436069488,-0.5707170963287354,-0.3008926212787628,-0.5425638556480408,-0.3096575140953064,-0.6027933359146118,-0.2993507087230682,-0.6312609314918518
T,0.0,0.0,1.0687547483048034,1.2013937296491137,1.1169865937580938,1.035257506896388,1.0787656602596618,0.8964576533462697,1.0531329687552067,0.7761500208886958,1.0478694359653022,0.8980127819133422,1.1177884611146343,0.7938492803851588,1.1504428695073716,0.8349893402846028,1.1303834911238326,0.9006390956671085,0.9440309632228862,0.8987745590789522,1.0337022311060005,0.8206039625081286,1.0432810902998204,0.9812739444045923,1.0,1.0,-0.28878253698349,-0.561404824256897,-0.3248801529407501,-0.5471557378768921,-0.3274695873260498,-0.6372305154800415,-0.3084779977798462,-0.6383369565010071,-0.2587067484855652,-0.5842282772064209,-0.2951169013977051,-0.5717666745185852,-0.3017266392707824,-0.6352786421775818,-0.283960223197937,-0.6406673192977905
T,0.0,0.0,1.0802700904492284,1.260732346104429,1.117010738323712,1.0448187546206416,1.07511989641643,0.8706288375513813,1.0587354741014512,0.7253699635393592,1.0573201749468562,0.8988477191109919,1.1060432416483044,0.7559289809481499,1.1354056198355118,0.8077573237516216,1.1134597223624068,0.8973105037731144,0.9501619168962357,0.9095404663405855,1.002472626226166,0.7837144696699823,1.0316901753019394,0.9684597589495003,1.0,1.0,-0.2734077274799347,-0.4553909599781036,-0.2963460981845855,-0.4305767714977264,-0.3058573603630066,-0.5122808218002319,-0.2916000485420227,-0.5169920325279236,-0.2439635097980499,-0.4830250144004822,-0.2703733444213867,-0.4647323489189148,-0.2822789549827575,-0.52071613073349,-0.2693765759468078,-0.5285068154335022
T,0.0,0.0,1.0726856739333988,1.3001656670406263,1.116028092457953,1.0873180811727572,1.0766297930807145,0.9270351056781093,1.050510726753727,0.7957769456782184,1.056295653885118,0.9443625002216928,1.0966323399654163,0.7892142138955673,1.121246541991273,0.8740255180903587,1.0854688505699763,0.973087405166647,0.9531842985446171,0.9468151045776037,0.9838468189161425,0.7720231888381432,1.0235588610985207,0.9357559314757827,1.0,1.0,-0.2865179479122162,-0.5156148076057434,-0.3052100539207458,-0.4790159165859222,-0.318277508020401,-0.5660077333450317,-0.3051115572452545,-0.5807135701179504,-0.2540084421634674,-0.5457886457443237,-0.279816597700119,-0.5231292843818665,-0.29222372174263,-0.5796958208084106,-0.2783788740634918,-0.5874291658401489
T,0.0,0.0,1.049230545719687,1.244989135742503,1.1020479589854015,1.066772010778997,1.0803549557984864,0.9282851525259076,1.0654394015055293,0.8141093763321957,1.05379337886589,0.9451054517645052,1.1088682081529064,0.8119992559081667,1.1169713571531916,0.9264514828871797,1.0757822325492328,1.0032070358016685,0.9676864755483827,0.9402314435639932,1.0167029346408276,0.7907483548594623,1.036436418531086,0.9427015184123974,1.0,1.0,-0.3067302107810974,-0.5550358295440674,-0.3254315257072449,-0.496719479560852,-0.3352611064910888,-0.5829806327819824,-0.3219346106052398,-0.603757917881012,-0.27337247133255,-0.578547477722168,-0.2991434037685394,-0.5306410789489746,-0.3109297752380371,-0.5882333517074585,-0.297889769077301,-0.6062393188476562
U,0.0,0.0,0.9832205816958678,2.6304272984281334,1.0647562737214122,2.274388808633101,1.0119124660703394,1.9673910284171028,0.9275082399745412,1.7486027913170787,1.0357903249693337,1.9847431304063963,1.0909999587171286,1.611753955593734,1.1128943151753816,1.3782468081355426,1.1237577728958992,1.1735498622856766,0.9291410785838223,1.9537100121019226,0.9611316472279516,1.500572040789409,0.9871246518501897,1.2250813879391487,1.0,1.0,-0.2539138793945312,-0.5546174645423889,-0.2650344669818878,-0.5006062388420105,-0.2732862532138824,-0.5783402919769287,-0.2722899913787842,-0.6289418935775757,-0.2200494259595871,-0.5825539827346802,-0.239136591553688,-0.53594970703125,-0.2495942115783691,-0.5917543768882751,-0.2466673702001571,-0.6305219531059265
U,0.0,0.0,1.002608518496935,2.9065637779289055,1.0763375599367528,2.521399952629763,1.0179579563639378,2.204900714835764,0.9388525408781712,1.9308148963189364,1.062077413250326,2.087959612880157,1.0837940050543944,1.6793166734286598,1.079288742823103,1.4186762123260848,1.0686273278250757,1.1864972079865546,0.9532849642587252,2.0723704981641013,0.9742894035004471,1.5618487650714414,0.9913366735240474,1.2573679711868957,1.0,1.0,-0.2659579813480377,-0.533613383769989,-0.2735987305641174,-0.4832327961921692,-0.2820755541324615,-0.5677531361579895,-0.2831182181835174,-0.6144163012504578,-0.2322419136762619,-0.5682309865951538,-0.2488047182559967,-0.5259576439857483,-0.2588071227073669,-0.58951735496521,-0.2576769888401031,-0.6239513158798218
U,0.0,0.0,1.0256832508222253,3.0378394207553048,1.1098681988868173,2.6527204955541825,1.034984617299061,2.3113459501661913,0.9451520849630389,2.012939133165496,1.1001155178670647,2.163511495163569,1.123860934389801,1.703639810020224,1.1270611196788323,1.4176614628211544,1.1235141128578103,1.1662430203721088,0.9752417058300453,2.147399771026302,0.9857749585724411,1.5956401076763984,0.9962002451269095,1.2748312920445364,1.0,1.0,-0.2568580210208893,-0.5571010708808899,-0.2601141333580017,-0.5137082934379578,-0.2709526121616363,-0.6033608317375183,-0.2754122912883758,-0.6502570509910583,-0.2222622483968734,-0.5956559777259827,-0.2337624430656433,-0.5666666626930237,-0.2457069754600525,-0.6342229843139648,-0.2481801807880401,-0.6658031344413757
U,0.0,0.0,1.0106802570542257,3.7549163506453818,1.0792545050280329,3.2627158127402605,1.0345526803007719,2.8437816173316706,0.982171331290413,2.4613145350331593,1.033804693706955,2.550707976871864,1.064078184922059,1.9605443269010137,1.071519905044063,1.5987626722711292,1.0659705460009254,1.2681697847163271,0.9463403375433266,2.514970935771664,0.9699664559693704,1.7434452036523063,0.992408768280168,1.3510816076827838,1.0,1.0,-0.3595618605613708,-0.4877311289310455,-0.3821237981319427,-0.4538435339927673,-0.3896463811397552,-0.5363659858703613,-0.3836759328842163,-0.5692378282546997,-0.3270362615585327,-0.5270258784294128,-0.3536559641361236,-0.5044882893562317,-0.3657611906528473,-0.5646569728851318,-0.3597639203071594,-0.5856091976165771
U,0.0,0.0,1.0303184857815402,3.534971371511734,1.1096897664701695,3.015397619578761,1.0231328825753898,2.5921961760898635,0.9240508874707556,2.2174311300096066,1.089361093210123,2.4559362570357193,1.1241866868321002,1.8860338807118506,1.1311123734157034,1.5270434124126089,1.1283769833927224,1.210429480438085,0.962219117999418,2.437354676087587,0.9790915671507024,1.7388271500958332,0.9949713409585649,1.3430016131504392,1.0,1.0,-0.2467610538005828,-0.5048235654830933,-0.2530770301818847,-0.453116625547409,-0.2631290256977081,-0.5454810857772827,-0.2645636796951294,-0.5899738073348999,-0.2106586843729019,-0.5434322357177734,-0.2260440587997436,-0.5020549297332764,-0.2370546013116836,-0.5712035894393921,-0.235040009021759,-0.6022085547447205
U,0.0,0.0,1.0724204712014163,3.4057184911830345,1.1458598035178422,2.9111492383413777,1.0551441484376487,2.5181233796069,0.9471494972271536,2.18485915775525,1.1106620540811767,2.3701612904402487,1.1338086784675236,1.8210819006075734,1.139375655810228,1.4701643399053441,1.1278192063905799,1.163313154823386,0.9814031369899846,2.3527663536320227,0.9869129454175672,1.6898693997266572,1.003629712001308,1.3406614362747151,1.0,1.0,-0.2486434280872345,-0.5096607804298401,-0.2578856348991394,-0.4657249450683594,-0.2700622379779815,-0.5508517622947693,-0.2695353925228119,-0.582603931427002,-0.2141569703817367,-0.553712785243988,-0.2296989560127258,-0.522522509098053,-0.244459867477417,-0.5845264196395874,-0.2418073415756225,-0.6045156121253967
U,0.0,0.0,0.9916284428907626,3.7051627711133444,1.0575879795947947,3.159862996223861,1.0267761375846765,2.719549894062819,0.9696578855228897,2.3834726166691773,1.017902836272718,2.525353147918488,1.048331440671218,1.9593180120065343,1.0568309361359831,1.6091210522933561,1.0517821832173493,1.2829688115948703,0.9369785541567102,2.4791423484324597,0.9644423764427632,1.7304598092523276,0.9907601431087389,1.3495824697063146,1.0,1.0,-0.3991022109985351,-0.4844871163368225,-0.4269265532493591,-0.4533833265304565,-0.4354144036769867,-0.5383960008621216,-0.4286973774433136,-0.5739315748214722,-0.3662243485450744,-0.521540641784668,-0.3992033004760742,-0.5034684538841248,-0.4101173877716064,-0.5668495297431946,-0.4017600119113922,-0.5918331146240234
U,0.0,0.0,1.1157490189309132,3.802310810586807,1.1691863873757178,3.179371648152465,1.0609012849810295,2.7290712610439924,0.947415151188674,2.3459017009024636,1.1270998838388921,2.601808208945883,1.1280107654674347,1.9704206908007023,1.1135327443873981,1.5894544317881585,1.089118667711192,1.2440427480337577,1.001809024344457,2.610194657070878,0.9942635392669081,1.8155137027197727,1.0042129262832704,1.3917870622617783,1.0,1.0,-0.2670018076896667,-0.4924975931644439,-0.2751229405403137,-0.4469735622406006,-0.2893454432487488,-0.5318283438682556,-0.2898537218570709,-0.5652191638946533,-0.2337542474269867,-0.5379496812820435,-0.2510328888893127,-0.5037441849708557,-0.2653687000274658,-0.5650867223739624,-0.2626133263111114,-0.5864853858947754
U,0.0,0.0,1.0939240104348853,3.144088206261472,1.154437834758584,2.6827986269483644,1.0781738019590563,2.3381178928736945,0.9886463876500862,2.031140308386769,1.1075465008611582,2.218645905064634,1.126117535901076,1.7487391437541078,1.1234744833164096,1.453239789172163,1.1091629018666633,1.1866200778690994,0.9944853543732992,2.217762480918929,0.9929918520715962,1.6108580787226747,1.0035790366951243,1.293631962463638,1.0,1.0,-0.2895764708518982,-0.535067617893219,-0.3052263855934143,-0.4894634783267975,-0.316861629486084,-0.5742329359054565,-0.3137636184692383,-0.6068361401557922,-0.2567428350448608,-0.5760366916656494,-0.2793019711971283,-0.5412576198577881,-0.2913126647472381,-0.6021257638931274,-0.2852871716022491,-0.6231151223182678
U,0.0,0.0,0.9964036437216282,3.8691309256564184,1.0596759199614005,3.347822182278495,1.020760927501964,2.9077199003102807,0.9757046069433815,2.52877971545796,1.0255920037184958,2.6292443135015358,1.0655023632151854,2.034889099134426,1.0807103034161154,1.6555766897644346,1.0832578013888785,1.307195923985273,0.9457853048686528,2.5735035686182663,0.9729316499056482,1.7926530150350415,0.9934075643095144,1.3705134033722917,1.0,1.0,-0.4097060561180115,-0.4879195988178253,-0.4348059296607971,-0.4546739459037781,-0.4414596855640411,-0.5381547212600708,-0.4349751770496368,-0.5769258141517639,-0.3757990300655365,-0.5249396562576294,-0.4047501683235168,-0.499712586402893,-0.4156513810157776,-0.5594244003295898,-0.4100444316864013,-0.5859017372131348
U,0.0,0.0,1.0417191556821068,2.515139004315231,1.1191849369291726,2.184640814359967,1.035129803449104,1.9440796361442314,0.9192938518421149,1.757488292739427,1.0797329311454151,1.853625213791191,1.128212223969385,1.5103472259210318,1.1462100674145752,1.2960788297802686,1.144922163394113,1.104046784139918,0.9544753453996296,1.846660648997113,0.9771806455630021,1.4267492457011848,0.9992970935926997,1.2048129708114845,1.0,1.0,-0.2513187229633331,-0.6138166189193726,-0.2656010687351227,-0.5714983344078064,-0.2758530974388122,-0.6538516879081726,-0.2718834578990936,-0.6878936290740967,-0.2171540260314941,-0.6541694402694702,-0.2392758131027221,-0.6242958903312683,-0.2502370774745941,-0.684283971786499,-0.2421135604381561,-0.7051620483398438
U,0.0,0.0,1.0181085012621403,2.693110653566706,1.0946232832755745,2.3438071038458608,1.0379474607453045,2.076327541441004,0.9440265263338041,1.8594726984231849,1.035465451589441,1.9398928563127062,1.0796342788687803,1.564092102628597,1.098035168784495,1.3211649765661415,1.0991704958713047,1.1015981022917591,0.9254538997989135,1.9297946636946675,0.958139733880974,1.4796928988047982,0.989517220724768,1.2335028123484792,1.0,1.0,-0.2849060297012329,-0.5919241905212402,-0.3039089739322662,-0.5546154379844666,-0.3147543966770172,-0.6395580768585205,-0.3106248676776886,-0.6755580306053162,-0.2493276745080948,-0.6330094933509827,-0.2738001942634582,-0.6094020009040833,-0.2874391674995422,-0.6698288321495056,-0.2812958359718323,-0.6923792362213135
U,0.0,0.0,1.0309380573410716,2.7827885841701114,1.1008479814295784,2.406171221570014,1.0373848392842022,2.119076494362347,0.944133288477582,1.8895618775203282,1.064051477783992,2.0046239929318803,1.1040261733660703,1.6037767712688646,1.1201396513750455,1.3594661709607119,1.1214087452166923,1.1369702241848325,0.9576674727674716,1.9933129599395716,0.9753142851308292,1.502587541985391,0.9966822940019868,1.2400176702992098,1.0,1.0,-0.2895354330539703,-0.5504799485206604,-0.3037860095500946,-0.5161263942718506,-0.3143519759178161,-0.5935801863670349,-0.3112871348857879,-0.6267532110214233,-0.2567292153835296,-0.5890946984291077,-0.2783633470535278,-0.5639287233352661,-0.2905548512935638,-0.6208895444869995,-0.2849768698215484,-0.642050564289093
U,0.0,0.0,0.9862885264283309,3.2861102744076938,1.0481145228694264,2.8709243016719648,1.0324961136461268,2.5062459044083147,0.9934604160315497,2.1979705656925455,1.005939685914316,2.2787756915771733,1.0273276668116318,1.8010821444538407,1.0309715261067087,1.5148707426519292,1.0227030948319416,1.2467703624617286,0.9436370833504573,2.2229006373194795,0.9732494334807316,1.6227940062091681,0.9945778130546731,1.309138852792404,1.0,1.0,-0.5135384202003479,-0.5047832131385803,-0.5510845184326172,-0.4749434888362884,-0.5564427375793457,-0.5658633708953857,-0.5456181764602661,-0.6010063886642456,-0.4811291992664337,-0.5382365584373474,-0.522371232509613,-0.5319955348968506,-0.5304762721061707,-0.5976166725158691,-0.5197076201438904,-0.6197987198829651
U,0.0,0.0,1.0574715692085084,2.707538838801598,1.122352094485523,2.341874624773687,1.0587415701737746,2.0637754615752195,0.9743888448639872,1.8320708165974102,1.075381777410653,1.9770091086689678,1.1055455273689987,1.5999070648890124,1.1107277409490794,1.3624017397007273,1.10462012901157,1.1523933414852354,0.9720248468640946,1.975751839479067,0.9808548366250401,1.493784549468188,0.9965451909466126,1.2331429009591017,1.0,1.0,-0.3023842275142669,-0.5775322318077087,-0.3156172633171081,-0.5314689874649048,-0.3270313143730163,-0.6135612726211548,-0.3255946636199951,-0.6498658657073975,-0.2708898484706878,-0.6162273287773132,-0.2908807396888733,-0.5811468958854675,-0.303306370973587,-0.6415677070617676,-0.2989673912525177,-0.6666144728660583
U,0.0,0.0,1.0644604857211457,2.8580622767791954,1.1353105349606556,2.454293140342895,1.038548608845481,2.157248655687155,0.9275078287097033,1.90507872821239,1.084788262057642,2.063214861107922,1.116984742695636,1.649649590291387,1.1224525119999291,1.3865069133382182,1.1150618558132708,1.1499269129859917,0.9577411694428841,2.0590253712367765,0.9723153800157025,1.533636857523682,0.9938567849790211,1.254351280020349,1.0,1.0,-0.2472705096006393,-0.5803546905517578,-0.2587087452411651,-0.5270680785179138,-0.2704201638698578,-0.6180462837219238,-0.2690459489822387,-0.657242476940155,-0.2123276889324188,-0.6227512359619141,-0.2310379147529602,-0.5807711482048035,-0.2440202832221985,-0.6474530100822449,-0.2392563074827194,-0.6743693351745605
U,0.0,0.0,1.0275080024881798,3.8947237567882893,1.105434216743955,3.279686514474303,1.0281918069827436,2.8009027763883503,0.9118029247681569,2.485762182512102,1.052918583303744,2.661291576372082,1.0820946273648162,1.9963867952717398,1.0829655792893735,1.5711467759462114,1.07674931232441,1.1893900158651698,0.932477420836103,2.6397633901936395,0.952065340527341,1.857764831408379,0.9814319136647881,1.4125872428551798,1.0,1.0,-0.274347573518753,-0.5079014897346497,-0.2918091416358948,-0.4579638242721557,-0.3050949275493622,-0.5473451614379883,-0.3045330643653869,-0.5921332240104675,-0.2379685044288635,-0.5531376600265503,-0.2592640817165375,-0.5058419704437256,-0.2749555706977844,-0.5699360370635986,-0.2723976075649261,-0.6037507653236389
U,0.0,0.0,1.0559647508836487,1.8349369282597543,1.1392273385087985,1.5438523154743262,1.0038701937302625,1.3390337568799666,0.840789661980772,1.2638163426360922,1.089775819493536,1.3994515952317608,1.0989247728336478,1.2354019258855133,1.1038880550041155,1.1178466868954244,1.1052009662303566,0.9963497447831244,0.9465769299052598,1.3669695367479746,0.9520166561758581,1.1945663838906344,0.9806916401706502,1.1275541332561,1.0,1.0,-0.2255761176347732,-0.5897334814071655,-0.2284819185733795,-0.5245040059089661,-0.2420486658811569,-0.5668399333953857,-0.2438793033361435,-0.5681753158569336,-0.1885603070259094,-0.6166414618492126,-0.198630690574646,-0.5715242624282837,-0.212473914027214,-0.6237680315971375,-0.2144447267055511,-0.6497953534126282
U,0.0,0.0,1.0772099322626933,3.6022784856250616,1.1447146205064036,3.018619500682286,1.0517159418550401,2.573904567686488,0.9418523306845812,2.2118613973225494,1.0995787279227047,2.5009702385051287,1.1313914482541028,1.8947982926025644,1.1419620366411072,1.533276988270984,1.129586698965631,1.2198632402198755,0.9725779264028778,2.4953441212409047,0.9859309035116444,1.7369183779909643,1.0069399153160734,1.3507748784191105,1.0,1.0,-0.2523170709609985,-0.5104606747627258,-0.2676272094249725,-0.4545957148075104,-0.2805593907833099,-0.5391272306442261,-0.2769217491149902,-0.5701693892478943,-0.2176730781793594,-0.5513109564781189,-0.240336388349533,-0.5125890970230103,-0.2538505792617798,-0.572921872138977,-0.2477319538593292,-0.5941934585571289
U,0.0,0.0,0.9927761339054144,4.024286577031882,1.0588002581176583,3.506330377292522,1.0364541571626185,3.0633110835637782,0.9909022772951417,2.667914243031055,1.0137668013867622,2.689648453641017,1.0463987015626224,2.051266965449287,1.0605388984258297,1.6358939639553738,1.0610435631063166,1.268132767553479,0.9402826618417339,2.658616382187471,0.9681757888613794,1.8459282921712599,0.9924875446501371,1.4032893105749977,1.0,1.0,-0.4589013457298279,-0.5243390202522278,-0.4915359020233154,-0.4890758693218231,-0.5015015602111816,-0.5813560485839844,-0.4951043426990509,-0.6198750734329224,-0.4229156970977783,-0.5656455755233765,-0.4565536081790924,-0.546018123626709,-0.4708845019340515,-0.6098499298095703,-0.4665290415287018,-0.6356702446937561
U,0.0,0.0,1.0788910194259402,3.227596776461417,1.15339443503804,2.7560889083309554,1.0741283658439342,2.417955222195253,0.9560556873454105,2.168664072217792,1.0957597016753295,2.2643713681875557,1.1259804685196049,1.760305745117817,1.1349919685429306,1.4458418006028992,1.124705244099338,1.170496673234715,0.9772340374043134,2.2693773614838535,0.9930162163017645,1.6464788415746399,1.0078181682168141,1.301807337339195,1.0,1.0,-0.2796830534934997,-0.5643911361694336,-0.2944046854972839,-0.5142889022827148,-0.3071014583110809,-0.6020589470863342,-0.3047866225242615,-0.6424074172973633,-0.2449682503938675,-0.6083154678344727,-0.2669607996940613,-0.569927453994751,-0.2808430194854736,-0.6343090534210205,-0.2759503126144409,-0.6641466021537781
U,0.0,0.0,1.1312520640392558,1.2519386365672656,1.2165442481080748,1.04734854966605,1.0351689219514228,0.9016791326721114,0.826360434314406,0.8307064420106754,1.1554352637593999,0.9612966773426586,1.1799106797061287,0.8489190125585504,1.1856895701736996,0.7736355328645331,1.160251658292132,0.6855751346163237,0.9550819617579842,0.9528574653177668,0.9739863242805961,0.8626273245661765,1.0196363012528387,0.9742680267436866,1.0,1.0,-0.166729599237442,-0.6046420335769653,-0.1712542027235031,-0.5605082511901855,-0.1895142942667007,-0.648160994052887,-0.186322808265686,-0.6725503206253052,-0.1273822337388992,-0.6351626515388489,-0.1401316672563552,-0.5967140793800354,-0.1573211103677749,-0.6586715579032898,-0.1563267260789871,-0.680211067199707
U,0.0,0.0,0.976727692496083,3.7116053118311823,1.0567678517423602,3.2253308710683344,1.0185612206733838,2.8025720731296753,0.9528891956058745,2.4781825609701373,1.0132818353867152,2.4788916863633923,1.053840143242911,1.8968959962410872,1.072403472986139,1.528310684083772,1.077673335502906,1.204542125641608,0.9229768971211069,2.441146127885296,0.958307268212585,1.754366842947486,0.9871938557299083,1.3563112665074768,1.0,1.0,-0.3896496891975403,-0.5294594764709473,-0.4168260097503662,-0.5033409595489502,-0.4261217415332794,-0.5905623435974121,-0.4212002754211426,-0.6317529678344727,-0.3515728116035461,-0.5723434090614319,-0.3823954164981842,-0.5635870695114136,-0.3960487246513366,-0.6234201788902283,-0.3929418921470642,-0.6483976244926453
U,0.0,0.0,1.1109561911744334,3.1828016189971966,1.1864545792819028,2.701943693250594,1.06011577400206,2.348933094779114,0.9118206466755697,2.0611692244307886,1.1291349166278615,2.241921347008829,1.1576767826041183,1.7215026445852113,1.1716562121072245,1.406535985489146,1.1566576476435282,1.1269020518552855,0.9759611076185554,2.2459986036995176,0.9913006612710341,1.625254982919217,1.014289870569522,1.3143428563595092,1.0,1.0,-0.2194172292947769,-0.5753997564315796,-0.2319383025169372,-0.5282049179077148,-0.2479511648416519,-0.6186776161193848,-0.2456689924001693,-0.6444099545478821,-0.1835910081863403,-0.6226321458816528,-0.203499749302864,-0.5919782519340515,-0.2206554263830185,-0.6553435325622559,-0.2149221152067184,-0.6703099608421326
U,0.0,0.0,0.9734293180354385,4.051112833906624,1.045704147485484,3.5077665461546124,1.028450071664494,3.0083977081801847,0.97792360729189,2.636172684324485,1.0066402291488281,2.72702438926481,1.031032124069904,2.061181319209756,1.0380250162127325,1.6604276379888119,1.027577735668322,1.2861842671972208,0.9303978855312294,2.6507095659475253,0.9665952241130048,1.8546571093331192,0.9936633850587188,1.4127511957120793,1.0,1.0,-0.4603279829025268,-0.49252849817276,-0.4932881593704223,-0.490788996219635,-0.5018554329872131,-0.5740799903869629,-0.4947023093700409,-0.6034495234489441,-0.4263204634189605,-0.5299739837646484,-0.4643835127353668,-0.5487228631973267,-0.4748023450374603,-0.6079537272453308,-0.4658245146274566,-0.6213169693946838
U,0.0,0.0,1.080249243351464,2.6832614032852797,1.141283599506555,2.3145630422497763,1.0489064464252533,2.0466553921314596,0.9344296542811822,1.8389629272057457,1.0883860117043584,1.9697404468754462,1.122710360936242,1.5869099631805423,1.1278088795833154,1.349203229243813,1.1186697328041182,1.1374779259782926,0.96339639552699,1.9644249254082342,0.9744484375174401,1.4780891913325516,0.9954548242721373,1.2197272845334948,1.0,1.0,-0.2546673417091369,-0.595874011516571,-0.2704129219055176,-0.5428967475891113,-0.2825329899787903,-0.6234176754951477,-0.279479056596756,-0.6638889908790588,-0.2209111601114273,-0.6380636692047119,-0.2436752766370773,-0.5959039926528931,-0.2566805481910705,-0.6535501480102539,-0.2512999176979065,-0.6828245520591736
U,0.0,0.0,1.0678538224405056,2.524999857583129,1.1350374463967843,2.1737240872502723,1.0424748717778605,1.9244300002088783,0.9340508006081046,1.714176745033924,1.0859027999657151,1.8491938255640186,1.1247121389253525,1.4999185375496324,1.1394774616957433,1.283280544146382,1.1323366895234013,1.0914816671508842,0.9609404787668346,1.851147025481227,0.9771068818598383,1.4196791632723982,1.0009396484675863,1.2041582878074069,1.0,1.0,-0.2520759105682373,-0.6115882992744446,-0.2692182064056396,-0.5644179582595825,-0.2804109752178192,-0.6472812294960022,-0.2749996185302734,-0.6739429831504822,-0.2185848355293274,-0.6539623141288757,-0.2421028017997741,-0.621283769607544,-0.2540810406208038,-0.6823370456695557,-0.2458517849445343,-0.7004424929618835
U,0.0,0.0,0.945641261855566,3.112707602275323,1.0101673576757284,2.7670325141685397,0.9990372802462527,2.434963591708681,0.964804668173297,2.165803363416801,0.9829947883009591,2.162586510344684,1.0142368053827775,1.7127874360653126,1.024522741955004,1.4535460161205862,1.0214626824287893,1.2036213870046828,0.9211242923055896,2.099620130744152,0.9623379923164397,1.5711202036224556,0.9899801810832808,1.273100404462716,1.0,1.0,-0.5224528312683105,-0.5435481667518616,-0.5578740239143372,-0.531546413898468,-0.5614396929740906,-0.6162733435630798,-0.5515569448471069,-0.650613009929657,-0.4880979657173157,-0.5794417262077332,-0.5262604355812073,-0.5942089557647705,-0.5333272814750671,-0.6550405025482178,-0.5237617492675781,-0.673595666885376
U,0.0,0.0,1.1101849215495105,2.894836095604327,1.1791687577210714,2.490552001304511,1.0658054688505674,2.2046945941206872,0.93141380464152,1.9744982167700922,1.1260695418280036,2.055283800741014,1.1536230681336892,1.6210864263651554,1.1585383415629522,1.3507887322986072,1.1446062682072955,1.1137850147278352,0.9839824082940212,2.061086768503169,0.992315885777013,1.5410990547669747,1.0058228326055276,1.2558827177206766,1.0,1.0,-0.2386678904294967,-0.5935488343238831,-0.2500521838665008,-0.5476363897323608,-0.2645690143108368,-0.6402920484542847,-0.2650783061981201,-0.6795238852500916,-0.2036093175411224,-0.6394233703613281,-0.2228217273950576,-0.6047220230102539,-0.2373456358909607,-0.6714334487915039,-0.2344521284103393,-0.6970847249031067
U,0.0,0.0,1.0500924354104755,3.4566434518045277,1.1176872809360503,2.880008377929878,1.0600789436190796,2.4433552087008694,0.9542558247481471,2.186157327903103,1.058025535953787,2.4044431949259946,1.0874118674379498,1.8591716260946944,1.0910694185946146,1.5227377686638022,1.0853614929991402,1.2172258397032896,0.9529878494146914,2.4093248916759844,0.9650108658838978,1.716924605633001,0.9888332200351024,1.3392903296709315,1.0,1.0,-0.293653130531311,-0.5017446279525757,-0.3091289699077606,-0.4521894454956054,-0.3212998807430267,-0.5369997024536133,-0.3190575242042541,-0.580651044845581,-0.2608975768089294,-0.5436586141586304,-0.2834107875823974,-0.498474657535553,-0.297223150730133,-0.5613147020339966,-0.291461169719696,-0.5941968560218811
U,0.0,0.0,1.1065705761995515,3.152285613269658,1.204969323780003,2.656382934018576,1.0878056540952121,2.290438837304135,0.9196494657965,2.033845273012793,1.1405537688247227,2.2537076880172795,1.1590709530297898,1.732378538534976,1.1536935482186006,1.4326471746990304,1.1329140095782038,1.1674689356701482,0.9815601219586817,2.256088800894871,0.9911201185560164,1.6253309891082757,1.0072498854585314,1.2941334934051112,1.0,1.0,-0.2074889242649078,-0.5742732286453247,-0.2175792455673217,-0.516076922416687,-0.230599820613861,-0.609194815158844,-0.2300673127174377,-0.6525692939758301,-0.1711175739765167,-0.6147885918617249,-0.1890638172626495,-0.5708438754081726,-0.2037441730499267,-0.641852080821991,-0.2002665400505066,-0.6752884387969971
U,0.0,0.0,1.078691092661146,3.209561459562557,1.157540888308761,2.754867052609158,1.0760441408283938,2.431128177457508,0.9674225565089621,2.1789348903612353,1.0897126584355095,2.2148929055893425,1.1159015934493113,1.7198938780006445,1.120015745476073,1.413740171700053,1.106714562871347,1.1494067316208174,0.9688256513955162,2.228035812031677,0.9850376072582542,1.620311649292431,1.0035949792794525,1.2820581341108728,1.0,1.0,-0.2857045829296112,-0.5791199803352356,-0.3024295568466186,-0.5266612768173218,-0.3186840116977691,-0.6193832755088806,-0.3183117210865021,-0.6681427955627441,-0.2499615550041198,-0.6280799508094788,-0.2756869494915008,-0.5852422714233398,-0.2919131517410278,-0.6531432271003723,-0.2883811891078949,-0.6900620460510254
U,0.0,0.0,1.1406062390042269,2.724350399853228,1.2291396241870212,2.3358083455464937,1.1245033607713844,2.0548748849643292,0.9768146860619386,1.8383918076949493,1.143756940135738,1.9698710876009842,1.1629020165098527,1.5536457800288381,1.1609416742940075,1.296344031425414,1.1377354356189335,1.0718910318450985,0.9862595010649279,1.9797161717067404,0.9891266602544495,1.4878954260317194,1.0081655847323714,1.2342756352127162,1.0,1.0,-0.2127286195755005,-0.6107231974601746,-0.2287417501211166,-0.5597190856933594,-0.2437719851732254,-0.649755597114563,-0.2407721281051635,-0.6860774159431458,-0.1779834628105163,-0.6556463837623596,-0.1983958482742309,-0.6147919297218323,-0.2158114314079284,-0.6811413764953613,-0.2115722894668579,-0.7094921469688416
U,0.0,0.0,1.0597794093284243,3.4476560493263713,1.130106241363382,2.8967981514737615,1.0730283368773106,2.4665985375388195,0.97322857972585,2.181380160533392,1.05966535237401,2.4015925459237732,1.0904130958900906,1.8616884999575576,1.0982774905131196,1.5361762361633384,1.087113786039912,1.2354302332375338,0.9574184771486541,2.3862965645501446,0.9766261204458591,1.6866184140465068,1.0012833941104355,1.3324894361267379,1.0,1.0,-0.3285583257675171,-0.5444079041481018,-0.3535293340682983,-0.4908937215805053,-0.3661547899246216,-0.5843936204910278,-0.358503520488739,-0.6236168742179871,-0.2934033274650574,-0.5862297415733337,-0.327223926782608,-0.5507168769836426,-0.3410302102565765,-0.6197834014892578,-0.3302514255046844,-0.6490604877471924
U,0.0,0.0,1.1246329879077004,1.4786268120789154,1.194950204209847,1.3326488715364804,1.1667746998662436,1.1880405119866275,1.1338082181418054,1.0821015595802246,1.2459472558894624,1.2821845233184312,1.1866293607136857,1.1762581710571598,1.1075946090030384,1.095923480523846,1.0332570816137105,1.0333576242218179,1.1606792518713425,1.2450637287949144,1.0991308872279852,1.1463746807643664,1.0465772810621012,1.0607043218169103,1.0,1.0,-0.2801097929477691,-0.6685183048248291,-0.2674872875213623,-0.6173038482666016,-0.2569175064563751,-0.6050657033920288,-0.2468610405921936,-0.6033188104629517,-0.2636525928974151,-0.6705081462860107,-0.259532630443573,-0.6259132623672485,-0.2541151046752929,-0.6138141751289368,-0.248247817158699,-0.6071074604988098
U,0.0,0.0,1.0379373626903279,2.25397008848787,1.1088066758544093,1.9553973979503976,1.0201512655484812,1.740716555657133,0.8901690643192544,1.6131724378911,1.015024013650653,1.6934501870962348,1.0590112109788978,1.4147993449223975,1.0689181500415832,1.2292471885482388,1.0705939497237054,1.0594737574078588,0.8894347618115843,1.6918554098414968,0.9242583477463885,1.359453223629794,0.9696787215301759,1.1747493087667675,1.0,1.0,-0.2393313348293304,-0.6808129549026489,-0.2634234130382538,-0.6294870376586914,-0.2797332406044006,-0.7187401652336121,-0.2785018384456634,-0.7698994278907776,-0.2044726312160492,-0.726273775100708,-0.2334533631801605,-0.6779341101646423,-0.251468151807785,-0.7403028607368469,-0.246110051870346,-0.7790354490280151
U,0.0,0.0,0.972652591749316,2.171540227620411,1.0967445539841194,1.9756579390975049,1.0149651274258058,1.780810779440696,0.8951633249783834,1.6506744767704364,1.0517011462256867,1.6793256578127125,1.138797883871201,1.3935113570073518,1.1766202825858938,1.2306660205764655,1.2053394366133614,1.0765632601257937,0.9043312329435635,1.637887301437765,0.9535687267017613,1.3697678836922869,0.9814969069859276,1.1979646382435711,1.0,1.0,-0.2511092126369476,-0.7337935566902161,-0.2696138918399811,-0.7590543031692505,-0.2783524394035339,-0.8406234979629517,-0.2822689414024353,-0.8537225127220154,-0.2140493243932724,-0.7733055949211121,-0.2303539514541626,-0.8202984929084778,-0.2403180301189422,-0.8678261041641235,-0.2432609498500824,-0.8635439872741699
U,0.0,0.0,0.9649720901734823,3.3445268571351945,1.023367853022978,2.9225522156885098,1.0165374792606336,2.5393856820056193,0.9868314685862822,2.217392668682656,0.9833333969858878,2.3014706888112593,1.0144933229379618,1.8232386801751366,1.0250170907108918,1.5375122870303943,1.023944999828138,1.254143528607157,0.9267952884742865,2.2428422767716456,0.9636646667034033,1.6464926478969568,0.9897173844765241,1.3207873086542266,1.0,1.0,-0.5719417333602905,-0.5143374800682068,-0.6175759434700012,-0.4884754121303558,-0.6218288540840149,-0.5856500864028931,-0.6104502081871033,-0.6259554028511047,-0.5428909063339233,-0.5496135354042053,-0.5918759107589722,-0.5452619194984436,-0.5955455899238586,-0.6166642904281616,-0.5799046158790588,-0.6438077688217163
U,0.0,0.0,1.1283889484680385,2.6502214117351386,1.2162423784228569,2.296190275213644,1.0892188193071715,2.0490745298804183,0.9277307816053463,1.8771892995755897,1.1471914783368005,1.9075527639911445,1.1723013922956909,1.5341389330986195,1.1713402361608423,1.2997093279681349,1.1515713290048817,1.0953568936139628,0.9825430191046604,1.919336973671541,0.9909011558122968,1.4687503470817003,1.0062983340927207,1.2171067746768087,1.0,1.0,-0.2133801579475402,-0.6584814190864563,-0.2240535765886306,-0.6160674691200256,-0.2401592582464218,-0.7101896405220032,-0.2416114211082458,-0.7580292224884033,-0.176745057106018,-0.7079392075538635,-0.1973217278718948,-0.6709283590316772,-0.2124868035316467,-0.7400982975959778,-0.2095703929662704,-0.7751648426055908
U,0.0,0.0,0.9391226157417008,2.8931228924006156,1.003556051997838,2.545019865905956,1.0013130583359378,2.236357989469199,0.963558584440934,2.0064650375157345,0.9674807104748034,2.059970894417739,1.0018792183639287,1.6657167627185905,1.0150983031386107,1.4384360466223365,1.01650551395425,1.2166907097424033,0.9107352120983351,1.9981518458669223,0.9532924202656364,1.52306570336776,0.9850691216167484,1.2606665567929844,1.0,1.0,-0.5309314131736755,-0.5564565658569336,-0.5753404498100281,-0.5407004356384277,-0.5768070816993713,-0.6315943002700806,-0.5639135837554932,-0.6666402816772461,-0.5008193254470825,-0.5889195203781128,-0.547709584236145,-0.5962098240852356,-0.5502539873123169,-0.6627813577651978,-0.533968448638916,-0.6839509606361389
V,0.0,0.0,1.152889927102298,3.3218977388829685,1.2198488699178178,2.847039107665701,1.057559379795019,2.491732852278333,0.898752339067946,2.221037698204607,1.2315055656686271,2.270038257782929,1.285980538405752,1.7672165177733812,1.3150348219987853,1.4484381771794586,1.3329113581359266,1.176578094027577,1.0638141525915046,2.2783321404551207,1.0274398448302342,1.6629187335853246,1.0165360672768278,1.2959814688992801,1.0,1.0,-0.2180873304605484,-0.5290594100952148,-0.2128685265779495,-0.4744772911071777,-0.2278816998004913,-0.5582413673400879,-0.2342029064893722,-0.6059236526489258,-0.1850551217794418,-0.579524040222168,-0.189287006855011,-0.5291455984115601,-0.2041603475809097,-0.5931639671325684,-0.2099066078662872,-0.6329183578491211
V,0.0,0.0,1.006242992954862,3.715518590264213,1.0839314275565164,3.2114418446488924,1.0412953250465922,2.7707554399904946,0.9795210396589139,2.42701909258168,1.0513488954123398,2.5332787769326424,1.1161214909439996,1.9674047091490756,1.1474582586938646,1.623831759867101,1.1639347935024558,1.3032212924174382,0.9587495497338758,2.4844893010370286,0.9779044678681051,1.7633880669369086,0.995634055005279,1.360822369971611,1.0,1.0,-0.3849826157093048,-0.5162531733512878,-0.4108787477016449,-0.4943158030509949,-0.417613685131073,-0.5849262475967407,-0.411148726940155,-0.6268572807312012,-0.3503840863704681,-0.5563292503356934,-0.3809412717819214,-0.5452812910079956,-0.3894775211811065,-0.6112490892410278,-0.3817678689956665,-0.6385320425033569
V,0.0,0.0,1.323612384177526,4.7088309048836505,1.3947989983484497,4.030753808145241,1.151305604013573,3.552035901950812,0.941711780269954,3.1720624588873925,1.385927439580512,3.0762671587750874,1.4584153356247218,2.262147906331704,1.502613235257272,1.7571587416953927,1.5251647427848272,1.31703335496325,1.168605372031348,3.075757204747007,1.0926963823864253,2.0754475964265753,1.047247524727032,1.4966473629867247,1.0,1.0,-0.2053630799055099,-0.5328982472419739,-0.1897716373205185,-0.4990726709365845,-0.2104589641094207,-0.5976608991622925,-0.2239922136068344,-0.6471481323242188,-0.1718470156192779,-0.5893458724021912,-0.1618668138980865,-0.5510430932044983,-0.182715818285942,-0.6237384676933289,-0.1968930810689926,-0.6647523641586304
V,0.0,0.0,1.166979098124717,3.5050134406724363,1.2655581444819255,2.992196931532697,1.1121458276826255,2.5951657956869862,0.9407260789732181,2.3002098076229283,1.2267535871561042,2.3876649882604704,1.2596447975389609,1.8142836832455502,1.2701232552638977,1.4605300607836709,1.2635899626569822,1.1525099253880373,1.0480050666705012,2.394219456198584,1.0240263964706855,1.7099904752434398,1.0183453587007345,1.3248037864536977,1.0,1.0,-0.2131129652261734,-0.5555358529090881,-0.2182300090789795,-0.5114307403564453,-0.2337495386600494,-0.6064384579658508,-0.2378884106874466,-0.6560705304145813,-0.1769501566886901,-0.6033312082290649,-0.1913061141967773,-0.5704591274261475,-0.206004798412323,-0.6407987475395203,-0.2074202746152877,-0.6763017177581787
V,0.0,0.0,1.089043076304056,2.9695635784482852,1.1721589021682126,2.6011022130169463,1.102686947042393,2.3144322966362267,0.9996210295830856,2.1008368741128978,1.1291299800476966,2.074795444197552,1.170229002763379,1.6242462592004998,1.1924103837043571,1.3484417713375858,1.1940804905944307,1.108075383288301,1.002825307397749,2.0727478901432,1.0024717718079186,1.5632703677283168,1.0092363299501044,1.2590565730221712,1.0,1.0,-0.3110280930995941,-0.6134377717971802,-0.3312304317951202,-0.6011732220649719,-0.3444865942001343,-0.6895277500152588,-0.3432637453079223,-0.7295148968696594,-0.2758393585681915,-0.6596978306770325,-0.3011795878410339,-0.6530362963676453,-0.3146154880523681,-0.7169067859649658,-0.3113066852092743,-0.7425658702850342
V,0.0,0.0,1.0977744426896394,2.4300738290868633,1.1811218236490377,2.1530250515392253,1.115373092967369,1.9410639788838755,0.9947644887035519,1.7992702111959678,1.1171838888765084,1.7610333666068456,1.1702426710928968,1.4453576022466121,1.1974030821629773,1.2354390436283487,1.206250031449909,1.0427783035385627,0.9844003958015987,1.7518527516693883,0.9848487816484927,1.4109800329053317,1.0014412145487637,1.203624447093299,1.0,1.0,-0.2873403429985046,-0.6776135563850403,-0.3130125701427459,-0.6667228937149048,-0.3295203149318695,-0.7560965418815613,-0.3279111385345459,-0.7943984270095825,-0.2535529136657715,-0.7284029722213745,-0.2816574275493622,-0.7087367177009583,-0.2982584834098816,-0.7734845280647278,-0.2927546501159668,-0.800167977809906
V,0.0,0.0,1.3206272499019471,2.827404101948852,1.3817946043547753,2.4278654477802095,1.1831850389980123,2.1495017794126667,0.9731920212881966,1.9464374099011836,1.3217628326843187,1.9877317512342696,1.3370887000097278,1.5689191931733582,1.3346764347187028,1.3061349720784046,1.3130787607179197,1.0786916766769534,1.1198233691748332,2.0257388289933815,1.061364672519513,1.532364866111476,1.038189215563757,1.245573308959593,1.0,1.0,-0.2028067409992218,-0.6506677269935608,-0.2055543810129165,-0.5971617102622986,-0.2279116660356521,-0.6871892213821411,-0.2339058071374893,-0.734443187713623,-0.1688557863235473,-0.7100189924240112,-0.1834029257297516,-0.666968047618866,-0.203068807721138,-0.7340085506439209,-0.2043259441852569,-0.7698846459388733
V,0.0,0.0,1.2193211239744257,2.0713393054940554,1.2779336352446524,1.8147581919176479,1.1151475708400482,1.6561835680293746,0.9141678810429961,1.5566291168843585,1.2117632229826456,1.53825847800997,1.22696249860127,1.30681110962366,1.2275695795835582,1.1513359732512263,1.2075458108196753,1.0016646031581318,1.0136538558002601,1.5351505410669886,0.9905107583238905,1.298637080997529,1.0032019663250122,1.1581612620698087,1.0,1.0,-0.1954255700111389,-0.7275093793869019,-0.2041970789432525,-0.7097277045249939,-0.2246742099523544,-0.8010512590408325,-0.229618638753891,-0.8342370390892029,-0.1621733903884887,-0.7821739315986633,-0.1759269833564758,-0.7703117728233337,-0.1954670697450637,-0.8325322270393372,-0.1954613029956817,-0.8464921116828918
V,0.0,0.0,1.086114154921756,4.141669979702961,1.1514535293127552,3.6243930639139443,1.1020698294053863,3.1717570028280067,1.0348400482277007,2.8258614185210424,1.1079682191818465,2.7511523179144155,1.1542206680658653,2.0571777182471256,1.178480850328102,1.643845795796606,1.1896104342210574,1.2681030595956266,1.0138384417826845,2.7034439607182312,1.0059187709035367,1.8787879268621197,1.007114616359633,1.4016731018364428,1.0,1.0,-0.4861935675144195,-0.5393810868263245,-0.5164196491241455,-0.5325841903686523,-0.5314822196960449,-0.622093677520752,-0.5295977592468262,-0.6661893129348755,-0.4531802535057068,-0.5877641439437866,-0.4883575439453125,-0.5924220085144043,-0.5030282735824585,-0.6546865701675415,-0.4998596012592315,-0.6808578968048096
V,0.0,0.0,1.1448123983114844,2.3424106393278654,1.2054394691442238,2.0552046960377934,1.1207008069105189,1.847645831591918,1.0024715488150033,1.692030354669936,1.1516039049960747,1.719879169597853,1.1927786476404336,1.4063395342732103,1.2149927406721464,1.2113701022505268,1.224637809218502,1.0431693277120502,1.0228170079944892,1.7429426349080004,1.0081269324008717,1.3874021195992028,1.0093035050948818,1.1782131684188653,1.0,1.0,-0.2747572958469391,-0.6778825521469116,-0.2885888814926147,-0.6403577923774719,-0.3046310544013977,-0.7225795388221741,-0.3052601218223572,-0.765756368637085,-0.2429431527853012,-0.7273048162460327,-0.2642891407012939,-0.6935861110687256,-0.2797487676143646,-0.7544915080070496,-0.2760944366455078,-0.7866005897521973
V,0.0,0.0,1.1411083525779102,2.3249156302645058,1.2062400377095412,2.02654519865187,1.083693707220256,1.8224022090071863,0.9223286879974391,1.69528563688492,1.156815709247549,1.7072520845228576,1.201803899128777,1.3999242275773822,1.2261385064797516,1.2081907578179745,1.2373666170160704,1.0453611488956376,0.9989454969715535,1.7226169818617902,0.9959350590911127,1.3835477416112771,1.0044681034500225,1.1754941836630073,1.0,1.0,-0.2266872227191925,-0.7258023023605347,-0.2353978008031845,-0.6870047450065613,-0.254240334033966,-0.7734929919242859,-0.2591949999332428,-0.824844241142273,-0.1916832625865936,-0.7764822244644165,-0.2067367434501648,-0.7332764267921448,-0.2245418578386306,-0.7970646619796753,-0.2257917076349258,-0.8391571044921875
V,0.0,0.0,0.9945950361166526,2.112174348657174,1.0789066759395265,1.9002118625358158,1.0389386927770572,1.7260260427412664,0.9476299569685914,1.6074532688834495,1.005419748542229,1.5954291266698193,1.0570491679933214,1.365906161247273,1.0888650951842926,1.204209580404067,1.1085180055553723,1.0520715670950214,0.8970405870358594,1.5705033668668618,0.9367111936189412,1.3200238863836642,0.9795562567615113,1.1569336209547223,1.0,1.0,-0.3253084719181061,-0.7210270762443542,-0.3560525774955749,-0.7288171648979187,-0.3702510297298431,-0.8256610631942749,-0.3691575527191162,-0.8752216100692749,-0.2897458076477051,-0.7654004693031311,-0.326464980840683,-0.7766445875167847,-0.34200319647789,-0.8447933793067932,-0.3377104699611664,-0.8724734783172607
V,0.0,0.0,1.189964195096874,1.9785713821767021,1.265191610272054,1.7565441010782634,1.1093373563761462,1.6025343262090306,0.9327067485394854,1.5326914016225164,1.1769491485948966,1.524351735409019,1.2046978575404697,1.3037853885590462,1.2276557183342767,1.151672729743652,1.2331271956537744,1.0157764910497793,1.0045435120489314,1.5226226217973988,0.9999072034729434,1.2891114681839597,1.0127100916405127,1.1283065253897282,1.0,1.0,-0.2099306136369705,-0.7526103258132935,-0.2118543833494186,-0.7062647342681885,-0.232708066701889,-0.7630714178085327,-0.2406300902366638,-0.8029138445854187,-0.1752125918865203,-0.798595130443573,-0.1862599104642868,-0.7706168293952942,-0.2108851224184036,-0.83084636926651,-0.2205462753772735,-0.8788909912109375
V,0.0,0.0,0.9750336019959356,2.602759531046641,1.0652305810069655,2.3295076134424066,1.0326089891915498,2.0873294241541527,0.9546268866511342,1.934321586646376,1.0267972458532533,1.866671845908484,1.1027415907992044,1.510122216613291,1.1441308747147823,1.2877299942956566,1.1683176437334253,1.0919600797591755,0.9249001642141893,1.8236778226788954,0.962050298872225,1.453687027317027,0.9889448316472822,1.209870917159032,1.0,1.0,-0.3720585703849792,-0.6490870714187622,-0.4040682911872864,-0.6672883629798889,-0.4138346314430237,-0.7531415820121765,-0.4091846048831939,-0.7988643050193787,-0.3378888070583343,-0.6896311640739441,-0.3757396936416626,-0.7180464267730713,-0.3835926949977875,-0.7780049443244934,-0.3738220334053039,-0.8045544028282166
V,0.0,0.0,1.2246876474880373,2.5234931656389956,1.2841926202661786,2.199392510542194,1.1241871668135566,1.9761246952573495,0.9444235010920405,1.8223364887738636,1.2404719813532172,1.8156644312386856,1.2952476424616326,1.448778255301725,1.3277100432128446,1.2211424306457068,1.338234445940749,1.0303994104689462,1.0571753520630718,1.8361567609666978,1.034460936516363,1.44638140252457,1.02437290817019,1.2048288190039746,1.0,1.0,-0.2173642218112945,-0.6935027837753296,-0.2249896973371505,-0.6627113819122314,-0.2446094453334808,-0.7484297156333923,-0.2500462830066681,-0.7938566207885742,-0.1822812706232071,-0.7477467656135559,-0.1965765058994293,-0.7164329290390015,-0.2148895859718322,-0.7795072793960571,-0.217299997806549,-0.8143717646598816
V,0.0,0.0,1.0661711486042516,2.447985074932292,1.1504514537812431,2.1809428526970516,1.0908903521569422,1.9614518140051393,0.9828771082604982,1.8327730200254666,1.0916744577972242,1.7702821634189951,1.146139156122598,1.4245456470705873,1.1740120268932448,1.2103920630970593,1.1859058205331563,1.0236054634620166,0.9708234979418138,1.7592079339497706,0.9847694867050981,1.407937753582465,0.9995457287818665,1.1884237636185906,1.0,1.0,-0.3175589442253113,-0.68071049451828,-0.3422097563743591,-0.6894674897193909,-0.3564423024654388,-0.7695702910423279,-0.3554127216339111,-0.8122460842132568,-0.2829374074935913,-0.726954996585846,-0.3114765584468841,-0.7360528707504272,-0.3261687159538269,-0.791910707950592,-0.3228099048137665,-0.8206343054771423
V,0.0,0.0,1.6109493369640864,2.435576783888962,1.6695898526017974,2.12030172981608,1.351217604347801,1.9356307396480976,1.0246536910231778,1.8176308046014618,1.576442645923841,1.734168113758274,1.616911066148096,1.3981271991736155,1.651041534321803,1.1845203587109094,1.6606024116947662,1.0095876882724477,1.287046290203604,1.779675330053215,1.1506685351391015,1.4172349225812277,1.0804444701496358,1.1915265874844398,1.0,1.0,-0.1657906174659729,-0.7173119783401489,-0.1610750257968902,-0.6865887641906738,-0.1872496306896209,-0.7712767720222473,-0.19854037463665,-0.8157695531845093,-0.1341341137886047,-0.7796791791915894,-0.139073297381401,-0.7455965876579285,-0.1620146781206131,-0.809562087059021,-0.171320840716362,-0.8453793525695801
V,0.0,0.0,0.9712556815743387,2.590993410952792,1.0500051493092661,2.307712183082361,1.0187342189444237,2.0566975437366914,0.9457823410961608,1.8926759556730688,1.0092967542001046,1.8580686640595279,1.0753080729536522,1.5058294560033296,1.1097821562862353,1.28352299271649,1.128968738927917,1.087665923453749,0.918238564245076,1.8272613720550406,0.9584435954784134,1.4408741456264909,0.9873461064682619,1.204010257724347,1.0,1.0,-0.3774363100528717,-0.6319263577461243,-0.4096648693084717,-0.6294624209403992,-0.4185545146465301,-0.7121436595916748,-0.4130000174045563,-0.7564343810081482,-0.3433867394924164,-0.6713704466819763,-0.3783564567565918,-0.6740611791610718,-0.3906050324440002,-0.7335500717163086,-0.3861989080905914,-0.7668291926383972
V,0.0,0.0,1.2980896143126643,2.4502252782915135,1.346691679871241,2.1140368426772445,1.1777135235404625,1.8836709700841243,0.9776377750150644,1.7359894092865806,1.3082257384824831,1.7935724771310864,1.3779709635028643,1.459341028228024,1.4168264124736953,1.2524967366645992,1.436531400192457,1.0749162627689692,1.1201372925612851,1.814622420954562,1.0627846969599506,1.429238559942823,1.0351679267352913,1.198036796252377,1.0,1.0,-0.2166966646909713,-0.7074207067489624,-0.2191839069128036,-0.6598362922668457,-0.2393082529306411,-0.7497330904006958,-0.2455058544874191,-0.8006263971328735,-0.1829757392406463,-0.7622267007827759,-0.193599060177803,-0.7204465270042419,-0.2106384187936782,-0.7876729369163513,-0.2127643972635269,-0.8281402587890625
V,0.0,0.0,1.0061728072099732,3.7057849616026504,1.0789015623328022,3.2157408623305406,1.0348815148637558,2.7752848791802887,0.9629191831576944,2.491206688372448,1.043881835883365,2.5229371653383756,1.108775445350865,1.9735029386035026,1.1408816416770902,1.6224904376090667,1.1629223721767061,1.305230224552041,0.9549581584511432,2.4688945654032843,0.970451745720081,1.7864224121768049,0.9882996013601664,1.3721957096550632,1.0,1.0,-0.4185212850570678,-0.5221827030181885,-0.4469477534294128,-0.499531090259552,-0.4566628634929657,-0.5860508680343628,-0.4522822201251983,-0.636130154132843,-0.3846594095230102,-0.5612608790397644,-0.4170897305011749,-0.5393171906471252,-0.427616536617279,-0.6022909879684448,-0.4216541051864624,-0.6408814191818237
V,0.0,0.0,1.3536377175607137,2.6684087871073197,1.3927889079802278,2.294948761784609,1.2431622230012642,2.046532969753027,1.0749539427461807,1.843201196086293,1.3251823655659571,1.894844683452541,1.3694421722385004,1.50637348554714,1.397358326156048,1.2608305269893219,1.3995882137672118,1.0536296639536917,1.147852440781985,1.9294526294259313,1.0792858011894337,1.4918772744509419,1.0492173031969096,1.232706570600858,1.0,1.0,-0.2469547539949417,-0.6838799118995667,-0.2556682825088501,-0.6485908627510071,-0.2791351974010467,-0.7405318021774292,-0.2816232740879059,-0.7760536670684814,-0.2151547819375991,-0.7449507117271423,-0.2321776151657104,-0.7164722084999084,-0.2517203688621521,-0.7838044762611389,-0.2488161027431488,-0.8077082633972168
V,0.0,0.0,1.3065229266411749,2.6609891814939766,1.3618934389732245,2.2954424729743774,1.1996072931920112,2.0656262836783887,1.0040840589955335,1.9310013190279243,1.2871272039550696,1.8718310130506015,1.339092459386634,1.4852350752712886,1.3738224533732393,1.238568080625152,1.3877607908302618,1.0317621167198658,1.0997685302069804,1.9048598644642045,1.055919980536799,1.493084220311379,1.034295514741998,1.22847746540218,1.0,1.0,-0.2446738928556442,-0.7067564129829407,-0.2531257271766662,-0.6845679879188538,-0.2763474881649017,-0.7753098011016846,-0.2832174301147461,-0.8240088224411011,-0.2093529999256134,-0.7683586478233337,-0.2251733988523483,-0.7417936325073242,-0.2454994320869445,-0.8062373399734497,-0.2487170398235321,-0.841397225856781
V,0.0,0.0,1.3450289397542445,2.63436777463609,1.4196972709911762,2.31761402351516,1.25902556746981,2.110618525265519,1.0662580938944708,1.9682448499646739,1.3420761317332437,1.8570803221663055,1.3850138080104109,1.4811472404749149,1.4285050990211432,1.2320560386168191,1.4394047788541529,1.0108256042933896,1.135135061991907,1.8559137193598259,1.078075797564095,1.4911633517674663,1.0505119024226084,1.2468357366845308,1.0,1.0,-0.2448512911796569,-0.7094762921333313,-0.2608085572719574,-0.7297317385673523,-0.2813671827316284,-0.8229526877403259,-0.2847916483879089,-0.8548644185066223,-0.2094638049602508,-0.7684099078178406,-0.2331823110580444,-0.7940272688865662,-0.2517500221729278,-0.8599872589111328,-0.2523877024650574,-0.8722710609436035
V,0.0,0.0,1.1871058508262617,2.257775146851236,1.251361045534784,1.9865224228152087,1.131367213254216,1.7911741160879262,0.988090771815649,1.6405467564597238,1.2079003168931706,1.653781143716629,1.2541980901337757,1.3568774125970662,1.287511856908909,1.1587798961652267,1.2924151938578021,0.9787475273416295,1.0295923988174993,1.6346938227316365,1.0117852357557584,1.3714780015102772,1.0133054722558965,1.1930770736825262,1.0,1.0,-0.2465680092573166,-0.7087178826332092,-0.2648070454597473,-0.7236868143081665,-0.2816813886165619,-0.8158559799194336,-0.2827169299125671,-0.8471062183380127,-0.212563931941986,-0.7601747512817383,-0.2361112833023071,-0.7903003692626953,-0.2539337575435638,-0.8550456762313843,-0.2511819899082184,-0.8632202744483948
V,0.0,0.0,1.1847030376024255,2.4120744023424496,1.2559681591618435,2.123899124845148,1.1344230643682591,1.9077947989466517,0.9973572527800897,1.7427228205218799,1.213072869846827,1.7459786874594303,1.277289696762868,1.4141938053606304,1.3190013442078092,1.2023352566977779,1.337376439735202,1.0221458365383687,1.0526753845564627,1.7493780977276583,1.028221513739286,1.4060078746033349,1.0210149365764538,1.1911908440268626,1.0,1.0,-0.2624630630016327,-0.693686306476593,-0.2756105661392212,-0.6927512884140015,-0.2933225035667419,-0.7773480415344238,-0.2958612442016601,-0.8118190765380859,-0.2281931191682815,-0.7426291704177856,-0.2478296011686325,-0.7449163198471069,-0.2632237672805786,-0.8071673512458801,-0.2618489265441894,-0.8274362087249756
V,0.0,0.0,1.085040696351669,3.055146959335489,1.1642472148143106,2.686582955246263,1.0873701679939045,2.3837498213938053,0.9846838084930677,2.1614143020364738,1.1366365940090561,2.122551910567706,1.2086407111050157,1.6648173752317932,1.251893811450815,1.374263397517845,1.2754644846603338,1.1234770301114512,1.0067597223256592,2.1059559861689046,1.0049192501996933,1.5924624132016012,1.0089192473685606,1.2765313513494732,1.0,1.0,-0.338022768497467,-0.627907395362854,-0.3557405173778534,-0.6243230104446411,-0.3723730146884918,-0.7148342132568359,-0.3738580346107483,-0.7584751844406128,-0.2996865510940552,-0.6770860552787781,-0.3243321776390075,-0.6747787594795227,-0.3401228487491607,-0.7394658327102661,-0.3395624458789825,-0.7683964967727661
V,0.0,0.0,1.6214717121223303,2.659403030597365,1.6653573495688294,2.2960483862977834,1.3718301501228483,2.083634346449144,1.0935788450138748,1.9225999607219204,1.5900802120786945,1.8601018878200637,1.641636445159681,1.4723829822025485,1.6725583095772387,1.2272870245206513,1.6842699601195397,1.0223069306921524,1.3225483670430236,1.9159599096918987,1.1729266362958195,1.488908849947643,1.0872489891308412,1.2245198736249545,1.0,1.0,-0.1840747594833374,-0.6677067875862122,-0.1758925020694732,-0.6239876747131348,-0.2038774490356445,-0.7184774875640869,-0.2174264639616012,-0.7678794860839844,-0.1538271754980087,-0.7323365211486816,-0.154339462518692,-0.6911802291870117,-0.1788416504859924,-0.7590922117233276,-0.1904270648956298,-0.7954858541488647
V,0.0,0.0,1.2143687742742448,2.497854414159159,1.2771761475358316,2.2188141047957752,1.1654002639064966,2.013246594913929,1.038727694954134,1.8547325072573992,1.2232357344732347,1.8059187974676765,1.2634636781450728,1.4600340910308185,1.285711288018435,1.2387011531498717,1.2916588426571503,1.0495035476899508,1.0782447364558183,1.81334139636648,1.0419578383043697,1.4385671858429832,1.0235850865079692,1.2034102077597935,1.0,1.0,-0.290072351694107,-0.6806627511978149,-0.3002640902996063,-0.6726903319358826,-0.3204156458377838,-0.7525242567062378,-0.3278523981571197,-0.7941529750823975,-0.2572084367275238,-0.7306628823280334,-0.2739748358726501,-0.723680853843689,-0.2923533916473388,-0.7803765535354614,-0.2972168922424316,-0.8089027404785156
V,0.0,0.0,1.3482389460740618,2.619393524198667,1.4046202143374384,2.2893712516024753,1.1933188450206118,2.058446487099463,0.9887766542759487,1.874529491519428,1.3656129945201114,1.852486650710824,1.4104662977534794,1.4517722938166533,1.4406422620351498,1.2051248761531874,1.4545596129164413,0.9938496672239449,1.1593706078358237,1.8838695948564699,1.0909158612075947,1.4614666945412218,1.0475422464262705,1.2145948095159207,1.0,1.0,-0.2122107297182083,-0.6589430570602417,-0.2075159549713134,-0.6228859424591064,-0.2292615920305252,-0.7129945755004883,-0.2399678081274032,-0.7583686113357544,-0.1805283427238464,-0.7168979644775391,-0.1824791133403778,-0.6815241575241089,-0.2032761871814727,-0.7499039769172668,-0.2128507047891616,-0.785576581954956
V,0.0,0.0,1.2755087168236992,2.7072484479952226,1.343318710511044,2.353285536484495,1.1848687620090201,2.113916751604587,1.0053789739352579,1.933993399959718,1.2891069957460517,1.9065087251706232,1.3406122475210764,1.5053916291507883,1.3766736842309486,1.2548701940434377,1.3952185335481369,1.0426021379473207,1.105404607728989,1.9418069687749269,1.0553963986096153,1.5016215591926148,1.0327049133216428,1.2298766142704158,1.0,1.0,-0.2328050285577774,-0.6604627966880798,-0.2401953041553497,-0.6282181739807129,-0.261356383562088,-0.7186119556427002,-0.2671941518783569,-0.7658637166023254,-0.1986271739006042,-0.7175126075744629,-0.2134956419467926,-0.6834084391593933,-0.2325053811073303,-0.7486624717712402,-0.2350402623414993,-0.7831715941429138
V,0.0,0.0,1.34933979191431,3.17366893944092,1.4111224159651667,2.7461071272532807,1.1748147044218504,2.425528847016148,0.9634510101482958,2.1631598154224245,1.4237491215200047,2.1807409432409774,1.4899239974069287,1.6859213000285922,1.5388599255499313,1.3772014362285838,1.565573124497059,1.1189642170229595,1.2048367953049763,2.202207236075883,1.1120652338801142,1.6249999853465205,1.059022078439227,1.285799125175534,1.0,1.0,-0.2050371617078781,-0.6015661954879761,-0.1924915611743927,-0.5592634677886963,-0.2117595374584198,-0.649999737739563,-0.2225485444068908,-0.6948720216751099,-0.1724480837583542,-0.6601769328117371,-0.1676384806632995,-0.6215737462043762,-0.186916783452034,-0.6896121501922607,-0.1992385238409042,-0.724822998046875
V,0.0,0.0,1.277118464692998,2.710193409539811,1.3478723919934141,2.355630649028027,1.1604958434881942,2.102526426437078,0.9698777179442464,1.917340864403929,1.3240348096926968,1.9179682845669002,1.3688838774702787,1.5337214564477883,1.392222373968264,1.2877098013432573,1.4006070690904644,1.0808242311606828,1.1267291087101265,1.9436210017060545,1.0604517343332214,1.5006756795950278,1.0319949265420654,1.2276416904057113,1.0,1.0,-0.2124760895967483,-0.6499960422515869,-0.2111487537622451,-0.60306316614151,-0.2314609438180923,-0.6907438039779663,-0.2390037029981613,-0.7408332824707031,-0.1783162057399749,-0.7051525712013245,-0.1871489435434341,-0.6647351384162903,-0.2044729888439178,-0.7313913702964783,-0.2084424346685409,-0.7710171937942505
V,0.0,0.0,1.211393452333485,1.9399304901035952,1.2728409778601828,1.6937672911316022,1.1114320423330721,1.5257125058168028,0.9516279377075844,1.4066436889150307,1.2486305632554713,1.4420892404640817,1.2900347648823502,1.2623394277188424,1.318111319019255,1.1302001157792274,1.33137471034811,1.0030318088157417,1.0641234134566921,1.411293305076078,1.029303834713308,1.2400276377983581,1.0143212582977879,1.1260854644187943,1.0,1.0,-0.223222479224205,-0.6367284059524536,-0.2290549427270889,-0.6346319913864136,-0.2451675832271576,-0.7237441539764404,-0.2519479990005493,-0.7634741067886353,-0.1897780001163482,-0.6811734437942505,-0.2011438310146331,-0.6932271718978882,-0.2180984765291214,-0.7548716068267822,-0.2238548547029495,-0.7701161503791809
V,0.0,0.0,0.9929158572461875,4.229344647633243,1.0786931374917048,3.8015755386830787,1.0248321708484533,3.3555588837427717,0.9499940104079426,2.9941866906631414,1.0895295413328125,2.85664678712155,1.1740292591897874,2.1967507638111083,1.2255003851196895,1.7846088034602952,1.2560471742616737,1.4162458980660073,0.9780067915065369,2.7238498122865744,0.989321059210148,1.9181305757503708,0.9996591993812014,1.4287158088351428,1.0,1.0,-0.39912149310112,-0.5350462794303894,-0.4141800105571747,-0.5532162189483643,-0.4262517094612121,-0.6486251354217529,-0.4286225438117981,-0.6972524523735046,-0.3570620417594909,-0.5748860239982605,-0.3779133260250091,-0.6074730753898621,-0.3908557295799255,-0.6743171811103821,-0.3938798010349273,-0.7019052505493164
V,0.0,0.0,1.4459574752734654,2.5746484777822056,1.5169959752926658,2.225592383569494,1.2633009206822556,2.0020201215293483,1.0059198337098454,1.842385800884698,1.4519513863913114,1.8239144883311158,1.48884177040876,1.4511970052807122,1.5147868664141544,1.2140222787548711,1.5235144568627104,1.0093623624508783,1.2115977803204325,1.8662595628885437,1.1194164153719297,1.4605209050004586,1.061850341338291,1.214747457664081,1.0,1.0,-0.1827298104763031,-0.6500105261802673,-0.1762090921401977,-0.6108080148696899,-0.1991403251886367,-0.7025909423828125,-0.210716113448143,-0.7512959837913513,-0.1508061438798904,-0.7100889086723328,-0.1496098190546035,-0.6733567714691162,-0.1719702631235122,-0.7426744699478149,-0.1836878359317779,-0.7818189859390259
V,0.0,0.0,1.0627739687350621,3.0479631633046074,1.1709440151702184,2.7102684005622653,1.0878597542718769,2.428356209078175,0.9661517291054929,2.2399071723126216,1.1227849406165793,2.1132517411324296,1.2161959679156182,1.6583648687435149,1.2701047745741256,1.3767175207353604,1.2995248144432248,1.1350784153548379,0.977476454119019,2.077943268152793,0.98726759440677,1.575165355451051,1.0028934151639153,1.2650129404347497,1.0,1.0,-0.308089017868042,-0.6602514982223511,-0.3337418138980865,-0.6631143689155579,-0.3512111306190491,-0.7566116452217102,-0.3513869345188141,-0.8033440709114075,-0.2680931389331817,-0.7090676426887512,-0.3002161085605621,-0.7229659557342529,-0.3151309192180633,-0.7890352010726929,-0.3124061822891235,-0.818170964717865
V,0.0,0.0,1.7180682554848463,2.648770748234992,1.7793180844085221,2.305721123565383,1.4187581596434917,2.0915414385971776,1.0638525487261838,1.9338118987752329,1.7129449754186377,1.8621680685798168,1.759615669261306,1.4661644653215236,1.7999183552990323,1.2166065567726374,1.822864463360921,1.0088166786904484,1.383617688283706,1.9100968486093355,1.2096983865411088,1.483389107274098,1.1009427538933538,1.2234118399288652,1.0,1.0,-0.1558974981307983,-0.6801009774208069,-0.1423341184854507,-0.649579644203186,-0.1680399030447006,-0.7401150465011597,-0.1835069209337234,-0.78806471824646,-0.1249759942293167,-0.7427831888198853,-0.1199520900845527,-0.7043241858482361,-0.1434055715799331,-0.7756098508834839,-0.1567913293838501,-0.814899206161499
V,0.0,0.0,1.2374643610520295,3.6037060949903825,1.312511127311981,3.1719933673207747,1.1826135325587332,2.8375169794747253,1.051676256136403,2.5534389600211456,1.2878181537544544,2.3939977145922895,1.35581488812501,1.8021665349510905,1.4029326594979434,1.4341990619045684,1.4239464607624526,1.1188464608397102,1.1183627586220286,2.38627966394776,1.0638036428659488,1.7368627848048006,1.0345906265562461,1.3461994248346767,1.0,1.0,-0.2996136844158172,-0.5785664319992065,-0.3068064749240875,-0.5948513150215149,-0.3288504779338836,-0.6919235587120056,-0.339316189289093,-0.7361641526222229,-0.2635719776153564,-0.6310380697250366,-0.2783411741256714,-0.6523224115371704,-0.2979839444160461,-0.7217636108398438,-0.3065686225891113,-0.7471675276756287
V,0.0,0.0,1.618703841210769,2.2904641738452716,1.6792932732374959,2.0417543610198696,1.3926722045960453,1.897431095094937,1.117001673326675,1.767974863445958,1.60033507671359,1.675935652838684,1.6565851812350243,1.3761259582659717,1.7102140894088196,1.1700406664105012,1.712705612105688,0.9801343070476153,1.3126629360600688,1.6842474917034467,1.1923016420171961,1.3843276847394894,1.1132308529923804,1.197058724771071,1.0,1.0,-0.1804698705673217,-0.7415412664413452,-0.1753610074520111,-0.7408572435379028,-0.2002873718738556,-0.8378167152404785,-0.2117415368556976,-0.869335412979126,-0.1486539244651794,-0.7984033226966858,-0.1482036262750625,-0.7903728485107422,-0.1707484126091003,-0.8614181876182556,-0.1801186949014663,-0.8827146887779236
V,0.0,0.0,1.3143853938718002,2.728122118695635,1.3894496436937582,2.382106099447396,1.2326134517940492,2.13430928363273,1.0532847921023833,1.962209416118746,1.3343170253865562,1.9347881739920523,1.4047842999953133,1.5369280188718601,1.4550663293342678,1.2901027487953771,1.4790902386656037,1.078571705552081,1.1350479390237835,1.9490051051866188,1.0723279923441176,1.5139909753664957,1.0423163887618143,1.243522676169737,1.0,1.0,-0.2392355352640152,-0.674236536026001,-0.2503116726875305,-0.6660661697387695,-0.2709637582302093,-0.7553166747093201,-0.2758045792579651,-0.7960432171821594,-0.2038432657718658,-0.7297267913818359,-0.2217759937047958,-0.7231910228729248,-0.2396299540996551,-0.7863699793815613,-0.2414002418518066,-0.811021625995636
W,0.0,0.0,0.9316353386732605,3.283806203624325,1.0389870822963967,2.9282421804570347,0.9272093470118479,2.651274656191127,0.7915117529223851,2.4780464950327197,1.0885378095406903,2.268255128296401,1.1944479087913575,1.828741707481757,1.259257079057866,1.55775224843022,1.3045042957332524,1.3018458218258926,0.9428302968112724,2.1460493460770627,0.978714183245313,1.6018519189817535,0.995208893598952,1.2721095291652638,1.0,1.0,-0.2599390149116516,-0.5537653565406799,-0.2493966221809387,-0.4301156401634216,-0.2435187101364135,-0.3415205180644989,-0.2361524999141693,-0.2613672912120819,-0.2236804962158203,-0.6019889116287231,-0.241209402680397,-0.5932441353797913,-0.2514320611953735,-0.6634253859519958,-0.2548720836639404,-0.7219607830047607
W,0.0,0.0,1.0951353915992676,3.6390030602309626,1.1986449782774338,3.2285967363012973,1.0712316222665854,2.9600039327012584,0.9186991992505164,2.816208414389879,1.196268764738877,2.4568236735054723,1.2763399938481212,1.94688701790018,1.328092776769218,1.6278266779275448,1.3622347002165223,1.3189072567074658,1.031076136539548,2.358113915073212,1.0268164629108039,1.7355407053487475,1.014799088878569,1.3415584945630015,1.0,1.0,-0.2652993202209472,-0.5635594129562378,-0.247493103146553,-0.4486611485481262,-0.2354004681110382,-0.3630881905555725,-0.222881406545639,-0.2837089896202087,-0.2323202788829803,-0.6212567090988159,-0.2483573704957962,-0.6099680662155151,-0.2646879553794861,-0.6759909391403198,-0.2733104526996612,-0.7312959432601929
W,0.0,0.0,1.1130117734768352,3.4367479553194995,1.207187002829502,3.0051980754622467,1.073270296142816,2.74658434502354,0.9267227120068846,2.6016762103017994,1.1951679122814447,2.3247132427477686,1.2663864998957213,1.8442414974227324,1.3120874308905537,1.543930473435673,1.3380038227442093,1.2560615614408115,1.0374323688308906,2.2539194298303356,1.0278066885238566,1.6649781970750839,1.0154178289785427,1.3038510219688864,1.0,1.0,-0.2712879478931427,-0.5514544248580933,-0.2555955946445465,-0.4442026615142822,-0.2468628138303756,-0.3590273559093475,-0.2362639605998993,-0.2813099324703216,-0.2405565083026886,-0.6079434156417847,-0.2610072493553161,-0.600044310092926,-0.2776818871498108,-0.6650885343551636,-0.2847077548503876,-0.719463586807251
W,0.0,0.0,1.023986606201903,3.4627108847681973,1.1238683335895139,3.0908225926582227,1.0260659031563601,2.808311477848475,0.912369750559839,2.6180091757801125,1.1373244434054044,2.3757695545888704,1.2159640414441961,1.909339233385315,1.2671921897736989,1.613144016081639,1.301162753239151,1.3289230291016525,0.9981763007456237,2.277473878803697,1.0061831265019932,1.6854406658981531,1.0033652930169457,1.3176828458115564,1.0,1.0,-0.2840927839279175,-0.5509852170944214,-0.277406096458435,-0.4424139261245727,-0.2730805277824402,-0.3586477041244507,-0.2673622965812683,-0.2811716198921203,-0.2498777210712433,-0.6023767590522766,-0.268498808145523,-0.5964207053184509,-0.2822229266166687,-0.6616869568824768,-0.2892230153083801,-0.7159127593040466
W,0.0,0.0,1.048289654635861,4.101849745117691,1.152812636579355,3.616092310534138,1.0499211701146638,3.263185096664601,0.9286438742657608,3.018529439851649,1.1497796195571341,2.704162620386791,1.2254382781447863,2.110810023808042,1.273181684007716,1.7268941803662612,1.3042986428445578,1.3672125805812754,1.004115354780249,2.584102851743313,1.0063813535857875,1.8498100358821987,1.0040044208806522,1.3888400608600222,1.0,1.0,-0.2863613069057464,-0.5138356685638428,-0.2767370939254761,-0.401903748512268,-0.2721871733665466,-0.3207777738571167,-0.2658830285072326,-0.2463148534297943,-0.2517673671245575,-0.5670961737632751,-0.2726761996746063,-0.5669352412223816,-0.2888744175434112,-0.6334522366523743,-0.2972158789634704,-0.6864346861839294
W,0.0,0.0,1.044500495828503,3.809127940939878,1.1679710258484608,3.4194100955398943,1.0300800961413215,3.1380610885892724,0.8697568568814857,2.9189585641497526,1.194271845774628,2.5657230980651033,1.2953938106029945,2.0262390560234267,1.3534911367224016,1.6953146294996078,1.3970583670248844,1.3766721699433415,1.0188869985132631,2.4441351741843835,1.0281685487521441,1.779703177969392,1.0136015215721583,1.3584120604614953,1.0,1.0,-0.2615304291248321,-0.5819573998451233,-0.2436426430940628,-0.4661961197853088,-0.2314819991588592,-0.3795533776283264,-0.220512717962265,-0.299746036529541,-0.2261029034852981,-0.6398681998252869,-0.2422805577516555,-0.6555386185646057,-0.2587214708328247,-0.7388637661933899,-0.2692953646183014,-0.8042119145393372
W,0.0,0.0,1.0620629723443153,4.753085659611017,1.1832544842169619,4.201803765307606,1.0395435950484764,3.79146220086655,0.8773492109249207,3.4787671005242333,1.204727422999438,3.101456900819147,1.3014983483379197,2.387706338891679,1.3589758404340564,1.9380629113877559,1.3997833570075324,1.5115785920065492,1.028482796304981,2.924736878009702,1.0299644057243416,2.034833555772067,1.0145237265463063,1.4735219777048172,1.0,1.0,-0.2564890086650848,-0.5203539133071899,-0.2380261570215225,-0.4011341631412506,-0.2254449427127838,-0.3130034804344177,-0.2136683464050293,-0.2322060763835907,-0.2201018631458282,-0.5769305229187012,-0.2373262643814087,-0.5878637433052063,-0.2554323673248291,-0.6654118895530701,-0.2672517001628876,-0.7261040806770325
W,0.0,0.0,1.0585607600496338,4.962493274638091,1.1651150786848312,4.393637492571808,1.060476171537427,3.9558498288486286,0.9339712746941806,3.6351473472264373,1.1649472795971925,3.1670427699087678,1.2506660415970918,2.421157043380645,1.3040019952993824,1.9431469168032747,1.3371062102658013,1.49242348598168,1.0254561137230924,3.039818407957788,1.0222025368633891,2.0903113103380084,1.0127339233592119,1.508434064309486,1.0,1.0,-0.3144418001174927,-0.4932418465614319,-0.3035641014575958,-0.3931450247764587,-0.3019871413707733,-0.3260865211486816,-0.2968913316726684,-0.2611526250839233,-0.2818549275398254,-0.5479403734207153,-0.3018873929977417,-0.5375269651412964,-0.3210756778717041,-0.5974880456924438,-0.3314317464828491,-0.6473926305770874
W,0.0,0.0,1.0322897754600593,4.499261170555885,1.1384223037296306,4.069184627559469,1.0133101671084541,3.6788911573221257,0.8720940151970581,3.377703444102332,1.1626882027433765,2.9684634209598797,1.2486470080734713,2.292156504159656,1.2959097054279878,1.8787047874285938,1.3314709201039245,1.4725229928245094,1.0081864528549422,2.808696042507631,1.0171224925557356,1.9811550278307941,1.0074661845636803,1.4585519009396635,1.0,1.0,-0.2879912257194519,-0.5268305540084839,-0.2668326199054718,-0.4043371081352234,-0.250731348991394,-0.316480815410614,-0.2367990612983703,-0.2352942526340484,-0.2543601989746094,-0.5848462581634521,-0.2650081813335418,-0.5678002238273621,-0.2795867919921875,-0.6340450644493103,-0.2893072962760925,-0.6916937828063965
W,0.0,0.0,1.0472331715188952,4.826974245987137,1.1508898508103214,4.328688615348813,1.0313797473284452,3.9052729760213496,0.897299087754571,3.5637946209901865,1.1540580738937902,3.1186527515299827,1.2390894667766006,2.39859697587872,1.2905563051047235,1.922758605158309,1.3230859122968683,1.4912432978198324,1.0040400332741042,2.9467284352602703,1.010910349510368,2.0403330024078112,1.0092060437178227,1.4506995415211439,1.0,1.0,-0.2845599353313446,-0.4899313449859619,-0.2688104808330536,-0.3907138109207153,-0.2693354487419128,-0.3522096276283264,-0.2678639888763428,-0.3223152756690979,-0.2508903443813324,-0.5435699224472046,-0.2612630724906921,-0.5398975610733032,-0.2790305614471435,-0.5898405909538269,-0.2909722328186035,-0.6318938136100769
W,0.0,0.0,0.9284161548676494,3.309833706689341,1.0095123590671922,2.943278672106219,0.9161703261192984,2.596023860719133,0.8220099423930848,2.328687333420541,1.0532637858839518,2.3024720187386567,1.132210314666015,1.8484630234478474,1.1790999345137998,1.5769045244207531,1.2130854009139704,1.308108127442484,0.9408413843105023,2.191358664993378,0.9761677389897977,1.6370034296973366,0.9901841602542871,1.2988284762987068,1.0,1.0,-0.3030906915664673,-0.5257376432418823,-0.2948557734489441,-0.4119027256965637,-0.2919270396232605,-0.3302453160285949,-0.2887340188026428,-0.2540806531906128,-0.2700619399547577,-0.5681935548782349,-0.2836919128894806,-0.5429654717445374,-0.2923206388950348,-0.6033063530921936,-0.2961632907390594,-0.6536420583724976
W,0.0,0.0,1.018088009116726,3.389541794064899,1.1025041818316412,3.0586354331733925,0.9671962842892632,2.774573491407318,0.8311562172358645,2.5599563086752615,1.1287489015205892,2.3035820736498973,1.2048107769588325,1.8185863512948022,1.2457254539045708,1.515775278692267,1.270980348858509,1.2330468030409303,0.9883156372855656,2.1918796747395484,1.003264053106695,1.6237173234052658,1.0051380648354564,1.2811720481308129,1.0,1.0,-0.2885993123054504,-0.5351547002792358,-0.2673855423927307,-0.4200211763381958,-0.2550622522830963,-0.336821973323822,-0.2429189682006836,-0.2641017735004425,-0.2567513287067413,-0.5843963027000427,-0.265374094247818,-0.5721870064735413,-0.2786528170108795,-0.6321092247962952,-0.2866522669792175,-0.6847860217094421
W,0.0,0.0,1.0268769941709925,3.3892883016860296,1.1261344761919367,3.0544398179161742,0.9909022698813055,2.7744409664405456,0.8436170849615264,2.5715308809490423,1.1590435626865279,2.3332094635560647,1.2531219874557253,1.8601179183327987,1.305670147124467,1.5641034402813603,1.3390596187764838,1.282410989954446,1.0009099499493124,2.2210218876947248,1.0159789255709697,1.6473269637690398,1.0103342279487042,1.2973540276542839,1.0,1.0,-0.263228565454483,-0.5770185589790344,-0.2419568598270416,-0.4585664868354797,-0.2284422516822815,-0.3699216842651367,-0.2159893959760666,-0.2905215919017792,-0.2292426526546478,-0.6288720965385437,-0.2384402453899383,-0.6132821440696716,-0.2520071566104889,-0.6773115396499634,-0.2607452869415283,-0.7334676384925842
W,0.0,0.0,0.9747860499901538,3.092228308296538,1.0633164419818335,2.876245985036417,0.9335666380167735,2.6189464191629543,0.7998386399618382,2.4413905431513756,1.0959856736315055,2.168662034228071,1.2057863898077474,1.7444412139829628,1.2592788686775624,1.4984896333483777,1.2966049520949614,1.2521918393362719,0.9624596644336814,2.0750134740461923,1.0009546706079822,1.549196726686339,1.0033921331516236,1.2624116092856845,1.0,1.0,-0.2872470617294311,-0.5868596434593201,-0.2742989659309387,-0.4653023481369018,-0.2636969685554504,-0.3859415650367737,-0.2549168169498443,-0.3063802123069763,-0.2556968033313751,-0.6374580264091492,-0.2609623074531555,-0.5492281913757324,-0.2698140144348144,-0.5931293964385986,-0.2759447395801544,-0.6541935801506042
W,0.0,0.0,0.9695759231359994,4.201214754830324,1.033596828131483,3.74629797326768,0.9006889497332625,3.274185624718142,0.784514612457959,2.941880457558916,1.084556340794534,2.7528201387636906,1.1676081442531494,2.0945826783530817,1.210930948338517,1.709878574453024,1.244014769881741,1.3353739960915563,0.9547056285622649,2.6092197112421736,0.990016463290834,1.8464531710859218,0.9959634409013469,1.4056134498117667,1.0,1.0,-0.2726763486862182,-0.466523677110672,-0.257848858833313,-0.3465956449508667,-0.2478743642568588,-0.2694389820098877,-0.2399254441261291,-0.1951245963573455,-0.2410836368799209,-0.5143782496452332,-0.2401170581579208,-0.4458923935890198,-0.2468416392803192,-0.4942269027233124,-0.2528330385684967,-0.5466344952583313
W,0.0,0.0,1.0342714589711026,5.935061069357123,1.1173286061849412,5.286258724852259,0.9669542190739917,4.633487259263885,0.8282565915464435,4.13216425986879,1.1602726628370812,3.7297364791674,1.252687286606951,2.734403907966927,1.3014931860305121,2.1546954373050684,1.3396621010743142,1.58013664807872,1.0050695044498614,3.5314918099393697,1.0217594373207257,2.3487546845731027,1.0100349513350786,1.6379917250166955,1.0,1.0,-0.2615724503993988,-0.4472129046916961,-0.238500565290451,-0.32606041431427,-0.2197718471288681,-0.2444070130586624,-0.2048861384391784,-0.1673235595226287,-0.2309846729040146,-0.4994966685771942,-0.2292028665542602,-0.4540573358535766,-0.2378638684749603,-0.5162429809570312,-0.2452965676784515,-0.5759601593017578
W,0.0,0.0,1.0831031149809265,4.925586092441361,1.1859342155048072,4.409522285674173,1.0253994222799727,3.8895731957658084,0.874972601497884,3.493479314928058,1.2064026522175657,3.2152512206155635,1.314931683564006,2.4330061244085965,1.3695330146098392,1.9655387894458465,1.4069159565045857,1.5109347102532829,1.0378703692275348,3.0661642621537397,1.0473921733279252,2.072232473237569,1.0247819717643276,1.5194364043002113,1.0,1.0,-0.253390908241272,-0.5072563290596008,-0.2416642010211944,-0.3819996118545532,-0.231809914112091,-0.3002796173095703,-0.2202523648738861,-0.217301994562149,-0.2217977344989776,-0.5628991723060608,-0.2334291338920593,-0.4719609320163727,-0.2452266663312912,-0.5172800421714783,-0.2495368719100952,-0.5760048031806946
W,0.0,0.0,1.1061096737289493,5.6409839863775115,1.2073150740981438,4.995734649394119,1.0542118237357148,4.417531981131863,0.9134268560354022,3.9621269617756023,1.2129002126924033,3.60338920143333,1.309912322197906,2.6831925571184025,1.361851260740837,2.11928900325941,1.3961522401756954,1.5724805931271215,1.045813087542059,3.4651549063228955,1.0402212801255977,2.314091717859722,1.0197421876361326,1.6401190843060196,1.0,1.0,-0.2532316148281097,-0.4813586175441742,-0.2414246052503585,-0.3612341284751892,-0.2331409156322479,-0.2806565165519714,-0.2226507365703582,-0.2000713348388672,-0.2230885773897171,-0.5365397334098816,-0.2392959147691726,-0.4573411345481872,-0.2522664666175842,-0.5075738430023193,-0.2571314573287964,-0.5651304125785828
W,0.0,0.0,0.8950820328171964,3.7226415326532107,0.9911026687923946,3.427043460970234,0.873472896121157,3.059164460726053,0.7554056331789908,2.764728353553286,1.0544166677688709,2.5371734727518027,1.179062224342976,2.020160667177482,1.2430344935643147,1.713281176628321,1.2924693680503907,1.4053813076569834,0.9208967567048776,2.401679084055891,0.9800606178380044,1.7295822303630264,0.9921601065170109,1.3502232280203144,1.0,1.0,-0.2837104201316833,-0.5647797584533691,-0.2761707603931427,-0.4381274282932281,-0.26665198802948,-0.353751927614212,-0.2584159672260284,-0.2690670192241668,-0.2474486827850341,-0.6152848601341248,-0.2602368593215942,-0.5350666642189026,-0.2659787237644195,-0.5934456586837769,-0.2668425440788269,-0.6607403755187988
W,0.0,0.0,1.0487511424528366,4.632504106949435,1.1483371544697374,4.152882364564419,1.0129629217939686,3.699615771262749,0.881314189772305,3.3626887069347235,1.166477573766506,3.0319206244582366,1.2684111301693517,2.3296477759011855,1.3255038599854456,1.8872541419252113,1.3612740475647758,1.4577519662155636,1.022145766629624,2.872038597392033,1.0338889271071439,1.9737504993963977,1.0196594915682948,1.4613573558024453,1.0,1.0,-0.2829633355140686,-0.4901341199874878,-0.2713850736618042,-0.36894291639328,-0.2637708783149719,-0.2837973535060882,-0.2539927363395691,-0.204223096370697,-0.2520026266574859,-0.5366594195365906,-0.2645357847213745,-0.463888943195343,-0.2785114645957947,-0.5107980966567993,-0.2852431535720825,-0.5661178827285767
W,0.0,0.0,1.0332621260284227,4.095556184684621,1.1228831048014623,3.691175401557985,0.9815471811871128,3.248605086927677,0.8500070451132677,2.916373002101994,1.160497653894168,2.7488187215722535,1.2589358290406707,2.118439169643698,1.3118212111591074,1.74303877721848,1.3483556725188854,1.3784934172003958,1.0105220062253182,2.6111656231337648,1.0252500575196095,1.82904213464105,1.0142922418586895,1.396471240298641,1.0,1.0,-0.271253377199173,-0.5208646059036255,-0.2595014572143554,-0.3955220580101013,-0.2524770200252533,-0.3120042681694031,-0.2437591552734375,-0.2324123680591583,-0.2402405887842178,-0.5664428472518921,-0.2503850162029266,-0.4847960174083709,-0.2628241181373596,-0.528571605682373,-0.2687536776065826,-0.5821825861930847
W,0.0,0.0,1.0525519496254747,4.448875489051534,1.125681284097505,3.974932947651322,0.957925324510653,3.546474591192561,0.8108256969095856,3.237411451256155,1.1493812050479038,2.9462713152649695,1.2322969109178104,2.2504012204757777,1.2758490915955878,1.8325307784634142,1.3068272113011727,1.4165992839547348,0.994209655117296,2.830468799127294,1.0141269783533196,1.994287563668973,1.0072817849328282,1.488403737160261,1.0,1.0,-0.2518161833286285,-0.5136376023292542,-0.2373794317245483,-0.3918800055980682,-0.2278612554073333,-0.3131079375743866,-0.2206700146198272,-0.2323716282844543,-0.2203298360109329,-0.5672152042388916,-0.2186013460159301,-0.5025132894515991,-0.2242830842733383,-0.5594512224197388,-0.2300207763910293,-0.6152496337890625
W,0.0,0.0,1.0324763210127479,4.367821526793189,1.1178823541640388,3.893115252558037,0.9823614873149044,3.4217365607010475,0.8601463048873657,3.0446360670299453,1.14897802497379,2.866466578978836,1.2389620035350166,2.1846531490750074,1.289325545147054,1.7787441280470098,1.3243620835713399,1.3883095608206213,1.007031290233726,2.7359742744401365,1.0205922971417019,1.9039134965238038,1.0123367440902342,1.4345600519294173,1.0,1.0,-0.2815030813217163,-0.4938389658927917,-0.2685408294200897,-0.3745323717594147,-0.2609814405441284,-0.2947561740875244,-0.2518580257892608,-0.2203687727451324,-0.2512984275817871,-0.5380581617355347,-0.2631733417510986,-0.4688397049903869,-0.2790586352348327,-0.5163174271583557,-0.2884024381637573,-0.5678678154945374
W,0.0,0.0,1.0649492372492166,5.2176279480408105,1.1591086277794858,4.661014638710045,1.0135390345108743,4.094776387262378,0.8772925260615146,3.666591709889806,1.17943941096287,3.3692860746229227,1.2822102779394096,2.5051661754845425,1.3333712654772285,2.000692854801617,1.3691274036831471,1.5125497938142007,1.0212091779410744,3.2323474228158733,1.0331468398294414,2.17200960895316,1.017914867681448,1.5713434434104694,1.0,1.0,-0.2633152604103088,-0.4893345236778259,-0.2535230815410614,-0.3661969304084778,-0.2461774200201034,-0.2870275974273681,-0.2369448542594909,-0.2054726183414459,-0.232479065656662,-0.5443577766418457,-0.2459668815135955,-0.4511753022670746,-0.2578342854976654,-0.4949081540107727,-0.2625980377197265,-0.5513351559638977
W,0.0,0.0,0.9749469254240796,4.918673339004085,1.0739531185353746,4.462929863128709,1.0256066404633846,3.996042994598059,0.9498256490484073,3.5774709189929643,1.0879676510136533,3.213598017446764,1.1576316197765826,2.4737282237663365,1.199812008688457,2.0009189193170065,1.2285442956143982,1.5586425549307916,0.9883003206454282,3.0620888245712887,1.00147147807199,2.1011569803622656,1.0019483088539514,1.5046398889416688,1.0,1.0,-0.4161407947540283,-0.5173746943473816,-0.4139435589313507,-0.3997481167316437,-0.4147487282752991,-0.3147298395633697,-0.4109504818916321,-0.2385029792785644,-0.3825516700744629,-0.5698613524436951,-0.4121872782707214,-0.5263254046440125,-0.4266496896743774,-0.5787169933319092,-0.4297602474689483,-0.6319561004638672
W,0.0,0.0,1.1806161258213144,4.726170441574205,1.2962658147224957,4.239483391305181,1.105082705178362,3.835468337461348,0.9194451556699492,3.4880507289151876,1.3017947778138592,3.0593208035323864,1.4059444803136318,2.3020853346733086,1.4597942960178907,1.8331798332740727,1.4885895098952622,1.379347649380016,1.0999527956250459,2.9577972495177236,1.081991630899949,2.0328941614628215,1.0428686352459862,1.4939357768734505,1.0,1.0,-0.2321650236845016,-0.5335015654563904,-0.2117831707000732,-0.4120604395866394,-0.1964065879583358,-0.3267752528190613,-0.178992748260498,-0.2451131641864776,-0.2017318308353424,-0.593192994594574,-0.2158418595790863,-0.5286158919334412,-0.2325110584497451,-0.5867099761962891,-0.2398580908775329,-0.649760365486145
W,0.0,0.0,1.157251474065552,6.035460370282792,1.2855035986423182,5.407218263812294,1.0956510974475318,4.856696642244289,0.9079405814844154,4.384216110559921,1.291581861152458,3.820352213987179,1.4108744287196235,2.818558787118976,1.4694400782756036,2.2006512887248517,1.5046271999390555,1.5977390280014012,1.0829953511957087,3.660431439445677,1.0736519151990487,2.411231298707843,1.0376600165335785,1.682114004486189,1.0,1.0,-0.2315662205219268,-0.5019524693489075,-0.2112926840782165,-0.3813275694847107,-0.195309430360794,-0.2986466884613037,-0.1786477863788604,-0.2178347110748291,-0.2009703069925308,-0.5589606761932373,-0.2132109999656677,-0.4942485690116882,-0.2288508713245391,-0.5534397959709167,-0.2371747344732284,-0.6183501482009888
W,0.0,0.0,1.0404087813659564,3.9102753054415835,1.1692629684975582,3.6049827801454817,1.0780470696244642,3.327866054863007,0.9587815300667898,3.077511995689855,1.1643723276408968,2.629918400391001,1.2539529072438094,2.0551712993571396,1.3062356882212156,1.688034494069889,1.337955614906147,1.3338615106433704,1.0284776557683413,2.549434554065404,1.0333511041257466,1.8342366377490935,1.018340723763582,1.3918912226959286,1.0,1.0,-0.3496942818164825,-0.639631450176239,-0.344369113445282,-0.5179683566093445,-0.3379636704921722,-0.4307829737663269,-0.3271296620368957,-0.3482478857040405,-0.314551442861557,-0.7009444832801819,-0.3444291353225708,-0.6410459876060486,-0.3622075915336609,-0.7003907561302185,-0.3676889538764953,-0.7661921977996826
W,0.0,0.0,1.1977032964203536,3.9555492865325075,1.33125349643393,3.691733124091843,1.1174523256113345,3.5110994466174064,0.88220967602248,3.331921518511539,1.3252804754447929,2.663244910561724,1.4368288309797503,2.070769690866509,1.4906198431256887,1.7058668164038238,1.5364773735373496,1.328610754945816,1.1206645974799925,2.5716380404832444,1.0971760517390294,1.8723465043195238,1.04134873987936,1.4291960735875395,1.0,1.0,-0.2450219839811325,-0.6278591752052307,-0.2130616456270218,-0.5119630694389343,-0.1891968995332718,-0.4271341562271118,-0.1725495159626007,-0.3344892859458923,-0.213319793343544,-0.6966601014137268,-0.2111012935638427,-0.679826021194458,-0.2201286852359771,-0.7584689259529114,-0.2298956215381622,-0.8261271715164185
W,0.0,0.0,1.1970046640811467,4.76560016959875,1.3153732489855154,4.291554811370261,1.1336934229566282,3.8792417803419816,0.9597216204562129,3.5506078018795395,1.305809990595006,3.0701873237067843,1.4149178135556828,2.2923738196422447,1.467819956415208,1.8168377315425701,1.4990845169321525,1.3570892917870319,1.1092595312547264,2.9918014912691357,1.086728491726262,2.044731501788168,1.0405241722840333,1.5081676695304993,1.0,1.0,-0.2480270266532898,-0.5558534860610962,-0.2324200421571731,-0.4287867546081543,-0.2187703102827072,-0.3443232774734497,-0.2034478187561035,-0.2572129964828491,-0.2171975672245025,-0.6218478083610535,-0.2307246327400207,-0.5277557373046875,-0.2464280575513839,-0.5799142122268677,-0.2536144554615021,-0.6473435759544373
W,0.0,0.0,1.0707006917157897,3.7904833492203607,1.177522613306673,3.455390491597614,1.038746478170492,3.119888141137999,0.9013565131374964,2.8301516041462813,1.2117479342559325,2.5579977157270926,1.3153333151456643,2.002638155605948,1.3674430623083618,1.6617200694727614,1.3999116826142446,1.3287491776551015,1.0465036574331052,2.4609338112967074,1.0508140313235235,1.7605214581297566,1.0265896118049456,1.3652233086302807,1.0,1.0,-0.2633546888828277,-0.5716608166694641,-0.2490406483411789,-0.4502626657485962,-0.2379052937030792,-0.3663288354873657,-0.2249790877103805,-0.2859328985214233,-0.2333147078752517,-0.6254633665084839,-0.2484331727027893,-0.5530753135681152,-0.2604081034660339,-0.606202244758606,-0.2639485895633697,-0.667666494846344
W,0.0,0.0,0.9208274171400085,4.7000569785618165,1.0089566951721243,4.248218107936888,0.9235146480327852,3.7518898514433943,0.8413619792363551,3.3264076891069734,1.0584079056250801,3.1566573076879823,1.1511728375994115,2.4422226137415795,1.2040315848293783,2.000344870242571,1.2386178607749019,1.5707694354998927,0.943776596069914,2.976807101328125,0.985638906396048,2.0300486941788147,0.9960062766903666,1.477405001368235,1.0,1.0,-0.3161685466766357,-0.4877422451972961,-0.3100514411926269,-0.3635045886039734,-0.3059587478637695,-0.274758905172348,-0.3005485236644745,-0.1948039829730987,-0.2817901968955993,-0.5333543419837952,-0.3012447357177734,-0.4740340709686279,-0.3112124800682068,-0.52904212474823,-0.3139738738536834,-0.5870428681373596
W,0.0,0.0,1.0115934989857525,3.7876402830977183,1.111659906376733,3.442907088549591,1.0004295668593113,3.0931368702333675,0.8910355644542086,2.812024380947999,1.138081396798716,2.584396921855329,1.237197896473571,2.0397418162401153,1.29243047332972,1.7080914623816632,1.3281253301439409,1.3785096024599521,1.0025131973694221,2.4739924274825387,1.0173649478339704,1.773694656933899,1.0101013957340939,1.373045979207418,1.0,1.0,-0.2927440702915191,-0.5540720224380493,-0.2858425080776214,-0.4374692440032959,-0.2818535268306732,-0.3548995852470398,-0.2744807004928589,-0.273335188627243,-0.2612311840057373,-0.6035082340240479,-0.2820686995983124,-0.5288347005844116,-0.2954992353916168,-0.5790025591850281,-0.2987447679042816,-0.6383225321769714
W,0.0,0.0,0.974715451651442,4.854779359685934,1.0842851414948254,4.412336798650423,0.9867388774029284,3.887223337264087,0.8763443395484967,3.5082801516620474,1.1037994072955546,3.2273381692014205,1.213334091228292,2.4652761246336774,1.2691089576811676,2.0174402154616558,1.3055039742329306,1.5755201195046888,0.976729396069023,3.0658732801424646,1.0105213153284,2.0734802980994416,1.0074199785699252,1.5168219037965183,1.0,1.0,-0.3054128885269165,-0.5129086375236511,-0.3039150834083557,-0.3894056379795074,-0.3011166751384735,-0.3036455512046814,-0.2962769269943237,-0.2147722840309143,-0.2714086771011352,-0.5721437931060791,-0.2936330437660217,-0.4779258668422699,-0.3065521419048309,-0.5233417749404907,-0.3087886273860931,-0.5884231925010681
W,0.0,0.0,1.0268682130748659,4.597074530007511,1.1257665860490276,4.158697754523448,0.9856304741210055,3.7175412122860427,0.8553056737587952,3.3559505162375767,1.1669539410404697,3.0697388072040432,1.2763928567221658,2.373522637316361,1.3354046520136116,1.9402525612793808,1.3714553174927082,1.5133245241024469,1.0121255093209838,2.921854068656662,1.030199592751084,2.0017242787217255,1.0176562627908696,1.4823975100200502,1.0,1.0,-0.2664456367492676,-0.5320461392402649,-0.2557383179664612,-0.4083927273750305,-0.2501278519630432,-0.3188166320323944,-0.2414028048515319,-0.231499969959259,-0.2337994575500488,-0.583536684513092,-0.251112163066864,-0.5058521032333374,-0.2636353671550751,-0.5588235259056091,-0.266312301158905,-0.6223779320716858
W,0.0,0.0,1.1191139532014553,3.498077966373153,1.2437948391015048,3.2064339232562578,1.0913717417343225,2.9666458759345966,0.9239118779155278,2.770745522567344,1.2582138960426237,2.3782236443634375,1.3550263661228108,1.8597067717256572,1.4089549325723896,1.5466999694342403,1.4410433326418652,1.2505730234048003,1.0754563665745887,2.3178180333471317,1.063679005727728,1.7072349491830148,1.0346976016875327,1.3277525820171825,1.0,1.0,-0.2646814286708832,-0.6426141262054443,-0.2448298335075378,-0.5217559337615967,-0.2297025769948959,-0.4341149628162384,-0.2118296176195144,-0.3537795543670654,-0.2314101904630661,-0.7058876752853394,-0.2517962157726288,-0.6596348285675049,-0.2670879065990448,-0.7241363525390625,-0.2712318003177643,-0.7896855473518372
W,0.0,0.0,1.0271827473792647,3.7444518230567936,1.14215337777606,3.409046120410205,1.0248941135957301,3.0973822841559033,0.890897903667021,2.8497116654111365,1.1579574061608646,2.5548783272656648,1.2617444628585583,2.0128543155695433,1.3220686459723194,1.6817006622377497,1.3625063422220993,1.3553480357288161,1.0065349576100002,2.4615219656623304,1.0196456029134389,1.7800287940868444,1.0126810421495884,1.3681468367188918,1.0,1.0,-0.2786073386669159,-0.5811104774475098,-0.2680296301841736,-0.4666495025157928,-0.2610363066196441,-0.3827128410339355,-0.2500660717487335,-0.3040293157100677,-0.2459184825420379,-0.6377564072608948,-0.2686669826507568,-0.5809000134468079,-0.2816109955310821,-0.6379733681678772,-0.2835695445537567,-0.7014498114585876
W,0.0,0.0,1.0629813585009502,3.6713373910027967,1.1577344523764261,3.318219350215802,1.0113496890632827,3.0158536878345132,0.8725791205548024,2.761952611545871,1.1949254455569294,2.497813788694792,1.300088433952336,1.9548964657121015,1.3601741581707407,1.6245218642021222,1.3925450808351445,1.306539362248842,1.0309707884380483,2.3902812827722797,1.046157691810827,1.7157712479265992,1.0273299773243585,1.3365381401431433,1.0,1.0,-0.2546664476394653,-0.5644856691360474,-0.2373912334442138,-0.4466446936130523,-0.2262788712978363,-0.3632180094718933,-0.2134690284729004,-0.2845626771450043,-0.2232013046741485,-0.6142413020133972,-0.2372757792472839,-0.5518134236335754,-0.2518967390060425,-0.6079351902008057,-0.2584594190120697,-0.6681399941444397
W,0.0,0.0,0.8636327247972316,3.9448120818091836,0.9529478414069122,3.5873536990360124,0.84360870845896,3.1616120312576803,0.7369493964584212,2.815293233821765,1.0153129093572923,2.7233142126954495,1.1279387084632226,2.1930254372353954,1.189703410584325,1.8717269657162523,1.2359689211361253,1.5417044281712295,0.8891667728802086,2.5528888077568483,0.9576966311053781,1.8414214801760882,0.9848590500118716,1.4120858813865156,1.0,1.0,-0.2708926796913147,-0.5502720475196838,-0.2652378976345062,-0.4209344983100891,-0.2647452056407928,-0.3306774497032165,-0.2606730163097381,-0.2460180819034576,-0.2337735295295715,-0.5926394462585449,-0.2538888156414032,-0.516537606716156,-0.2646350562572479,-0.5711776614189148,-0.2657274603843689,-0.632303774356842
W,0.0,0.0,0.9684237898881831,3.926680322447206,1.0934973345444983,3.579275270718325,0.9358835870325645,3.216174120651026,0.7776273679303999,2.960936138402841,1.1288701610729144,2.6738550247462904,1.2666866728885187,2.119183519411717,1.3379747145429666,1.7843819359431203,1.391081168189028,1.4465462546694583,0.9562093065872561,2.5484266629989945,1.000290650557092,1.8190717568921098,0.9994602055701556,1.401815655361976,1.0,1.0,-0.2343412488698959,-0.5950119495391846,-0.2278035581111908,-0.4692821502685547,-0.2202174216508865,-0.3851045966148376,-0.2131226360797882,-0.2960143387317657,-0.1988120526075363,-0.6518660187721252,-0.2109748870134353,-0.5644082427024841,-0.2182394117116928,-0.619215726852417,-0.2205661833286285,-0.6867467761039734
X,0.0,0.0,1.0331913324834783,1.2617599816913114,1.154838178229377,1.105708757824604,1.1406638446157429,0.9510344788345828,1.0244121208832877,0.9154996493363522,1.0459277514120657,0.872289574415715,1.0404088431528555,0.7115214081842872,1.0782392852808542,0.6302955689939156,1.0998999020220186,0.6227744238073643,0.9367903232572705,0.8738857367561251,1.0231959075440709,0.7750730303408349,1.0388332185151525,0.9454509399640233,1.0,1.0,-0.2814820408821106,-0.50911945104599,-0.3120348751544952,-0.4908133745193481,-0.3183020055294037,-0.5776606202125549,-0.302145391702652,-0.5941410660743713,-0.2503239214420318,-0.5350049138069153,-0.2813266217708587,-0.5311503410339355,-0.2895689010620117,-0.5905646681785583,-0.2750621438026428,-0.5993185043334961
X,0.0,0.0,1.023639405318208,1.235943972800291,1.1641846749821927,1.0891306281084123,1.1720442560180115,0.943278041853101,1.0574085103566937,0.9244897562364168,1.0517307231148993,0.8358303281255567,1.0742327564552776,0.6933474041904031,1.1075129169593039,0.6098373708579876,1.1359199095154635,0.5456234906720857,0.933062185703927,0.8271010372618128,1.0457707943298442,0.8142214555105379,1.0458030822807283,0.9718871066395475,1.0,1.0,-0.2823340892791748,-0.5177339315414429,-0.3213405311107635,-0.5405524969100952,-0.3211298584938049,-0.6232787370681763,-0.3022326231002807,-0.6327877640724182,-0.254235565662384,-0.5497907996177673,-0.2938006222248077,-0.5799874067306519,-0.2958388924598694,-0.6361948251724243,-0.2773935198783874,-0.6394376158714294
X,0.0,0.0,1.034358020957498,1.2293043461259512,1.1868259531391772,1.0913401478284266,1.19647707662474,0.9498532236335553,1.0783022291803803,0.9426109527848406,1.0768604671849706,0.8338119121147993,1.116646088704656,0.6786704100148684,1.155194185984451,0.5931478293576938,1.1855990143927129,0.5208811609531107,0.9445576331192513,0.8211756447127456,1.0541078830792223,0.8264048495321125,1.0470493159458452,0.9779143697460997,1.0,1.0,-0.2815198302268982,-0.5445241332054138,-0.3181449174880981,-0.5839499831199646,-0.317417174577713,-0.6635220646858215,-0.301562637090683,-0.6657392978668213,-0.2497777193784713,-0.5768037438392639,-0.285355806350708,-0.6170817017555237,-0.2896565794944763,-0.672722339630127,-0.2752076983451843,-0.6735344529151917
X,0.0,0.0,1.0220628613128804,1.2390669111143933,1.1789116586209236,1.1043373424840124,1.1866222220310947,0.9642331524494614,1.071133728979838,0.9378319122129445,1.0848690172738384,0.8369106695809888,1.1256266153264813,0.658012694670322,1.152045657963154,0.5504263938844678,1.1575313408161019,0.449768668777246,0.9408909469171675,0.8175640351436291,1.050759323809821,0.8137728296005374,1.0492670019334835,0.9732201880034345,1.0,1.0,-0.2641804218292236,-0.5229352116584778,-0.3001930713653564,-0.5669228434562683,-0.3010627627372741,-0.6499971151351929,-0.2853092551231384,-0.6513146162033081,-0.2330541312694549,-0.5544514656066895,-0.2675047218799591,-0.6034715175628662,-0.2716244459152221,-0.6588989496231079,-0.2554474472999573,-0.6553605794906616
X,0.0,0.0,1.0238729069004047,1.263594337576612,1.183455665300574,1.1076405508215805,1.1906654008238748,0.9571319722339361,1.0655240886582809,0.9299381568279262,1.0712052724487149,0.8309754400698917,1.0732951293591304,0.6562798962538825,1.1402625334637944,0.6261657253084497,1.1794627681343999,0.6712510801944677,0.9286908666135737,0.8204450391321513,1.0475229831521973,0.8144427560691062,1.051749923767212,0.9791177230578099,1.0,1.0,-0.256885677576065,-0.5128039121627808,-0.2941727638244629,-0.5544021129608154,-0.2968440949916839,-0.6381626725196838,-0.2807692885398865,-0.6367528438568115,-0.2257812619209289,-0.5447368025779724,-0.2620386481285095,-0.5946378111839294,-0.2657577991485595,-0.6522427201271057,-0.2483801543712616,-0.6452397704124451
X,0.0,0.0,1.0281055318909906,1.2529938949513064,1.212389415255088,1.110695786788022,1.2050050865162094,0.9586249842269999,1.0698106279482897,0.9260768983767403,1.1206483232670017,0.8330979095517185,1.172139128919127,0.6369166682909864,1.1926001205233805,0.519583141407126,1.195739386982897,0.4044145421418657,0.9652718776989205,0.8069944407227574,1.0623830338766522,0.8138536696461821,1.0482794647241946,0.9857241781882234,1.0,1.0,-0.2412405461072921,-0.4808865189552307,-0.2661846876144409,-0.5125818848609924,-0.2677723169326782,-0.6004665493965149,-0.2566505074501037,-0.5999058485031128,-0.2056800872087478,-0.5065518617630005,-0.2312502264976501,-0.5388877987861633,-0.2382374107837677,-0.6015421748161316,-0.2266569435596466,-0.6049357056617737
X,0.0,0.0,1.0315779142810262,1.2724117097327214,1.2037869002204644,1.10684711747998,1.1942997143109804,0.9386726747222245,1.0479096754472548,0.8890179159653321,1.09679311647412,0.816907857487522,1.0995016671582352,0.6267546704244756,1.1460187300358888,0.5710727021246945,1.1780028144636647,0.5960009467083849,0.9429530808562797,0.7973110366008643,1.0464978431475784,0.8033455022494994,1.0444209877407769,0.9725223013208887,1.0,1.0,-0.2396098375320434,-0.4627190828323364,-0.2684527337551117,-0.5015260577201843,-0.2726884484291076,-0.5817078351974487,-0.261132150888443,-0.5840892791748047,-0.2063270211219787,-0.4929583668708801,-0.2365534603595733,-0.5392134785652161,-0.2426918894052505,-0.5962910056114197,-0.2304829806089401,-0.5922217965126038
X,0.0,0.0,1.0547555949771328,1.241852962706243,1.2125136583280347,1.0671197933821905,1.2421762006691073,0.9120619574376482,1.1078526458015645,0.9090023554948508,1.017414099630941,0.8116238961888023,1.0213278667958192,0.6263935515151757,1.0995566505185101,0.5632475033598315,1.1754588881000483,0.5622216895879353,0.8788284505812581,0.8174038530055606,1.0439827326397766,0.8088681615529623,1.0582795919866779,0.9621048865430833,1.0,1.0,-0.2275789678096771,-0.5143951177597046,-0.281399667263031,-0.537477970123291,-0.2835243046283722,-0.6181644201278687,-0.2647412419319153,-0.6331006288528442,-0.2056274563074112,-0.5539836883544922,-0.2580530941486358,-0.5804879069328308,-0.2587454617023468,-0.6367461681365967,-0.2372017651796341,-0.6456398367881775
X,0.0,0.0,0.9986446056308541,1.2480990146994984,1.1824301342651853,1.1106428379472,1.1869883913091688,0.9579193460832601,1.0575369045605025,0.9057304423324725,1.1053158362332247,0.8445389668011384,1.13389630189253,0.6978080336942298,1.174617808133115,0.6326908890520551,1.2026645454081732,0.6207125665818594,0.9595228074349349,0.819356725638715,1.062118204490448,0.828049596546663,1.0451857207371598,0.9815576767151648,1.0,1.0,-0.2552085518836975,-0.5236741304397583,-0.2815369069576263,-0.557837724685669,-0.2824678719043731,-0.638944685459137,-0.2686086595058441,-0.6409152150154114,-0.2194360196590423,-0.5522732138633728,-0.2465737611055374,-0.59308922290802,-0.2512145936489105,-0.650509238243103,-0.2388925850391388,-0.648047924041748
X,0.0,0.0,1.0200875062156909,1.2747096018040593,1.1878473310247122,1.1250551170350551,1.2156230009479891,0.9609417830000166,1.0959925867005196,0.9050052566919701,1.0744470403292579,0.8537196937585775,1.0940597089216604,0.678484351638759,1.154711064728393,0.6222999256707412,1.1954758796473606,0.6327133877601778,0.9363952672566082,0.8424924807156415,1.055320318993277,0.8201194856041416,1.0493826168562297,0.9905794065282141,1.0,1.0,-0.2474480718374252,-0.5067183375358582,-0.2807106673717499,-0.5262256860733032,-0.2812008857727051,-0.6143146753311157,-0.2649986445903778,-0.612203061580658,-0.2135456204414367,-0.5321283936500549,-0.2470221817493438,-0.5559976696968079,-0.2527266144752502,-0.6184161305427551,-0.2370786368846893,-0.6195703148841858
X,0.0,0.0,1.0042446948525094,1.2488124671216883,1.1819994225432704,1.0952004132059823,1.2254310113757785,0.9434175651297221,1.1039059089657268,0.9167603956078824,1.0590133725094197,0.8339304844507958,1.0889469351479095,0.6611037987211117,1.1568790602115506,0.5962307076916086,1.2141660300486363,0.5815346333488957,0.9178576255866444,0.8217602471752214,1.0560563683700512,0.8031721825548,1.0522290018740987,0.9633413327878393,1.0,1.0,-0.2418389618396759,-0.528721272945404,-0.2842031121253967,-0.5594932436943054,-0.2819607257843017,-0.6453198790550232,-0.2636120319366455,-0.6536911129951477,-0.2124211192131042,-0.558607280254364,-0.2545543909072876,-0.6028855443000793,-0.2530215084552765,-0.661128580570221,-0.2326817810535431,-0.6588885188102722
X,0.0,0.0,1.0265850567986285,1.2112637373572528,1.1873040435421789,1.0700868074537149,1.234973103315936,0.9353734551493975,1.106294930228796,0.9245112809208309,1.0371621460889586,0.8335238138470004,1.0707275941582177,0.6778633498017463,1.1404188095997057,0.6134937948520209,1.2065783484865065,0.5859567066233948,0.8909910183154364,0.8296748512452344,1.0427748068783194,0.8214154355019713,1.050383111229524,0.9599859652771879,1.0,1.0,-0.2349992394447326,-0.6078691482543945,-0.2843117713928222,-0.646080493927002,-0.2849434912204742,-0.7256471514701843,-0.2676803171634674,-0.7363208532333374,-0.2096628248691558,-0.6476703882217407,-0.2560313642024994,-0.699091374874115,-0.2561436295509338,-0.7525099515914917,-0.2360460311174392,-0.7526090145111084
X,0.0,0.0,1.022781176425822,1.244213074074123,1.191840796589866,1.0881700977408681,1.230349234314549,0.9411933729416808,1.1048065044828432,0.9212126333037914,1.0310653149722802,0.8260331179399183,1.0510981025182091,0.6645454397999578,1.1323149425143917,0.6144262979007676,1.1972346721496012,0.6266322600503462,0.8820798068957363,0.8231326530092619,1.0385358510344382,0.8101884901418895,1.05272796698701,0.9609100653120917,1.0,1.0,-0.2243611514568328,-0.5430983901023865,-0.2735903561115265,-0.5796740651130676,-0.2738889455795288,-0.6609017848968506,-0.2549508810043335,-0.6695905923843384,-0.1978191435337066,-0.5812187194824219,-0.2448594570159912,-0.626125156879425,-0.2446452677249908,-0.6817516684532166,-0.2231799364089965,-0.6811627149581909
X,0.0,0.0,1.0068309847662256,1.2391434133975783,1.1664114990157008,1.0813502481922774,1.2115311994638065,0.9319166430159417,1.0950653523951288,0.9102287300221937,1.0296656114592415,0.8197322874305665,1.0629308326144489,0.6508986022778336,1.1358541923716134,0.5939613729034143,1.2009722304979868,0.5871441604528609,0.8977000374591679,0.8143155657797304,1.0378737045371138,0.7983322742438801,1.0452754956698038,0.9526210727626327,1.0,1.0,-0.2500060200691223,-0.5299580097198486,-0.2983025908470154,-0.5581536889076233,-0.2976468801498413,-0.6422932147979736,-0.2793708741664886,-0.658302903175354,-0.2237324714660644,-0.5653062462806702,-0.2712174654006958,-0.6079578399658203,-0.2695426344871521,-0.664750874042511,-0.2482315599918365,-0.6670848727226257
X,0.0,0.0,0.9946602622604351,1.227654085255623,1.1037167971564437,1.0938007747511063,1.1575007445122245,0.9595280709505568,1.0877224330339275,0.946492396500028,1.0036952783515058,0.7915253572167854,1.0507800887010263,0.6388794191915853,1.1187507565204862,0.5906535268754944,1.1778570216308821,0.5813892717608267,0.9277635493219336,0.7832921855446713,1.0506001248859216,0.7998181324506435,1.0410737627487712,0.9641410798853792,1.0,1.0,-0.4059813022613525,-0.4610919952392578,-0.4645754992961883,-0.5026192665100098,-0.4583370387554168,-0.5790656805038452,-0.438441514968872,-0.5875282883644104,-0.3872203826904297,-0.4963418245315552,-0.4391554594039917,-0.5382398962974548,-0.4345137178897857,-0.5915246605873108,-0.4143434464931488,-0.596116304397583
X,0.0,0.0,1.046933780619911,1.2615083961824838,1.1839052311563056,1.1215686725364542,1.140572946150889,0.9877984816772147,1.025963681261721,0.9402342694832366,1.0924962551397188,0.8470299529853552,1.0984137633807411,0.7007906066828077,1.1090123120289805,0.6125795246831027,1.1136298004682532,0.5463437910673833,0.9578515334707806,0.8431722601167659,1.0214626737021117,0.8151369092304147,1.0271091076399808,0.9756815839145948,1.0,1.0,-0.2712205052375793,-0.5034083127975464,-0.2892284393310547,-0.5147894620895386,-0.2961966693401336,-0.5953169465065002,-0.28643599152565,-0.595145046710968,-0.2368371784687042,-0.5341014862060547,-0.2569718360900879,-0.5525994896888733,-0.2672270536422729,-0.609264075756073,-0.2584229409694671,-0.6086174249649048
X,0.0,0.0,1.0489497938342494,1.2218413245110362,1.211515686029916,1.0792568772629392,1.2226189530538674,0.9354096351516659,1.1050077825638482,0.9056884860428744,1.0866845091831723,0.8253376470190981,1.13978795296646,0.6849559921170288,1.1770517962219587,0.6025286498263321,1.2075643662122875,0.5266960628120535,0.9409827994109187,0.8111290943945875,1.0590064083523745,0.8152334654836071,1.0486057062152878,0.9732874375893089,1.0,1.0,-0.2523548901081085,-0.5230496525764465,-0.2898507714271545,-0.5563579797744751,-0.2874492406845093,-0.6397681832313538,-0.271715760231018,-0.6453041434288025,-0.2190307378768921,-0.5559675693511963,-0.2560943067073822,-0.5920975804328918,-0.2598344981670379,-0.6507793068885803,-0.2461308687925338,-0.6529474854469299
X,0.0,0.0,1.0401547192249092,1.2744135186210863,1.1838911875604003,1.108334225782382,1.196495970006003,0.944440721344118,1.0856267883556612,0.9096151146484943,1.0561789535875439,0.8208986162550121,1.061038787184435,0.6534220657644062,1.1156926864088046,0.5961788507314907,1.157277096796014,0.6064678574893557,0.9251993947085723,0.815909114302903,1.0402613405814412,0.7979448267192456,1.04724906020417,0.9756466532503651,1.0,1.0,-0.258996307849884,-0.4637234508991241,-0.2954100370407104,-0.4895376563072204,-0.2976343333721161,-0.5701345205307007,-0.2811545729637146,-0.5716758966445923,-0.2285874783992767,-0.4963525831699371,-0.2640709578990936,-0.5265786051750183,-0.2697434425354004,-0.5831557512283325,-0.2540474832057953,-0.5825404524803162
X,0.0,0.0,1.0265103186865179,1.2237435998261832,1.1754291036261024,1.085368579478046,1.1954984506944875,0.9434559141632451,1.0775965949170487,0.9244219735665447,1.077580778760438,0.8239665596743837,1.133096844134488,0.661601397914621,1.1720647811699165,0.5638162746274921,1.200148762250178,0.4748545072156849,0.9447942928076706,0.8079477949922538,1.0570815937443936,0.8291478152106626,1.0500817243406582,0.9746548216004101,1.0,1.0,-0.2774468660354614,-0.5209296941757202,-0.3169308304786682,-0.5577905774116516,-0.3161686956882477,-0.6342004537582397,-0.2994837760925293,-0.6402937769889832,-0.2478003501892089,-0.556458592414856,-0.2873577177524566,-0.5949802398681641,-0.2904742062091827,-0.6471287608146667,-0.2746361196041107,-0.6493977308273315
X,0.0,0.0,1.0497006714422865,1.227465076824206,1.1974617040768663,1.0777764411362079,1.2060086555437215,0.9344660248640699,1.0870455203728038,0.9164552187511494,1.0683220017422332,0.8049112113884983,1.1013192266474965,0.6432661705092184,1.152171872538492,0.5721689370548166,1.2036237427496144,0.5323098951770556,0.929605322502529,0.7942593000739836,1.0509701121546662,0.818429682262737,1.0469439651158132,0.9695365727085695,1.0,1.0,-0.2680520415306091,-0.5082294344902039,-0.3102286458015442,-0.550823986530304,-0.3092815577983856,-0.6271203756332397,-0.2928110063076019,-0.6343719363212585,-0.2376173436641693,-0.5462398529052734,-0.2793367505073547,-0.5884618759155273,-0.2835289537906647,-0.6413565874099731,-0.2683761417865753,-0.6433898210525513
X,0.0,0.0,1.030270856974742,1.227898011056935,1.1764515382876573,1.0919011213200225,1.1905402025951612,0.9505207502381813,1.077419761163913,0.9316622256600754,1.0554545988020914,0.8191290048710167,1.1107356067622711,0.6719581498793211,1.1574918921498254,0.586241886579317,1.1970967436059754,0.511073901620867,0.9265084443304519,0.8048174952105862,1.0544241937389582,0.8218713075627381,1.049987408304519,0.9729676839770648,1.0,1.0,-0.2816142737865448,-0.5198692679405212,-0.3284452259540558,-0.5603646039962769,-0.3272514343261719,-0.638404130935669,-0.308984100818634,-0.6443244218826294,-0.2536227703094482,-0.5590710043907166,-0.299402505159378,-0.60249263048172,-0.3022982776165008,-0.6570622324943542,-0.2846764326095581,-0.6597680449485779
X,0.0,0.0,1.0290018810840689,1.2227616883161754,1.1813573801383253,1.0691296114966353,1.1971878582083249,0.9202272269286732,1.0802880803354151,0.9202895113261422,1.0429725150886384,0.8156498559801706,1.1177915979400836,0.711526171306185,1.1876681753137754,0.6503437501108885,1.2449405878088622,0.5970940453314623,0.9147298817720715,0.8004940170560266,1.0539587118605394,0.8152794178920756,1.0538248564912658,0.969734545205306,1.0,1.0,-0.2804932594299316,-0.5357290506362915,-0.3326423466205597,-0.5742650628089905,-0.3322607576847076,-0.6599376201629639,-0.3127257525920868,-0.669963002204895,-0.2520368099212646,-0.5784909129142761,-0.3016928136348724,-0.6237105131149292,-0.3052623867988586,-0.6827293038368225,-0.2867297828197479,-0.6880529522895813
X,0.0,0.0,1.0300204113366747,1.263001627957117,1.1883052438634771,1.1005394235386143,1.2167964368192368,0.9321978254325856,1.1059526046026236,0.91573233593619,1.0500554790986105,0.807695977185686,1.1125817510829132,0.6554209513810554,1.1699370080415858,0.5795489840110237,1.222278356552529,0.5173854987871042,0.9195718045465411,0.7934400514946895,1.0518283602141765,0.8039065763009856,1.047894794210502,0.9748030151057339,1.0,1.0,-0.2725206613540649,-0.4753300547599792,-0.3182774484157562,-0.5104219913482666,-0.3169907629489898,-0.5920343399047852,-0.2986359596252441,-0.5961468815803528,-0.2428130060434341,-0.5127057433128357,-0.2867311537265777,-0.5537869334220886,-0.2892326414585113,-0.6100744605064392,-0.2715714275836944,-0.6103798151016235
X,0.0,0.0,1.0519595714693135,1.2558579191361963,1.2014400114981192,1.0833395693149277,1.2087653593576104,0.925364046887066,1.0827224016922101,0.9117160909511275,1.0546055309866034,0.8203809889962298,1.055805854107831,0.6392319110695249,1.1035299150508724,0.5668808054154105,1.1460474651087014,0.552955145831588,0.911488280271169,0.8228843549685289,1.035889576669052,0.8010133583472323,1.0501239546907886,0.9677683005975075,1.0,1.0,-0.2555294036865234,-0.5293720960617065,-0.2978060245513916,-0.5472632050514221,-0.3017552495002746,-0.6351117491722107,-0.2829834520816803,-0.6455329656600952,-0.2256326973438263,-0.5678149461746216,-0.2694080173969269,-0.5963757038116455,-0.2742373049259186,-0.656291127204895,-0.2545568943023681,-0.6595761775970459
X,0.0,0.0,1.0510024719371107,1.2746914075282836,1.2134620801012657,1.0959175328683086,1.205953843350064,0.9214293436295045,1.0612954542636408,0.8747460031757545,1.0742831533468995,0.8440537611943469,1.0877121395213278,0.6700750757850493,1.1268133017996282,0.5891907700235941,1.1559344986160671,0.5653168911767725,0.9238505200675174,0.8441950933073151,1.0340013006246687,0.8056615748917512,1.044550406604114,0.9840426983372803,1.0,1.0,-0.2297359555959701,-0.5008854269981384,-0.2599444091320038,-0.5051088929176331,-0.2663661539554596,-0.5958642363548279,-0.2509292960166931,-0.5987836122512817,-0.1944468468427658,-0.531833827495575,-0.2272915542125702,-0.5401569604873657,-0.237996757030487,-0.6033931970596313,-0.2230830192565918,-0.6098313927650452
X,0.0,0.0,1.0282013950784847,1.2733789578013623,1.1858209936355468,1.1060401031303653,1.2126945349548623,0.9386924655150608,1.0892559065650278,0.9031509897654934,1.0698978520882825,0.8390344113691391,1.1036767195268269,0.6693342879532722,1.1526466426903672,0.586639044134605,1.1928782273925966,0.5369290776213884,0.9314885848854723,0.833398189349533,1.0486453799398814,0.7968325706293382,1.0486995840105193,0.9705191691376016,1.0,1.0,-0.2509876191616058,-0.4997885227203369,-0.288567841053009,-0.5112438201904297,-0.2902766466140747,-0.5988280773162842,-0.2726467549800873,-0.6069626212120056,-0.2189330756664276,-0.5324574708938599,-0.2587085962295532,-0.5576727390289307,-0.2633002400398254,-0.6177135109901428,-0.2459815442562103,-0.6198693513870239
X,0.0,0.0,1.0326706431743122,1.2718472416996356,1.1975100401448642,1.1032821607347427,1.2259674959395461,0.9413082467092543,1.098524446407117,0.9215562468394886,1.0464343440137478,0.8280604987544294,1.0539861594903823,0.6489470012883164,1.1244228537348708,0.5961643229438361,1.1805972776297478,0.6133722486848843,0.908587142799894,0.8234057481864205,1.0456735245839164,0.8027197880702703,1.0535260925901335,0.9682956228881078,1.0,1.0,-0.2437316626310348,-0.4983367323875427,-0.2880926728248596,-0.5222312211990356,-0.2887491583824157,-0.6064453721046448,-0.269796222448349,-0.6145792603492737,-0.2154979705810547,-0.531464695930481,-0.2597935199737549,-0.5657579302787781,-0.2616757452487945,-0.6231759786605835,-0.2419318258762359,-0.6237993836402893
X,0.0,0.0,1.0235767810342447,1.2643800193755748,1.1728836105339118,1.1052974435593048,1.217006852008026,0.945705012593692,1.113621614206735,0.9066304692890235,1.0538556431739299,0.8302853527086204,1.0743680995700227,0.6415957851111074,1.1407080569297248,0.5723526000670311,1.1955858500672838,0.5690108637453386,0.9271409264749495,0.8230332701796351,1.053242604361985,0.7875723859429751,1.0502356615477058,0.9605352691355382,1.0,1.0,-0.2553040385246277,-0.4689132571220398,-0.296644002199173,-0.4832372665405273,-0.2936185300350189,-0.5675508975982666,-0.2743947505950928,-0.5774178504943848,-0.2270920872688293,-0.4959030449390411,-0.2684059739112854,-0.5197782516479492,-0.2682270109653473,-0.5764960646629333,-0.2489919066429138,-0.5783093571662903
X,0.0,0.0,1.0301391814876697,1.270927825054678,1.1839046813046261,1.1042605270753583,1.208181465498172,0.9362991824573293,1.0829034136405236,0.8881689700018625,1.0654574252553797,0.8385502846480527,1.067856249935503,0.64608035470103,1.120677801308288,0.571713527922652,1.158476812740765,0.5750424215046589,0.9300949711018152,0.8334334595201064,1.0483361436098828,0.7925463692830534,1.0504326375025248,0.9640826029677251,1.0,1.0,-0.2400916814804077,-0.474804162979126,-0.2746317386627197,-0.4857463240623474,-0.2760998010635376,-0.5696723461151123,-0.2596297860145569,-0.5797504186630249,-0.2100913226604461,-0.5028174519538879,-0.2461500763893127,-0.5235645771026611,-0.2502908408641815,-0.5803976655006409,-0.2338277995586395,-0.5832048058509827
X,0.0,0.0,1.0566630317077421,1.2614762526164047,1.2169513148076745,1.0947037801103094,1.233232313775031,0.9321729267611805,1.0987177929568073,0.9060039065644245,1.066531042693474,0.8302749950464027,1.0699540825627212,0.6465603297918295,1.1280069556457255,0.5751293509096982,1.1817905552219434,0.5613629557584352,0.9223956149116566,0.8297297068150719,1.0529550991619683,0.799164153058361,1.0553111900966703,0.9764005701268718,1.0,1.0,-0.2279608100652694,-0.4903729557991028,-0.2651487290859222,-0.5017731189727783,-0.2672255635261535,-0.5889298915863037,-0.2501776814460754,-0.5936442017555237,-0.196785420179367,-0.5214735269546509,-0.2343357503414154,-0.5364997982978821,-0.2410120815038681,-0.5964305400848389,-0.2247810363769531,-0.6015575528144836
X,0.0,0.0,1.0390506936377095,1.2432792461630275,1.194162970930639,1.091512525376815,1.2197805329591371,0.937712814265113,1.1085304369033906,0.9163813282366973,1.0564365721214763,0.8291495415372339,1.1057143692906795,0.6702559741042436,1.15537356773475,0.58449168423369,1.1993705327023614,0.5149409876534246,0.9213417950803844,0.8211906424365195,1.0582692734385661,0.8121699223584493,1.0525249281709943,0.9755064988094125,1.0,1.0,-0.2586709856986999,-0.5179827809333801,-0.3037000298500061,-0.5399613976478577,-0.3024730980396271,-0.6253315210342407,-0.2838943302631378,-0.6314405202865601,-0.2291880249977111,-0.5517744421958923,-0.2731922268867492,-0.5816352367401123,-0.276299238204956,-0.6400474309921265,-0.2586826384067535,-0.6429333686828613
X,0.0,0.0,1.0227539597396054,1.276832362709975,1.1702624193999098,1.126000558969643,1.1861527166038075,0.9622018286292604,1.079092474184055,0.9100458138931089,1.0891057845051464,0.8392775879864319,1.1472147227040415,0.6703355759030701,1.1873893428959532,0.5697524188010564,1.218680375709977,0.47415074224506815,0.9642182173376554,0.8199489074393477,1.0596486521187003,0.8122755932103939,1.043113068678164,0.9876184032924062,1.0,1.0,-0.2843486666679382,-0.4554373025894165,-0.3148094117641449,-0.4729138612747192,-0.3136571645736694,-0.5574756860733032,-0.2989247143268585,-0.5572389364242554,-0.2500424981117248,-0.482098639011383,-0.2817639708518982,-0.5044865012168884,-0.2867836952209472,-0.5644202828407288,-0.2730166614055633,-0.5676946640014648
X,0.0,0.0,1.0520213649255479,1.2405610978120472,1.2052642180398534,1.086890453007005,1.2177662257757187,0.9343444437810997,1.0932612798132426,0.9050769634100588,1.0828044159202077,0.8477546922711529,1.138014091559034,0.7018062456060342,1.178885053917191,0.6161874344711337,1.2090972016216752,0.5370739887414643,0.9384368278662751,0.8398721599332626,1.0541509513921261,0.8205199919573332,1.0515470422322988,0.9804803596597561,1.0,1.0,-0.2340162992477417,-0.520240306854248,-0.2675196528434753,-0.5352212190628052,-0.2691523134708404,-0.6177237629890442,-0.2530730664730072,-0.62156081199646,-0.2026798725128173,-0.552122950553894,-0.2368675023317337,-0.5725648403167725,-0.2429394721984863,-0.6295080780982971,-0.2283684611320495,-0.6325896978378296
X,0.0,0.0,1.052409317043928,1.2534141943728156,1.1967733967431773,1.0889105628359348,1.2038165725875645,0.9367772801444847,1.085825068811171,0.9164172912421475,1.0519759635264883,0.8172438301117513,1.0620316361297013,0.658802436307442,1.1136570236532022,0.5944507304202034,1.1570444420757728,0.58871811637688,0.9095324922533098,0.8197134683841089,1.0323441798335833,0.8018398478990821,1.0473242640927771,0.9742998085792581,1.0,1.0,-0.2528479993343353,-0.5158764123916626,-0.2938474118709564,-0.5403428673744202,-0.2982576191425323,-0.6261807680130005,-0.2811499834060669,-0.6304574012756348,-0.2219886183738708,-0.5550932288169861,-0.2621936798095703,-0.5849596261978149,-0.2700203657150268,-0.643867552280426,-0.2538158893585205,-0.6453297138214111
X,0.0,0.0,1.0431644729484142,1.2263888100742684,1.200167458213481,1.076297728604983,1.2228512260878641,0.9345599617398541,1.1013160352540927,0.9130247018666408,1.0696237317466974,0.8247464921847423,1.118469885555217,0.6807377349628526,1.1808403889562904,0.6174752387988895,1.2349683161114782,0.5774761365797617,0.923508367969316,0.8177332613979351,1.0492392119150715,0.8198341062812571,1.0496591784058162,0.975602099000386,1.0,1.0,-0.2464241236448288,-0.5413516759872437,-0.2873048186302185,-0.5733662247657776,-0.2884931564331054,-0.6541846394538879,-0.2718515992164612,-0.6581026315689087,-0.2162404656410217,-0.5791367888450623,-0.2567012310028076,-0.6179925203323364,-0.2608233988285064,-0.67322838306427,-0.2440713346004486,-0.6726673245429993
X,0.0,0.0,1.0469632910269304,1.254602389772308,1.2050424821050574,1.0979448870018498,1.2147767794132007,0.9443673878336466,1.0831595239301717,0.9240861443924077,1.0534942727835928,0.8435954275473804,1.091952891584674,0.6922327878328177,1.156502626701279,0.6234640017513893,1.2158007065757517,0.5789728052336699,0.9144890741302686,0.838286622708602,1.0452421847895366,0.8227976787308305,1.0524160817526433,0.9787294551815013,1.0,1.0,-0.2473304122686386,-0.5528817772865295,-0.2910096645355224,-0.5713014006614685,-0.294023722410202,-0.6566368341445923,-0.2750863134860992,-0.662030816078186,-0.2174388468265533,-0.5916954874992371,-0.2615760266780853,-0.6240813136100769,-0.2670294642448425,-0.6834812760353088,-0.2480397224426269,-0.6854411959648132
X,0.0,0.0,1.0387447627814874,1.2143561100430569,1.19088010784425,1.0722332815316848,1.2165895956870616,0.9387785577501293,1.1005190656534756,0.9214981791880129,1.0319859763165606,0.818307738654495,1.0645303183913246,0.663044294212009,1.1242763994602873,0.5955099790124141,1.1800009997477954,0.5561683433979561,0.8892628126231672,0.8156988968118858,1.0384039224887407,0.8158855366391607,1.048404613240762,0.9657773598015927,1.0,1.0,-0.2464276701211929,-0.5701202154159546,-0.297277420759201,-0.607399582862854,-0.2979304492473602,-0.6879866123199463,-0.2800310850143432,-0.6965315341949463,-0.2179901301860809,-0.6122726798057556,-0.2647494077682495,-0.6518886089324951,-0.2696482837200165,-0.7073243856430054,-0.2528634667396545,-0.7115178108215332
X,0.0,0.0,1.042884191204673,1.2132782905048354,1.2172059579647436,1.0673364382645143,1.2423394252341358,0.9242048184401287,1.1108448081812456,0.912524654459317,1.0582389755504404,0.8019740542692865,1.1278869390312938,0.649142745802157,1.1721498625693298,0.5527421146553791,1.2030934980954038,0.4601639568249549,0.901929733529661,0.7882484662087104,1.0568045785833173,0.8020010854927483,1.0556133947598139,0.961138510848977,1.0,1.0,-0.2368952929973602,-0.5331976413726807,-0.2867617309093475,-0.576978325843811,-0.2851121425628662,-0.6620951890945435,-0.2672936022281647,-0.6730107069015503,-0.2066063284873962,-0.5741053819656372,-0.2536486685276031,-0.6228338479995728,-0.2562847137451172,-0.6805900931358337,-0.2396844029426574,-0.6854008436203003
X,0.0,0.0,1.0355595194954257,1.214748448989594,1.2109780969138682,1.0721752621737477,1.2327617989926858,0.9385293390607251,1.099909098836414,0.9343694936483363,1.0536615079239318,0.7987845517032239,1.0917883258733883,0.6498616588234477,1.164213798434445,0.590015641353325,1.232944368999672,0.5724795825080942,0.891635990640605,0.7898596905293555,1.049568790311802,0.8057502839878208,1.0524810525795714,0.9566700343597233,1.0,1.0,-0.2323342859745025,-0.5573202967643738,-0.2841224670410156,-0.6097235083580017,-0.2837494313716888,-0.689946174621582,-0.2662353813648224,-0.698273241519928,-0.2014602571725845,-0.6043205857276917,-0.2498053759336471,-0.6663009524345398,-0.2525420188903808,-0.7218102812767029,-0.2355361878871917,-0.7200684547424316
X,0.0,0.0,1.038953195876366,1.2452123790464433,1.1892181730120992,1.079090098221821,1.216706408860133,0.9273532029562732,1.0977627946290263,0.9097159778212847,1.0363992784878557,0.8245759875846125,1.0528676843819558,0.6636976385355465,1.1236259211641437,0.6193426838561679,1.1780814800002852,0.6419156178771371,0.8983463033194734,0.8256377447284029,1.0336862922821983,0.81141120847562,1.0488564490212577,0.96597186919731,1.0,1.0,-0.2529975175857544,-0.5401308536529541,-0.3004733920097351,-0.5689284801483154,-0.3021983206272125,-0.6517910957336426,-0.2830905318260193,-0.6610949635505676,-0.2260725498199463,-0.5775659084320068,-0.2733625471591949,-0.6171820759773254,-0.2739697992801666,-0.6742581725120544,-0.2523903548717499,-0.674616813659668
Y,0.0,0.0,1.082858105291416,1.2316983215967245,1.2285485292732128,1.0713270344152062,1.3046091936072979,0.9126724795887238,1.361884443847891,0.803042981496492,1.0886180593109032,0.8792041733083928,1.0813772471319183,0.764301658492065,1.0664850333173728,0.9059212586810591,1.0636982391201755,0.9704625323341292,0.9701180014480764,0.8815903693133305,0.9649262646899522,0.792859311756828,0.9814605782066653,0.9558255578872215,1.0,1.0,-0.2994715273380279,-0.5300523638725281,-0.2932001054286957,-0.4958046972751617,-0.3110548555850982,-0.5829940438270569,-0.3250224590301513,-0.6175587773323059,-0.2660386562347412,-0.5467038154602051,-0.2442825585603714,-0.4698697924613952,-0.2331442534923553,-0.430027425289154,-0.2229743301868438,-0.3747924268245697
Y,0.0,0.0,1.0791409312438889,1.220271462088713,1.2178052232736343,1.0612059857664133,1.2887159631509646,0.9047508721501486,1.342599814228511,0.798538000473591,1.0865469987953948,0.8800558929672125,1.0865507934921794,0.7585479132179912,1.0789296931228711,0.8944113345999173,1.0727536132891968,0.9670012435022772,0.9737605149993823,0.8832575931652169,0.9748507735489396,0.7796886544471615,0.9921706972671017,0.9426342506964325,1.0,1.0,-0.307727962732315,-0.5384520888328552,-0.3048574030399322,-0.4927776455879211,-0.3212288618087768,-0.5823410749435425,-0.3306601643562317,-0.6234015226364136,-0.2730716466903686,-0.5556154847145081,-0.2523846626281738,-0.4753855764865875,-0.2439541965723037,-0.433142751455307,-0.2347400188446045,-0.377068817615509
Y,0.0,0.0,1.0634725693328666,1.246529528665448,1.2159508851267224,1.0861451995798277,1.2858932643983518,0.9191858082355244,1.2982414229158508,0.7878378950358697,1.0890873834152737,0.8876882462851335,1.1123056162321585,0.7571312086222424,1.1013320321291828,0.8997243483848965,1.08520084642235,0.9712092001626316,0.9791599720027528,0.8825007010333782,1.0019635964233256,0.7695711934498046,1.0069917497889147,0.9406605260619587,1.0,1.0,-0.3201724290847778,-0.524992823600769,-0.3259794116020202,-0.4773243069648742,-0.3366535007953644,-0.5745728015899658,-0.3391644358634949,-0.6181780695915222,-0.2819495499134063,-0.5349249839782715,-0.2678357660770416,-0.4425969421863556,-0.2622588276863098,-0.3944005370140075,-0.2542892694473266,-0.3338257372379303
Y,0.0,0.0,1.0624956726485615,1.3141685780864638,1.185839086710268,1.1188992582079216,1.2428278414084448,0.9268822057132728,1.2801921520923154,0.7775101571532991,1.0508907900316016,0.8681090260123545,1.09763679863425,0.723388536016332,1.0950480948787913,0.8988030767514972,1.0655907712818513,0.9714631368047478,0.9662682007769775,0.8665667398840907,1.0147699769494307,0.7310745144824035,1.0231045189930927,0.9430928696656579,1.0,1.0,-0.4177413284778595,-0.4594321250915527,-0.4387396574020386,-0.4109195470809936,-0.4495095014572143,-0.5214124321937561,-0.4429486393928528,-0.5604357719421387,-0.3795400261878967,-0.4740739166736603,-0.3773533701896667,-0.3820542097091675,-0.3836157023906708,-0.3422823548316955,-0.3815796375274658,-0.2846353948116302
Y,0.0,0.0,1.0744005941706976,1.2273302376692967,1.2466381776499185,1.0693195611132738,1.3093661943672756,0.8925222882643741,1.2748724671778924,0.7538643123818829,1.0936403859318657,0.8658949896436812,1.1093933696439637,0.7243633977871853,1.0903527857207964,0.8659782095710832,1.0789244100625812,0.9700001506093798,0.9708754920599083,0.8691800880328314,0.9964031669663133,0.7136477053121906,0.9942405945857512,0.8877480258903021,1.0,1.0,-0.2850139141082763,-0.4847002029418945,-0.2916090786457062,-0.4407879412174225,-0.3005244433879852,-0.53211510181427,-0.3090718388557434,-0.5873426198959351,-0.2477922290563583,-0.5035675764083862,-0.2479753792285919,-0.4375342726707458,-0.2540311217308044,-0.4139865338802337,-0.2616843581199646,-0.3868828117847442
Y,0.0,0.0,1.0624155663119037,1.2092799126400728,1.220894226071203,1.0607509104409873,1.2816778362188705,0.8922666239327217,1.3300245262089905,0.7661210035300358,1.1202223784844239,0.8707929185612525,1.115433984492913,0.7376689835967709,1.0864173252172038,0.8660597671733983,1.0808735156165183,0.9746589337799194,0.9905131229460064,0.8617896348164215,0.9869847560023964,0.7378828062337733,0.9839229612583089,0.8992291375368366,1.0,1.0,-0.2845901548862457,-0.5070152878761292,-0.2797879874706268,-0.4576380848884582,-0.2894794046878814,-0.5473209619522095,-0.3008519411087036,-0.6052943468093872,-0.2464657872915268,-0.5145055055618286,-0.2284952998161316,-0.4137047529220581,-0.2157018184661865,-0.3512945175170898,-0.2068565487861633,-0.2854776382446289
Y,0.0,0.0,1.0566670382311822,1.2145383651638537,1.2310398389368684,1.0858857218338858,1.3076969896345778,0.9243998124923735,1.3155230855138338,0.7898169283625018,1.111983639701578,0.8918097909104712,1.1187483649041852,0.7554981698273003,1.0913382172287773,0.8849355180764037,1.0812172207962352,0.9719036574860688,0.9948808290864328,0.882209992432843,1.0041102460859215,0.7593913895499133,0.9929144605571696,0.9220075397718738,1.0,1.0,-0.3007380068302154,-0.5288270115852356,-0.3008494973182678,-0.4774949550628662,-0.3034854531288147,-0.571998119354248,-0.3087730407714844,-0.6228247284889221,-0.2642748951911926,-0.5424158573150635,-0.2528406083583832,-0.4623558819293976,-0.2479181587696075,-0.419081449508667,-0.2454821169376373,-0.3668782114982605
Y,0.0,0.0,1.0450899854351827,1.2659373065468067,1.2232698036341465,1.1206568578098397,1.322438217296621,0.9618015375489883,1.4084161141569458,0.8690629491431581,1.1004197002156053,0.9158475777097904,1.0994848457730868,0.7754113210022442,1.072652159273064,0.9235029568332765,1.0699387173900206,0.980089843196241,0.9787244321608151,0.9060766608142075,0.97905908856033,0.7922675470744645,0.9761318551371905,0.9727720395579347,1.0,1.0,-0.3019692897796631,-0.5053008794784546,-0.2964279055595398,-0.4581345617771148,-0.303515076637268,-0.5477200150489807,-0.3146193325519562,-0.5759445428848267,-0.2667114734649658,-0.5106165409088135,-0.2521433532238006,-0.4295665919780731,-0.2456393539905548,-0.3870371580123901,-0.2407279163599014,-0.3269336819648742
Y,0.0,0.0,1.0425605690020006,1.2041142524537958,1.190042548319246,1.0896831125399078,1.2666418560497004,0.9558706682705044,1.2851704870211333,0.8460633752928047,1.0949466923117113,0.9421855108283329,1.1215565789981348,0.8321066149509333,1.094040460360831,0.9389671447543575,1.0707528408392533,0.9932942307017388,0.9919526602761828,0.9237127566585549,1.0159609321114353,0.829231417857854,1.0045894085942786,0.9606669702192552,1.0,1.0,-0.3190376460552215,-0.6002607941627502,-0.3243382573127746,-0.5554964542388916,-0.3291087746620178,-0.6376746296882629,-0.3308760523796081,-0.6750699877738953,-0.283024400472641,-0.6022660732269287,-0.2741618752479553,-0.5163785219192505,-0.271767795085907,-0.4682138562202453,-0.2682234644889831,-0.4099896550178528
Y,0.0,0.0,1.0634355753135312,1.2428776786569147,1.1996110701705043,1.1003472721389456,1.27068103007957,0.9554536704418296,1.3161076557035538,0.8505552365667701,1.069037333814752,0.9273816051840891,1.1063242224417362,0.8144456104034534,1.0958527529917121,0.9414142422801606,1.0714582640568924,0.9854898840382508,0.9717165942834366,0.9215413844189808,1.008193377754697,0.8204999888569134,1.0140357184878097,0.971531279122074,1.0,1.0,-0.3436290919780731,-0.5820731520652771,-0.3540422320365906,-0.5329306721687317,-0.3655488193035126,-0.626348614692688,-0.3648132979869842,-0.6613383293151855,-0.3080589175224304,-0.5906184315681458,-0.2952162623405456,-0.5035445690155029,-0.2918794751167297,-0.4579540193080902,-0.2833889424800873,-0.3979763090610504
Y,0.0,0.0,1.0488600478883991,1.197675546673393,1.2035882910263354,1.0654463649082253,1.2688029483515895,0.9182422327200916,1.2839859023982019,0.7970838495627207,1.070910008383382,0.8885661158584011,1.1040945508343962,0.7708486552750557,1.0872852911963984,0.8918836016361128,1.0704023621465233,0.9710793241318644,0.9687714706752669,0.8864157220647954,1.010994872592526,0.7633215457367943,1.0053828713367003,0.9166281942317965,1.0,1.0,-0.316837728023529,-0.5495772957801819,-0.3294278383255005,-0.5061201453208923,-0.3365777134895324,-0.6005147695541382,-0.3414360582828522,-0.6527867913246155,-0.2821791172027588,-0.5621784925460815,-0.2856769561767578,-0.4908711314201355,-0.292707622051239,-0.4593805372714996,-0.2996080219745636,-0.4192683696746826
Y,0.0,0.0,1.1084839261773192,1.1475718931188166,1.3210941778205794,1.0327892324910373,1.4325121753177084,0.8977554627447623,1.4290872502922591,0.7772663418885492,1.1613268220918715,0.8697011255702904,1.1724821297064016,0.7513306266292245,1.132501532107304,0.8534161565574084,1.1056773158853348,0.9544398792637019,1.016913048404291,0.8630237598205629,1.039337927938599,0.7434337180123745,1.011572345506076,0.8837180736036251,1.0,1.0,-0.2457292228937149,-0.5495076179504395,-0.2454549223184585,-0.4972511529922485,-0.2465572357177734,-0.5795561075210571,-0.2521951496601105,-0.6428264379501343,-0.2106014788150787,-0.5576974153518677,-0.2032118737697601,-0.4858412146568298,-0.1964837908744812,-0.441992849111557,-0.1938176304101944,-0.3987209796905517
Y,0.0,0.0,1.069162139529686,1.1923244373308206,1.2596077311818685,1.065130520540789,1.3301719541134993,0.9049830453848062,1.2901792735143152,0.7807664145082671,1.1376288804758128,0.8745952390467037,1.1516978197584598,0.739766412204719,1.1097900871334332,0.8610676024280198,1.0902797950123722,0.9625786599098591,1.009142312760439,0.861265206798031,1.023792308116431,0.7310094738926367,0.9987896900799916,0.890739005289848,1.0,1.0,-0.2858282327651977,-0.5159298181533813,-0.2864364981651306,-0.4588925838470459,-0.2876407206058502,-0.5509001016616821,-0.2942632436752319,-0.613806962966919,-0.2472854256629943,-0.5257682800292969,-0.2405706048011779,-0.4450722634792328,-0.2351246178150177,-0.3990670442581177,-0.2339709550142288,-0.350803792476654
Y,0.0,0.0,1.0576577901814739,1.2802013925794138,1.2233066355034605,1.1414660948446724,1.3155692706123754,0.9838335328114595,1.3450263332048895,0.862060213758493,1.0866709033700563,0.9413162505626046,1.0994298198160992,0.8169204976830065,1.088156508419424,0.9587109408888352,1.0688348542347637,1.0018856058709809,0.9678283868911118,0.9299281486816278,0.9846387362792074,0.8343713292997051,0.9893644125789134,1.010921387681351,1.0,1.0,-0.3005561232566833,-0.5282149910926819,-0.3046415746212005,-0.4818250834941864,-0.3113463222980499,-0.5688294172286987,-0.3141502439975738,-0.5887911915779114,-0.264054387807846,-0.5322216153144836,-0.2590241134166717,-0.4505544304847717,-0.2581543624401092,-0.4082773923873901,-0.2538662850856781,-0.3503817915916443
Y,0.0,0.0,1.067535621220189,1.252200092449061,1.2358496398693328,1.1202809775290825,1.3137332908622281,0.9564786084263073,1.3308955025423674,0.8337905644403562,1.097934483264229,0.9291833954724914,1.0996386496636772,0.8132106870631485,1.0931869978454871,0.9520562872706658,1.0793746635375716,0.9902448531691976,0.9700191075621541,0.9258500775674587,0.9838171606505032,0.8363940398730344,0.9937520994945069,1.0043967638401416,1.0,1.0,-0.2882982492446899,-0.5583459138870239,-0.2904957830905914,-0.5117751359939575,-0.2980385720729828,-0.5981205701828003,-0.3011679649353027,-0.6133662462234497,-0.2522201836109161,-0.5702452063560486,-0.2444421350955963,-0.5053656697273254,-0.2438130676746368,-0.4751492738723755,-0.2398774325847625,-0.4241662621498108
Y,0.0,0.0,1.0482809496148398,1.2744823885156868,1.2154764053767209,1.1339774816018247,1.30849610836044,0.9661929399185404,1.3231293544324512,0.8342982312262299,1.088525142007441,0.9301036402610202,1.091543963480891,0.7941348220823936,1.0752293507097388,0.937796257951151,1.0611859438797548,0.9879711553364445,0.9687458953580582,0.9237308665240637,0.9751094512651253,0.8060665861951682,0.9827176575286946,0.9864465391517395,1.0,1.0,-0.2926052510738373,-0.4926873743534088,-0.2930026054382324,-0.4446958601474762,-0.3026399314403534,-0.5284409523010254,-0.3099896609783172,-0.5552622675895691,-0.2580657601356506,-0.496753066778183,-0.2487570494413375,-0.4232646226882934,-0.2449191063642501,-0.3833153843879699,-0.2398428916931152,-0.3278689980506897
Y,0.0,0.0,1.052145890746208,1.2859998927310514,1.1625654751977874,1.114804217575257,1.2371699796326217,0.9567731830197751,1.2890267476941588,0.8473500769242545,1.050709638482164,0.8772903713700246,1.0998075476821383,0.7754647330849875,1.086897733866057,0.9292327904261286,1.058527458635452,0.9914077786260089,0.9713149632407547,0.8661029801176683,1.0196937923052107,0.7947788712715876,1.0168671991953935,0.9765576666412946,1.0,1.0,-0.4484187066555023,-0.4922335147857666,-0.4665217101573944,-0.4637808203697204,-0.4778148829936981,-0.5662108063697815,-0.4758710563182831,-0.602520227432251,-0.4127357602119446,-0.5043430924415588,-0.403898686170578,-0.4089892506599426,-0.400495707988739,-0.3566302061080932,-0.3934094309806824,-0.2903538942337036
Y,0.0,0.0,1.0727337970025792,1.258491558844499,1.2501065291827371,1.092841686437568,1.3020760803519502,0.9054469319045001,1.2628599890993395,0.7696922841438395,1.1334577781950277,0.9085951533501846,1.0986933289522065,0.7699120766410661,1.0907508677499522,0.9117011865084825,1.1078262048750465,0.9731005147607066,0.9827235482954026,0.9101532579639933,0.953972925679922,0.7956161917374981,0.9692564862842047,0.9655672554441441,1.0,1.0,-0.2411894053220749,-0.5229966640472412,-0.2323225438594818,-0.4745680689811706,-0.2440236508846283,-0.5678790211677551,-0.2550469636917114,-0.6067424416542053,-0.2033080458641052,-0.5382711291313171,-0.1848137974739074,-0.4576774537563324,-0.1728824377059936,-0.4128257632255554,-0.1616508960723877,-0.3561792373657226
Y,0.0,0.0,1.0686709229853584,1.2573004912474353,1.2224454681044241,1.0921873499844725,1.2673650189557943,0.9129185772268932,1.268261148553498,0.7818354827754282,1.1116606730928977,0.9174715772713157,1.1135680659089349,0.796824752794882,1.0981979150688908,0.9268920150234058,1.0857456702070565,0.9808743700755244,0.9833989132436289,0.9149036696881478,0.9780570132688683,0.8125529820297647,0.9885027641444654,0.9713282391429444,1.0,1.0,-0.274547666311264,-0.5427882671356201,-0.2706559002399444,-0.5003888010978699,-0.2840054929256439,-0.593071460723877,-0.2918618023395538,-0.6316958665847778,-0.2371666729450225,-0.5562487840652466,-0.2207260131835937,-0.4759530425071716,-0.2109037041664123,-0.4300086200237274,-0.2001075744628906,-0.3703659772872925
Y,0.0,0.0,1.0508249001536218,1.261447285778376,1.1694791278309513,1.0923530731269628,1.2407573953054798,0.9345429004037685,1.3090966940674398,0.8448314827276805,1.0592424470527158,0.8828924966352625,1.0881657771727835,0.762745513683266,1.0750828210631522,0.9092324472857783,1.05865792437765,0.9737422611036339,0.9776959178917407,0.8725291610587708,1.0087103008672664,0.7721784432480933,1.0077683910840949,0.9508241363840287,1.0,1.0,-0.4086588025093078,-0.4705289304256439,-0.4204229712486267,-0.4308034777641296,-0.4292410314083099,-0.524985671043396,-0.4303979873657226,-0.5629326105117798,-0.3740414679050445,-0.4785709679126739,-0.3702602684497833,-0.3968212008476257,-0.3702523112297058,-0.3569879233837127,-0.3673577606678009,-0.3026570677757263
Y,0.0,0.0,1.0647873799929286,1.2591175668881898,1.2115722169619745,1.0927157576346918,1.2694158371479713,0.9147372320779635,1.2827398606724703,0.7774877398754311,1.0980347844660205,0.9064897788968138,1.1022737106501286,0.7745418401836228,1.0895764051534262,0.9117689255577722,1.0805605550467046,0.9772185642531032,0.9824392333693774,0.9054642857997486,0.9846969726209713,0.789719964679877,0.9931832953317673,0.9550550566229254,1.0,1.0,-0.2983522117137909,-0.5076427459716797,-0.2979142069816589,-0.4619184732437134,-0.3098734617233276,-0.5535963177680969,-0.3167336881160736,-0.5935848355293274,-0.2628530263900757,-0.5234602093696594,-0.2492073774337768,-0.4483185410499573,-0.2437928020954132,-0.408491313457489,-0.2374267578125,-0.3548373579978943
Y,0.0,0.0,1.0674049394561778,1.2816045968465302,1.210026861692132,1.1104400640207794,1.2939824061443632,0.9352077199803771,1.3450398724788146,0.8114091922273426,1.0927218742607505,0.9176209378240262,1.087498192639233,0.7941209390454578,1.0779084580062213,0.9410639290610323,1.070871004185118,0.9919004653210044,0.9711601376910441,0.9134234883063475,0.9628972601074025,0.8087170460544095,0.9801537417342261,0.9856844891295923,1.0,1.0,-0.2893963754177093,-0.4998332262039184,-0.2850939035415649,-0.4545206129550934,-0.3004699945449829,-0.5461869835853577,-0.3107024729251861,-0.5829647779464722,-0.2530255317687988,-0.5114625096321106,-0.2335512936115265,-0.4254868328571319,-0.2227515429258346,-0.3771263360977173,-0.2110545039176941,-0.315499871969223
Y,0.0,0.0,1.0686838479131258,1.2639168362401727,1.2020918502376967,1.0799645170981107,1.2366207394689623,0.8926560595840677,1.2179069955580706,0.7544661977179846,1.1038811039638483,0.9072123816055729,1.099993789783922,0.768396694308565,1.0871577035622306,0.9132858527516253,1.0808958381626474,0.972670116708139,0.9865565950518369,0.9083811067717928,0.9841174821798858,0.7930493189663479,0.9924779087154454,0.9611576721855993,1.0,1.0,-0.2975359261035919,-0.4895601570606231,-0.2968644797801971,-0.4444281160831451,-0.3071694672107696,-0.5359385013580322,-0.3124362826347351,-0.5744280219078064,-0.2611669898033142,-0.5048049092292786,-0.2477967739105224,-0.4251673817634582,-0.2406758069992065,-0.3808345198631286,-0.2322787046432495,-0.3232864141464233
Y,0.0,0.0,1.070066789502803,1.239055827542308,1.2091203184894967,1.079670380750522,1.2726821089238032,0.9114201940738675,1.2840006696945236,0.7838884256570817,1.0972269071827385,0.9030225438832669,1.1019963636081362,0.7853309901120182,1.0889847776811776,0.915454505391871,1.0806636997340984,0.978187517354072,0.9812609028244316,0.8997156269187068,0.9837296515894836,0.8002806852607469,0.989237694980608,0.9613180496627185,1.0,1.0,-0.2938280999660492,-0.5318671464920044,-0.2936729490756988,-0.4870125651359558,-0.3043775260448456,-0.5792737603187561,-0.3116956949234009,-0.6215798258781433,-0.2570836544036865,-0.5436556339263916,-0.241446167230606,-0.4616776704788208,-0.2312646657228469,-0.4142926633358001,-0.2216228246688842,-0.3546186685562134
Y,0.0,0.0,1.0527937432733454,1.2710002822947546,1.1892656608851424,1.10122535592496,1.2680534514412762,0.9331634200534773,1.319218483138879,0.8157852387335225,1.0718431627792804,0.8925920983843039,1.1043863274323247,0.7660596770664233,1.0852471205163674,0.91474324029229,1.063848112858804,0.9761202776814817,0.980433797875793,0.8797095224971933,1.01460825140029,0.7678888934336183,1.0095366906951893,0.9500929471684137,1.0,1.0,-0.3827446103096008,-0.4746426343917846,-0.3939169347286224,-0.4309629201889038,-0.4021075367927551,-0.5257265567779541,-0.4031884670257568,-0.5642305612564087,-0.3467023074626922,-0.4817721545696258,-0.3397225737571716,-0.3976836204528808,-0.337614506483078,-0.3559975028038025,-0.3329437673091888,-0.2994622588157654
Y,0.0,0.0,1.0748886455761966,1.2511153282798584,1.2383543783095228,1.090268140656239,1.3124348417488387,0.9088235168336309,1.3560488648175837,0.776431099184245,1.1053014683759552,0.9034157997712038,1.092366731186158,0.7783703078058012,1.0866756226806338,0.9205210995049875,1.0857246515049048,0.9773035185442571,0.9723883846564672,0.9032305175713384,0.960331408198117,0.7971460340200783,0.9796281903410382,0.9722856104262667,1.0,1.0,-0.2655079662799835,-0.5144571661949158,-0.2620745897293091,-0.4677865207195282,-0.2754913866519928,-0.5616800785064697,-0.2844675779342651,-0.5983266234397888,-0.2298371940851211,-0.5271355509757996,-0.2149564623832702,-0.4497064054012298,-0.2076663225889206,-0.4084306061267853,-0.1990531384944915,-0.3519319891929626
Y,0.0,0.0,1.0846572284629503,1.2081882437269025,1.2271971637249912,1.0657681119880287,1.3059552325690236,0.929267333865854,1.3607202298545222,0.8324375484465453,1.0741713193546172,0.9296148251719294,1.1112408881456077,0.8157859995908526,1.1029839902367098,0.9344460811766442,1.0800031736041713,0.9815544688728685,0.9623502678397116,0.9283985597937443,1.0003047016589213,0.8259216970988003,1.011382273994364,0.9671434281588521,1.0,1.0,-0.286605030298233,-0.6139891147613525,-0.2977719008922577,-0.5589132905006409,-0.3082937002182007,-0.6548073887825012,-0.3075221180915832,-0.6941972970962524,-0.2518362998962402,-0.6251879930496216,-0.2438251972198486,-0.5427318811416626,-0.2443731725215912,-0.4991712570190429,-0.2399916052818298,-0.4412460327148437
Y,0.0,0.0,1.0798668706289436,1.1902122083024829,1.2034224253946364,1.034098836004903,1.2572554929638793,0.8859159477484135,1.2567599232786686,0.767550281531103,1.0769986622195429,0.8834240548088677,1.0887635771831792,0.7716324425971642,1.0793623261296383,0.8745202631650892,1.073293130312968,0.9444204718907168,0.9641569917134031,0.8852293713043553,0.9762457108608137,0.7880406613343314,0.9908114786983677,0.9221279698447509,1.0,1.0,-0.2871895432472229,-0.5706868767738342,-0.2935570478439331,-0.5242398977279663,-0.3096669912338257,-0.6110421419143677,-0.3189886808395386,-0.6690667867660522,-0.2523527145385742,-0.585098385810852,-0.2334350049495697,-0.502579391002655,-0.2227198183536529,-0.4527067542076111,-0.213469922542572,-0.3982985317707062
Y,0.0,0.0,1.1077226507020952,1.150353998034017,1.286877260686703,1.0070521434777961,1.3712408466774,0.863442720167893,1.3946281435049757,0.7441697512755986,1.1508957674034996,0.8386374976241301,1.1428560135724957,0.72828643575288,1.1082558612696396,0.8452896700949979,1.0964412852915568,0.9401365026106927,1.01051891005963,0.8360403186219235,1.0071402786095796,0.7526054715121133,0.9938225306591371,0.907622668159377,1.0,1.0,-0.2791213989257812,-0.5776763558387756,-0.272395521402359,-0.5405240058898926,-0.2782636880874634,-0.6424967646598816,-0.2878093719482422,-0.7043970823287964,-0.2413427978754043,-0.5942361950874329,-0.2253483235836029,-0.512332558631897,-0.2148234546184539,-0.4665982723236084,-0.2087900936603546,-0.413007527589798
Y,0.0,0.0,1.0808176306399613,1.1924063594813228,1.2590836623013582,1.0444126367693247,1.340551593398132,0.8946792974230505,1.4133755238068924,0.7868041753392072,1.1378349846164566,0.8444699757781581,1.1435702296141157,0.7138782070188243,1.110745492742782,0.8319041949615198,1.0977667557225765,0.9330494842498762,1.0055734124410716,0.8421759524160308,1.0177686386686744,0.7379538308004746,0.9991717557365277,0.9011133602020422,1.0,1.0,-0.2922427058219909,-0.5529933571815491,-0.2901381254196167,-0.5070876479148865,-0.2931870222091675,-0.6125543117523193,-0.3007082343101501,-0.6765716075897217,-0.2538899183273315,-0.5708428025245667,-0.2400422990322113,-0.4900781214237213,-0.2315054535865783,-0.4494204819202423,-0.2273664623498916,-0.3995663225650787
Y,0.0,0.0,1.0895495404349531,1.1867681870653664,1.3037200794574348,1.0454218432066114,1.3981349311951528,0.8836027411398985,1.4512887229020388,0.7565067229477433,1.1534478401151393,0.8200592393647735,1.1454097821140468,0.6766767006045987,1.1067550826146317,0.8209088440423397,1.0909637835658847,0.9336863696689914,1.0048580284919306,0.8173896899034085,0.9973797627614529,0.7068870952565055,0.9872554747054202,0.8939000956868788,1.0,1.0,-0.264241874217987,-0.4936529994010925,-0.2593473792076111,-0.4425861239433288,-0.2641220092773437,-0.5473512411117554,-0.272830069065094,-0.6117660999298096,-0.2257186621427536,-0.5144538283348083,-0.2156632393598556,-0.4352573752403259,-0.2083812206983566,-0.3964883685111999,-0.203661173582077,-0.348767340183258
Y,0.0,0.0,1.103119001959109,1.1562046567396955,1.265644012815198,0.9992478658817671,1.3130220914166855,0.8380488938994228,1.305970163668706,0.704020999138756,1.131622340741106,0.8085149442782322,1.1116999342977816,0.6894580674718956,1.0907824745149806,0.8151195089589801,1.0880810767032703,0.9245543876657435,1.0005631093126526,0.8184453535406764,0.9943080152751451,0.7199260497589564,0.9898833484381905,0.8847956963028497,1.0,1.0,-0.2861815989017486,-0.5158263444900513,-0.2808817625045776,-0.4800184369087219,-0.2886425852775574,-0.5783429741859436,-0.3000936806201935,-0.6438168287277222,-0.2506451606750488,-0.5408438444137573,-0.2374121248722076,-0.4783582985401153,-0.2278386205434799,-0.446939468383789,-0.2228247225284576,-0.409900426864624
Y,0.0,0.0,1.1492918113956072,1.1501729682325486,1.3671684294537525,0.9987447605455798,1.4505946566100116,0.8363564447642037,1.4337044139071864,0.7020508421686714,1.174171632349163,0.8470617406971603,1.1870569614682673,0.738791281138601,1.1460929427578082,0.845468296010269,1.1167261459419964,0.9503608535937154,1.0083328894295247,0.8423731969264634,1.033227206766636,0.7331673161320323,1.0135365158724472,0.8780873413082462,1.0,1.0,-0.2213163822889328,-0.5239486694335938,-0.2213302552700042,-0.4661684036254883,-0.2255924046039581,-0.5550820231437683,-0.2309463024139404,-0.6247639656066895,-0.1826095432043075,-0.5343541502952576,-0.1710899174213409,-0.4571089148521423,-0.1620788723230362,-0.4115673303604126,-0.155809611082077,-0.3627982139587402
Y,0.0,0.0,1.1199260896379113,1.1362991179456892,1.297709018743956,0.979991694585279,1.3606917817916546,0.817464936578812,1.3546399629488315,0.6822926909293588,1.1537956570463215,0.8072682475732413,1.13985625874386,0.7146472185707071,1.106462117339899,0.8352303353836882,1.0919355636025063,0.9434284170237103,1.008723726426074,0.8102322042409489,1.0128128891992485,0.7238735376018249,1.0026868816306356,0.8810687028981969,1.0,1.0,-0.2720061242580414,-0.5322592854499817,-0.2680512964725494,-0.4897982478141784,-0.2742842733860016,-0.5897173881530762,-0.2813284993171692,-0.6600439548492432,-0.2328933477401733,-0.55086350440979,-0.2169148325920105,-0.4727088212966919,-0.2053646147251129,-0.4282253384590149,-0.1971086263656616,-0.378034770488739
Y,0.0,0.0,1.1174810907628923,1.1548522653182138,1.296303689832701,0.9870491269713694,1.3615963561168245,0.8140153930855605,1.3707239927564192,0.6661908023337768,1.1492869919466395,0.7963058941928658,1.1387017326354507,0.6948729674338828,1.1091823191777241,0.8268558708982701,1.094660456910054,0.9485851703020417,1.0086267897012529,0.7968244949746337,1.0111252409410176,0.6954721509598778,1.0013198801244636,0.8670919668120649,1.0,1.0,-0.2721767425537109,-0.4640039503574371,-0.2680355310440063,-0.4235539436340332,-0.2734196782112121,-0.5193752646446228,-0.2803712487220764,-0.5875530242919922,-0.2345964908599853,-0.4815938174724579,-0.2230803221464157,-0.4042552709579468,-0.2139249145984649,-0.3611871600151062,-0.2065662145614624,-0.3136535286903381
Y,0.0,0.0,1.1108048852784085,1.1635941339446585,1.2867704761829049,0.990047209013563,1.3513050387856609,0.8012351847166332,1.3408896379386646,0.6432518483368794,1.1370855730060427,0.8082890739451807,1.1460904485175285,0.688018529290208,1.1212177308258842,0.8192714387718992,1.1023056751498823,0.9445781442886818,1.0120305394256215,0.8026068055534294,1.0361171712720736,0.685896464771523,1.0145158048114586,0.858465027242203,1.0,1.0,-0.2817898690700531,-0.4291420578956604,-0.2856980562210083,-0.3832435011863708,-0.2843854427337646,-0.4734314382076263,-0.285083144903183,-0.5414628982543945,-0.2449373602867126,-0.437755823135376,-0.2434658110141754,-0.3617523908615112,-0.2409947514533996,-0.3188219666481018,-0.2394831478595733,-0.2747480273246765
Y,0.0,0.0,1.1186911468335141,1.142785949474252,1.2973220219069281,0.9852742774062139,1.3858530259129296,0.8363816855784523,1.4624601493322027,0.7301174788790242,1.146873826099328,0.816221793296,1.1496404435764394,0.7289816096823871,1.1120126521415397,0.855271118880213,1.088066518150776,0.9628825569353839,1.012701422355761,0.8127550347818865,1.0265913431731954,0.7242073395152558,1.0101830971142682,0.8816892932445644,1.0,1.0,-0.2815332114696502,-0.5165674686431885,-0.2816510796546936,-0.4714957177639007,-0.2845848202705383,-0.5669393539428711,-0.2881864309310913,-0.6346644163131714,-0.2449546754360199,-0.5302844047546387,-0.2368966341018676,-0.4527914226055145,-0.2318181842565536,-0.409344732761383,-0.2279650270938873,-0.3607566356658935
Y,0.0,0.0,1.1246735294754286,1.132857343835813,1.2923251412480379,0.9683600984254002,1.3661769778151753,0.8093856193788016,1.378423468389959,0.6755542094266216,1.1324414271872072,0.7996309197905587,1.133048170134541,0.7035409619669998,1.1073437825956554,0.82755911204558,1.0927910260648037,0.9386589032841791,1.000946647549081,0.8039394627033652,1.012193652234301,0.7157118749729886,1.0036498154580786,0.8776791957266233,1.0,1.0,-0.2778154015541076,-0.4886560440063476,-0.2762408852577209,-0.4437648057937622,-0.2824015617370605,-0.5329689979553223,-0.2889085710048675,-0.5987626314163208,-0.2419971823692321,-0.5053479075431824,-0.2310247421264648,-0.4281009137630462,-0.2231978476047516,-0.3824372291564941,-0.2176341414451599,-0.333491563796997
Y,0.0,0.0,1.122649035285077,1.1481745159403718,1.2902168529389457,0.9837806953684567,1.3471046128187691,0.8136211963911422,1.337808306103788,0.6720932864644967,1.1424982471781933,0.817805345069972,1.1427762138418498,0.7134836505747193,1.1173432840083126,0.8405743474992685,1.0997261499873998,0.9553246945305764,1.0155796699002158,0.8157557002576357,1.0326469899399802,0.7159684555003342,1.0132761069387266,0.8745755373797439,1.0,1.0,-0.2886785268783569,-0.4807524979114532,-0.2907692193984985,-0.4342727363109588,-0.2911970317363739,-0.5247984528541565,-0.2936665713787079,-0.5920313596725464,-0.2520235776901245,-0.4963963329792022,-0.245414450764656,-0.4227970838546753,-0.2404853403568267,-0.381531298160553,-0.2374333888292312,-0.3386604189872741
Y,0.0,0.0,1.1066004644456886,1.1668292611714166,1.2889020116609342,1.0001161540443824,1.3774999232905787,0.8364279711633303,1.4458423218095264,0.724021640196662,1.1409160335919284,0.8305974189682727,1.1497817134661505,0.7126212476848531,1.1192271107814495,0.844854851875031,1.096916060784729,0.9582773191561927,1.016005994910169,0.8235507931692113,1.031647091831007,0.7153216176428895,1.0136743959753183,0.8820230882081006,1.0,1.0,-0.2929762899875641,-0.4676856994628906,-0.2942824959754944,-0.4167578518390655,-0.2949631214141845,-0.5093080997467041,-0.2959714829921722,-0.5734714865684509,-0.2566049098968506,-0.4755439162254333,-0.2505789697170257,-0.3891163170337677,-0.2473788857460022,-0.3387524783611297,-0.2448928356170654,-0.2850252687931061
