label,x_0,y_0,x_1,y_1,x_2,y_2,x_3,y_3,x_4,y_4,x_5,y_5,x_6,y_6,x_7,y_7,x_8,y_8,x_9,y_9,x_10,y_10,x_11,y_11,x_12,y_12,x_13,y_13,x_14,y_14,x_15,y_15,x_16,y_16,x_17,y_17,x_18,y_18,x_19,y_19,x_20,y_20
A,0.0,0.0,1.0310898225547207,1.2433312118762707,1.1240275935216026,1.0919569608096396,1.1605102450228773,0.9424713186643778,1.2064277852666319,0.8416951856813106,1.0804399717221627,0.8971972418627712,1.1209836838814478,0.9056015190118663,1.087987512661904,1.029918273557548,1.057267317364354,0.994862801448285,0.9937553346521496,0.8625533445760142,1.0414858560286888,0.8932508890328654,1.0185861166749715,1.049900159578014,1.0,1.0,-0.3861768245697021,-0.4044598639011383,-0.4002349078655243,-0.4235836863517761,-0.4008961617946625,-0.4860420525074005,-0.3930233120918274,-0.4672380983829498,-0.3594744205474853,-0.4103688895702362,-0.3697634637355804,-0.4434411227703094,-0.3753434121608734,-0.4852327108383178,-0.3698886334896087,-0.4686974883079529
A,0.0,0.0,1.0417348320157451,1.1592221206115145,1.123195938556895,1.0408361177434833,1.166567917152704,0.9287458471071193,1.2196179256669473,0.8595627734741491,1.0691287257265227,0.8260417963982364,1.0884431326510802,0.8978260250721455,1.0726941734367663,1.000078876794447,1.0530547906289678,0.9977141149134076,0.9987041855216555,0.8018445901787121,1.0176889730602685,0.9055864341402488,1.0126940888834337,1.0248565094705528,1.0,1.0,-0.4005561172962188,-0.4128516614437103,-0.4076911211013794,-0.4650708436965942,-0.4108522236347198,-0.5173059105873108,-0.4078832864761352,-0.5038597583770752,-0.373860239982605,-0.4315751791000366,-0.3804275691509247,-0.4728837013244629,-0.3873147368431091,-0.5143818259239197,-0.3866932392120361,-0.5108697414398193
A,0.0,0.0,1.0651143738886575,1.2130659558880899,1.1706855136552938,1.0815921491844165,1.227307934082494,0.9481469793026263,1.305145995811578,0.8591316854710946,1.1048913113460035,0.8508927913915723,1.0716912187902272,0.8991052221040192,1.0666333304588496,0.992049727805099,1.0746858195732054,0.9750480030187361,0.9986112731530888,0.8207177581418683,0.9596845845857173,0.9095463518425283,0.9794880869556056,1.0368859769619299,1.0,1.0,-0.2735032141208648,-0.3984919786453247,-0.261783242225647,-0.4396469295024872,-0.2728078663349151,-0.4958807229995727,-0.282560795545578,-0.4807552695274353,-0.2444678843021392,-0.4147482514381408,-0.2371084988117218,-0.4475104510784149,-0.2472546845674514,-0.4930355548858642,-0.2549300491809845,-0.490642637014389
A,0.0,0.0,1.0473290461046794,1.4142785412210728,1.131484733601742,1.1698661871278337,1.1562711293531558,0.8997484129440021,1.1714602948318267,0.7122100434582066,1.093618974511616,0.9038187950419111,1.0990139896291886,0.8348481103562095,1.077571397239672,1.0377046489706978,1.0581890244857675,1.0014010335947487,1.006825074804568,0.87367073180489,1.0156538154246235,0.800877532710426,1.0068742656619616,1.0691585992085968,1.0,1.0,-0.3543470799922943,-0.2458479553461074,-0.3527780473232269,-0.2267903536558151,-0.3574699759483337,-0.2933693528175354,-0.3571288585662842,-0.2807124257087707,-0.3260635733604431,-0.2486772686243057,-0.3251109421253204,-0.254324734210968,-0.3321263790130615,-0.2970912754535675,-0.3351514041423797,-0.2873377799987793
A,0.0,0.0,1.046500006969001,1.4800779621317197,1.1221465962251296,1.2351407964181245,1.152046136929685,0.9794773414705206,1.188043629927371,0.8141752214284559,1.0904789970397828,0.9310916225029582,1.091288626452826,0.7917495779415065,1.077703822979415,1.0074377354776745,1.0660352649820883,1.0202417012305496,1.002814251009318,0.9118022528336357,1.0134746013616662,0.7767641059781757,1.0080512636636452,1.0498291573911962,1.0,1.0,-0.36087366938591,-0.2590484619140625,-0.3608848452568054,-0.218020886182785,-0.3661352396011352,-0.2840738594532013,-0.3647510111331939,-0.2768176198005676,-0.3326554596424103,-0.2672315537929535,-0.3325902223587036,-0.2551833689212799,-0.3406634628772735,-0.2957360744476318,-0.3421172499656677,-0.2921705842018127
A,0.0,0.0,1.053309842083391,1.221878197571703,1.1337624084043754,1.0610109200458295,1.1455055632382531,0.8943675843219482,1.1570305878320157,0.7593668300453784,1.0915557110356144,0.7624399926986961,1.0911702962521217,0.8919288990877331,1.0711409069991853,1.0109073128025696,1.0534408816423702,0.9868423575944858,1.0088124470265614,0.7193637741188958,1.0076591374926336,0.8955588987515501,1.0051065807978474,1.0367238356287332,1.0,1.0,-0.3788555860519409,-0.2851215600967407,-0.3760933578014374,-0.3560239970684051,-0.3819464743137359,-0.4055629968643188,-0.384401261806488,-0.3911597430706024,-0.3511306345462799,-0.3060488700866699,-0.3494692146778106,-0.3663543164730072,-0.358250617980957,-0.4066366851329803,-0.3630332946777344,-0.398720383644104
A,0.0,0.0,1.0115158234218373,1.173918647720623,1.0742318377380635,1.0489179184317154,1.0990909699618552,0.9177037833337608,1.1275007975257085,0.8243359434413726,1.0554936087057394,0.820774096417828,1.0890683748217296,0.9002827334372383,1.0644749423393178,1.0074104572295461,1.0423507475417444,0.9997770071964195,1.00428094314452,0.7767225363026451,1.0389321557247846,0.8995515449866782,1.0164139960217542,1.0269448167775255,1.0,1.0,-0.5340466499328613,-0.3457540869712829,-0.5498967170715332,-0.4001342356204986,-0.5429225564002991,-0.450934886932373,-0.5355820655822754,-0.4389892816543579,-0.5088472366333008,-0.3599315881729126,-0.5224713087081909,-0.4051167368888855,-0.5222271680831909,-0.4440337121486664,-0.5172003507614136,-0.4366093873977661
A,0.0,0.0,1.05205093427475,1.2040373786106136,1.1375595252930737,1.0482649331118097,1.171318275702103,0.8919064815579608,1.2182373518550826,0.7790305067681067,1.0916458366665351,0.7776415445344292,1.0741504053307647,0.8888309653122028,1.0664580852694046,0.9938020268437413,1.062872296890414,0.974026917763115,1.0083870464600793,0.7338041542187397,0.9804717643284806,0.8901510210572512,0.9904149303866622,1.0300016293826897,1.0,1.0,-0.3443024456501007,-0.2978751957416534,-0.3327675461769104,-0.3602764904499054,-0.3416511714458465,-0.4109652042388916,-0.3488472700119018,-0.3998528718948364,-0.3177430033683777,-0.3155279159545898,-0.3088038861751556,-0.3666384220123291,-0.318461149930954,-0.408785879611969,-0.3263792991638183,-0.4055203795433044
A,0.0,0.0,1.0348123517736874,1.042709301610779,1.094321395175918,0.9777151042898843,1.1185554956841774,0.9188189980148566,1.1499437526567733,0.8709809694479165,1.0625120387724727,0.8680236677278522,1.0784190869465222,0.9440589445395516,1.0658797351016671,0.9902784944453862,1.0530421789127145,0.9884421436568241,0.9929601517661585,0.8578238059489725,1.012004081573211,0.9584062161005872,1.008072950083849,1.007687851257682,1.0,1.0,-0.4034816324710846,-0.6700071692466736,-0.41237273812294,-0.7473697662353516,-0.4135056436061859,-0.7781656980514526,-0.4117894768714905,-0.7677431106567383,-0.3794021904468536,-0.6894950866699219,-0.3878032863140106,-0.7491225004196167,-0.3936015963554382,-0.7753648161888123,-0.3943096697330475,-0.7692490816116333
A,0.0,0.0,1.047898444447463,1.2522892984677545,1.1374498225324572,1.082852757899529,1.1727392420067937,0.9078923266798505,1.2192885647833827,0.7752101146694363,1.1041160419641927,0.7207693415754953,1.0865905439479573,0.8887398810624706,1.0678625117597094,1.013481305751967,1.0594941072908823,0.984861784916559,1.011382073440587,0.6630494280755167,0.9897407918008336,0.878916508984336,0.992166110720313,1.0351901613339214,1.0,1.0,-0.330130934715271,-0.2283259630203247,-0.3212531208992004,-0.3030708432197571,-0.3281280100345611,-0.3528079092502594,-0.3344859182834625,-0.3428365588188171,-0.3017656803131103,-0.2466887235641479,-0.2949428856372833,-0.3072144985198974,-0.3037024736404419,-0.3486036658287048,-0.3111064434051513,-0.3450972139835357
A,0.0,0.0,0.9673331139866796,1.2537103974892247,0.931009445010131,1.0600782723684359,0.9160699456786263,0.8881522576425378,0.899481012231833,0.773670418150653,0.9588398057451436,0.9012138243587846,0.976936284866366,0.815310287022182,0.9786108878315606,0.9606756264947848,0.9716266460408829,0.9789997203768431,0.998901695262713,0.9023166978979333,1.0164717576229108,0.8300040485231185,1.010922748587446,1.0007479884894226,1.0,1.0,-0.8110904693603516,-0.3994200229644775,-0.8245387077331543,-0.3723024725914001,-0.8171349763870239,-0.4413664042949676,-0.8069683313369751,-0.4448858499526977,-0.836025595664978,-0.4133358299732208,-0.8464547991752625,-0.3958242237567901,-0.8396268486976624,-0.4491313695907593,-0.8307108879089355,-0.4590368270874023
A,0.0,0.0,0.9537113079552269,1.229618703615101,0.9023692451254904,1.0451005242616358,0.8783010977589671,0.8781856990819916,0.8499040573889637,0.7571101713370852,0.9382512654857126,0.8419121354129048,0.9526587873716702,0.8501981255327866,0.9655158715016064,0.985693518413422,0.9627000862921246,0.9844687467811051,0.9966721951879559,0.8156767269071835,1.0112667355750113,0.85540827762665,1.0095762874182175,1.0226735116779928,1.0,1.0,-0.680303692817688,-0.4095219075679779,-0.6906422972679138,-0.4340647757053375,-0.6816723346710205,-0.5089579224586487,-0.6706895232200623,-0.4995894432067871,-0.7123540639877319,-0.4242678880691528,-0.723709225654602,-0.4394680857658386,-0.7131184935569763,-0.4913351535797119,-0.7009469866752625,-0.4885475039482116
A,0.0,0.0,0.9630349854884765,1.2202007099197723,0.9157109514735814,1.0516001182794,0.8922383506213227,0.8898819396361326,0.8672064661534211,0.7706058655387129,0.9394065703279199,0.8249554931167962,0.9581222726464385,0.8254948082401317,0.972458768208933,0.9593618388309324,0.9680084974947323,0.9846185063453492,0.9902109836278291,0.7868367926812796,1.013357830805138,0.8365776001693879,1.016018518039235,1.0021183816165582,1.0,1.0,-0.7071846723556519,-0.3894980549812317,-0.7232311367988586,-0.4183312952518463,-0.7186041474342346,-0.4960704147815704,-0.7049472332000732,-0.5000994801521301,-0.740037739276886,-0.4050112664699554,-0.7543937563896179,-0.4241939783096313,-0.7478461265563965,-0.4851946830749511,-0.7344484329223633,-0.4946433305740356
A,0.0,0.0,0.9658767901314854,1.1812195562259291,0.9088055372080913,1.030063883226733,0.8819413229489651,0.8943506915418881,0.8526983067002567,0.7903148436555583,0.9351037814002493,0.8156927918912157,0.9350662183037107,0.9032336227419114,0.955105596464604,1.0082939494186443,0.96029570989642,0.9922615243709983,0.9949209257992956,0.7814900571046722,0.9974917169489642,0.9110692555144161,1.002533325115395,1.030072113259791,1.0,1.0,-0.6478935480117798,-0.4433645606040954,-0.6491422653198242,-0.5143996477127075,-0.6453661918640137,-0.5757874250411987,-0.6417397856712341,-0.5584228038787842,-0.6821036338806152,-0.4619628190994262,-0.682666003704071,-0.5160882472991943,-0.6753031015396118,-0.562980592250824,-0.6712808012962341,-0.5530025959014893
A,0.0,0.0,0.9551408298011554,1.3173110745454628,0.9053659042023482,1.0602352090104503,0.8800735281419754,0.8430625642629266,0.8529835310009767,0.6827072999622217,0.9368216347731315,0.7870136805865755,0.9465055904029657,0.790404117523011,0.9614001239540181,0.9859008829716547,0.9623851362630742,0.9832801337459999,0.998614823442276,0.7515916279277887,1.0037353140392316,0.7957985667373603,1.0036518465502984,1.031698237501911,1.0,1.0,-0.6566710472106934,-0.2713561058044433,-0.6597426533699036,-0.2866770029067993,-0.6522979736328125,-0.3619107604026794,-0.647000253200531,-0.3547904193401336,-0.6877237558364868,-0.2867944240570068,-0.6933414340019226,-0.294314980506897,-0.684213399887085,-0.3442484438419342,-0.6783639192581177,-0.3428740501403808
A,0.0,0.0,0.9610534919725208,1.127457792834183,0.907709342390167,1.0045481679617574,0.8866620134519851,0.8980205586783789,0.8619686459047575,0.8133207403071666,0.9421731906443028,0.8362569609532623,0.9402618488438644,0.919068188729714,0.9570298356126855,1.0026927312515237,0.96393247315299,0.9941280383037274,0.9993041672390368,0.8134819681017847,0.9973758253121722,0.9248873767084242,1.0000802132402065,1.0159774473652563,1.0,1.0,-0.6439976096153259,-0.5427784323692322,-0.642265260219574,-0.6150746941566467,-0.6381376385688782,-0.6704808473587036,-0.6359018683433533,-0.6584289073944092,-0.6758435368537903,-0.5619993209838867,-0.6732891798019409,-0.6144269108772278,-0.6662293076515198,-0.6585513949394226,-0.6632623672485352,-0.6524025797843933
A,0.0,0.0,0.9742445846841534,1.077041000437835,0.8998405562198449,0.982007010491945,0.8732168146315831,0.8940933016997344,0.8469369172348862,0.8232045401725478,0.9510298231743497,0.8326855225744729,0.8949809489326314,0.9113166004315836,0.9215018196060302,0.9839643219283961,0.9472795154362533,0.9842660867432719,1.013671765549083,0.8167415169369682,0.9572188958648654,0.9266461908237527,0.9771981952415082,1.0073139673566824,1.0,1.0,-0.5223925113677979,-0.6395429968833923,-0.4978132545948028,-0.7232873439788818,-0.5017276406288147,-0.7775686979293823,-0.5111051201820374,-0.7688442468643188,-0.5516635775566101,-0.6643491983413696,-0.5320753455162048,-0.7284582853317261,-0.528638482093811,-0.7694252729415894,-0.5340893268585205,-0.7636262774467468
A,0.0,0.0,0.9563988625012573,1.2585001963759217,0.9033384307955448,1.0525804473981568,0.8779730046520245,0.8791724587324582,0.8503252257257352,0.7522254878575282,0.9351170331302889,0.8099715187830991,0.9451271707798554,0.8420290229630607,0.9603752447620888,0.9909265285722376,0.9612563732093946,0.9800451417472614,0.9960387905519799,0.780373056347956,1.0043577122251974,0.8534546274174682,1.0044669363809988,1.0391919310892108,1.0,1.0,-0.625499963760376,-0.3385235965251922,-0.6304479837417603,-0.3666172325611114,-0.6235085129737854,-0.4368117153644562,-0.6179214715957642,-0.4238967895507812,-0.6565368175506592,-0.3558580875396728,-0.6629644632339478,-0.3707252442836761,-0.6528466939926147,-0.4206081628799438,-0.6451402902603149,-0.4185107350349426
A,0.0,0.0,0.9529782101410293,1.0824911224901532,0.9005957392792266,0.9667642036132198,0.8851796098391417,0.8699941133261994,0.8655884428934328,0.7927767646415714,0.9400306187161125,0.8267785048814631,0.9230929714639913,0.915680884959001,0.9429125247542236,0.9918482609999166,0.9582461443809128,0.9877215513124417,1.0004302589897052,0.8122426391620313,0.9858573470842864,0.9297589072169397,0.9917069447977613,1.0097325749786092,1.0,1.0,-0.6162716746330261,-0.6158902645111084,-0.6084075570106506,-0.6984804272651672,-0.6044418811798096,-0.7517270445823669,-0.6058355569839478,-0.7419776916503906,-0.6488630175590515,-0.640582263469696,-0.6410229206085205,-0.7019352316856384,-0.6314460039138794,-0.7448366284370422,-0.62845778465271,-0.7399381399154663
A,0.0,0.0,0.9634111798190348,1.1038122966496278,0.9000736715205943,0.9991881294946112,0.8742243780419502,0.9080350684292604,0.8454029086935235,0.8348822942906878,0.9285868341340291,0.8477444362619597,0.9240692825968585,0.9340734694224158,0.9467974572115198,1.0062552323923186,0.9572140986596288,0.9986126428887598,0.9874716310963078,0.8221159306662752,0.9850327553538164,0.9362563665451216,0.9948949920312866,1.0133165379646831,1.0,1.0,-0.5926660895347595,-0.6060947775840759,-0.5905855298042297,-0.6854935884475708,-0.5903936624526978,-0.7384592890739441,-0.5906123518943787,-0.7279511094093323,-0.6252404451370239,-0.6222089529037476,-0.622429609298706,-0.6816462874412537,-0.6163656115531921,-0.7246497869491577,-0.6131564378738403,-0.7196905016899109
A,0.0,0.0,0.9511749726790115,1.0848252276083394,0.8972542543780003,0.9717184836719186,0.8813506614017724,0.8809631967444241,0.8595526076969543,0.809595096521663,0.9428158590625646,0.8328813200094025,0.9195966967568993,0.9102171098292817,0.9371323029710436,0.9869854080581781,0.9549062610681018,0.9925158776992342,1.003181904316266,0.819902417770671,0.9803062717395911,0.9252976546549582,0.9874470570074905,1.0029463832662373,1.0,1.0,-0.5758137106895447,-0.5930148959159851,-0.5630834698677063,-0.6612151861190796,-0.5617448091506958,-0.7111749649047852,-0.5656983852386475,-0.7078061699867249,-0.6059404611587524,-0.6149076819419861,-0.5951874256134033,-0.657505989074707,-0.5876995325088501,-0.6978183388710022,-0.5870846509933472,-0.6996352672576904
A,0.0,0.0,0.9667896048724935,1.2365516457237384,0.9358444853910352,1.0503495087766357,0.9255522183028813,0.8852057257456958,0.9131560534130336,0.7824132423464057,0.9641020492192848,0.9219736861132464,0.9756483067577332,0.8310970801634454,0.9792065206226439,0.9540790012042054,0.9760965253402722,0.9878257443631023,1.0003067934884757,0.9269804103258275,1.0118820224203469,0.8290141053933487,1.0074765349670751,0.9781959290655825,1.0,1.0,-0.7707971930503845,-0.3998666703701019,-0.7806356549263,-0.3689920604228973,-0.7736654281616211,-0.4260491728782654,-0.7659107446670532,-0.4341944456100464,-0.7929491996765137,-0.4144505858421325,-0.8027778267860413,-0.388725996017456,-0.7958377599716187,-0.4300232231616974,-0.7877036333084106,-0.4414691030979156
A,0.0,0.0,0.9976838009736269,1.1910691722105868,0.93936927262538,1.0809490348741222,0.9080245193582638,0.9696820842892386,0.8832035044352168,0.8869824311785819,0.9543083215146305,0.950528249189343,0.9254313782990181,0.8870319010188332,0.9480669333397339,0.9895875880239045,0.9666465600878844,1.0156195732438174,0.9928113762883604,0.9202494999452079,0.9630321880352405,0.8689889197110635,0.9832108907620243,0.996156636935179,1.0,1.0,-0.5311570167541504,-0.3954688906669616,-0.5163573622703552,-0.382915735244751,-0.5244879126548767,-0.4371349215507507,-0.5319877862930298,-0.439070850610733,-0.5523422956466675,-0.3914912939071655,-0.5376870036125183,-0.3833496868610382,-0.5397467613220215,-0.4201386570930481,-0.5457166433334351,-0.4230025708675384
A,0.0,0.0,0.9709271477314249,1.2322953677882191,0.9433595954026678,1.0524586855891007,0.9353641010365659,0.8889725859345706,0.9287950169533794,0.7733945577129229,0.9711553670592012,0.917044569460261,0.9837629450306505,0.8078574458189169,0.9813721698927851,0.9210097053411651,0.9756986689917135,0.9747079260831789,1.0031964920241294,0.9311485942183956,1.014539545394996,0.8177391439526978,1.007484014578556,0.9607697658514989,1.0,1.0,-0.7784570455551147,-0.3410836160182953,-0.7878429293632507,-0.3069697916507721,-0.7806270122528076,-0.3538479506969452,-0.7734365463256836,-0.3687088787555694,-0.7983311414718628,-0.3560859262943268,-0.8078749179840088,-0.3232246041297912,-0.8009033203125,-0.3559503853321075,-0.7928475141525269,-0.3717267513275146
A,0.0,0.0,0.962371321219173,1.1206308520460209,0.9474899561664624,1.012886979522859,0.947979388383788,0.9192873117331622,0.9420506649374771,0.8497892922108422,0.9777426347679194,0.9216409408771693,1.0001691181546606,0.9257116518827526,0.9917355579143756,0.9908299955973624,0.9795145033015286,0.9794839392382816,1.0102987277122482,0.9366446617531363,1.028230709909778,0.9452705866749553,1.0122556452864344,1.0271510466415392,1.0,1.0,-0.839237630367279,-0.6500402688980103,-0.8521275520324707,-0.6545939445495605,-0.8375847339630127,-0.7034167051315308,-0.8264940977096558,-0.6904410123825073,-0.8586414456367493,-0.6742300391197205,-0.8707844614982605,-0.6752252578735352,-0.8584190607070923,-0.7102868556976318,-0.8471211791038513,-0.7067623734474182
A,0.0,0.0,0.9765826938317098,1.2013114674375178,0.9449902060305598,1.0460565508649549,0.9327934328070563,0.9084902104798678,0.9223001789330804,0.8136337402853933,0.9698102345734597,0.929152223337083,0.973409746785601,0.8340560302256841,0.9763029966722102,0.9438765884682692,0.976114261315399,0.9805132158700576,1.00233385556761,0.9300917340648983,1.0063547825971382,0.8350622657391469,1.0026020059777272,0.9735513820183497,1.0,1.0,-0.7405436635017395,-0.3950977623462677,-0.7447337508201599,-0.362545371055603,-0.7396090626716614,-0.415592223405838,-0.7362759113311768,-0.4279245734214782,-0.7613102793693542,-0.4067786037921905,-0.766472578048706,-0.3765227198600769,-0.7597261071205139,-0.4117394983768463,-0.7542913556098938,-0.4257981777191162
A,0.0,0.0,0.9857912636274488,1.2951214617540503,0.9414764104602319,1.1206565383821296,0.9238241941952711,0.9455435145944217,0.9066426528063664,0.8305726342515436,0.9632544144351545,0.9469404047691655,0.9529547102491915,0.8278605019932002,0.9646671421627963,0.9809190703921192,0.9724506542189936,1.01782051835472,0.9985228884491504,0.9186423128720957,0.9864198345566761,0.8086198152839043,0.9933380320466714,0.9963143712703196,1.0,1.0,-0.6134473085403442,-0.271965742111206,-0.6063969135284424,-0.2453954070806503,-0.607857882976532,-0.2985609769821167,-0.6116008162498474,-0.3008535802364349,-0.6344948410987854,-0.2706697583198547,-0.6271178126335144,-0.2494781017303466,-0.6252043843269348,-0.284780740737915,-0.6289160847663879,-0.2899788022041321
A,0.0,0.0,0.9820247989010051,1.3420822350844792,0.949087867422325,1.090991875018986,0.9392582151161677,0.864276987839256,0.9284024039184013,0.7122783456527949,0.9709834135791665,0.8821704670610119,0.9863638776666768,0.7515813488320942,0.98535770650187,0.9329731453870722,0.9786572336821069,0.9808458453048636,1.0049846456666562,0.8892189816963627,1.018253929032384,0.7532107957244178,1.0097924274571586,0.9834032256431304,1.0,1.0,-0.6728407740592957,-0.2323111146688461,-0.6816941499710083,-0.2059393525123596,-0.67409747838974,-0.2595140337944031,-0.6671654582023621,-0.2642457783222198,-0.6917794346809387,-0.2414510846138,-0.6991716623306274,-0.2185726314783096,-0.6932128667831421,-0.2555983662605285,-0.6873582005500793,-0.264064073562622
A,0.0,0.0,0.9705576874651574,1.3313135918403254,0.9525761691725819,1.060351073712726,0.9527436794530766,0.8126763308466036,0.9474915374524419,0.6501962566818291,0.9780944792327061,0.8621450351817905,0.9992557266894145,0.6965872805529936,0.9927691915966352,0.8849750902852667,0.9823780902173216,0.9595901848420345,1.0035694676685645,0.8974543621602511,1.0229048842906736,0.7453802632285136,1.0119628567418673,0.9691539632838994,1.0,1.0,-0.7821027636528015,-0.203675091266632,-0.7953217029571533,-0.1770923435688018,-0.7872868180274963,-0.2211185693740844,-0.7786234021186829,-0.2303745001554489,-0.7968229055404663,-0.2160521298646927,-0.8092060685157776,-0.191641554236412,-0.8029792308807373,-0.2221439629793167,-0.7944336533546448,-0.2335795015096664
A,0.0,0.0,0.9757459515202339,1.5002849705099925,0.9343595787506352,1.1400085141330845,0.9195941887741804,0.8070687755740179,0.8999949004453611,0.5954766470389529,0.9597621166725798,0.7921706572404842,0.9530942310525393,0.6749580347960026,0.9640661189948385,0.9609459442247142,0.971626644606371,0.9967685402603147,1.0017859337720403,0.7558149860582418,0.990007161169463,0.6691930553664421,0.9918425649800943,1.0066570259268448,1.0,1.0,-0.5693572163581848,-0.1284811943769455,-0.5624274015426636,-0.12064079195261,-0.5600057244300842,-0.173246368765831,-0.5639930963516235,-0.1721113622188568,-0.5891292691230774,-0.1339879482984542,-0.5815683007240295,-0.131528303027153,-0.5773708820343018,-0.1656682193279266,-0.5808858871459961,-0.1659743636846542
A,0.0,0.0,0.9747066751573461,1.2844136695626336,0.9311701537273316,1.078766560693194,0.9139993401821405,0.8870379960058207,0.9129748322962941,0.7382973060933947,0.9597227742016332,0.8055526786492044,0.9522818700977196,0.8186259467738479,0.9650159455982732,0.9907873086211532,0.9725339818984853,0.9942280529899431,1.0014455637478676,0.7710023337678084,0.9893786715155607,0.8338323118089079,0.9932908287874952,1.0242054527974487,1.0,1.0,-0.6063549518585205,-0.2215851098299026,-0.5988597273826599,-0.2445500642061233,-0.5967466235160828,-0.2913986146450043,-0.5996312499046326,-0.2826207876205444,-0.6267271637916565,-0.2340035885572433,-0.6185015439987183,-0.2571140229701996,-0.6145938038825989,-0.2880141735076904,-0.6172839999198914,-0.281842827796936
A,0.0,0.0,1.0058104422838727,1.368596062693931,1.0706267327182655,1.1706137747194936,1.0938080363660876,0.928492134674598,1.1173536545003357,0.7866536235260375,1.0461350347818785,0.9256996733448971,1.046134968627078,0.7514840068792997,1.0320539854926492,0.9248035708173712,1.0313160286929246,0.9888677555333673,1.0014864983675311,0.9052760926911918,0.9969365034978358,0.7621674333437485,0.9920104847420236,0.9816291314473039,1.0,1.0,-0.4319255948066711,-0.2203616201877594,-0.4298470616340637,-0.1927987784147262,-0.4296822845935821,-0.2439795434474945,-0.4338349997997284,-0.2493612468242645,-0.4116564095020294,-0.2231405675411224,-0.412086933851242,-0.2041800320148468,-0.4132943451404571,-0.2401383817195892,-0.4147275388240814,-0.2485717087984085
A,0.0,0.0,0.9938194249944692,1.3406718320892168,1.0636278760134719,1.1995656981575824,1.1063845173022147,1.0123109517720634,1.135873055659366,0.8996083165626796,1.0420601948453672,0.9354808713646514,1.0515514517977693,0.7731500952120623,1.037326479582361,0.9282844148494128,1.0319554074134258,0.9994617950133831,1.0015947027182737,0.9013201615669816,1.0056438847510991,0.7748173955556699,0.9940184947869566,0.9910254834442918,1.0,1.0,-0.4818629920482635,-0.231732577085495,-0.4830885827541351,-0.2063906192779541,-0.4801262021064758,-0.2568404376506805,-0.4830568134784698,-0.2599076330661773,-0.461211085319519,-0.2319033592939376,-0.4630995392799377,-0.2131099104881286,-0.4636459350585937,-0.2491819262504577,-0.4647576808929443,-0.2578158378601074
A,0.0,0.0,1.0042804524003859,1.099719805388954,1.056174395519265,0.9193381160891261,1.0883754167090067,0.7724730709100327,1.1233526404409058,0.675231980138602,1.039718883269031,0.6427853713988719,1.07108970975965,0.6808392438138362,1.0546297176485757,0.8326786290146931,1.0349202967197584,0.95222060570799,1.0036131716649894,0.60138118315356,1.0302974081273417,0.7099356972686616,1.014198755035746,0.8806701573527297,1.0,1.0,-0.5271477699279785,-0.1709541231393814,-0.5393849611282349,-0.2150066345930099,-0.5337030291557312,-0.2594561278820038,-0.5290511250495911,-0.2868445515632629,-0.5075374245643616,-0.1825655251741409,-0.519363522529602,-0.2211268097162246,-0.5188806056976318,-0.2567434906959533,-0.5180279612541199,-0.2752807140350342
A,0.0,0.0,1.0401436296995974,1.0705690802168384,1.0860719014563007,0.8592000240959802,1.1113794550526424,0.6875215921908588,1.1487934639905126,0.5700330936577976,1.0583563707288215,0.6028194851336103,1.0630604088261912,0.6641847310243622,1.0478442264078516,0.819420476772603,1.0341654741794972,0.9383598428141721,1.0074354384447581,0.571616361340937,1.008885405295032,0.69365819128164,1.0017223752775741,0.8655914722367264,1.0,1.0,-0.4334332346916199,-0.1667358875274658,-0.4344239830970764,-0.2107323706150055,-0.4373341500759125,-0.2531053721904754,-0.4415571093559265,-0.2835981249809265,-0.4134853184223175,-0.1817383915185928,-0.4164552688598633,-0.2164056003093719,-0.4222966432571411,-0.2507405877113342,-0.4282199442386627,-0.2708858549594879
A,0.0,0.0,1.0336552346499757,1.0778461022018098,1.0855811768671437,0.9024773884379909,1.1036232127935066,0.7431251187739889,1.1048006173742966,0.6051385268834953,1.0613749857487866,0.6715328514403845,1.0722830665323595,0.7026762582875922,1.0532765137136455,0.8382334105971136,1.0350408960901976,0.9460244756489625,1.013654553722443,0.6362174316520716,1.0201439757349777,0.7368820111331975,1.0074788540694029,0.8862553237333897,1.0,1.0,-0.4411042928695678,-0.2089932411909103,-0.4439461529254913,-0.252764880657196,-0.4445993304252624,-0.2967401146888733,-0.4468013942241668,-0.3279660940170288,-0.4202038049697876,-0.2220152914524078,-0.4242376685142517,-0.2601810693740845,-0.4283486604690552,-0.2957297265529632,-0.4331843554973602,-0.3164719641208648
A,0.0,0.0,1.0418727889718602,1.0502136524958596,1.096770821866789,0.9589030485968562,1.1202306239288855,0.8602909615178252,1.1303879803771306,0.7693133474334254,1.0820795542827522,0.791528101200222,1.069831262878431,0.8348267290868551,1.0479829022616098,0.9134863780153287,1.0307518032001637,0.9733814605710883,1.0305985369012003,0.7623528898348292,1.014007301778107,0.8432002453752306,1.003371014522316,0.9330664510938286,1.0,1.0,-0.4144737720489502,-0.3694395124912262,-0.4086455702781677,-0.4136324524879455,-0.4106889367103576,-0.4533228576183319,-0.4144298732280731,-0.4813974797725677,-0.3939578235149383,-0.3812370896339416,-0.3911305367946625,-0.4156381785869598,-0.3960821032524109,-0.4483104050159454,-0.4022446870803833,-0.4675022959709167
A,0.0,0.0,1.0249877690233136,1.0626800350045496,1.0830596755315314,0.9555927876541028,1.1099268846466195,0.8628903514335462,1.1352907452955099,0.7889953605167507,1.0604984682919565,0.8332557785387241,1.077143067814003,0.828730426381804,1.0609541848846653,0.9033326496337425,1.04175344212552,0.9692538446145397,1.0083086289904108,0.8152387182230506,1.0194394722268116,0.8436603493476648,1.0085193624650668,0.9295389419091219,1.0,1.0,-0.3907830417156219,-0.4501776397228241,-0.3950666189193725,-0.477278470993042,-0.3950702250003814,-0.5239841938018799,-0.3957700729370117,-0.558440089225769,-0.3685767650604248,-0.4615333676338196,-0.3746314942836761,-0.4904767870903015,-0.3784347176551819,-0.5282911658287048,-0.3819246292114258,-0.5511207580566406
A,0.0,0.0,1.051992978645565,1.0629657905912964,1.1153290435648906,0.9609332110780845,1.1402437295006915,0.8644399766587298,1.1681996517923003,0.7876210278728955,1.0967274593509417,0.8213849355478972,1.0868402038083578,0.8375824286272915,1.0636871326410755,0.9101350446375989,1.044267264305374,0.9673693352157711,1.0388000141412206,0.7969420558130956,1.021718452267223,0.8492001172896576,1.007195418562259,0.9352013341586385,1.0,1.0,-0.3682741522789001,-0.4248124361038208,-0.3613243997097015,-0.4589683413505554,-0.3620420098304748,-0.5031181573867798,-0.3648154437541961,-0.5342869162559509,-0.348301887512207,-0.4348815679550171,-0.3440725207328796,-0.4628699719905853,-0.3471631705760956,-0.4991562962532043,-0.352045863866806,-0.5207892060279846
A,0.0,0.0,1.0323873544894155,1.0953389771127644,1.0963990669376376,0.9611265671964242,1.1195947681406904,0.8323012428944911,1.1351465364606315,0.7248770017212829,1.0683044144527174,0.8129637598882102,1.07675578615696,0.7704598998227511,1.0545134779005771,0.8714548774766782,1.0356668428133324,0.9575831774699894,1.0193249893285594,0.7883484995039468,1.0227776614988746,0.7769073435060946,1.0083955719394764,0.9021895810843271,1.0,1.0,-0.4098553955554962,-0.3099503517150879,-0.4099186956882477,-0.3170670568943023,-0.4091873168945312,-0.3678043186664581,-0.4100351631641388,-0.4028777778148651,-0.3885875940322876,-0.316339761018753,-0.3905869424343109,-0.3292189240455627,-0.3931275010108948,-0.3694061040878296,-0.3970422744750976,-0.3930295407772064
B,0.0,0.0,0.977410367889838,1.8946139522315115,0.9393520597301896,1.769571505948954,0.9497690315001165,1.637987433685404,0.9789671883778384,1.5658879608967722,0.9559699620093715,1.5037965250018615,0.9536280012326409,1.3069926427579444,0.9592765941272113,1.1901934221509194,0.9672594698601582,1.0890480838644832,0.9911835466141382,1.471087202426641,0.9901356502128448,1.243539177428954,0.9946877197632124,1.111236095381589,1.0,1.0,-0.6449381709098816,-0.5184789299964905,-0.6430299878120422,-0.444209337234497,-0.643120527267456,-0.3983245491981506,-0.6436464786529541,-0.3589505553245544,-0.6676422357559204,-0.5345653891563416,-0.6660885214805603,-0.475289911031723,-0.6644677519798279,-0.4379239082336426,-0.662757158279419,-0.404261976480484
B,0.0,0.0,0.9863605433585747,1.8991639352730993,0.9540233824353898,1.767922454050649,0.9735355367929277,1.62927351294906,1.0084061876797572,1.5567621622097914,0.960688370875438,1.5087641580808677,0.9575784560772069,1.3145517522701045,0.9631088105864614,1.1929948760778646,0.9717518028651478,1.088801404435319,0.9946932108159046,1.4716411633896567,0.9917326838514944,1.2483477307764805,0.9953700100026939,1.1151210903897046,1.0,1.0,-0.6527742743492126,-0.5122119784355164,-0.651045024394989,-0.4372838139533996,-0.6512013077735901,-0.3931716680526733,-0.6514499187469482,-0.3544325232505798,-0.6758117079734802,-0.5301099419593811,-0.6774562001228333,-0.4723876118659973,-0.6779628396034241,-0.4357534646987915,-0.6774435043334961,-0.4023335576057434
B,0.0,0.0,0.9842258607423202,1.9000080089596898,0.9521130293663681,1.7699940575070896,0.9704616977734203,1.6330411916573369,1.00570884818235,1.5698516204435897,0.9612738217725765,1.5040534905399878,0.9591062936763822,1.3107279799515654,0.964303635486943,1.1921868417016617,0.9725785141734521,1.089199896305956,0.9950152177114755,1.4693180547555937,0.9921007427535741,1.2477872985830696,0.995565014682577,1.1155432527359563,1.0,1.0,-0.656410813331604,-0.5129402279853821,-0.6547801494598389,-0.4383386373519897,-0.6545192003250122,-0.3946784734725952,-0.6540474891662598,-0.3559234142303467,-0.6794236898422241,-0.5310599207878113,-0.6806882619857788,-0.4737760424613952,-0.6803271770477295,-0.4371345043182373,-0.6788546442985535,-0.403247982263565
B,0.0,0.0,0.9967188577527816,2.90475329520349,0.9647553260208117,2.5981593604064055,0.9807905967162653,2.277151109719583,1.013636422111587,2.138423682249338,0.9691991506278874,2.062298991484727,0.962912576812079,1.6610051638451466,0.964457589674679,1.4103721408128982,0.968373480472589,1.1901638230975138,1.0049850128002265,1.9796518924544364,0.9998063495516315,1.5181819384483775,0.9997831543796578,1.2413911072501096,1.0,1.0,-0.6356804370880127,-0.3368200957775116,-0.632472813129425,-0.2632525563240051,-0.6300230622291565,-0.2190449237823486,-0.6276038885116577,-0.1800540685653686,-0.6581826210021973,-0.3510984778404236,-0.6571876406669617,-0.2932440042495727,-0.6556470394134521,-0.2557284235954284,-0.6534081101417542,-0.2204828113317489
B,0.0,0.0,0.9641021048391174,1.9792205974214874,0.9445723716278804,1.814711224867937,0.9706989560899489,1.6698933953232395,1.0022913708304653,1.602744577840782,0.9546056595000639,1.5339776819079827,0.9587478069428991,1.323227470132042,0.9659189260373421,1.191467407119411,0.9736605952293221,1.0745315161431515,0.9868274473426708,1.5080930289640455,0.9913263331754806,1.270161189416141,0.9962046769576081,1.1293968017158766,1.0,1.0,-0.7325864434242249,-0.4763179123401642,-0.7350105047225952,-0.4083456397056579,-0.7347267270088196,-0.3658925890922546,-0.734599232673645,-0.3272885382175445,-0.7534973621368408,-0.4963670670986175,-0.7546770572662354,-0.4433106780052185,-0.7540135383605957,-0.4094347059726715,-0.7530695199966431,-0.3766026496887207
B,0.0,0.0,0.9565844507162798,1.6267841786079078,0.9398703525869623,1.5430312261995431,0.9665772961964828,1.468714560880312,0.9973220699264361,1.4327652865683702,0.9534162593228456,1.354773301884234,0.961701030862185,1.220354225416906,0.9695697290261447,1.1343569170867833,0.9779083903062784,1.0581682032837543,0.9826645380351721,1.334575785586213,0.9901314113667393,1.182311646371002,0.9955782552269069,1.0871626345040104,1.0,1.0,-0.7553767561912537,-0.6194040179252625,-0.7601222991943359,-0.5526898503303528,-0.7614579796791077,-0.510618269443512,-0.7622190117835999,-0.4721291661262512,-0.7745033502578735,-0.6383293867111206,-0.7784339785575867,-0.5869713425636292,-0.7795981168746948,-0.5532790422439575,-0.7801203727722168,-0.5213068723678589
B,0.0,0.0,1.0032397445177463,3.1627160614938252,0.9560543521356124,2.850426759693195,0.9633286125617314,2.4821984701357396,0.9987859650369056,2.3045160177947426,0.9690437131753604,2.211492660585459,0.959949256162875,1.7499574156897544,0.9602207772006203,1.4649810315262624,0.9637643514059933,1.2215049032649952,1.0070924975249649,2.113076777108419,0.9991835112056454,1.5805712490753578,0.9988505823366686,1.2655710186890372,1.0,1.0,-0.5820506811141968,-0.3189922571182251,-0.5775151252746582,-0.2441007792949676,-0.5756438374519348,-0.1985633373260498,-0.574304461479187,-0.1594010442495346,-0.6040602326393127,-0.3326732814311981,-0.6018810868263245,-0.2745277285575866,-0.6000251173973083,-0.2363069951534271,-0.5981771945953369,-0.2018798291683197
B,0.0,0.0,0.9938076157949146,1.7499786995340325,0.9543486002374131,1.6573721710057603,0.9615035577938233,1.5518788985358192,0.9906293332423078,1.4948540959846839,0.9650066421016579,1.4297140057436082,0.960935940026225,1.2672949532095967,0.9645855097162529,1.1664238438858856,0.9708957942360986,1.0777857326517386,1.0001364334903489,1.402393823062307,0.996073375041006,1.2119220948176765,0.9977353925331826,1.0973833763417966,1.0,1.0,-0.5894736051559448,-0.5536695122718811,-0.5874837636947632,-0.4834590554237366,-0.5868834257125854,-0.4396855235099792,-0.5859276652336121,-0.4022319912910461,-0.6107569336891174,-0.5679543018341064,-0.6120700836181641,-0.5129121541976929,-0.6121403574943542,-0.4779917299747467,-0.6107674241065979,-0.4469446837902069
B,0.0,0.0,1.013076777569569,2.5551982061046368,0.9598311064661375,2.3546277313714534,0.9569970196139498,2.109644469246094,0.9803315233408673,1.9396679315652006,0.9726799817029301,1.8814394608179557,0.9598645462828274,1.556514160272896,0.9588128141377555,1.3501593317258964,0.9618858459487537,1.169683375654567,1.013702463990433,1.8119494799702967,1.0017666953899718,1.427752475088605,0.9997809567231375,1.1959372479233035,1.0,1.0,-0.5045194625854492,-0.3765494227409363,-0.4990158081054687,-0.3007604479789734,-0.4973719716072082,-0.2550626397132873,-0.4961255192756653,-0.2149530500173568,-0.5258839726448059,-0.3905666172504425,-0.5225902795791626,-0.3326756358146667,-0.5205356478691101,-0.2953041493892669,-0.5178232789039612,-0.2610874772071838
B,0.0,0.0,0.9788349831756842,2.1059528665877663,0.9474631024064845,1.9348756473639594,0.962519631433218,1.7486520560363283,0.991833691559421,1.637568177812099,0.9589188794904557,1.6320097590728881,0.9560468389931829,1.384812554733906,0.9615477777978694,1.234339401976996,0.9703876309685916,1.1039243895683124,0.993519341194999,1.595484750049663,0.9912695608147143,1.3135997493082194,0.9951215256334697,1.1443929817493026,1.0,1.0,-0.599283754825592,-0.4305707812309265,-0.5989066362380981,-0.35856494307518,-0.5994840264320374,-0.3151624202728271,-0.5998877882957458,-0.277252584695816,-0.6203033328056335,-0.4482332766056061,-0.622435986995697,-0.3925646841526031,-0.6233789920806885,-0.3572918176651001,-0.6230402588844299,-0.325331449508667
B,0.0,0.0,0.9909960953582001,3.1560514611263253,1.0875672911493344,2.8695700348234903,1.0617431777110393,2.5412085324919813,0.990026305411461,2.3462549873229066,1.0637956065195817,2.2302055814515755,1.0811588248804989,1.7648553444865065,1.0763550320475317,1.4748546092284887,1.0666948355586758,1.2246825564881871,0.980633496712907,2.1438438926655685,1.0003980914492245,1.615917287964945,1.0018104363578055,1.275721993033095,1.0,1.0,-0.309974730014801,-0.4085665941238403,-0.3162932693958282,-0.3136905431747436,-0.3193258047103882,-0.2540225982666015,-0.3210359215736389,-0.2048929780721664,-0.2805947065353393,-0.4272569119930267,-0.2813461720943451,-0.3544071316719055,-0.2806151807308197,-0.305876076221466,-0.2796607613563537,-0.2615149617195129
B,0.0,0.0,1.004445794038297,1.8137085001488933,1.0880429540994567,1.7207648479634716,1.0883127277133435,1.6106643284915463,1.0383859111546654,1.5346267412235715,1.0705707851179678,1.4649055355193066,1.0816147649123813,1.288821625914039,1.0744239590322966,1.1790089666810046,1.063301268050296,1.081722264500546,0.9953288502794001,1.4353066207854945,1.0054580982952497,1.2324217979684347,1.003410137707019,1.105793733249512,1.0,1.0,-0.337234228849411,-0.6518455147743225,-0.3400083482265472,-0.5642520189285278,-0.3409675657749176,-0.5076272487640381,-0.3415810167789459,-0.4596650004386902,-0.3107767105102539,-0.6720364093780518,-0.3092494308948517,-0.6026172041893005,-0.308135449886322,-0.5588274598121643,-0.3072647452354431,-0.5194151401519775
B,0.0,0.0,0.9774714807927851,2.4306306152311503,1.0541655368038871,2.2605275230197908,1.055836998387591,2.0573391112063706,1.0216780252521362,1.9021803327290328,1.0397137914755796,1.813057111013903,1.057646453124581,1.5056557586577355,1.056121808653793,1.3204065615213947,1.0492972903995657,1.1590637377122983,0.9787946674775659,1.755908247388008,0.9969101208441271,1.3971934375018382,1.00097525116892,1.1782350108160298,1.0,1.0,-0.4036576747894287,-0.4756159782409668,-0.4076399505138397,-0.384878396987915,-0.409467339515686,-0.3288021087646484,-0.4105125665664673,-0.2816410660743713,-0.3757541179656982,-0.4954862296581268,-0.3757825791835785,-0.4245328307151794,-0.3764027655124664,-0.3798967003822326,-0.377545565366745,-0.3392679989337921
B,0.0,0.0,0.9822270015752098,1.4463897767484337,1.0288804804027982,1.3901758201102359,1.0279190584508595,1.3167498209958215,1.000369580123827,1.268894974115491,1.0273353101862088,1.2507016644863684,1.0362679582748788,1.15730055319866,1.0346820089500806,1.098088575573252,1.0309647286395491,1.0475115894242153,0.9878131946407849,1.226888261525238,0.9985237807182835,1.1216351334039607,1.0006719214127442,1.05413507626083,1.0,1.0,-0.3633008897304535,-0.5509527325630188,-0.3636169731616974,-0.5038231611251831,-0.3635521531105041,-0.473197191953659,-0.3635738492012024,-0.447596788406372,-0.3474663197994232,-0.5604658722877502,-0.3458139300346374,-0.5225480198860168,-0.3450841009616852,-0.497450053691864,-0.3451870381832123,-0.4745710492134094
B,0.0,0.0,0.9852196688688799,1.682902536232417,1.0516002032446277,1.5989916272993296,1.0462269425161315,1.4912051415466847,1.0089806575352658,1.4177884293948668,1.040514572729806,1.3864134014212945,1.0524141329241266,1.2442739793385436,1.0500658472847453,1.1514187198737498,1.0457594255205513,1.069141353137887,0.9861141932130122,1.3494699774298837,0.9982026285750294,1.1893374795521154,0.9999055624161518,1.0858718788318074,1.0,1.0,-0.3274146616458893,-0.492939829826355,-0.3266514241695404,-0.4356415867805481,-0.3258813023567199,-0.3977845013141632,-0.3257140219211578,-0.365193635225296,-0.3081247210502624,-0.50516676902771,-0.3053877055644989,-0.459378570318222,-0.3033088743686676,-0.429234117269516,-0.3021024763584137,-0.4009943902492523
B,0.0,0.0,1.0187485721517737,1.382342208221045,1.0548209614791315,1.3237351979801275,1.0338619892953334,1.2616800120994287,1.00101604163474,1.233544938773555,1.0413698123873136,1.2124148047917613,1.0429439329237844,1.1310212552726437,1.0373163205933216,1.0795742621259365,1.0309595099645106,1.0356785125884111,1.0051196723823725,1.196034019416138,1.0062431892903194,1.104052931770096,1.0032088121637102,1.045758431789203,1.0,1.0,-0.3582044839859009,-0.5318407416343689,-0.3564830720424652,-0.4916834831237793,-0.3555754125118255,-0.4662249684333801,-0.3549383580684662,-0.4458534717559814,-0.3453573882579803,-0.5416829586029053,-0.3423546552658081,-0.5106292963027954,-0.3409222662448883,-0.4902141094207763,-0.3399453163146972,-0.4722772538661957
B,0.0,0.0,1.2695145362247995,11.497213281108474,1.3963560443170089,9.771718047742082,1.2789582777092017,8.32229822476506,1.118053518691213,7.67442672167316,1.2831204890710137,6.950896786204204,1.2577980195874336,4.743575353915294,1.2164930333865178,3.3261203017443184,1.1769701691274572,2.062804046467312,1.1175090363686162,6.670997084165866,1.080848487819014,4.063408208363215,1.0379300040973756,2.412594738033366,1.0,1.0,-0.1686099618673324,-0.234234869480133,-0.1569227427244186,-0.151135578751564,-0.1482443064451217,-0.0961401164531707,-0.1408969610929489,-0.0503438264131546,-0.144296795129776,-0.260103166103363,-0.1301461160182953,-0.1947242170572281,-0.1206986829638481,-0.1518768519163131,-0.1122792512178421,-0.1124467700719833
B,0.0,0.0,0.9828950904693339,4.562660061582489,1.0545587075886884,4.130510426359493,1.0531719992296962,3.654628847271394,1.0224077449980236,3.260795058189629,1.0376239593552565,3.0719363544641376,1.0535622787784105,2.335147414117863,1.0523566460658935,1.8579444913859398,1.047671313713338,1.430158483991763,0.97576853316933,2.9094281694124486,0.9934703623776376,2.0356176015154386,0.9991328586153003,1.4748995214344378,1.0,1.0,-0.3720895946025848,-0.2964771091938019,-0.3669681847095489,-0.211964264512062,-0.3636037111282348,-0.1548858880996704,-0.3615164458751678,-0.1056088358163833,-0.3469484448432922,-0.3180377185344696,-0.3370392918586731,-0.2520598173141479,-0.3308954536914825,-0.207781434059143,-0.3268607556819916,-0.1657306849956512
B,0.0,0.0,0.9875491886621189,7.431182440447093,1.136101509325231,6.597703979563575,1.1378615735495035,5.715078620818892,1.0452363991987548,5.089865321451851,1.0995737379400934,4.775376053763563,1.1273143181661107,3.3968725988926014,1.118972102870224,2.5356189855706814,1.106474903808598,1.752606508051379,0.9907098302873023,4.559703258873869,1.010220160609738,2.9370973527590905,1.006084078218215,1.9215415133339855,1.0,1.0,-0.3643842339515686,-0.5125563144683838,-0.3688653409481048,-0.3437919020652771,-0.3698656558990478,-0.2349627614021301,-0.3703687787055969,-0.1340839564800262,-0.3167551755905151,-0.5566055774688721,-0.3151295483112335,-0.4280816316604614,-0.3135087192058563,-0.343855082988739,-0.3114970624446869,-0.2606272399425506
B,0.0,0.0,0.872107195146384,5.129521272561673,0.9565956559215613,4.61662692860801,0.9904143766057878,4.071273175618627,0.957949486297314,3.6506800733559044,0.9546035370859224,3.3744820268649036,0.9846619093599777,2.5178319271525917,1.001198521776984,1.9532672123818067,1.0142198104243918,1.4487644485342188,0.9228748867890687,3.263172245524143,0.9578218723337081,2.276060811147556,0.9831715007045005,1.6045258410540257,1.0,1.0,-0.721828818321228,-0.5504394769668579,-0.7523024082183838,-0.3902426958084106,-0.7708799839019775,-0.2921807169914245,-0.7832988500595093,-0.1986764669418335,-0.6843907237052917,-0.5848946571350098,-0.7033048272132874,-0.4779149293899536,-0.7132006883621216,-0.3942084908485412,-0.7184015512466431,-0.3093122839927673
B,0.0,0.0,1.1814120642218722,2.8542883552618648,1.3570891166939583,2.5548519522082005,1.2453159380295271,2.29143424811553,1.0657090304140746,2.160158555854864,1.2408487632147984,2.0377832355715086,1.2303378404855234,1.6406984097351074,1.1935801876878394,1.39223288830495,1.1564693882155408,1.163100069890679,1.0634313887308928,1.9777077794695181,1.0532998552502366,1.5305784684068793,1.0250621331531582,1.250437880806599,1.0,1.0,-0.2274971008300781,-0.6146178841590881,-0.2244213074445724,-0.4824056029319763,-0.2208595871925354,-0.3978695273399353,-0.2170359343290329,-0.3208769857883453,-0.1872344017028808,-0.6532719135284424,-0.1795807778835296,-0.5487760901451111,-0.1743678748607635,-0.4829490780830383,-0.169150561094284,-0.4188400208950043
B,0.0,0.0,1.0166252793995547,1.4881966601847296,1.0690620790072358,1.4198920132988981,1.046716078929605,1.3371382022459564,1.004382253619532,1.2892464922269866,1.061479357331321,1.2785389526073832,1.0611783963199257,1.1723754473653656,1.0525519202713667,1.1053034062951097,1.0449218627962393,1.0464380907869197,1.0139241093532698,1.2559865003803818,1.0109928873228102,1.1382219518261079,1.004534580221399,1.0628723466211207,1.0,1.0,-0.3056385517120361,-0.5119752287864685,-0.3044585287570953,-0.467379093170166,-0.3040720820426941,-0.4383454620838165,-0.3037806153297424,-0.4136335551738739,-0.2913845777511596,-0.5213174819946289,-0.2907000482082367,-0.4846010506153106,-0.2910580337047577,-0.4615817070007324,-0.29141765832901,-0.4402445554733276
B,0.0,0.0,1.0383180374382164,3.8934178380988675,1.3835969672726869,3.4599037045036387,1.3116264527438481,3.0026298219912078,1.0513679066659603,2.747668851619494,1.3305680741647359,2.642535570855433,1.351621308877134,2.050614394879454,1.29617169658424,1.6739981784135898,1.2470320449110404,1.332847458099098,1.0467185016786498,2.503112895568492,1.0613660283360715,1.822167966295897,1.0259262298860379,1.384145711970648,1.0,1.0,-0.1074471771717071,-0.4431649148464203,-0.1078707203269004,-0.3266618251800537,-0.105304479598999,-0.2522537410259247,-0.1024853810667991,-0.1887360513210296,-0.0673762559890747,-0.4692303538322449,-0.0639439672231674,-0.3745470941066742,-0.0607219636440277,-0.3155272603034973,-0.0574572682380676,-0.2612485885620117
B,0.0,0.0,0.9434776241098297,2.2485214869162617,1.0359522700932637,2.0876973181441882,1.0412072299993587,1.8976448614167503,0.9899055686982182,1.7663132880574197,1.0271941102663362,1.7037056320667217,1.0505883985571134,1.4473982321152241,1.0517044758437375,1.2864150118332938,1.0479709681644012,1.1383910733269837,0.9703281930365635,1.6538660327900385,0.9924337052268083,1.3555575313268338,0.9988134477711548,1.1669553060932902,1.0,1.0,-0.4240899682044983,-0.5765119194984436,-0.4318667948246002,-0.4769364595413208,-0.4350236356258392,-0.4159290790557861,-0.4363109469413757,-0.3588141202926636,-0.3929971754550934,-0.6005516052246094,-0.3990667760372162,-0.5284201502799988,-0.4017994403839111,-0.4823299646377563,-0.4027389585971832,-0.4360212981700897
B,0.0,0.0,0.9707950367773905,1.8427954352480955,1.0402339787770116,1.7262417283169087,1.0349229260056165,1.5797555101467495,0.9904543597426765,1.4930752872377153,1.0312871108340314,1.4724159078202863,1.0471743890323462,1.294945087844363,1.0461363207422472,1.1856849771632048,1.0413029609419753,1.0862096163392025,0.9843257453878063,1.4343887585228785,0.999642404979244,1.2354444815337822,1.001994558299305,1.1089138567343537,1.0,1.0,-0.4555909633636474,-0.5872675180435181,-0.4620187878608703,-0.5094939470291138,-0.4645068645477295,-0.4615572690963745,-0.4652174711227417,-0.4186124205589294,-0.4299879670143127,-0.6044836044311523,-0.4331837892532348,-0.5468358993530273,-0.4350503385066986,-0.5105549097061157,-0.4355609118938446,-0.4761630892753601
B,0.0,0.0,0.9929457801871008,2.3629950435532856,0.9737242257230887,2.1045875318996754,0.981556606919546,1.8421726734705837,1.0008997858630908,1.6821647528545538,0.9814327200799029,1.7680783817696517,0.9756339291394426,1.4724882655669405,0.9760113813002543,1.287426304931594,0.978965480637953,1.1322211064211545,1.0089054638440014,1.721185748548729,1.002710850378633,1.3894221789372232,1.0010917244948534,1.1835651258509103,1.0,1.0,-0.6809350252151489,-0.3199704885482788,-0.6783087849617004,-0.2629844546318054,-0.6760526895523071,-0.228901594877243,-0.6748682260513306,-0.2009205967187881,-0.6992776393890381,-0.3299993276596069,-0.6980721354484558,-0.2879058718681335,-0.6961979866027832,-0.2609776854515075,-0.6943219304084778,-0.2362465560436248
B,0.0,0.0,1.0027532795788272,2.500265916754577,0.9679018171549983,2.2040062923711834,0.9642348054157038,1.9197936247902345,0.9769476524505949,1.7179330477981434,0.9889161092569145,1.8315780610099521,0.9776609123345688,1.5266643255255228,0.9755244064282554,1.3341406827425808,0.9785053006107974,1.168419925795396,1.0173495422232233,1.7737857197626046,1.0046062195928556,1.4224746748865698,1.0000296422784127,1.1943981020651175,1.0,1.0,-0.5244700312614441,-0.302447497844696,-0.5190678834915161,-0.245458498597145,-0.5164832472801208,-0.2091875076293945,-0.5151799917221069,-0.1778106987476349,-0.5408493280410767,-0.3109647035598755,-0.539211094379425,-0.2667961120605469,-0.5374823808670044,-0.2377478629350662,-0.5356361865997314,-0.2111725658178329
B,0.0,0.0,0.9292560804051139,5.595407956076707,0.8946209128389256,4.725423250297857,0.9201323235286708,3.9369822916081603,0.9713483232816105,3.655373778935131,0.9303934516026003,3.5363509887065327,0.9333101443433357,2.5301997493875104,0.9431203061596838,1.9245510770819796,0.9562175885780138,1.411761489678016,0.9827941215910356,3.447188959928346,0.9869879696278411,2.289873953151072,0.993393657215257,1.596831009542858,1.0,1.0,-0.756633996963501,-0.4297088384628296,-0.7602975964546204,-0.3011428713798523,-0.7622074484825134,-0.2255258411169052,-0.7641737461090088,-0.1620997488498687,-0.7941934466362,-0.4681726396083832,-0.8024711012840271,-0.3733974099159241,-0.8056817650794983,-0.311846911907196,-0.8078051805496216,-0.2569271922111511
B,0.0,0.0,0.9066949426284067,11.696176958355935,0.8536594089612589,9.730751651230023,0.8861656307542394,7.9402758984012465,0.9571990451283492,7.522925202500827,0.8980211975121548,6.918599221917601,0.9044060499837754,4.599617441453033,0.9182652568887185,3.238289580900629,0.9354591837300252,2.083972503707009,0.9703569447270078,6.709578406038877,0.978743811554219,4.028429302573284,0.9895413575846237,2.4140088475895607,1.0,1.0,-0.8372162580490112,-0.5082321166992188,-0.8422662615776062,-0.3295416235923767,-0.8471048474311829,-0.2258594036102295,-0.8513880968093872,-0.1357688307762146,-0.8926721215248108,-0.5571463108062744,-0.902940571308136,-0.420073539018631,-0.9100332856178284,-0.3368681371212005,-0.916294813156128,-0.2628927230834961
B,0.0,0.0,0.9722053411003471,3.5268325986037214,0.9266846207661601,3.092619295525023,0.9284214101752993,2.630293546705807,0.964039312763552,2.351817074238484,0.9605441150226464,2.4054853032793506,0.9531873411645801,1.876418243442075,0.9534643336107416,1.5477844050389806,0.9585259678079691,1.2470462822234512,1.0055651056453347,2.3264183950337465,0.9990375421945763,1.7145051087771301,0.9984707730355077,1.343818270802075,1.0,1.0,-0.6016987562179565,-0.3846673965454101,-0.5989331603050232,-0.2913992404937744,-0.5976760387420654,-0.2358742356300354,-0.5970948934555054,-0.1855030655860901,-0.6283111572265625,-0.4079227447509765,-0.629031240940094,-0.335604727268219,-0.6303380727767944,-0.2885220050811767,-0.631134033203125,-0.2431743741035461
B,0.0,0.0,0.9848444757504312,1.8801964236213595,0.9490132531381008,1.714521058196354,0.9494760302386636,1.550172402848809,0.9747748158745683,1.465181314194227,0.9735797949863381,1.4813943204626245,0.9678889383620805,1.2976941853658162,0.9691177186208172,1.1830185598351053,0.9738804662807756,1.085494415635238,1.005581914223218,1.4551083627724404,0.9997953148076507,1.2410905246932644,0.9988152589921581,1.1101903516385483,1.0,1.0,-0.5082947015762329,-0.4094804227352142,-0.5055506229400635,-0.3527112901210785,-0.504034161567688,-0.3188391029834747,-0.5030758380889893,-0.2899447679519653,-0.5248101353645325,-0.4218528866767883,-0.5257024765014648,-0.3783232867717743,-0.5260022878646851,-0.350128173828125,-0.5255763530731201,-0.3243775069713592
B,0.0,0.0,0.9788558334322934,1.5634265030591215,0.9607351065865842,1.4627590746762855,0.9816026627869534,1.3801525704333353,1.0090816288901967,1.3518439928755024,0.971204327132339,1.3052468133777448,0.9710029025371774,1.1829211755301372,0.9748185804750992,1.1094118582586117,0.9796174876052989,1.0478660288340063,0.9993098678856956,1.2908780004532032,0.998487603148468,1.1531120051610158,0.999516549113234,1.0705591917438098,1.0,1.0,-0.7672483921051025,-0.6499252915382385,-0.7673308253288269,-0.586757481098175,-0.7662792205810547,-0.5490105748176575,-0.765068531036377,-0.5166983604431152,-0.7879828214645386,-0.667156994342804,-0.7906389236450195,-0.6195876002311707,-0.7907612323760986,-0.5903016328811646,-0.7902374267578125,-0.563147783279419
B,0.0,0.0,1.0243986661621536,1.9188804338748426,1.0746217158995424,1.792735562206922,1.0467647817783867,1.679274234675128,1.0006021085332246,1.610856627877919,1.0444696685568307,1.512708340030379,1.0484524365524486,1.3129761195346257,1.045952498041723,1.18764813931448,1.0411236793180791,1.07949749464546,0.986028455707643,1.4956301880562621,0.9950079741514376,1.2708928024222763,0.9977669318880876,1.1234354154184587,1.0,1.0,-0.4000135660171509,-0.5608392357826233,-0.4041119813919067,-0.4833775460720062,-0.4077101647853851,-0.4345778822898865,-0.4113940596580505,-0.39324551820755,-0.3775534629821777,-0.5820281505584717,-0.3797378242015838,-0.5222442150115967,-0.3839097619056701,-0.485045462846756,-0.3893241286277771,-0.4504773616790771
B,0.0,0.0,1.0328382829653906,3.711997353546315,1.0953740717133973,3.3220800951677543,1.055742938409432,2.956465873166312,0.9962618153464299,2.716262799242087,1.0524114550643768,2.5315619015249076,1.0630836928536125,1.9399082891955122,1.0629096072133637,1.5713489433430876,1.058109929995364,1.2504885844450406,0.9773170709166868,2.4736133534068743,0.9928281731030235,1.7992660521142223,0.9973847035461245,1.361484584988275,1.0,1.0,-0.3776164948940277,-0.4163570404052734,-0.3829914927482605,-0.3123907446861267,-0.3868133127689361,-0.2472031414508819,-0.3905239701271057,-0.1939591765403747,-0.3485010862350464,-0.4426516592502594,-0.3514022827148437,-0.3626461327075958,-0.3548718690872192,-0.3127154409885406,-0.3595830798149109,-0.2675895690917969
B,0.0,0.0,0.9902071724511116,4.012340005128585,1.0537285728521717,3.578260376930923,1.057215555061196,3.1406865541691613,1.0133994760043503,2.910296523497059,1.0254863956138862,2.656351590158689,1.0363993914416,1.999929631080005,1.0362938713801615,1.6007430480874167,1.0339280005289626,1.2515561669214397,0.9737510726213793,2.5857677865396593,0.990990661526956,1.855854634508999,0.9968363891014018,1.3885523284360015,1.0,1.0,-0.5249208807945251,-0.3983111679553985,-0.5348615646362305,-0.2937439084053039,-0.5396907925605774,-0.2305600941181183,-0.5433367490768433,-0.1766279637813568,-0.4944820404052734,-0.4260979890823364,-0.5009190440177917,-0.3491896986961365,-0.5066625475883484,-0.3004061281681061,-0.5124804973602295,-0.2541317045688629
B,0.0,0.0,1.0577612241584133,1.8414192000794858,1.1097855630130746,1.7313708360777678,1.0964221182808915,1.6221815405713853,1.0504473277552473,1.563713920052558,1.0608319600344103,1.459330406462412,1.0545922721150482,1.2758965048889515,1.0478763098162371,1.1637765083630758,1.0405495811499978,1.0645114478818825,1.0040929983717835,1.4547959306783769,1.0033544029222026,1.2476253785460654,1.001212278698986,1.113391363826998,1.0,1.0,-0.4609033465385437,-0.6548511385917664,-0.4611616730690002,-0.5690664649009705,-0.4624070823192596,-0.5148796439170837,-0.4643016159534454,-0.4686083197593689,-0.4372448027133941,-0.6805939674377441,-0.4363567233085632,-0.611971378326416,-0.4387783706188202,-0.5694525837898254,-0.4428890347480774,-0.5295111536979675
B,0.0,0.0,1.0575937451128128,1.5679946237233922,1.1133796881142275,1.5054395923466426,1.1007217025864386,1.4451710703502652,1.0526208106292785,1.4175747959891394,1.0713477325327998,1.3248529018761153,1.064072831561242,1.1944285007149424,1.0544734500489807,1.1142582247450559,1.0441188301876305,1.0417703264183975,1.0160979292604648,1.3241870917321075,1.012172089023617,1.1787680338886648,1.00575087768236,1.0835421834348273,1.0,1.0,-0.4528617858886719,-0.7872151732444763,-0.4517149925231933,-0.7068724632263184,-0.4515133798122406,-0.6558555364608765,-0.4515235126018524,-0.6111866235733032,-0.4299215972423553,-0.8117935657501221,-0.4285880625247955,-0.7479518055915833,-0.4292290210723877,-0.708076000213623,-0.4304278492927551,-0.6700195670127869
B,0.0,0.0,1.0024501325584285,1.5518780392808837,1.0517659340777554,1.5044658175160948,1.0718036088382024,1.455769146672144,1.044429550694877,1.420450984992652,1.0274146206375456,1.331534150148669,1.031593445772041,1.1981938627916586,1.030721697569004,1.11454241209369,1.0273024076060895,1.0437843446227135,0.9885521982552601,1.3349226296689232,0.9963660545019779,1.1805892746164404,0.9987080204091522,1.0854191752040943,1.0,1.0,-0.5725454092025757,-0.8325963020324707,-0.577419638633728,-0.7459082007408142,-0.5816312432289124,-0.6894522905349731,-0.5844301581382751,-0.6414895057678223,-0.5492830276489258,-0.8574195504188538,-0.5512664318084717,-0.7938110828399658,-0.554792582988739,-0.7512025237083435,-0.5574691891670227,-0.7102159857749939
B,0.0,0.0,0.9834579448580548,2.000002498618733,1.0411309036516072,1.8885931495994872,1.057044633321545,1.7521043835454715,1.0287805553962697,1.6404190933199743,1.0182382697084886,1.5619776130008132,1.0305231531233383,1.3360579729518278,1.0320116220152094,1.2018774621154744,1.0318108240291388,1.086015886842555,0.9780104677203538,1.5412273652471495,0.9932597635085084,1.289825796301982,0.998227165149298,1.1308788204270828,1.0,1.0,-0.5708066821098328,-0.5972599983215332,-0.5775479078292847,-0.5074729919433594,-0.5817646384239197,-0.4526622891426086,-0.5847598910331726,-0.4063807129859924,-0.5437310338020325,-0.6176323890686035,-0.5501498579978943,-0.5480835437774658,-0.5559787154197693,-0.504159688949585,-0.5607010126113892,-0.4633054733276367
B,0.0,0.0,1.007922977307794,1.6376001999356928,1.0397974066087292,1.5484192731642035,1.0236268279372034,1.4558738625047192,0.9886094652136048,1.3911675224743456,1.031413919117831,1.3507859058304066,1.0320961348363453,1.2115099477143405,1.0295324986116687,1.1239694868189505,1.0251252671898219,1.048558232007335,0.9918325831097818,1.3363473010302405,0.9977433057946948,1.1846264954285046,0.9989686774056864,1.0842264472128804,1.0,1.0,-0.4390411078929901,-0.5462685227394104,-0.4427869617938995,-0.489145815372467,-0.4453886449337005,-0.4533341526985168,-0.4477425217628479,-0.4232252240180969,-0.4216169416904449,-0.5598759055137634,-0.4250046908855438,-0.5158699750900269,-0.4278846383094787,-0.4883882403373718,-0.4314489364624023,-0.4629721045494079
C,0.0,0.0,1.0955660631265032,1.2961379795166899,1.0484243368022947,1.2715054928992753,1.0133850116439775,1.2670232603208431,0.992699260050392,1.221429878897275,1.058727893028823,1.0810622968102859,1.0331410128822902,0.9905825129564758,1.0078681812930896,0.9847666317876123,0.9882215026842465,1.000810355982078,1.0745545788655582,1.057342475219603,1.0455542113748977,0.9393283870434458,1.0162536130570234,0.9501048685506766,1.0,1.0,-0.6401016116142273,-0.4362019598484039,-0.6245336532592773,-0.3873774111270904,-0.6063657402992249,-0.3932235836982727,-0.596040666103363,-0.4124301075935364,-0.65015709400177,-0.435671865940094,-0.635420024394989,-0.3989235162734985,-0.6192090511322021,-0.3995993733406067,-0.6084614992141724,-0.4133422076702118
C,0.0,0.0,1.1047805540223474,1.4412197604057642,1.0569794021333156,1.4170270933356814,1.020780031322956,1.3943552691314711,1.0006981352504178,1.324436957909662,1.0641197098628303,1.136908781756867,1.0346667693861988,1.042976306148763,1.0114603791911032,1.0199308163264902,0.9901295631364304,1.0197728414513378,1.0786421713088743,1.0815648179937052,1.0451264132874867,0.9604868442530365,1.018517406084767,0.9541563457406582,1.0,1.0,-0.6696999669075012,-0.313643217086792,-0.6518893241882324,-0.271830677986145,-0.6355782151222229,-0.2728434205055237,-0.6255003809928894,-0.2904659807682037,-0.6825476884841919,-0.3086685538291931,-0.6682546138763428,-0.2761057913303375,-0.6521362662315369,-0.2723004221916199,-0.6401989459991455,-0.2829855978488922
C,0.0,0.0,1.1322097168651524,1.4099672704188893,1.0610350062353981,1.353282340041386,1.0050195164095133,1.336327856418543,0.9915211437781009,1.2637116499171455,1.089995359422203,1.0716306586312934,1.052161565864867,0.9129688615546964,1.0088676664226397,0.9388852815815724,0.9777404064691685,1.0065338466738667,1.1129882443352217,1.0543356554572658,1.0661725160639146,0.8682048855289084,1.0223655734130932,0.9066859031962867,1.0,1.0,-0.7308336496353149,-0.4727783203125,-0.7073806524276733,-0.3908147811889648,-0.6767805814743042,-0.4054498076438904,-0.6592583656311035,-0.4461486637592315,-0.7505873441696167,-0.4804653525352478,-0.7275123596191406,-0.4258106052875519,-0.7000979781150818,-0.4273904860019684,-0.6806851029396057,-0.4498048424720764
C,0.0,0.0,1.0838224938627057,1.838441240564259,1.0273347222486913,1.7612318586099056,0.9853723478792563,1.7108750609949945,0.962064882280375,1.5716876021204076,1.0570459695323708,1.2913869522464638,1.02510969778199,1.0557796916240931,0.9986579547967787,1.0043619507677977,0.9791688320090913,1.0482368749861373,1.0827074592890267,1.2188172331191731,1.0454987755839378,0.9307462483457416,1.0167831720983997,0.8890093835254366,1.0,1.0,-0.8255032300949097,-0.2988206744194031,-0.7979788780212402,-0.2269744426012039,-0.7736015915870667,-0.2244370877742767,-0.7610492706298828,-0.2573702931404114,-0.8473497629165649,-0.2892408370971679,-0.8190819621086121,-0.2356671541929245,-0.7951573133468628,-0.2329469323158264,-0.7796159982681274,-0.2537583708763122
C,0.0,0.0,1.1589460814308974,1.5548876848244557,1.0879399146132946,1.4624145326165328,1.0319815519960278,1.417756746114151,0.9948959123708156,1.3359438273162636,1.1566531348669373,1.1147142726375998,1.1073610193256478,0.9844827101556438,1.048082528826463,0.9915931896298974,1.0074258227765482,1.0371754738070607,1.1749631401234761,1.0854700663045185,1.1088512655904166,0.9003194658415167,1.040950069873505,0.9229445122806271,1.0,1.0,-0.60684734582901,-0.4036095440387726,-0.5735298991203308,-0.3354323208332062,-0.5376781225204468,-0.3431729674339294,-0.5157575607299805,-0.3691795766353607,-0.6063992977142334,-0.4159377813339233,-0.5758689641952515,-0.3631017208099365,-0.5480153560638428,-0.3602345883846283,-0.5277400016784668,-0.3747302591800689
C,0.0,0.0,1.1770612403852265,1.2376948300538593,1.100532967314033,1.1668338984295163,1.0437837590978678,1.1322353637433689,1.0149443572203376,1.1161228503287555,1.2125658041198157,0.9913368175255887,1.1207372422372632,0.9239060272347387,1.0539242918600888,0.9349153602388607,1.0044635133154782,0.9695343263465952,1.2210545042755314,1.0029567556841774,1.0969440798679488,0.9153413657678111,1.0316839928441652,0.9445860888337433,1.0,1.0,-0.6094993352890015,-0.7091935873031616,-0.558535635471344,-0.6491022109985352,-0.5240625739097595,-0.660315752029419,-0.5041403770446777,-0.6918870210647583,-0.6010527610778809,-0.7384055256843567,-0.5634148716926575,-0.6883776783943176,-0.5374616980552673,-0.6826918125152588,-0.5183337330818176,-0.695335328578949
C,0.0,0.0,1.1772987074429655,1.4835835197920613,1.1085731154043628,1.4196488070010276,1.0567389969648364,1.4004261882974154,1.0204529913170701,1.3309594847836905,1.1979949974328334,1.067244237297427,1.1218816309005073,0.9733962999753726,1.0599229651228832,0.9908057264726872,1.022300698133011,1.0295044356344256,1.217397977845125,1.0157037677626295,1.1186146699941386,0.8911407134498177,1.0395220838804655,0.924260537592974,1.0,1.0,-0.5115121603012085,-0.3704260885715484,-0.4705334901809692,-0.3169206082820892,-0.437010258436203,-0.3341624140739441,-0.4193872213363647,-0.3606189787387848,-0.5017144083976746,-0.3774169683456421,-0.4677878022193908,-0.324942409992218,-0.4432637691497803,-0.3349354863166809,-0.4281836450099945,-0.3589465618133545
C,0.0,0.0,1.2245753010185318,1.961865821194526,1.1338230043742725,1.9188333768442551,1.0626159777395587,1.9012605418655033,1.0166745694040153,1.725292810863058,1.2015436963583037,1.1794672726437636,1.1268031299065056,1.0151873892200252,1.0621038599620858,1.0123656959547813,1.0162562063320342,1.0568696859547253,1.2100527189920882,1.0261236275918095,1.1229744121044538,0.8000873177983686,1.0432558131741898,0.8454504848835542,1.0,1.0,-0.4977527558803558,-0.1582300066947937,-0.4624659717082977,-0.1098937466740608,-0.4305748641490936,-0.1232508420944213,-0.4132757186889648,-0.1501343846321106,-0.4983935356140136,-0.1443778574466705,-0.4677930772304535,-0.1013896614313125,-0.4403468370437622,-0.1101340278983116,-0.4236983358860016,-0.1353056728839874
C,0.0,0.0,1.1654229610014097,2.0343349788573866,1.0865993657206432,1.948268850861173,1.025111741707166,1.893010211859893,0.9879310641114407,1.7163156612257422,1.1325271337081062,1.2961118833032357,1.0792628567405624,1.0654956952503907,1.0341236972244596,1.0247294262183715,0.9970446861503478,1.0478784987054175,1.1503245401585531,1.1761485232702698,1.0870698921303792,0.8842370957978217,1.034934146813331,0.8760702869896856,1.0,1.0,-0.6286851167678833,-0.2009435147047042,-0.5957707166671753,-0.1427247822284698,-0.566269040107727,-0.1477836370468139,-0.5472249388694763,-0.1740723550319671,-0.6402698755264282,-0.1891515254974365,-0.6118994951248169,-0.1397474110126495,-0.5854480266571045,-0.1377450972795486,-0.5666158199310303,-0.1556478589773178
C,0.0,0.0,1.1269158567503965,1.2788712066978052,1.0596597903991907,1.2269368470226838,1.0095119461717186,1.2088490693044986,0.991782763370147,1.1606880936113255,1.0868099856595204,1.0518919970369471,1.0506043780992074,0.9573708464210566,1.0114085902607102,0.9641433302941055,0.9802726071469609,0.9967531369727892,1.1086534759621627,1.0362695111040636,1.0688629350082297,0.9154079327732138,1.0260782033662075,0.937359843794573,1.0,1.0,-0.7246353030204773,-0.6306352615356445,-0.7029969692230225,-0.5602349042892456,-0.6721488833427429,-0.5731692910194397,-0.6531468033790588,-0.6068973541259766,-0.7410141825675964,-0.6358286142349243,-0.7186149954795837,-0.5855328440666199,-0.6923900842666626,-0.5891310572624207,-0.6744208931922913,-0.6111834049224854
C,0.0,0.0,0.8254800188016388,1.5191349204816795,0.8876278453781291,1.4735676404523308,0.9380893740606568,1.4767934261422513,0.9884974163250044,1.4705727507353272,0.8866093748319466,1.120780959368745,0.935674539796366,0.9841675355434986,0.9778322051607223,0.9835610112439097,1.006319827269876,1.0181268624535795,0.8720501198744969,1.075451252791669,0.9280366405219499,0.8957706615692559,0.9759837261758946,0.9158080876342735,1.0,1.0,-0.5245315432548523,-0.3892735242843628,-0.5582538843154907,-0.3215174973011017,-0.5884846448898315,-0.3373099863529205,-0.6049731969833374,-0.3726506233215332,-0.5123389363288879,-0.3913715779781341,-0.5451235771179199,-0.3441786170005798,-0.5716096758842468,-0.3500014543533325,-0.5888509154319763,-0.3732917606830597
C,0.0,0.0,0.7868855283808268,1.8095808065169379,0.8593619651683551,1.781300180455987,0.9151233161918901,1.8270825624870854,0.9663111619553446,1.876113514441207,0.8649531033247956,1.3260611723462317,0.9182084986805235,1.1852950402067366,0.9589666965869488,1.115462858842132,0.9975804975745558,1.0669839987911924,0.8481854325989528,1.2542204146443585,0.9060376052788568,1.0776632750437758,0.953564507784951,1.0166474621578625,1.0,1.0,-0.4961416125297546,-0.3609435558319092,-0.5322958827018738,-0.3044412136077881,-0.5625297427177429,-0.2900758683681488,-0.5908910036087036,-0.2894540429115295,-0.4799343347549438,-0.3600754141807556,-0.5139414072036743,-0.3233983516693115,-0.5401122570037842,-0.3122016489505768,-0.5643014311790466,-0.3109611272811889
C,0.0,0.0,0.844760750107252,1.3493908721985486,0.9056086564027532,1.331875130531507,0.9525863287567329,1.3302154332376774,0.9904838950275874,1.2891147396466158,0.9053394083265816,1.0013071901081059,0.9578076236374521,0.8689169433069212,0.9940832246934309,0.9306547402697054,1.005201761801501,1.0129547833090444,0.8922199642668017,0.9722620547649624,0.957764753668852,0.8187451753824211,0.9970135977988893,0.8971204028389809,1.0,1.0,-0.5082516074180603,-0.3956821858882904,-0.5473461747169495,-0.3419838845729828,-0.5712417364120483,-0.3779030740261078,-0.5739237666130066,-0.4193886816501617,-0.4996929764747619,-0.4023595452308655,-0.5370715260505676,-0.3747939467430115,-0.5583043694496155,-0.3972293436527252,-0.5633544921875,-0.4265264570713043
C,0.0,0.0,0.8491906481189839,1.1464205071680418,0.8937525883578745,1.121273192233743,0.9293391637117134,1.1117234340749889,0.9637942360951779,1.0970744228685163,0.8674268537573654,0.896681251992619,0.9417012371308349,0.8738536233430753,0.9832685498570065,0.9223839752863059,0.9992512534623139,0.982172393233495,0.8609865217553861,0.8909402367475475,0.9563394067786353,0.8621364343507151,0.9939179473854706,0.9293989200551991,1.0,1.0,-0.5743509531021118,-0.6471136808395386,-0.6353247165679932,-0.6258845329284668,-0.6593879461288452,-0.6729512810707092,-0.6620333790779114,-0.7191656231880188,-0.5810239911079407,-0.6808891892433167,-0.6275364756584167,-0.6684671640396118,-0.6481087803840637,-0.6932342052459717,-0.6542667746543884,-0.7232321500778198
C,0.0,0.0,0.818729706879041,1.2720662030171002,0.8604427193938909,1.2505137825886166,0.8928656784817506,1.2509824605960502,0.925669634232073,1.2677560217064796,0.8476931653873755,1.0110420289207191,0.9103768957008915,0.9788929260877951,0.9558905725428936,0.9889725755241259,0.9876878129885197,1.0090062227402248,0.8438090984101976,1.0044518622359155,0.9201095635727755,0.9548286301974681,0.9676059018863629,0.9698101190636271,1.0,1.0,-0.6353402733802795,-0.6895545721054077,-0.6922473907470703,-0.6559978127479553,-0.7291440963745117,-0.6612684726715088,-0.7538470029830933,-0.6751535534858704,-0.6439103484153748,-0.7281312346458435,-0.6879164576530457,-0.707182765007019,-0.7156921029090881,-0.6987314224243164,-0.7362094521522522,-0.6973568201065063
C,0.0,0.0,0.8286028705989056,1.2489315834034849,0.9062358246176339,1.2287562662280274,0.9610383249708767,1.2187630903733142,0.9890454440700323,1.1695938321994732,0.8878377185199238,1.0162817003945979,0.9497611755727025,0.9345693201601636,0.9943488559200979,0.9568350614980189,1.0165663819959903,0.999820013672504,0.8635737981783438,0.996101540537683,0.9335586245208929,0.8969225162895698,0.9834828429190238,0.9334405718238264,1.0,1.0,-0.4016367793083191,-0.5805807709693909,-0.4358003735542297,-0.5246763825416565,-0.4606337249279022,-0.5487417578697205,-0.4701223969459533,-0.585381805896759,-0.3876224160194397,-0.583677351474762,-0.4222506880760193,-0.5555134415626526,-0.4441142380237579,-0.5672290921211243,-0.4552691578865051,-0.5884959697723389
C,0.0,0.0,0.8148808225598723,1.6818156645239515,0.8940223028815719,1.6922031338411647,0.9581127958158011,1.6717009792589832,0.9904026209757258,1.533595409771608,0.8861409938831685,1.2290700014598337,0.9400338320067096,1.0850955107244664,0.9839112376757576,1.0327401553622766,1.018817073696915,1.020189921425838,0.8638340340294192,1.1334669400793034,0.9187882301971346,0.9143138364806456,0.9678153826876349,0.9077094712205238,1.0,1.0,-0.4202845394611358,-0.2924668192863464,-0.449786901473999,-0.2271487712860107,-0.4750619530677795,-0.2375849485397339,-0.4904245138168335,-0.2727106809616089,-0.4036591351032257,-0.2835052013397217,-0.435181200504303,-0.2470399737358093,-0.4587693512439728,-0.255523145198822,-0.4746431708335876,-0.2837927043437958
C,0.0,0.0,0.8622848586001672,1.491006926921668,0.9140973333843803,1.4890396111729451,0.9625313983286772,1.4610029043642372,1.0015092080599086,1.359681336543314,0.896118530213463,1.063251799133098,0.9401269394109028,0.9651102552314852,0.9768188313495738,0.992443230524082,0.9998205205074604,1.0463678596365096,0.88892796842666,0.9841496762943043,0.9410198216662413,0.7970268720662552,0.9819639101357093,0.8589435256268451,1.0,1.0,-0.5554071664810181,-0.2529523968696594,-0.5899096727371216,-0.2029502987861633,-0.616971492767334,-0.226904958486557,-0.6276100277900696,-0.2676427960395813,-0.5477582812309265,-0.2429540753364563,-0.5832476615905762,-0.2183576226234436,-0.6065793633460999,-0.2380948960781097,-0.6176308393478394,-0.2712384462356567
C,0.0,0.0,0.8425256669065214,1.2494188987494623,0.8972394196552435,1.2169252209435124,0.9423365357065707,1.2101699016674263,0.9800309478262752,1.2115876949408289,0.8603270116716509,0.9977630291073759,0.9195011085525471,0.9351379574178418,0.9686526617597964,0.9521694048283855,0.9999597164643342,0.985062282322625,0.8485578746003747,0.9891509991668477,0.9245121789716922,0.9133829534929605,0.9764055303251938,0.9458336037875978,1.0,1.0,-0.4994088411331177,-0.6493216156959534,-0.5446813106536865,-0.6016665101051331,-0.5751102566719055,-0.6260690093040466,-0.5889826416969299,-0.6598862409591675,-0.5022308230400085,-0.67192542552948,-0.5410184264183044,-0.6423806548118591,-0.5646718740463257,-0.6520691514015198,-0.577548623085022,-0.6711664795875549
C,0.0,0.0,0.8594772827727858,1.239857329989321,0.8990542194195208,1.2018102436854319,0.9323309362016721,1.185301335310361,0.9657748357573523,1.1848238018034265,0.8617852269711631,0.9917135018973832,0.9226185963729557,0.9459904603306332,0.9672287662794444,0.9706501906217087,0.9935666110119411,1.0092786510520155,0.8581523243170929,0.9821778328112689,0.9310716442014815,0.9232562818157741,0.9762259450701412,0.9542214545387268,1.0,1.0,-0.5890142321586609,-0.7139405608177185,-0.6379514336585999,-0.6677066087722778,-0.6685538291931152,-0.6892297863960266,-0.6833459138870239,-0.7219420075416565,-0.6008502244949341,-0.7432503700256348,-0.6405393481254578,-0.7126008868217468,-0.6624367833137512,-0.7222672700881958,-0.6741334199905396,-0.7429781556129456
C,0.0,0.0,1.095908550085043,1.5468726297812025,1.0418379182868325,1.458845238687765,1.0007620713019862,1.3983529091893732,0.973280458798514,1.2917169279958638,1.0746138627852153,1.1601460779077222,1.0458878338721926,0.9959431882929669,1.0127371377964012,0.9654509107954575,0.9835932179900119,0.9846552081483896,1.1014178993004382,1.1381404930129386,1.0738664826282305,0.9369476670546923,1.0318272192269553,0.9298606153487291,1.0,1.0,-0.7931937575340271,-0.4558565616607666,-0.776811957359314,-0.3778569996356964,-0.7450225949287415,-0.3775244057178497,-0.7232471108436584,-0.4038636088371277,-0.8148317337036133,-0.4662492871284485,-0.7944027781486511,-0.4051823914051056,-0.7677762508392334,-0.398115336894989,-0.7478123903274536,-0.4137568771839142
C,0.0,0.0,1.1186024399481667,1.361660928536484,1.0426732170212571,1.2786807304736383,0.9842745091674174,1.2386806860744688,0.9556461669811855,1.1706821553169902,1.0924284412539433,1.0670736405552375,1.0580576899037868,0.8946682424671952,1.0094305527099625,0.9004736188921427,0.9700690253302491,0.9494981645105782,1.129730349382365,1.0648831890221573,1.0858451717322377,0.8784904800317972,1.0321675187583241,0.9201983199909204,1.0,1.0,-0.8213701248168945,-0.6955355405807495,-0.793506383895874,-0.5880531668663025,-0.7505314946174622,-0.6121461391448975,-0.7228510975837708,-0.6576086282730103,-0.8500576019287109,-0.7225744724273682,-0.8171371221542358,-0.6607115268707275,-0.7781808376312256,-0.6634130477905273,-0.7502244114875793,-0.6789633631706238
C,0.0,0.0,1.0817534380239924,1.2057134501339688,1.0419216719881224,1.1779043125397766,1.0100057093735797,1.160620489127273,0.9910354815738308,1.1233705787285106,1.061619258339799,1.0504574881542057,1.037482874106778,0.9853609120095859,1.012055916022807,0.9829377925363835,0.9926232556933107,0.9989992862989382,1.0750842521180963,1.0370201892573556,1.045557375739449,0.9607920749426085,1.0178542912818054,0.9679036596831736,1.0,1.0,-0.6558322310447693,-0.5541026592254639,-0.638586163520813,-0.51585853099823,-0.6206029057502747,-0.5228796601295471,-0.6087239980697632,-0.5405700206756592,-0.6639435291290283,-0.5580090284347534,-0.6461870670318604,-0.5360113978385925,-0.6302226185798645,-0.5375834107398987,-0.6181202530860901,-0.5461540222167969
C,0.0,0.0,1.0988748120613885,1.4788083942222592,1.053081563857727,1.4444140447587053,1.0171897020310694,1.4308498976177764,0.9922099574594211,1.3677651494085032,1.063305994692237,1.1471420004384958,1.0360452710667518,1.0237125665450366,1.0101496929995921,1.0026224030792492,0.986855974980133,1.0110347612560302,1.0809989970379232,1.111464695494335,1.0528791816679104,0.9547663714888568,1.0232829007012474,0.9508126050278571,1.0,1.0,-0.6668264865875244,-0.3344720602035522,-0.6513321995735168,-0.2857837378978729,-0.6321223378181458,-0.286936491727829,-0.6178009510040283,-0.3030097782611847,-0.6785984039306641,-0.3354266881942749,-0.661853015422821,-0.3016831278800964,-0.6449177861213684,-0.3000659346580505,-0.6318045258522034,-0.3107682764530182
C,0.0,0.0,1.128920269235917,1.2853391844299806,1.070116769625047,1.2632180034646676,1.0243378875693911,1.2667051326384184,1.001194360007086,1.2251123683942249,1.074964150516954,1.0471677654743063,1.0371925392452077,0.9307192439705396,1.0047769609813335,0.9479035311153992,0.982788607380639,0.9913262935930702,1.0965404278790414,1.0269076690719376,1.0519666364835114,0.8910810714719388,1.016230208532038,0.9301451086281068,1.0,1.0,-0.6983500123023987,-0.4892124235630035,-0.6731460690498352,-0.4280518591403961,-0.6490010023117065,-0.4514703750610351,-0.63764888048172,-0.4865122437477112,-0.7158142328262329,-0.4947021007537842,-0.6897129416465759,-0.4599146544933319,-0.6677415370941162,-0.4732206165790558,-0.6546850800514221,-0.4948877692222595
C,0.0,0.0,1.207801712210056,1.1862294884817743,1.116457082601464,1.1634134240894538,1.048493936772318,1.161784013869387,1.0098611414539511,1.138002734010964,1.1603168083798672,0.9420892786609598,1.0738582984512044,0.8727445512860591,1.0163810555812862,0.9135627391891822,0.9875836515690404,0.9725192178830944,1.17794202721243,0.9389064029698259,1.063979329971832,0.8618143917689868,1.0111175389383598,0.92735838786767,1.0,1.0,-0.6111843585968018,-0.6176196336746216,-0.5607120990753174,-0.575252115726471,-0.5289374589920044,-0.6138735413551331,-0.5170931816101074,-0.6592374444007874,-0.6157815456390381,-0.6434304118156433,-0.5740768909454346,-0.6207315325737,-0.5459502339363098,-0.6397694945335388,-0.529672384262085,-0.6662383675575256
C,0.0,0.0,1.2343272923720288,1.1432007942093712,1.1438859325651995,1.1193455698197887,1.0748618802656098,1.1122610098198973,1.030247114577045,1.1052742030816836,1.2207794196127835,0.9213720124757401,1.0993830542505445,0.8830933182456303,1.0311588907334015,0.9291962600845924,1.0014204980402963,0.9824556018000952,1.2308778531622093,0.927932962631065,1.072015621309152,0.8828038856682316,1.0104160515253318,0.9415755226470627,1.0,1.0,-0.5366641283035278,-0.7135387659072876,-0.4759570360183716,-0.6816623210906982,-0.4476743042469024,-0.71632981300354,-0.4380306899547577,-0.7550686001777649,-0.5310611128807068,-0.747681200504303,-0.4837170541286468,-0.7254005074501038,-0.4581673145294189,-0.7421901226043701,-0.4436062276363373,-0.7659755945205688
C,0.0,0.0,1.1736435561858476,1.2350132834615768,1.1011466866311357,1.223085656463604,1.045178750217712,1.2278033934211305,1.0129362160467417,1.1881186239824637,1.107569460505424,1.0368160934629795,1.0616898227281193,0.9571426167763888,1.0222596928904337,0.96667425125356,0.992662466043471,0.9949650212286913,1.1280139672408727,1.0162061361590518,1.0699607737316308,0.9218738964279335,1.0243694088119801,0.9462017360552022,1.0,1.0,-0.6030083894729614,-0.6115550398826599,-0.5736602544784546,-0.5604273080825806,-0.5473824739456177,-0.5806569457054138,-0.5320726633071899,-0.6124497652053833,-0.6149259209632874,-0.6127355694770813,-0.5855549573898315,-0.5846936702728271,-0.5625559091567993,-0.5974441766738892,-0.5472629070281982,-0.6178920269012451
C,0.0,0.0,1.122065627063344,1.277348737964238,1.0670034485783322,1.2614757830331045,1.0250329124358568,1.2548636515362097,1.000473555493568,1.2043905772693992,1.063347754353218,1.06483299102995,1.026201147608197,0.9739381179923602,0.9994868640294035,0.9803854966952329,0.9814969261199842,1.0043351778720397,1.0847453739024762,1.0372675562790576,1.0427630858368926,0.9225281321888791,1.0140694023451386,0.9467155135928395,1.0,1.0,-0.7043985724449158,-0.5382821559906006,-0.6803073883056641,-0.4819235205650329,-0.6609649658203125,-0.4990336894989013,-0.6508707404136658,-0.5285120606422424,-0.724706768989563,-0.5360874533653259,-0.7012835741043091,-0.5009660720825195,-0.6822187304496765,-0.5113449096679688,-0.6698448061943054,-0.5317400097846985
C,0.0,0.0,1.1345955940394552,1.3114394714569926,1.0692144505623642,1.2471146212449875,1.0169367811707417,1.2183577267206493,0.9895809472371664,1.183319740343005,1.1270906050641214,1.02056136428177,1.0767725449589822,0.9197753713193614,1.0306454838889985,0.9307052309066262,0.9956673865080867,0.9722879537206746,1.1420022610210345,1.0221649059869635,1.070582588598747,0.8964243268964435,1.0248059078626712,0.9319940887679948,1.0,1.0,-0.7163923978805542,-0.5333691239356995,-0.678864598274231,-0.4796540439128876,-0.6464890241622925,-0.4923121035099029,-0.6261129379272461,-0.5224871039390564,-0.7197996973991394,-0.5583850145339966,-0.6844924092292786,-0.527296781539917,-0.6580145955085754,-0.5282707810401917,-0.638431191444397,-0.5400655269622803
C,0.0,0.0,0.8559799602400516,1.327078534423857,0.9182349439552566,1.244952916631831,0.9658297976675944,1.201374734408289,1.0044460277031182,1.1573077721432135,0.8457232095573066,0.9916569847616906,0.9135034634725341,0.8811647067415848,0.9711480775168533,0.9187434112594549,1.0030149492913376,0.9841887044121618,0.8286022413659011,0.9899649337257987,0.9281650768974186,0.8595670915173057,0.9821512543710619,0.9185047270759878,1.0,1.0,-0.4632298648357391,-0.5048204064369202,-0.5159677863121033,-0.4504910111427307,-0.5490084290504456,-0.4759613275527954,-0.563870370388031,-0.5114119052886963,-0.4675468504428863,-0.5344845056533813,-0.5123499631881714,-0.5041434168815613,-0.5419884920120239,-0.510356605052948,-0.5606411099433899,-0.5250406861305237
C,0.0,0.0,0.8653815865147124,1.3210090040758937,0.9177762018815829,1.259615998533988,0.9607693656916173,1.2308084750067767,1.0018311507215227,1.1817681216097642,0.8577533164748679,1.0180332671679213,0.9219833939607026,0.9374020613615357,0.9727960366961969,0.9660703306921031,1.0035025132583426,1.0140309042644646,0.8427767785906504,1.0045003131555152,0.9300898353634818,0.9022674589570799,0.9778035617552001,0.9433736516898507,1.0,1.0,-0.5028162002563477,-0.5031279921531677,-0.5559548139572144,-0.4511353969573974,-0.5856954455375671,-0.471459686756134,-0.6011314392089844,-0.499754786491394,-0.5082550048828125,-0.5267952680587769,-0.553840160369873,-0.4995299577713012,-0.5810967683792114,-0.5050488114356995,-0.5978526473045349,-0.5164653062820435
C,0.0,0.0,0.8784249335283462,1.399376850523446,0.909909445375189,1.3274579055577682,0.9359795165838204,1.2856658208578606,0.9614859246106263,1.2467638209037395,0.8820505945398951,0.9747202570978706,0.9387907650682003,0.9072628130913626,0.9751985315333709,0.950580988012657,0.9947972936378682,1.0186308482621214,0.8863773729329315,0.9470043112204217,0.9502485750304854,0.87081166414656,0.9834964814681666,0.9273620576673752,1.0,1.0,-0.7419121265411377,-0.4142376184463501,-0.7953975200653076,-0.3749464452266693,-0.8234219551086426,-0.3966918587684631,-0.835909903049469,-0.428315132856369,-0.7592456340789795,-0.4377555549144745,-0.8036849498748779,-0.4115276932716369,-0.8273319005966187,-0.4220202565193176,-0.8388276100158691,-0.4417018890380859
C,0.0,0.0,0.7522507598460768,1.3079295357114213,0.8483003099359427,1.2451577228216475,0.9173435229772423,1.2203719476709776,0.970943203077691,1.179321124109006,0.7913065338056535,0.973886325342078,0.8892034022337829,0.8689599659082838,0.9691469724172489,0.9208712841341565,1.0122776083856824,0.9913875104586654,0.753618398141932,0.9737552880608703,0.8846489811000984,0.8419982194345906,0.9673096902381786,0.9154626010606679,1.0,1.0,-0.3566730916500091,-0.6516634225845337,-0.4173749983310699,-0.5836185216903687,-0.4612053632736206,-0.6186915040016174,-0.4818787276744842,-0.6648644804954529,-0.346842885017395,-0.693953275680542,-0.4003150761127472,-0.6586835384368896,-0.4408249258995056,-0.6624113917350769,-0.467931717634201,-0.6767517328262329
C,0.0,0.0,0.7493332258862999,1.5689519420144236,0.8604902572151436,1.5161327901736146,0.9368979012180174,1.489275216699613,1.0027781836330052,1.4198599871126985,0.8467250495687306,1.1230961560164403,0.9191158565210559,0.9445790694203262,0.9768361267051568,0.9711332452337007,1.0156470997585454,1.044378260505517,0.8107818830243227,1.077144479757107,0.894460653549091,0.8544078576135193,0.9616360743874891,0.8925863066959361,1.0,1.0,-0.3643022775650024,-0.4325508773326874,-0.4104498326778412,-0.3478767275810241,-0.4449686110019684,-0.3675688803195953,-0.4664189517498016,-0.4085796773433685,-0.3426751494407654,-0.4403408765792846,-0.3901292979717254,-0.4049900472164154,-0.4249559938907623,-0.4118646383285522,-0.4510909914970398,-0.4305744469165802
C,0.0,0.0,0.6679485253820532,1.5478694211299795,0.8070084776580779,1.4768059465383783,0.9131218419315142,1.4326503925855074,1.0013936267898427,1.3640100590799513,0.7699857695220015,1.0481406426792055,0.8733888870293962,0.8957600055804957,0.9582968498912673,0.9634222744539804,1.0086839624883313,1.0598311900052377,0.7308133027275421,0.9944442145511425,0.865004256517379,0.798603693767934,0.9569636731523516,0.8732178769760806,1.0,1.0,-0.3424385786056518,-0.4916813373565674,-0.4183411598205566,-0.4053566455841064,-0.4680524468421936,-0.4491767287254333,-0.495282232761383,-0.5142793655395508,-0.3204143643379211,-0.5086811780929565,-0.3940260410308838,-0.4821693897247314,-0.4456115365028381,-0.4958367347717285,-0.4833893775939941,-0.5205886363983154
C,0.0,0.0,0.813161374211311,1.2737547733060308,0.8627843845505516,1.2253482516751244,0.9058840105766096,1.200150628392395,0.9446105548831436,1.1748604847160111,0.8145461227495975,0.9455268104725298,0.9032852801238653,0.9134606140776917,0.958288680150225,0.9592583943484316,0.9928459209322401,1.01457122035419,0.8091903883211514,0.9325254702247031,0.9170678179293538,0.877302476144247,0.9708127241984166,0.9347539323716713,1.0,1.0,-0.588007390499115,-0.6173939108848572,-0.6651861071586609,-0.5764323472976685,-0.7062597870826721,-0.6075975894927979,-0.727426290512085,-0.6463878750801086,-0.6037602424621582,-0.6593202948570251,-0.6679644584655762,-0.6408030986785889,-0.7044234871864319,-0.6520399451255798,-0.7280325293540955,-0.6698225736618042
C,0.0,0.0,0.7916892756609585,1.423753040376433,0.8697001176667285,1.4179160434022775,0.9310970446953644,1.4107700086490258,0.9902626915240919,1.3562389386088594,0.8739915915058993,1.0464528771227868,0.9373896841537965,0.8900986619860863,0.9807967435893308,0.9491106634220406,1.0070592671834406,1.0250496785898204,0.8557682949246109,0.9956627808852152,0.9313802950159412,0.8137605677452974,0.9782578021942641,0.8910127830905561,1.0,1.0,-0.4700782001018524,-0.3912159502506256,-0.5187335014343262,-0.3274363875389099,-0.5490093231201172,-0.3652900159358978,-0.5642058253288269,-0.4153677225112915,-0.4535484910011291,-0.3894621431827545,-0.5032222867012024,-0.3679648637771606,-0.5362987518310547,-0.3883665204048157,-0.5578370094299316,-0.4158689677715301
C,0.0,0.0,0.7792719646910373,1.5346021742448597,0.8785293136055178,1.5350794610124858,0.9536729667752298,1.532255037969931,1.0167755679286348,1.4623977247425408,0.8825304592660519,1.0851703232304954,0.9575848074595776,0.905178731122768,1.0025642144573264,0.9664785533995384,1.0184686132652,1.0629398703519803,0.8536035141784709,1.01424018652767,0.9393769794758356,0.768697847556357,0.9898969827456393,0.8516375875118776,1.0,1.0,-0.3963275551795959,-0.3202983736991882,-0.4412624537944793,-0.2462446093559265,-0.4691640138626098,-0.2803869247436523,-0.4783122837543487,-0.3296569883823395,-0.3769926726818084,-0.3162941336631775,-0.4235549569129944,-0.2893685698509216,-0.4529856741428375,-0.3128386735916137,-0.4688194096088409,-0.3446764647960663
C,0.0,0.0,0.8135629689520268,1.2384842304373365,0.8623531408962314,1.2002693034136278,0.9056319862975174,1.1820745206203753,0.9429678032115109,1.1629011973901864,0.8220420116491245,0.9262242693294782,0.9094887114379763,0.9016268979467593,0.9624865690594658,0.9540682688342504,0.9948164187054797,1.014899842029764,0.8155117729251187,0.9132793671509412,0.9249984871654875,0.8672664633005447,0.9752025725953591,0.9317477354031126,1.0,1.0,-0.5724856853485107,-0.6009144186973572,-0.648867666721344,-0.5670905113220215,-0.6861679553985596,-0.6035846471786499,-0.7037184238433838,-0.6441725492477417,-0.5843695998191833,-0.6405217051506042,-0.647609293460846,-0.6303286552429199,-0.6815788149833679,-0.6458559036254883,-0.7028601169586182,-0.665207028388977
D,0.0,0.0,1.1205778405537,1.26210742410425,1.0773308627237754,1.1651195651640858,1.041355591985577,1.0965227156860633,1.0079347039561095,1.0319383797662791,1.159807590889951,0.9698409557622433,1.139014611073182,0.8311009726536704,1.1321889219121128,0.7401321505780548,1.1267470739016143,0.6653732990501183,1.1853877003707958,0.9793217543971123,1.0868222346683891,0.9012232105524298,1.029589467272259,0.9485376505905283,1.0,1.0,-0.6976361274719238,-0.5659549236297607,-0.6397538185119629,-0.5292719602584839,-0.6065317988395691,-0.5524592995643616,-0.587597131729126,-0.5798900723457336,-0.6954861879348755,-0.5942704081535339,-0.6483953595161438,-0.5711876749992371,-0.6202847361564636,-0.5781105160713196,-0.6008701324462891,-0.5932536125183105
D,0.0,0.0,1.1569103060239947,1.2760122106549385,1.0967157098476905,1.183251657902558,1.0527112093922217,1.1185133971680954,1.0181415757535266,1.0528251429156916,1.1548446548951332,0.9472872724246513,1.1169057053516749,0.8006802190723307,1.1015391215189576,0.707877216945164,1.0907298672750436,0.6309173953063631,1.1830728241394064,0.9399961588628981,1.0863850227818908,0.8730957204878133,1.0297338534320095,0.9369192223632478,1.0,1.0,-0.6783747673034668,-0.5092388987541199,-0.6213957071304321,-0.4828732907772064,-0.589658796787262,-0.5187155604362488,-0.573015570640564,-0.5559395551681519,-0.6840051412582397,-0.5308902263641357,-0.6338014006614685,-0.5198723077774048,-0.6054003834724426,-0.540053129196167,-0.5879808664321899,-0.5660669207572937
D,0.0,0.0,1.085139772231707,1.2992500088084535,1.0475737829511547,1.198849532607339,1.0162166388388905,1.1258490710110294,0.9941175624891397,1.0463724787677369,1.0865221681207102,1.009874026332441,1.0770466727451735,0.858996443163134,1.0719401412019292,0.7686549986056522,1.0680094936882982,0.690361795697451,1.11531535257263,1.0149484736033711,1.070974496362214,0.9179049907419541,1.0284210726227752,0.9502275137409096,1.0,1.0,-0.7665969133377075,-0.5552672147750854,-0.7360089421272278,-0.5130718350410461,-0.7053680419921875,-0.5330431461334229,-0.6845168471336365,-0.5595858097076416,-0.7830974459648132,-0.5748398900032043,-0.749014675617218,-0.5481678247451782,-0.7199461460113525,-0.5579510927200317,-0.6983137130737305,-0.5739625096321106
D,0.0,0.0,1.1438384447921701,1.2647993367018435,1.0896178160887897,1.163085866805743,1.0483286955621651,1.0935801135399714,1.01048701552543,1.0344470023464123,1.1865139413934016,0.96616283325371,1.1410600766636239,0.8401773627857313,1.1203232381516601,0.7610855013272507,1.1039494649953805,0.6940280512294122,1.2135585157517208,0.9747343610695934,1.1005847225541034,0.896501424409634,1.0352655972814255,0.945335895374482,1.0,1.0,-0.6630316972732544,-0.5964655876159668,-0.6018359661102295,-0.5600476861000061,-0.5652435421943665,-0.584309995174408,-0.5439224243164062,-0.6133061051368713,-0.6602251529693604,-0.6272837519645691,-0.6103464961051941,-0.6017991900444031,-0.579143226146698,-0.6081475615501404,-0.5573016405105591,-0.6238121390342712
D,0.0,0.0,1.1020409745511732,1.2881945164160122,1.0611662783779923,1.19101403770306,1.0264839933555792,1.1183387032183658,0.9979458266541485,1.0421042998601286,1.1313637829744516,1.0026788623582115,1.1187173200225715,0.8575981731336056,1.1138160181431584,0.7634115676941303,1.109665356844313,0.6852095250097627,1.1608881695924618,1.0102725997401563,1.0884371552889103,0.9178976568452768,1.0334689860551418,0.9538570933472845,1.0,1.0,-0.7539712190628052,-0.5958017706871033,-0.7064863443374634,-0.551770031452179,-0.668987512588501,-0.571565568447113,-0.6449448466300964,-0.5992193818092346,-0.76059490442276,-0.6212119460105896,-0.715044379234314,-0.595405638217926,-0.6839556694030762,-0.6042451858520508,-0.6622641682624817,-0.621715247631073
D,0.0,0.0,1.145221028596565,1.2632612127086063,1.0945130443803133,1.166348763671683,1.0563258286269488,1.0980634914627814,1.023862234020542,1.043100513836318,1.1962339853964614,0.9678248760323876,1.1641677621304545,0.8365512997287029,1.152380741831638,0.7507521128090197,1.1437047820041233,0.6782992893292928,1.2207818975530202,0.9775905940360387,1.1072474070244596,0.8983692231362959,1.03699827616798,0.9448537247674678,1.0,1.0,-0.6458832621574402,-0.5805190205574036,-0.5859142541885376,-0.5439366698265076,-0.5504516363143921,-0.5693597197532654,-0.5311101078987122,-0.5985844731330872,-0.6417816877365112,-0.6104016304016113,-0.5928921699523926,-0.5842941403388977,-0.5650583505630493,-0.5930835008621216,-0.5470622181892395,-0.6096063852310181
D,0.0,0.0,1.1346120445644157,1.3612459677446804,1.0802736794652839,1.2412369281412794,1.0323932015394608,1.1536027380196328,0.9888949643906175,1.0807924083668063,1.14497740294386,0.9978280446888587,1.1265181001182263,0.840867311827518,1.1197530221613512,0.7389682463509749,1.1137448232304596,0.6564419767053233,1.1686818108319599,0.9876507309622073,1.0852347884240126,0.9133577838268699,1.032470554131999,0.9532892108113113,1.0,1.0,-0.6364563703536987,-0.4371144771575928,-0.5879878401756287,-0.4102080464363098,-0.559049129486084,-0.4345859885215759,-0.5415765047073364,-0.4626621305942535,-0.6400137543678284,-0.450447529554367,-0.5947405695915222,-0.4359492659568786,-0.5693225264549255,-0.446475088596344,-0.5524036288261414,-0.4632251560688019
D,0.0,0.0,1.1398034349081259,1.205678423751275,1.0916517937811319,1.125839910282379,1.052974959078211,1.069848453794527,1.0154449594594144,1.0232787737603928,1.186292407014282,0.9504259947711646,1.1510157690399903,0.8397740462941515,1.1353993256038477,0.7673157592179548,1.1233747171349346,0.7081643849978045,1.2120806488336384,0.9611588235833461,1.095875205731826,0.9031926384724962,1.0312833301105708,0.9505992766984523,1.0,1.0,-0.6310046315193176,-0.6398437023162842,-0.5710551142692566,-0.6078479886054993,-0.5391213297843933,-0.6344864368438721,-0.5229503512382507,-0.6647511720657349,-0.6262410283088684,-0.6699947714805603,-0.57839035987854,-0.6486232876777649,-0.5516825318336487,-0.6568916440010071,-0.5348014831542969,-0.6739798188209534
D,0.0,0.0,1.1063148820131672,1.2155713620863453,1.0619162249739436,1.1401939835981378,1.0264136853367225,1.087282851149549,0.9948332312566485,1.0272486466738275,1.1170806144862933,0.9664277063921691,1.1001715732549875,0.8431387746092293,1.0932536713069345,0.7634568977778411,1.0889943681299705,0.7003272375458298,1.1480488003303293,0.9737417567560412,1.0769937380175019,0.9175860922491095,1.0279924202305244,0.9579703421232665,1.0,1.0,-0.7264556288719177,-0.6526443362236023,-0.679482102394104,-0.621494710445404,-0.648423969745636,-0.6456344127655029,-0.6299794912338257,-0.6737868785858154,-0.7334343791007996,-0.6801879405975342,-0.6906182765960693,-0.6635651588439941,-0.6616486310958862,-0.6751102805137634,-0.6419618725776672,-0.6925716400146484
D,0.0,0.0,1.1544521535674588,1.1796775816020824,1.100135533545238,1.1096123726831308,1.055427785697958,1.064167985134223,1.0118724593692268,1.0258965529340238,1.1997085667321359,0.9447009700140887,1.1612414194702152,0.8478864042153444,1.1461802947636488,0.7828474283899043,1.1324944479108217,0.7280761571681384,1.2269331852277658,0.955336870426559,1.10241769210079,0.9132564302798675,1.0355136776206122,0.9566488039083659,1.0,1.0,-0.5897522568702698,-0.6870776414871216,-0.5301461815834045,-0.6618257761001587,-0.4998176097869873,-0.6890566945075989,-0.48306804895401,-0.7181951999664307,-0.5839148163795471,-0.7194923758506775,-0.5353990197181702,-0.7032473683357239,-0.5088812112808228,-0.7130390405654907,-0.4912337362766266,-0.729284942150116
D,0.0,0.0,0.8840934982885551,1.2837187276907385,0.9379576119623739,1.1836537209716167,0.9845995715420415,1.1208016769026297,1.0042316893197702,1.0507508017440332,0.850611210208851,0.9787843908599695,0.884090221900408,0.843942220064747,0.9014133051314324,0.7564139247539797,0.907807937190703,0.6861290276075513,0.8225511689918881,0.9876117464621301,0.9163291206782684,0.8963842199738454,0.9767769023060623,0.9416796076662368,1.0,1.0,-0.4139478504657745,-0.556429922580719,-0.4633505642414093,-0.5090603828430176,-0.4950040280818939,-0.533515214920044,-0.5082913041114807,-0.5640489459037781,-0.4171158075332641,-0.5876685976982117,-0.4587009251117706,-0.5500037670135498,-0.4850421547889709,-0.5559075474739075,-0.4994411468505859,-0.5700717568397522
D,0.0,0.0,0.8841987079357423,1.4412106448605086,0.952792200687818,1.3138486957501847,1.006322177712221,1.2115032347946741,1.0061807387254147,1.092543291144918,0.878356935058019,1.0586631728816343,0.89891554655689,0.8629310456555516,0.9121151785255283,0.7438460119198184,0.9149196381376454,0.6446181191897367,0.8451716974392031,1.0571409765268964,0.9036862453551201,0.8758034562434444,0.96868352334666,0.9169389451163245,1.0,1.0,-0.3691402673721313,-0.4435486495494842,-0.4025678634643554,-0.3784652650356293,-0.434488981962204,-0.3990592658519745,-0.4512939751148224,-0.4330905377864837,-0.3608343601226806,-0.4660383462905884,-0.3970691561698913,-0.4243051409721374,-0.426060140132904,-0.4268669188022613,-0.44475057721138,-0.4410751760005951
D,0.0,0.0,0.9527058349943013,1.2829215575390314,0.9895055138710105,1.2171249539419329,1.0210153553284649,1.1605948414730765,1.0192918733022653,1.102498081913329,0.945053981669424,1.0884692831744163,0.9588493395713507,0.9966092837852084,0.9673306384881064,0.9366402469753788,0.9685190209859206,0.8870465467009786,0.9255580369062918,1.0873891637259125,0.953347865425234,0.9886428909336779,0.9848133324653409,0.9862736721498729,1.0,1.0,-0.4262808859348297,-0.560462236404419,-0.4450583755970001,-0.5190706253051758,-0.4644207060337066,-0.5311262607574463,-0.4744909703731537,-0.5502851009368896,-0.4214543104171753,-0.5742887854576111,-0.4432880878448486,-0.5476154685020447,-0.4599887132644653,-0.5487960577011108,-0.470024436712265,-0.5571838617324829
D,0.0,0.0,0.8982764053101728,1.3061584431464197,0.9510850686375143,1.2060974383269065,0.9945577775320634,1.1340920339086227,1.0036450683635318,1.0452778167420516,0.8799179251107918,0.995190544120644,0.8989109684010086,0.8318943385939515,0.9112301521679356,0.731434817475168,0.9122051140794727,0.6471273478915622,0.8524535012520023,0.9991537400850626,0.9216309690272545,0.876284343331419,0.9791468722448856,0.9294917279582046,1.0,1.0,-0.4068561196327209,-0.4636851847171783,-0.4427236318588257,-0.4121954441070556,-0.4729146063327789,-0.4345252215862274,-0.4863276779651642,-0.4640634655952453,-0.4038170576095581,-0.4880835711956024,-0.439076155424118,-0.4520240128040313,-0.4650216400623321,-0.4553626775741577,-0.47951340675354,-0.4670808017253876
D,0.0,0.0,0.8479652540305895,1.5013388604948013,0.9172147364577834,1.30974661979174,0.9748462083166458,1.1889447510588291,1.0053927107128937,1.0729082002728583,0.7955097783773729,0.9656904869922487,0.8399540035390803,0.7343455250765946,0.8636496246082137,0.5763630506777438,0.8745235337689574,0.4507861273258475,0.761153369516415,0.9737343398737214,0.897488407034142,0.8042960920607108,0.9731412373652921,0.8928150373435416,1.0,1.0,-0.4191691875457763,-0.4541979730129242,-0.4932939112186432,-0.3781055212020874,-0.5367441177368164,-0.4183167815208435,-0.5541017055511475,-0.4664332270622253,-0.4284367859363556,-0.4967414438724518,-0.492426186800003,-0.4405836462974548,-0.531195342540741,-0.4541299045085907,-0.5516905188560486,-0.4802005887031555
D,0.0,0.0,0.870205335864466,1.4683053221212372,0.9219146471095694,1.3047015124586603,0.9702219521133365,1.1950516575935821,1.0027636691408943,1.0944515318951593,0.806892328983518,0.973352559610248,0.8436421907044607,0.7612130251184812,0.8749247147354261,0.6165195020124253,0.8985856157913545,0.5151216643297561,0.7897387151770086,0.990720023073707,0.9175261364489938,0.8188689534138376,0.9794253509329,0.9055450021556846,1.0,1.0,-0.5235324501991272,-0.4628002941608429,-0.602642297744751,-0.3826350569725036,-0.6425615549087524,-0.4220945537090301,-0.6566256284713745,-0.4684280157089233,-0.5415534973144531,-0.5023030638694763,-0.6069509387016296,-0.4457010626792907,-0.6427347660064697,-0.45725879073143,-0.6604942083358765,-0.4795952141284942
D,0.0,0.0,0.8687659406349916,1.4702434993738411,0.9235114572532598,1.2917515698915778,0.972384235566328,1.1860442753660556,1.0206456436432498,1.1065228149375426,0.8079425620372006,0.9930651787095593,0.8514128611960352,0.7910807023387162,0.8771343364194958,0.6451635795562338,0.8944006487942628,0.538737219570976,0.7866030319296128,1.0081380539447533,0.9039571115652745,0.8386440527212952,0.9706231392173794,0.903669475195169,1.0,1.0,-0.5650148391723633,-0.5386103987693787,-0.6461750268936157,-0.4504629969596863,-0.6942050457000732,-0.4780172407627105,-0.7172277569770813,-0.520646870136261,-0.5811362862586975,-0.5854487419128418,-0.6515054702758789,-0.5235729217529297,-0.6940691471099854,-0.5278975963592529,-0.7186015844345093,-0.549016535282135
D,0.0,0.0,0.882020873264983,1.6268490335849881,0.9473410440813416,1.4103983189832874,1.0041351688586835,1.2543868408485033,1.0251262889805872,1.085440429200073,0.8416511152989088,1.0312863020818224,0.8781533048980702,0.7630991027318107,0.9028954714509525,0.5921788563995245,0.9159704592094832,0.4519991871979234,0.807222482878208,1.0299646269423917,0.9117242612109301,0.8078696295901799,0.9754670396506283,0.8909796721814526,1.0,1.0,-0.4406030476093292,-0.4055173099040985,-0.5007433295249939,-0.3256986141204834,-0.5418500900268555,-0.3626407384872436,-0.5630834102630615,-0.4081795215606689,-0.4400529563426971,-0.4409036934375763,-0.4951060116291046,-0.3838446140289306,-0.5357518792152405,-0.3850444257259369,-0.5635629892349243,-0.3988531231880188
D,0.0,0.0,0.8790115186443801,1.314055115438899,0.9259115546496073,1.1984999759859913,0.969696636435983,1.127951504137483,1.0140548691610847,1.0751819590547185,0.8172645462950876,0.9565304992778226,0.8417162236621125,0.7965399823332587,0.8540288478534493,0.6821938333287226,0.8604535256034781,0.5858060628658813,0.7982832248634025,0.9725575297703873,0.9168342208725442,0.8647162485811235,0.977434174108783,0.9290786577277486,1.0,1.0,-0.6049889922142029,-0.6848129630088806,-0.6879295110702515,-0.6048846244812012,-0.733421802520752,-0.642029881477356,-0.7516096234321594,-0.6902950406074524,-0.6250070929527283,-0.7383455634117126,-0.6963587999343872,-0.6929510831832886,-0.7380873560905457,-0.6980889439582825,-0.7623596787452698,-0.7152925729751587
D,0.0,0.0,0.8813058888392974,1.7657341384912362,0.9447025650450261,1.4907900916855432,0.9952975399721704,1.2863153399222345,1.007197983669826,1.0661071263692554,0.8391618052456089,1.0646222927551325,0.8612065950799442,0.7254576632943535,0.8764828690698101,0.5151849826388454,0.8800882669537137,0.3443028495151056,0.8066659665520229,1.0675142646183828,0.8951163853080942,0.7521914854902652,0.9689395888576754,0.8471757233563796,1.0,1.0,-0.4474824965000152,-0.3339261412620544,-0.5050010085105896,-0.2483738660812378,-0.5464984178543091,-0.2815618515014648,-0.5641931295394897,-0.3254121840000152,-0.4467257857322693,-0.3640289604663849,-0.501914381980896,-0.3034833669662475,-0.5401193499565125,-0.3125948905944824,-0.5600653290748596,-0.3359566032886505
D,0.0,0.0,1.1072052036059008,1.139400484050759,1.055830557988881,1.0832411619812974,1.0155364137711222,1.054306952185232,0.9924194270389773,1.0293432047376463,1.1114430809926885,0.9264577121894507,1.085566043385714,0.8379865884576294,1.0733273580108063,0.7844526182923969,1.0670153060965546,0.7359721021723341,1.1299483435736015,0.9264738893929361,1.0366468290019013,0.8919459710234251,1.001380380708573,0.9523660641672781,1.0,1.0,-0.6667525172233582,-0.7074242830276489,-0.6132768392562866,-0.6846669912338257,-0.5949699878692627,-0.7280529141426086,-0.5947118997573853,-0.76446932554245,-0.6632497310638428,-0.7362875938415527,-0.621075451374054,-0.7144073247909546,-0.604546070098877,-0.7395963668823242,-0.6002763509750366,-0.770265519618988
D,0.0,0.0,1.1137095124327736,1.1282952591602922,1.059109218618704,1.082259388200215,1.015362245469981,1.0614153500403263,0.9834635385061716,1.0441371251925715,1.1153482598278033,0.9305495475157339,1.094662339208459,0.8514919508168138,1.0814543449691565,0.8018317122013248,1.0752530418771737,0.7555216899599075,1.1316458095664104,0.9335231232717428,1.0299685727594365,0.9070707947401734,0.9948033514684347,0.9616935331844622,1.0,1.0,-0.5838330984115601,-0.7445797920227051,-0.5314798951148987,-0.7202945351600647,-0.5163391828536987,-0.7606887221336365,-0.5213044881820679,-0.7899102568626404,-0.5780137777328491,-0.774873673915863,-0.5329943299293518,-0.7499380707740784,-0.5220592617988586,-0.7766504883766174,-0.5267056822776794,-0.8032388687133789
D,0.0,0.0,1.10332010596147,1.1265761456958354,1.0508795731873015,1.0794596262709613,1.0130924583336873,1.0566604061143123,0.9953747586376858,1.028049479951711,1.0877680561481429,0.9201453423493985,1.0559934079623463,0.8355417660845798,1.0399011559723716,0.7845930462362991,1.0316422009155668,0.7382969527060387,1.1101387654617345,0.9201806754096965,1.0305250766983873,0.8811347705424472,0.9991336121668072,0.9500173869718698,1.0,1.0,-0.733877956867218,-0.7202016711235046,-0.6839726567268372,-0.6938078999519348,-0.6659964919090271,-0.7428084015846252,-0.6690556406974792,-0.7811996936798096,-0.7375665307044983,-0.7460761070251465,-0.6954635381698608,-0.7224091291427612,-0.6781890988349915,-0.7522622346878052,-0.678183376789093,-0.7845413684844971
D,0.0,0.0,1.0841888491650702,1.1234720118669268,1.0399482301400373,1.0765493816210718,1.0075777163808648,1.0559356216698705,0.9900268153714674,1.0279823829825043,1.065773921216083,0.9340326756384885,1.043178943032823,0.838558957963844,1.0291533548554734,0.7835891152201592,1.0226853912634015,0.7340690193622094,1.0847766139153385,0.9343201801716079,1.0272683936202809,0.8802830336407085,0.9991142866778718,0.9477477446253981,1.0,1.0,-0.8221251368522644,-0.7192598581314087,-0.7805919051170349,-0.6840267181396484,-0.7622811198234558,-0.7315146327018738,-0.7654305100440979,-0.7671898603439331,-0.829995334148407,-0.741417407989502,-0.7936011552810669,-0.7120479345321655,-0.7748238444328308,-0.7406268119812012,-0.7742872834205627,-0.7692288756370544
D,0.0,0.0,1.107947502913192,1.1242310367556048,1.0550148991135317,1.0800783536959593,1.005956830036913,1.0566253330475788,0.9746379390524542,1.040246385510519,1.1431565936608419,0.9408184259193888,1.122156271841722,0.8590077182772647,1.1129488376901155,0.8039469932205032,1.1078604428283063,0.755489301836779,1.1457808127369336,0.9449793266460602,1.0304326250954519,0.9167766452395292,0.9935291112031601,0.9654440190674377,1.0,1.0,-0.4662200212478637,-0.7361734509468079,-0.4175645411014557,-0.7099319100379944,-0.406171441078186,-0.7489461302757263,-0.411681205034256,-0.7776601910591125,-0.4542043507099151,-0.763798177242279,-0.4123679101467132,-0.7384481430053711,-0.4041451215744018,-0.763917088508606,-0.4097514748573303,-0.7900657057762146
D,0.0,0.0,1.1571294854487149,1.068124688237482,1.1191611924390923,1.0087830610653485,1.061011277297745,0.981631383547672,1.007754840491627,0.9726685226210058,1.1420153266650532,0.9425684596079967,1.115944587571604,0.8597402876829422,1.1068533311936186,0.8091023818221312,1.1036174656976998,0.7660235057666475,1.114837141396669,0.9460724606888525,1.0103813188847184,0.9164113371525049,0.9851842610775786,0.9663746573479766,1.0,1.0,-0.4027950167655945,-0.729312002658844,-0.3638237118721008,-0.7108215093612671,-0.3563528656959533,-0.7517659068107605,-0.3625729978084564,-0.7778295874595642,-0.3880789279937744,-0.7537925243377686,-0.3564975261688232,-0.7353028655052185,-0.3529911339282989,-0.7647177577018738,-0.359612375497818,-0.789143979549408
D,0.0,0.0,1.122952152838215,1.141536853623977,1.0561419954660154,1.0904828518534477,1.0060369541357652,1.0640548887618955,0.9830474580174049,1.0348693330093355,1.1323785972602023,0.9352455488942905,1.1010385227797779,0.853469198967759,1.0841962132330205,0.807739264567132,1.073755052215232,0.7661654981000835,1.1492098458555873,0.9329726188017838,1.0371518502709178,0.8986133784293212,0.9971028477424849,0.9552140391558693,1.0,1.0,-0.5457053780555725,-0.724097490310669,-0.4936120212078094,-0.6990121006965637,-0.4771499335765838,-0.7398272156715393,-0.4792650938034057,-0.7729725241661072,-0.5403704047203064,-0.7505868077278137,-0.4985426962375641,-0.7295440435409546,-0.4844025373458862,-0.7549706697463989,-0.4836584627628326,-0.7849700450897217
D,0.0,0.0,1.1189624173938424,1.155678477185555,1.0577390851440467,1.107506192213676,1.0102895700979948,1.0831016552356743,0.9887597042326568,1.0412209523172329,1.1110701015470053,0.9036926437115158,1.0812982838603864,0.8149970140000542,1.068445493067669,0.7616663324695675,1.0607120391359357,0.7145465209290192,1.1234822951074375,0.8969579618318541,1.0222694356314,0.8702674573116815,0.9943588879339833,0.9446407288809042,1.0,1.0,-0.5761605501174927,-0.5473936796188354,-0.5249961614608765,-0.5328312516212463,-0.5113818049430847,-0.5766054391860962,-0.5150176286697388,-0.6128374338150024,-0.5724894404411316,-0.563126266002655,-0.5311576724052429,-0.5527288317680359,-0.5183553099632263,-0.5814907550811768,-0.5194410085678101,-0.6126047372817993
D,0.0,0.0,1.1140100340007104,1.1612051145608415,1.0538560425907622,1.1108500220014121,1.006886058676318,1.0849828160705557,0.9840867360522354,1.0406013627493658,1.1099782639093372,0.9048599309021839,1.079580658286149,0.8164089897219163,1.0654381475789823,0.7612676552477107,1.0577019851087877,0.7145407293763327,1.126744614068822,0.898700617850033,1.027455565128607,0.8652149801672422,0.996134786474368,0.9415296727811439,1.0,1.0,-0.588300883769989,-0.5536884069442749,-0.5367147922515869,-0.5368025302886963,-0.5211594700813293,-0.5815643668174744,-0.5237253904342651,-0.6184698939323425,-0.5850730538368225,-0.5733339190483093,-0.5423987507820129,-0.5607389211654663,-0.5280002355575562,-0.58743816614151,-0.5278105735778809,-0.6157900094985962
D,0.0,0.0,1.1119839126631625,1.1681998840800385,1.051351338154481,1.1195559388997536,1.0035563366035973,1.0930120681207345,0.9825515128207155,1.0479072529511464,1.1111833590883873,0.9132217706749405,1.0797755241265874,0.8234999874860256,1.0655475037749018,0.7667395181120735,1.0577712290857413,0.7204970194482988,1.126539897237102,0.9070523318579374,1.0255358686599203,0.868784993993787,0.9956563632499639,0.9436496229633506,1.0,1.0,-0.5799464583396912,-0.5550526976585388,-0.5281996130943298,-0.5365378260612488,-0.5136303305625916,-0.5800845623016357,-0.516663670539856,-0.6159355640411377,-0.5762808322906494,-0.574222207069397,-0.5335810780525208,-0.5612591505050659,-0.518355667591095,-0.5867212414741516,-0.5169718265533447,-0.6142934560775757
D,0.0,0.0,0.9036965503796531,1.1464789231485375,0.9441654753329445,1.0969598553172,0.9835481734093471,1.0736809362617425,1.019969879546608,1.0477369673062389,0.8872813559193575,0.9307755941385198,0.909266107900361,0.853343710049241,0.9156502039978075,0.7926426696584049,0.9144825022102965,0.7375630767796442,0.8759286587155996,0.925345630764954,0.9601176101913955,0.9001969700027448,0.994350336010321,0.9529963762029463,1.0,1.0,-0.4967167973518371,-0.5954216122627258,-0.5439893007278442,-0.5740434527397156,-0.5629143118858337,-0.6114473938941956,-0.5666584372520447,-0.6453195810317993,-0.5052847266197205,-0.6157024502754211,-0.541617214679718,-0.5898293256759644,-0.559403121471405,-0.6072238087654114,-0.5672025680541992,-0.62908536195755
D,0.0,0.0,0.9109290468444795,1.1211299021681007,0.9478901404906637,1.0781485623712799,0.9815016216253527,1.0537860569923367,1.0130761225275455,1.0362698004748492,0.8882052705464707,0.9475677859286287,0.9172323172974521,0.8787234194663076,0.9297757941237037,0.8276522778081818,0.9328187666987774,0.7831918642185678,0.8782027636708649,0.9491572299702298,0.9625476758690371,0.9180504115709791,0.9955504788216074,0.9624680105007573,1.0,1.0,-0.5032053589820862,-0.721893310546875,-0.5489202737808228,-0.7000370621681213,-0.5659227967262268,-0.7321860790252686,-0.5680474042892456,-0.7618264555931091,-0.5112250447273254,-0.7464551329612732,-0.5449766516685486,-0.7279935479164124,-0.5608109831809998,-0.74309241771698,-0.5663465261459351,-0.7616063356399536
D,0.0,0.0,0.8931031777284404,1.12220222067929,0.943370967878093,1.0773528017583653,0.9844014813806954,1.0551895661914732,1.0159505898558794,1.0255555984682367,0.8926095827931019,0.9356300546640206,0.9237788118663401,0.86451461110402,0.9384661785671546,0.815186926772935,0.9391516374291948,0.7688463402920576,0.8713543991772756,0.9346754303213423,0.9571851085288141,0.9059255119372206,0.9972901315276564,0.9577123238157818,1.0,1.0,-0.413579523563385,-0.658647358417511,-0.4529720544815063,-0.638660192489624,-0.4721007049083709,-0.67188960313797,-0.4748400747776031,-0.700198769569397,-0.4134291410446167,-0.6828164458274841,-0.443251222372055,-0.6627466082572937,-0.4612754881381988,-0.6765979528427124,-0.4682060778141022,-0.6943140029907227
D,0.0,0.0,0.8946955300620244,1.1995839941223598,0.9448931022789963,1.1437044778996266,0.9864935916784826,1.1091593635531867,1.0134647316899341,1.0558622276030838,0.9039862959967493,0.9436354215124869,0.916004950775015,0.8425640665972344,0.922914073233223,0.7691053347775667,0.9211507656122139,0.7131301793823035,0.8904667146799631,0.930215651620336,0.9556006465669471,0.876394952507794,0.9933376440824747,0.935341727346452,1.0,1.0,-0.4630322158336639,-0.4563206136226654,-0.499250590801239,-0.4337770938873291,-0.518642783164978,-0.4652976393699646,-0.5226402282714844,-0.4975029528141022,-0.462717056274414,-0.4692279696464538,-0.492910623550415,-0.4484870731830597,-0.511197030544281,-0.4660395085811615,-0.518892228603363,-0.489504873752594
D,0.0,0.0,0.9169234170593394,1.1606895336550296,0.9500234783888376,1.1099037470822435,0.9833776148607648,1.0835751390670405,1.018234702010993,1.055160986219838,0.8963061224549903,0.9431368334158163,0.9051538867753594,0.8577748894377928,0.908159395434678,0.7878792793716951,0.9065575832152541,0.7318171760130536,0.8910999382188999,0.9398461128686079,0.9635469910896005,0.8970956034098795,0.9939049454626921,0.9492802490099665,1.0,1.0,-0.5459253191947937,-0.5444369316101074,-0.5891999006271362,-0.519189715385437,-0.6054835915565491,-0.5510398745536804,-0.6088067889213562,-0.5820021629333496,-0.5575382113456726,-0.5643327236175537,-0.5923088192939758,-0.5449391603469849,-0.6077151298522949,-0.5611003041267395,-0.6136479377746582,-0.5808165669441223
D,0.0,0.0,0.9046489850988031,1.2737232413474109,0.9410621591017717,1.196750330319261,0.9797697930819982,1.154052434468168,1.0129724542104335,1.0923502718699858,0.8960330848136007,0.9222795517477392,0.9098970522424082,0.8039928723892775,0.9195499917487707,0.7302116652316919,0.9225026477647729,0.6693441052713793,0.8916967903907183,0.8997140636775346,0.9572728997768126,0.8311137696139954,0.9906649349389385,0.9088267991761418,1.0,1.0,-0.5616998672485352,-0.3270577788352966,-0.6038877367973328,-0.3030060529708862,-0.6239896416664124,-0.335412859916687,-0.6290282607078552,-0.3709379434585571,-0.5702986717224121,-0.339067131280899,-0.6045740842819214,-0.3165122270584106,-0.6219655275344849,-0.337718665599823,-0.6284468770027161,-0.3651880919933319
D,0.0,0.0,0.8963224555963285,1.5515044270061356,0.9469507357530295,1.4346599902678576,0.9901737225270395,1.3380856764118598,1.0141320664776845,1.1576690260586497,0.9094231712367131,1.0175646991705305,0.9248709744783927,0.7823540598135231,0.9399584212249205,0.6343848055529143,0.9482909466549126,0.5179850270430507,0.8978416299278055,0.9822110840152355,0.9396179758927964,0.7646485522039943,0.9821588275548688,0.8495220623192702,1.0,1.0,-0.4441622495651245,-0.2045161426067352,-0.4710797071456909,-0.166107177734375,-0.4928573369979858,-0.1933301389217376,-0.5001864433288574,-0.2304766774177551,-0.4380963146686554,-0.2059832066297531,-0.4640313684940338,-0.1742282807826995,-0.4827277660369873,-0.1890859603881836,-0.491253525018692,-0.2164092510938644
D,0.0,0.0,0.9205097850432495,1.1226297731815311,0.9542907397823547,1.0775700086018858,0.9855607426480668,1.0564460860194704,1.0131542918556036,1.0335001192749917,0.9017876340800833,0.9493366075007587,0.9204408875135359,0.8899402645118162,0.9285332477516204,0.8461769073204223,0.9293462917365826,0.809868926123918,0.8926898835401499,0.9474357101669758,0.961372573398894,0.9191308665611412,0.9925420638015922,0.9604158609097421,1.0,1.0,-0.6022114753723145,-0.7499526143074036,-0.6465964913368225,-0.72442227602005,-0.6667691469192505,-0.7573859095573425,-0.6722395420074463,-0.789542555809021,-0.6106621026992798,-0.768661379814148,-0.6448743939399719,-0.7426153421401978,-0.6622989177703857,-0.7592779397964478,-0.6697916984558105,-0.7812760472297668
D,0.0,0.0,0.9262234838977697,1.1091916639358066,0.9567553205300191,1.0729247219566078,0.9851655227923803,1.0545163344282176,1.009254649784063,1.0308715694831658,0.9105134019369412,0.9469402487824697,0.932889660126533,0.8993442349564729,0.9438807197320478,0.8665168317361351,0.9470115887591632,0.8399717514757478,0.9050279116865583,0.9399555979343192,0.9641854547657582,0.9196257459058393,0.9921642159196143,0.9595576440097184,1.0,1.0,-0.6257956624031067,-0.7560168504714966,-0.6675928831100464,-0.740590512752533,-0.6854608654975891,-0.7755850553512573,-0.6904094815254211,-0.8103150129318237,-0.6345145106315613,-0.7683811187744141,-0.6674075126647949,-0.7523848414421082,-0.6827125549316406,-0.7754281759262085,-0.6889495253562927,-0.8036438822746277
D,0.0,0.0,0.900877590349928,1.2328529804398087,0.9484566533265546,1.1600574052194115,0.9874511695410915,1.1145204961804351,1.0209326780600783,1.0621994492167648,0.8975963899136585,0.9533090900790858,0.9135550964007769,0.8296966444195552,0.9234564360608866,0.7443334219920829,0.9247938148809601,0.6755520275220428,0.8814930931244106,0.9461824482939319,0.949728526547692,0.8716517188437672,0.9909080835864479,0.9321943167311106,1.0,1.0,-0.478613793849945,-0.4527557492256164,-0.5169902443885803,-0.4218076169490814,-0.5393703579902649,-0.4514674544334411,-0.545941948890686,-0.4825201630592346,-0.4781884253025055,-0.4697099328041076,-0.5094678997993469,-0.4441325664520263,-0.5300783514976501,-0.4587283134460449,-0.5398489236831665,-0.4795085191726684
E,0.0,0.0,0.9906482526069962,1.401702855529915,0.9384244270987542,1.2912359532287712,0.9512415951717438,1.1904510150033742,0.9981010479296231,1.1676390253579376,0.9653730956741093,1.0700679265439317,0.9677922682167307,0.8991074201962351,0.9571027862738068,0.9055179790860759,0.9528710761577809,0.9821279670047532,1.0107254518689452,1.0546573119073093,1.0132470736948378,0.8642547677140748,1.0025541247710925,0.9018874833067279,1.0,1.0,-0.7251419425010681,-0.5934578776359558,-0.7259654402732849,-0.4962798357009887,-0.7202237844467163,-0.5114386677742004,-0.7206354141235352,-0.560516893863678,-0.7562475204467773,-0.6102560758590698,-0.7560878992080688,-0.5299832820892334,-0.7511038184165955,-0.5309218764305115,-0.7499714493751526,-0.5657070279121399
E,0.0,0.0,0.974630530142504,1.5385486446877332,0.9278948551873614,1.382826582659036,0.9454855502076915,1.2395988914752885,0.991534979599392,1.1995021262917434,0.9567243741818948,1.094268639703203,0.957459483477226,0.882649076252447,0.9536113403611527,0.8815866709507818,0.9528439313108441,0.9801589111869586,1.0052931016419455,1.072199455453923,1.0079078910371906,0.8336463146832787,1.002633506689155,0.8763450150520034,1.0,1.0,-0.7559760212898254,-0.4931543469429016,-0.7612639665603638,-0.389791876077652,-0.756041407585144,-0.4072096049785614,-0.7523959875106812,-0.460081934928894,-0.7885957956314087,-0.5144252181053162,-0.7950176000595093,-0.4315204620361328,-0.7887814044952393,-0.4274009168148041,-0.7813010215759277,-0.4580749273300171
E,0.0,0.0,0.9792179477415246,1.6451503031019614,0.9390572706939,1.4715653602118757,0.9581877221873621,1.3126145896062877,1.0049306229228483,1.2737978530473637,0.9605063428321511,1.1523595198002283,0.9588243406415158,0.95453551509914,0.9543450134927985,0.9209116960460279,0.9544431486646252,1.0059177508400057,1.0049875665257622,1.1079248624385185,1.010248982162633,0.8693515662882204,1.0047793246362677,0.8760654468080317,1.0,1.0,-0.790126383304596,-0.4312438368797302,-0.7968710064888,-0.3450766205787658,-0.791236400604248,-0.3519364297389984,-0.7869917750358582,-0.4008798003196716,-0.8186946511268616,-0.4482042491436004,-0.8229964971542358,-0.378178209066391,-0.8181656002998352,-0.3714670240879059,-0.8126909732818604,-0.4010768234729767
E,0.0,0.0,0.9763462464997142,1.3420523344918058,0.9427412027295117,1.2489155695140075,0.9628735251678185,1.1673191092969437,1.0005810261564525,1.141735358315153,0.9557872605356713,1.0512500882735527,0.9542049860586697,0.8995779580804396,0.9607004091261518,0.9281656513186586,0.965663708317968,1.0018923693376223,0.9930285296342127,1.0298394256909191,0.9895484306427536,0.8658559515781155,0.9970122817595745,0.919788962867966,1.0,1.0,-0.7988781332969666,-0.5728628039360046,-0.8012867569923401,-0.4905371367931366,-0.8031792640686035,-0.514412522315979,-0.802163302898407,-0.5577818155288696,-0.8253173232078552,-0.5870985388755798,-0.8323863744735718,-0.5210530161857605,-0.8300415873527527,-0.5239741802215576,-0.823818027973175,-0.5509893894195557
E,0.0,0.0,0.969182867668566,1.2960044865447167,0.9477808571330725,1.2092477989303994,0.9714099264716203,1.1381673691758019,0.9977717481923876,1.1003897011348627,0.9550494128452626,1.0261435207019753,0.9557405133681073,0.913837849173435,0.9645100091678891,0.9357989460622652,0.970879039443257,0.9919000073093436,0.9882639229246072,1.0043537365538533,0.9953550016645922,0.8927189583489237,1.0025441173085592,0.9397666579070565,1.0,1.0,-0.8647127747535706,-0.5522966384887695,-0.8749390840530396,-0.5003183484077454,-0.8755406737327576,-0.5302554965019226,-0.8677626252174377,-0.5618542432785034,-0.8870439529418945,-0.5657335519790649,-0.89495849609375,-0.5280975699424744,-0.8924480080604553,-0.5476430058479309,-0.8841007351875305,-0.5690333843231201
E,0.0,0.0,0.9635648451998197,2.084187573191385,0.9341699415835609,1.747608750425865,0.9578116994035335,1.4727564297128133,1.0026333376595657,1.4421809605047937,0.9620085548682109,1.1886717085441674,0.9663755635122692,0.800328206170492,0.9632612913126999,0.8075184798644908,0.9597838770136202,1.0202628377295757,1.000943877284266,1.1329147306969223,1.0078557254814882,0.68071266769099,1.0054179909345953,0.7434654416753937,1.0,1.0,-0.8022363185882568,-0.2316807210445404,-0.811443567276001,-0.1417269706726074,-0.807592511177063,-0.1549602448940277,-0.8012889623641968,-0.2071268558502197,-0.8277201652526855,-0.2499996274709701,-0.8398898839950562,-0.1808454990386963,-0.8361321687698364,-0.1712436079978943,-0.826892077922821,-0.1990923881530761
E,0.0,0.0,0.980654870447696,1.8570276704208344,0.9356155777719675,1.620214053907701,0.949825110280957,1.3987109008877319,0.9925627450298291,1.3252983743994313,0.961665000248747,1.1637825259569357,0.9613239550100827,0.827071610517313,0.9516149665650357,0.8385914166332082,0.9519690102375291,0.9979336314707136,1.01017805422984,1.1107414342828885,1.0116438848073184,0.7076460045247562,1.0005867062866411,0.7941074983469271,1.0,1.0,-0.6729300618171692,-0.3032450973987579,-0.6762921810150146,-0.2013203501701355,-0.669467568397522,-0.2196662276983261,-0.6697401404380798,-0.2708654105663299,-0.703021228313446,-0.3180178105831146,-0.7075400352478027,-0.2374684810638427,-0.7009459733963013,-0.2369923591613769,-0.6971249580383301,-0.272752583026886
E,0.0,0.0,1.006738933888529,1.3225971332319222,0.9430165375321192,1.231213231356052,0.9378408666859691,1.1356162314018359,0.9831839759029491,1.1207680441448358,0.9641869572660766,1.0157086487152427,0.9568477469367854,0.8530890995241353,0.9481362930272078,0.9091975663469396,0.9517141851821755,0.9848756072954694,1.0115386800111397,0.9982193540888431,0.9999382662967115,0.8288704601812212,0.9942394368308402,0.928771697433659,1.0,1.0,-0.6402551531791687,-0.5582501888275146,-0.6365600824356079,-0.4674800932407379,-0.6313746571540833,-0.5200138092041016,-0.6325259804725647,-0.563912034034729,-0.670232892036438,-0.571487307548523,-0.6694651246070862,-0.4998494386672973,-0.6625112295150757,-0.5291212797164917,-0.6611451506614685,-0.5643725395202637
E,0.0,0.0,1.0286938123961102,1.214086478556741,0.962694404630376,1.1640124219667758,0.9410058153423512,1.1052895493080033,0.9823135332994913,1.0846289658183519,0.9798566320284271,1.0080171718573692,0.9620510963799058,0.8884290075770526,0.9474414484358048,0.9410911432123042,0.9556722605432629,0.9951737395581316,1.024325027123334,1.0005310798040905,1.0059207874227358,0.8756055219371235,0.9926590323190699,0.9572038883796027,1.0,1.0,-0.5130331516265869,-0.6490358710289001,-0.5083228945732117,-0.573361337184906,-0.4996017813682556,-0.6198150515556335,-0.4998100697994232,-0.6527628898620605,-0.5367251634597778,-0.6596354246139526,-0.5349786877632141,-0.5969725251197815,-0.5260469913482666,-0.6221276521682739,-0.5248234272003174,-0.649733304977417
E,0.0,0.0,1.0171559495680005,1.481086974720426,0.9530282600785753,1.370073933718962,0.9378809640664978,1.2355328597709505,0.9802146383224476,1.1646123533219126,0.974479253219587,1.0801229165943529,0.9679941129075627,0.8625967253549166,0.9488053456214054,0.8977418874026823,0.9508458546894462,0.993539977499321,1.0206222653314645,1.0490023950359664,1.014407049007101,0.8034263102766032,0.9961039376319945,0.8859982481322597,1.0,1.0,-0.5255575180053711,-0.3830750584602356,-0.5232976675033569,-0.3006660640239715,-0.5154337882995605,-0.3244616389274597,-0.5180162787437439,-0.3634252548217773,-0.5507110357284546,-0.3923798501491546,-0.5488207340240479,-0.3267892003059387,-0.5408273339271545,-0.3348101377487182,-0.539743959903717,-0.3642319440841675
E,0.0,0.0,1.0389339865846707,1.930635543647279,0.9600085729587147,1.6739120663824747,0.9335881514405586,1.414893833514119,0.9768204211618157,1.3074849528362866,0.9951148685897869,1.1622198517588462,0.9738296849756896,0.7822575013282612,0.9431178101806781,0.8355671599595744,0.9490512508219959,1.0278522777067143,1.046166808039814,1.0994972883554988,1.0310045194369644,0.6480235220501651,0.9946256427677503,0.7691789023619114,1.0,1.0,-0.4412125945091247,-0.2223820090293884,-0.4368274807929992,-0.1386290192604065,-0.4228942990303039,-0.1552965939044952,-0.4252651333808899,-0.1961420476436615,-0.4651880860328674,-0.2293122857809066,-0.4611755609512329,-0.1643015146255493,-0.4503805935382843,-0.1646368205547332,-0.4496925473213196,-0.1927351057529449
E,0.0,0.0,1.0441387979691767,1.1990804519445666,0.9836612923984487,1.1508123089702766,0.9557790436926553,1.1000827446815955,0.9876850870243375,1.0784515048844274,0.9980511125679213,1.005347881386231,0.9773922511397751,0.893659201452016,0.9529117504230008,0.9449836298271851,0.958619496389681,0.9975426674253339,1.0378723098381433,1.0030016103929298,1.0160567506593288,0.8841990938592074,0.993266813229286,0.9605462290028952,1.0,1.0,-0.4922614097595215,-0.6333808898925781,-0.4864360690116882,-0.5611456036567688,-0.474652886390686,-0.6033948659896851,-0.4753813445568084,-0.634451150894165,-0.513522744178772,-0.6453297138214111,-0.5094345808029175,-0.5871847867965698,-0.498807281255722,-0.6120007634162903,-0.4986347556114197,-0.638805091381073
E,0.0,0.0,0.9414925849704906,1.5924922298698223,0.8505530994689992,1.399126696080092,0.859088193353424,1.2322889446363432,0.9382374230035544,1.1994233304633062,0.9171849417571254,0.9841980866006408,0.9256860813995731,0.6823510534209323,0.9175208901345714,0.8046487679836516,0.9153164180677048,0.9755372847902181,0.9999799490270218,0.9634185560330054,1.0141353684692587,0.6270340588528764,1.0036351846529097,0.8354420605423092,1.0,1.0,-0.6777693629264832,-0.4829583466053009,-0.6906415820121765,-0.3296408057212829,-0.6818267107009888,-0.4206347167491913,-0.6752334237098694,-0.5004603862762451,-0.7232329249382019,-0.5186789035797119,-0.7408057451248169,-0.3995861113071441,-0.7299597859382629,-0.4414407014846802,-0.7175635099411011,-0.4980690479278564
E,0.0,0.0,0.9799292976381379,2.1191290324807346,0.877008081321877,1.8218209910735776,0.859623694863968,1.5071813211304306,0.9446185034912193,1.3845775890817529,0.9315442308923213,1.1079365754734372,0.9218534418546427,0.5531645102655044,0.9044219280412862,0.6874323513699127,0.9158094151619803,0.9787096853770776,1.0173747004269218,1.04617482606982,1.0184102560907293,0.42940693941839897,0.9968517567118247,0.7013149677215956,1.0,1.0,-0.5785509943962097,-0.2830769717693329,-0.5813878178596497,-0.1319476664066314,-0.5705820322036743,-0.1938180774450302,-0.5714001059532166,-0.2695666849613189,-0.6218873858451843,-0.3066341280937195,-0.6292240619659424,-0.188252180814743,-0.6171076893806458,-0.211065798997879,-0.6114308834075928,-0.2677479386329651
E,0.0,0.0,1.0450359457414182,1.9998400819152402,0.907605362131652,1.7457065849598628,0.8737840751972962,1.4803609712414685,0.9616379138667773,1.3720187925931098,0.953828854458865,1.0978677553489906,0.9372436714442591,0.5980962776583556,0.8943983960261962,0.7308030433446666,0.9057980466682978,0.9853752059579098,1.0534850441818253,1.0432194996127218,1.0378338530079485,0.4815199020380261,0.9901233847887068,0.722502354672328,1.0,1.0,-0.4843356013298034,-0.3016119003295898,-0.4795714020729065,-0.153451919555664,-0.4603213667869568,-0.210278108716011,-0.4636728167533874,-0.2829383611679077,-0.528731644153595,-0.3241339325904846,-0.5253691673278809,-0.2050519287586212,-0.5076085329055786,-0.2313826978206634,-0.5054440498352051,-0.2883443832397461
E,0.0,0.0,0.9345248550655452,2.323144024318667,0.8845059253806227,1.9278266763517662,0.9015517688629545,1.5784664472469765,0.9580827607077546,1.449107652618892,0.935245713216034,1.1417012236486344,0.9448438822220149,0.5932155538423113,0.940250827497016,0.6362447828768057,0.934246390496985,0.9504726915069266,0.9990995536782065,1.105673641119075,1.0154831490011829,0.44618069148635225,1.010791486321636,0.6486627933890629,1.0,1.0,-0.7023986577987671,-0.2436682879924774,-0.7186751961708069,-0.1146085858345031,-0.7159315347671509,-0.1453764289617538,-0.7086225748062134,-0.2150830626487732,-0.7384796142578125,-0.2730953097343445,-0.7588320970535278,-0.1758516877889633,-0.7547867298126221,-0.1763460338115692,-0.7416523694992065,-0.2203883081674575
E,0.0,0.0,0.9483554136177264,1.7956837395621001,0.9131619955399917,1.5510538360263606,0.9354484727184439,1.3440463720679803,0.9806796374886825,1.3180050948562865,0.9494963318750556,1.0802513829894373,0.9593475123647471,0.7886464465191059,0.9590325019240113,0.8078303778830305,0.9543861547568926,0.9727547179905246,0.9977986400521113,1.0404653215613822,1.0139195664753113,0.7059756045911663,1.0096417292368185,0.7971980924786731,1.0,1.0,-0.8163210153579712,-0.3159966468811035,-0.8335278630256653,-0.2163504511117935,-0.8277602195739746,-0.2454223036766052,-0.8171302080154419,-0.3036087155342102,-0.8443335294723511,-0.3416381478309631,-0.8670318126678467,-0.2685178518295288,-0.8629922270774841,-0.2653134167194366,-0.8502853512763977,-0.2945722937583923
E,0.0,0.0,0.9776063478944984,1.93282050919411,0.9050087613341068,1.6293630712876468,0.9393651112153023,1.3302509198824248,1.020952998720567,1.2284202065345242,0.9288591590708615,1.079799829812912,0.9191374555973203,0.640761551861097,0.9131163727679459,0.766084353395138,0.9218569458903184,1.012916587112453,1.0077306356635967,1.0232619820431406,1.00567917226253,0.5256630814234426,0.9970892901134006,0.7471738336173712,1.0,1.0,-0.6490547060966492,-0.3326389491558075,-0.6546609997749329,-0.1812824159860611,-0.6475348472595215,-0.237399160861969,-0.6460567712783813,-0.3140220940113067,-0.6926762461662292,-0.3601609766483307,-0.7021558284759521,-0.2408806085586547,-0.6913285255432129,-0.256052017211914,-0.6818338632583618,-0.3083332777023315
E,0.0,0.0,0.9899810434580402,1.490521893267018,0.9077544764788762,1.3195594106899036,0.938259997951023,1.1576186703956808,1.0203544730138419,1.0945736134340045,0.924053757704569,0.9576170780960418,0.9166138482601371,0.69922517562212,0.9115773307037796,0.8037949049823624,0.9154697860521551,0.9370613996427561,1.006898322572866,0.9301496818528453,0.998321561396553,0.6605361614091396,0.9934400690763611,0.8682795714211786,1.0,1.0,-0.6463500261306763,-0.4995273351669311,-0.6500276923179626,-0.3587198257446289,-0.6407989263534546,-0.4574953317642212,-0.6381776928901672,-0.5280780792236328,-0.6923567056655884,-0.530042290687561,-0.7000473737716675,-0.4192855060100555,-0.6853466033935547,-0.4713828563690185,-0.6749130487442017,-0.5263788104057312
E,0.0,0.0,1.0744546852816725,2.0872792012846477,0.9483788925645115,1.742073636085679,0.9630627383381372,1.389801548991615,1.0633937764768038,1.268623410140912,0.9703543351343187,1.1069986301270927,0.9196359253552282,0.6001957907103838,0.8873948113142954,0.7675875791769691,0.917016492954618,1.041771854769397,1.0587905445128274,1.0306986351828626,1.0143459917570428,0.46413900237621175,0.9721055747769503,0.7084205052399447,1.0,1.0,-0.4442987740039825,-0.2557902932167053,-0.4314187467098236,-0.1225036829710006,-0.4128027558326721,-0.1697736978530883,-0.4207539558410644,-0.234316885471344,-0.4833553433418274,-0.2687553763389587,-0.4753705859184265,-0.1664948165416717,-0.4571727216243744,-0.1797358393669128,-0.4586499035358429,-0.2240928411483764
E,0.0,0.0,1.0260323972127536,1.5232924179062206,1.1503064483488405,1.4386221976179863,1.1443424889755556,1.3096189515793952,1.0444012279387822,1.2246905129276058,1.118986968502914,1.022833002712036,1.1480476727988491,0.7629995920663318,1.1303280015671402,0.8950345730201942,1.1063657586472946,1.0389395589316865,1.01054212844978,0.9770166063729265,1.0357668379208496,0.6516320792334467,1.0124728325995702,0.8372379120768497,1.0,1.0,-0.3788794875144958,-0.4328218996524811,-0.3786427974700928,-0.2983691692352295,-0.3746688365936279,-0.3711092472076416,-0.3752379119396209,-0.4420852363109588,-0.3381642699241638,-0.4536597728729248,-0.330495536327362,-0.3616760671138763,-0.3323840498924255,-0.3982314467430115,-0.3365882039070129,-0.4525249600410461
E,0.0,0.0,0.9347859001707092,1.5552271520215162,1.0264714502978456,1.450093096689592,1.0445255856211406,1.327931765504458,0.9817083025177958,1.2650370241159716,1.0238308894980745,1.0340190935988154,1.059636736941956,0.7392784853299568,1.0846307095749128,0.8733669765059734,1.062891466082335,1.0370677245675504,0.9605043343564239,0.9932477731751126,0.9888924726550844,0.659932087622905,1.0180369633374176,0.825451787840976,1.0,1.0,-0.5465057492256165,-0.4249286651611328,-0.555759608745575,-0.2826359570026397,-0.5740616321563721,-0.3445007801055908,-0.568635106086731,-0.4138438403606415,-0.5047460198402405,-0.4354922473430633,-0.516430139541626,-0.338412195444107,-0.5303549766540527,-0.370038092136383,-0.5262584090232849,-0.4200798869132995
E,0.0,0.0,0.9166859028824855,1.5376558223595296,0.9989891573227772,1.3980107088485683,1.0303728387906887,1.2572189902159825,0.972074007861473,1.2222270539051696,0.9995511822496386,1.037163458281122,1.0395084860361445,0.775622254912454,1.067014391963682,0.9134686263785669,1.0441665970888647,1.0667825943266473,0.9568903306500859,0.9876681034065564,0.993121292935643,0.6681803472106594,1.0216894472575704,0.8362244175830927,1.0,1.0,-0.6633376479148865,-0.419920265674591,-0.6814924478530884,-0.2838623225688934,-0.7028598785400391,-0.3509739935398102,-0.6940070986747742,-0.4142906069755554,-0.6235085129737854,-0.4318025112152099,-0.6458446383476257,-0.3451561033725738,-0.6624964475631714,-0.3865290284156799,-0.6549007296562195,-0.4379905164241791
E,0.0,0.0,1.0373690392032755,1.8782629207517043,1.1479410900599945,1.6868482323796645,1.1210221868333325,1.4881082671036774,1.0154219182995838,1.3888522166640882,1.094051014433689,1.1285018632164214,1.0940297299239967,0.7094479684160464,1.1101160040670859,0.8449835452491322,1.1064637217744722,1.0527956841375437,0.9945569576968625,1.0933702538596561,0.9845230909016048,0.5772593528498329,0.9973695137431636,0.765980972463361,1.0,1.0,-0.3861316442489624,-0.3479947745800018,-0.3733851611614227,-0.2011730521917343,-0.3819845616817474,-0.2524589896202087,-0.3874481618404388,-0.323661595582962,-0.3461223840713501,-0.3706521987915039,-0.3338296115398407,-0.2663429975509643,-0.3437472283840179,-0.2879468500614166,-0.3511688411235809,-0.3389593064785003
E,0.0,0.0,1.0222519123580878,1.2626751642172038,1.1251295236139138,1.2149401190836047,1.1343205382748731,1.1513474526420828,1.0534492403273639,1.1169017523164724,1.085108628677058,0.9802296915388456,1.09312761424431,0.8438920313074328,1.0933461810977843,0.9356563071163945,1.081850569822397,1.0108351537985012,0.9934336893432834,0.9649556781797577,0.9979023559034512,0.8029427597219038,1.002891833722923,0.9195453758671741,1.0,1.0,-0.4010966718196869,-0.6656172871589661,-0.3956632614135742,-0.5627511739730835,-0.4004701375961303,-0.6374527215957642,-0.4042782783508301,-0.6919968724250793,-0.3661847412586212,-0.6879009008407593,-0.3584711849689483,-0.6181858777999878,-0.3647488951683044,-0.6623345613479614,-0.3709765374660492,-0.7086443901062012
E,0.0,0.0,0.951851423852427,1.2574160990720737,1.0413681370678987,1.187720543379711,1.0609364365162743,1.1211880624643213,0.9944029056637849,1.1087326083793192,1.027440590107043,0.9748992426319972,1.0655833942293271,0.8323359618979393,1.08552164429924,0.9347411090061452,1.0615213960743068,1.0132160751463526,0.9657957777097989,0.9536779325098781,0.9925921366000902,0.7815202137364421,1.0197505896336654,0.9163135815545282,1.0,1.0,-0.5438783168792725,-0.6549760699272156,-0.549655556678772,-0.5494273900985718,-0.5683262348175049,-0.6344722509384155,-0.5634402632713318,-0.6874042749404907,-0.5038003921508789,-0.6720718145370483,-0.5129518508911133,-0.6043425798416138,-0.5291492938995361,-0.6566671133041382,-0.5265355706214905,-0.6990658044815063
E,0.0,0.0,1.0200995163408082,1.2452188306149308,1.0913253524842832,1.1884644305861218,1.081991008130599,1.1265973870468593,1.0233103789165228,1.09544054072086,1.0587719872858108,1.016711283501126,1.0674660172546244,0.8949791149666442,1.0688038037273149,0.9522983400192673,1.0595921902246055,1.0132472404761614,0.9952613638635806,1.005033363292943,1.000988242546053,0.8597719056033155,1.0041129309641992,0.9326696933967861,1.0,1.0,-0.4154852628707886,-0.647447943687439,-0.4129044115543365,-0.5581722855567932,-0.4167061448097229,-0.6009740829467773,-0.4177019596099853,-0.643642008304596,-0.3897576630115509,-0.6601847410202026,-0.3854539096355438,-0.5984073281288147,-0.3916589021682739,-0.6198483109474182,-0.3951608538627624,-0.6510249972343445
E,0.0,0.0,1.003405270750494,2.406291546368796,1.108852962708195,2.0703019702659606,1.0826494130432907,1.7246602825699222,0.9968803099959461,1.5314866949438606,1.071456979329291,1.2559490982328285,1.079453172843872,0.6498963036460386,1.0995176798606139,0.7930808493305718,1.093590565350147,1.112060065663787,0.9817534253516995,1.186675987476102,0.9765191709721658,0.4561879909544925,0.9967848917946815,0.6424188909881067,1.0,1.0,-0.3960400521755218,-0.255854457616806,-0.3876843452453613,-0.1118437945842742,-0.3982751667499542,-0.1414968222379684,-0.4029608964920044,-0.211780160665512,-0.3557103276252746,-0.2763876616954803,-0.3454955816268921,-0.1700740754604339,-0.3570064306259155,-0.1769755482673645,-0.3650281429290771,-0.2234846949577331
E,0.0,0.0,0.9184645479966042,1.8663545206516978,1.0068686062994354,1.6221991991068418,1.035335710641276,1.404589628407659,0.9798300170108711,1.304508368173705,0.9955135617257844,1.107027194572869,1.0383383686117125,0.7106814224579867,1.067927278962571,0.8826323202297965,1.0473477394329873,1.0971244141240883,0.9433978193536986,1.0433713066519636,0.9781797425006016,0.562978441396846,1.013619086399929,0.7735346664013573,1.0,1.0,-0.6071100234985352,-0.3395182490348816,-0.6200711131095886,-0.1887888610363006,-0.6459639072418213,-0.2474252879619598,-0.642466127872467,-0.3159537315368652,-0.5625250935554504,-0.3575410842895508,-0.5805298089981079,-0.2616837620735168,-0.5993622541427612,-0.2977263331413269,-0.5951516032218933,-0.35103440284729
E,0.0,0.0,0.9134549623923587,1.6439104721765998,0.9863672206970213,1.4872323956170224,1.0290056828161893,1.3388659880041063,0.986650128224006,1.2528235490917248,0.9900641531123939,1.05979942416953,1.0347626454432455,0.7635357907989295,1.0561263867887791,0.9158562948683049,1.031634891579521,1.063973036022453,0.9562273664635363,1.009665569115789,1.0002939696971282,0.6360399876701733,1.021130837817374,0.8388182945055523,1.0,1.0,-0.730689525604248,-0.3828777968883514,-0.75506991147995,-0.2492484301328659,-0.7737268805503845,-0.3212691843509674,-0.7615692019462585,-0.3802314102649688,-0.6924389600753784,-0.3940663039684295,-0.7224639654159546,-0.3040188550949096,-0.7399231791496277,-0.3513808846473694,-0.7289516925811768,-0.4044242203235626
E,0.0,0.0,0.9333723284729646,1.291799510946542,1.017508425261475,1.2030413923923924,1.0458278302546247,1.1342760223367068,0.9823514242329833,1.1178970348125052,1.011287006680392,0.9852394487260193,1.0489234337618325,0.8206020159025559,1.0788976362002782,0.9300557265159677,1.0558964191675684,1.0247037150050222,0.9573297545756023,0.9529178463988469,0.9885177002124419,0.7498209198848496,1.02411705397924,0.8905736149627419,1.0,1.0,-0.6218404173851013,-0.614641547203064,-0.6301048994064331,-0.4894914627075195,-0.6554982662200928,-0.5694876313209534,-0.6448747515678406,-0.6303508877754211,-0.5775045156478882,-0.6270121932029724,-0.5894318222999573,-0.5446833372116089,-0.606840193271637,-0.589015543460846,-0.5978761315345764,-0.6347748637199402
E,0.0,0.0,1.0334618662474673,1.3838624073644459,1.1276803935439599,1.293795068679266,1.1135019983961276,1.1919987605196904,1.0341952016457534,1.1419833608447607,1.0853422794292664,0.9985088235563186,1.0987183919312178,0.8032188956474395,1.0956330199247843,0.9124716724563031,1.0823397134136628,1.0082382982995615,0.9933439227990393,0.9775836795816729,1.0008955519878528,0.7569398816863968,1.0027618396456097,0.9040283579208163,1.0,1.0,-0.3932467997074127,-0.5014843344688416,-0.38674396276474,-0.3969515562057495,-0.391495406627655,-0.4633170962333679,-0.393796294927597,-0.5106645822525024,-0.3575535714626312,-0.5201968550682068,-0.3482218980789184,-0.4498767256736755,-0.3573108911514282,-0.4849701225757599,-0.3640155792236328,-0.52201247215271
E,0.0,0.0,1.0250702668171179,2.085704742499224,1.1212694165033565,1.7557216135758755,1.077739273478466,1.4338426956270274,0.9736486834526324,1.3373408610098105,1.0778842054778082,1.0899593452700684,1.0880195715509051,0.5790368087408777,1.1074384570673304,0.75185916322682,1.097077786985728,1.0097331787450352,0.9812084856822515,1.0507832132612194,0.9788361994976887,0.46220183019251426,1.0022065707017511,0.7180238459960584,1.0,1.0,-0.3853680491447449,-0.2795213162899017,-0.3742004036903381,-0.1386108696460724,-0.3876325786113739,-0.196191594004631,-0.3916965425014496,-0.2647984027862549,-0.3444194197654724,-0.3075511455535888,-0.3332900404930115,-0.2058804035186767,-0.3473000526428222,-0.2283119559288025,-0.3546926379203796,-0.2746771872043609
E,0.0,0.0,0.9511239653971206,1.4919543937348247,1.0402022958080854,1.35296335274832,1.046461517511138,1.2013263116832458,0.9764574095943682,1.1345670154747851,1.0318882551981174,0.9679299847478293,1.0643750034286423,0.69986353683575,1.089939820471452,0.8542053743053647,1.0722090879080206,1.0084259801053248,0.9635891640061299,0.9449696438380335,0.9950280116037086,0.649619936303406,1.0182455398339387,0.8595436340967689,1.0,1.0,-0.4970625340938568,-0.4149141311645508,-0.5039677619934082,-0.2915658950805664,-0.522336483001709,-0.3698906600475311,-0.5174517631530762,-0.4341709017753601,-0.4551858603954315,-0.4339836239814758,-0.4642117619514465,-0.349786102771759,-0.4825431108474731,-0.3935143947601318,-0.4817821085453033,-0.4407502114772796
E,0.0,0.0,0.9308994152364539,1.6095378895643362,1.0088311358727133,1.4127818368275953,1.0359504393746333,1.2095766551596838,0.9792610008805472,1.1468041136881846,1.004256282107164,0.9795727366662117,1.0483661004587448,0.7092324085968299,1.0641174174975048,0.8808468915847751,1.0346079552776717,1.0438192560329347,0.9638027507577562,0.9374685786678335,1.0000201978550194,0.5965907864306126,1.0210181255550945,0.8274189397578612,1.0,1.0,-0.6928236484527588,-0.3619663715362549,-0.7125139236450195,-0.2372836619615554,-0.7332041263580322,-0.3141834139823913,-0.7214940190315247,-0.3754454851150512,-0.6544458866119385,-0.3750273585319519,-0.681297242641449,-0.2928974628448486,-0.6990247368812561,-0.3449495434761047,-0.6891716122627258,-0.3957537114620209
E,0.0,0.0,1.0300817822084496,2.277223605680436,1.119084303345148,1.8626145447072247,1.0728845077318985,1.4925359583405804,0.9667637710043145,1.373370999896877,1.0761648050417232,1.1001672037589418,1.0870948197724237,0.5108143828962747,1.1102210567867816,0.7280316838557749,1.100877790202365,1.0393595102129083,0.9788799441031121,1.0593533681428415,0.9697935363721764,0.36864845861305345,0.9996917693758225,0.6551415639160915,1.0,1.0,-0.3856852352619171,-0.2503449320793152,-0.3716838359832763,-0.1056916713714599,-0.3878737986087799,-0.1580933630466461,-0.3930132687091827,-0.2297936975955963,-0.3447645306587219,-0.280575543642044,-0.331678032875061,-0.1764948517084121,-0.3471783995628357,-0.1956802308559417,-0.3556360006332397,-0.2450522035360336
E,0.0,0.0,1.0149238276692423,1.2556881893829128,1.0712338537318742,1.1753617610188047,1.0485758026962704,1.0956556869674876,0.9892635706364599,1.0795160014464913,1.0411616023420411,0.9816887349688693,1.046370754515145,0.8567128940697251,1.056324999132722,0.9474052616557903,1.049740749726926,1.0097253169630394,0.9860174723074651,0.9749723837112044,0.9859568419180166,0.8344022492959313,1.0049640999555765,0.9393264001441448,1.0,1.0,-0.5297757387161255,-0.6081817150115967,-0.5216299295425415,-0.5283403396606445,-0.535144031047821,-0.5847612619400024,-0.5361908078193665,-0.6189398169517517,-0.5012285113334656,-0.6264821290969849,-0.4956506788730621,-0.5709897875785828,-0.5089860558509827,-0.6031099557876587,-0.5121874809265137,-0.6303666830062866
E,0.0,0.0,1.0325378208827516,1.915723696188701,1.1084155545752241,1.6328302591976962,1.0694961302816293,1.3544060681262924,0.9808491256315699,1.2576206813808832,1.0663486438326406,1.0778548755464639,1.0777751418408053,0.6279437416740908,1.089871560268848,0.7829718017013495,1.0809882675630038,1.005743832915734,0.9822882583668417,1.0460179422967053,0.9838832593864162,0.5548467235414251,1.0014186079676084,0.7590458269180758,1.0,1.0,-0.4043510556221008,-0.296170562505722,-0.3952291309833526,-0.1702807545661926,-0.4077177047729492,-0.2184314131736755,-0.4121027886867523,-0.2796424329280853,-0.3670170605182647,-0.3218869268894195,-0.3580445945262909,-0.2343208193778991,-0.3713658452033996,-0.2535609006881714,-0.3789821267127991,-0.2951104938983917
E,0.0,0.0,0.9595804337150173,1.929672576776219,1.0417294159051862,1.6182301587666117,1.0371775462766641,1.3302242335249346,0.9630262035944687,1.2688232330315563,1.0260348863251436,1.0476005025004858,1.052656239128812,0.5981716369644414,1.0798918886526252,0.7757627365404822,1.0679070083963027,1.0228769957982184,0.9632621512268922,1.0004066447047908,0.9825170219000641,0.49157710317933767,1.01163080645235,0.7368298440255325,1.0,1.0,-0.5288402438163757,-0.2878038287162781,-0.5298379063606262,-0.1499831825494766,-0.5504154562950134,-0.2061106264591217,-0.5490905046463013,-0.2752897143363952,-0.4871733486652374,-0.3090940117835998,-0.4924500286579132,-0.2118199169635772,-0.5089190602302551,-0.2362319827079773,-0.5089308619499207,-0.2837381660938263
E,0.0,0.0,0.9585933549991847,1.634655977019217,1.0715562400119603,1.4397348545177184,1.0654210979332288,1.2495791022006675,0.9629817785254545,1.20216427126761,1.0433534751241866,0.9530232629901733,1.0848143089449775,0.6261901976745924,1.1179108081052926,0.8278270596730395,1.0913273212772885,1.0195845256645157,0.9532017609431177,0.9245920922663791,0.9830617360646434,0.5483849136115297,1.0229708343191344,0.8096788329576208,1.0,1.0,-0.5344730615615845,-0.4621484577655792,-0.5377509593963623,-0.2915980815887451,-0.5677461624145508,-0.4015489220619201,-0.5627069473266602,-0.4889894723892212,-0.4752182364463806,-0.4959618747234344,-0.4806900322437286,-0.3757373392581939,-0.508438229560852,-0.4375389218330383,-0.5092604160308838,-0.5033579468727112
F,0.0,0.0,1.120720399108076,2.028279270538941,1.0505966598748817,1.9276328369961055,0.9929746735284787,1.863643649554984,0.9588668619017754,1.7561572882833485,1.0975574907119523,1.5762761701888335,1.0308678726669116,1.5219416557697447,0.9907520713742644,1.6075148338746645,0.9689653977232557,1.698332243641119,1.1294379304244653,1.4921306646419485,1.0768418931622523,1.2618597179454734,1.0363167404689861,1.120471977334402,1.0,1.0,-0.6608311533927917,-0.5021617412567139,-0.6581723690032959,-0.4059995412826538,-0.6544215679168701,-0.3397106230258941,-0.6482480764389038,-0.2799868881702423,-0.6867151260375977,-0.5234830975532532,-0.6994496583938599,-0.4441447854042053,-0.7046569585800171,-0.3875023126602173,-0.7057052850723267,-0.3324095010757446
F,0.0,0.0,1.1158841452184662,2.0795569346778726,1.0445683668032648,1.9797273825416872,0.9854865578135157,1.914473830643399,0.9533069682721754,1.8003187280435171,1.0923779448637156,1.6094003596391353,1.02363361591989,1.5537261308785477,0.9830199045317088,1.639269962292409,0.9607892086901981,1.732814885870219,1.125940429072953,1.518292799963234,1.076675014046321,1.2700561896724722,1.0371567859942488,1.121478999047961,1.0,1.0,-0.6734175682067871,-0.4966000616550445,-0.6699262857437134,-0.3984483480453491,-0.6645585894584656,-0.3318623304367065,-0.6569081544876099,-0.274131566286087,-0.699039101600647,-0.516636848449707,-0.7086235284805298,-0.4360007643699646,-0.711292028427124,-0.3781030774116516,-0.7106186151504517,-0.3229213356971741
F,0.0,0.0,1.093511412493189,2.6460454848251294,1.033745806782013,2.5145237802923344,0.9885024928107172,2.37208572341243,0.9768725436511256,2.1694288989834916,1.0655121109315617,1.982033624803621,1.0155187881788796,1.8228304845636698,0.9868326719153621,1.9291799101489406,0.9730968020991162,2.066818341484043,1.0974456432191493,1.7972846314219522,1.0592849626863203,1.413972783222952,1.0279932776155083,1.1910883158382952,1.0,1.0,-0.8010329008102417,-0.3608773350715637,-0.7946840524673462,-0.2670203447341919,-0.787146270275116,-0.2063173204660415,-0.7777596116065979,-0.1529353559017181,-0.8328093886375427,-0.3692601323127746,-0.842437744140625,-0.2911174297332763,-0.8465918898582458,-0.2378845661878585,-0.8464393615722656,-0.1881280094385147
F,0.0,0.0,1.0656686215826239,1.798243436056188,1.015575024536252,1.7164593985357846,0.974273773937816,1.6670882289667661,0.9616503763741286,1.594461416109578,1.0447349614833146,1.4553402851701802,0.9983371136999455,1.400776234540847,0.9751025641103384,1.478146642525362,0.9662959673832333,1.5653946819277111,1.0771281200152447,1.3947814066291826,1.0450202702641245,1.2222334566355495,1.021233749754789,1.1027378038778568,1.0,1.0,-0.8795166611671448,-0.6106160283088684,-0.8770912289619446,-0.5310264825820923,-0.875164270401001,-0.4770733714103699,-0.8701106905937195,-0.4284367263317108,-0.9118955731391908,-0.6351922154426575,-0.9259272217750548,-0.5783686637878418,-0.9325504302978516,-0.5364761352539062,-0.9354873895645142,-0.4955613017082214
F,0.0,0.0,1.1337525092130887,1.7467469203135724,1.0636583643490045,1.651763881695219,1.0031713629964398,1.6050882608013453,0.9585728355887592,1.553601081772736,1.1217903473805213,1.4010369503688695,1.0465574782885299,1.3575549231180442,1.000023368759933,1.4304397524095167,0.9747441976840899,1.5131940253796874,1.1470361774235553,1.3496791526113572,1.0947201921404675,1.161573524959198,1.0452011290294967,1.0694676826962053,1.0,1.0,-0.5867990851402283,-0.5742635130882263,-0.5828639268875122,-0.47832190990448,-0.5732734203338623,-0.4186822175979614,-0.5639334917068481,-0.3681939244270324,-0.6025002002716064,-0.594101071357727,-0.6098754405975342,-0.5217700004577637,-0.6095532178878784,-0.4710438847541809,-0.6074098348617554,-0.4240028262138366
F,0.0,0.0,1.1291224627854624,1.9909519256856476,1.0488242790719766,1.896794959251157,0.9811964905289524,1.8172531418653877,0.9420373106973178,1.7077471650629445,1.1020911777354616,1.5596979064375234,1.025193007489995,1.4915795292808764,0.980446174443104,1.5639032568813764,0.9548398663201434,1.6472435501388614,1.1412448141353477,1.469573545994032,1.0874664708995345,1.2402864964156821,1.0433706131218194,1.1066020889455825,1.0,1.0,-0.5650990605354309,-0.4980302453041076,-0.5590846538543701,-0.4070388674736023,-0.5529180765151978,-0.3460762202739715,-0.5444767475128174,-0.2923336923122406,-0.5899114608764648,-0.5126155614852905,-0.5958491563796997,-0.4363163113594055,-0.597772479057312,-0.3838869929313659,-0.5960075259208679,-0.3350946307182312
F,0.0,0.0,1.1405183574303739,2.8372833992450093,1.0488213248035472,2.6605037336515482,0.9698903868396618,2.484099025087544,0.9415900582705385,2.2406371367855664,1.128874388139632,2.109442960709711,1.0480589019364654,1.9948226591078817,0.9880734223993065,2.021170402736252,0.9477482299313602,2.0747894191511,1.1663815237530386,1.897210189126811,1.1006712193781154,1.4828609092385565,1.0483907942067971,1.2212707512963707,1.0,1.0,-0.5161687135696411,-0.3322355449199676,-0.5093511343002319,-0.2418522387742996,-0.502659797668457,-0.1837605983018875,-0.493997186422348,-0.134103924036026,-0.538510262966156,-0.3346218168735504,-0.5432450771331787,-0.2541092336177826,-0.5449743270874023,-0.2014082968235016,-0.5426041483879089,-0.1546209752559662
F,0.0,0.0,1.1300252700109066,1.6594165068458204,1.0480230300634128,1.5819883168024311,0.9781150051816213,1.5398061740957012,0.9324936449622453,1.477208272826622,1.121049965557143,1.3489591530871432,1.0342834938462215,1.3112927948864794,0.9754864807765247,1.3669473482505676,0.9417512843235492,1.4331189679108411,1.1555964190868122,1.3009790540429638,1.1025637854183208,1.1437421884155132,1.0492435261906916,1.0620927685737738,1.0,1.0,-0.5003760457038879,-0.6076678037643433,-0.4964235126972198,-0.5176931619644165,-0.4876943230628967,-0.4580158591270447,-0.4785299301147461,-0.4061683416366577,-0.5168182253837585,-0.6272522807121277,-0.5244114398956299,-0.5557907819747925,-0.5250405073165894,-0.5037736892700195,-0.5235129594802856,-0.4554909467697143
F,0.0,0.0,1.0925134184562,1.5280964901030536,1.0333262460729273,1.4660360650212838,0.9844458979640086,1.4359328069701582,0.9516904198092715,1.3873061612860766,1.0808827372189915,1.2701587572908353,1.0199381406599375,1.234849442083207,0.9858470114754108,1.2894431201819259,0.9680055096687004,1.3484739764060785,1.1161320654170366,1.2364548564416644,1.0758792395748293,1.111826267904812,1.0373277890398493,1.049013614406955,1.0,1.0,-0.6390653252601624,-0.7049845457077026,-0.6344077587127686,-0.6216041445732117,-0.6273859739303589,-0.5670220851898193,-0.6188317537307739,-0.5159747004508972,-0.6619835495948792,-0.7342617511749268,-0.6717627048492432,-0.6731226444244385,-0.6750741004943848,-0.626079261302948,-0.6754328608512878,-0.5775465369224548
F,0.0,0.0,1.0787127338575464,1.8438377560966548,1.0259012782892587,1.7647039624534655,0.9856274935723521,1.6787565783300322,0.9808970871845631,1.5640694428253095,1.0499713504700672,1.4865481196481558,1.013680953213647,1.397282046309742,0.9897181829916252,1.4468300103183873,0.9784719512400543,1.5217068506818148,1.0796392718468604,1.4025178879102127,1.0482187828309792,1.2100757529527888,1.0226730062612042,1.0998389699633104,1.0,1.0,-0.7173135876655579,-0.4704273045063019,-0.7080105543136597,-0.3954043388366699,-0.7009896636009216,-0.3472315073013305,-0.6933363676071167,-0.3058547973632812,-0.7448810338973999,-0.4783997535705566,-0.7490861415863037,-0.4151834547519684,-0.7508471608161926,-0.3720164895057678,-0.7500823140144348,-0.33305424451828
F,0.0,0.0,1.125100468041045,3.797184878144829,1.04995994034364,3.488831847605683,0.9830128270915298,3.2406780815590315,0.9468241546334044,2.918353721068905,1.1091755225236852,2.630839292262989,1.0352836918292796,2.3760132824332043,0.9865645629577884,2.548783594505997,0.9600877334885392,2.762806994133298,1.1470377829412544,2.335328715493343,1.0913484246158907,1.7157224294329922,1.0439612546760908,1.3296486416626472,1.0,1.0,-0.615254819393158,-0.2836214900016784,-0.6072661280632019,-0.1878140270709991,-0.599658727645874,-0.1225867271423339,-0.5898978114128113,-0.0665859282016754,-0.6405236721038818,-0.2906870543956756,-0.6475304365158081,-0.2052277773618698,-0.6491714119911194,-0.1450329720973968,-0.6465753316879272,-0.0909810066223144
F,0.0,0.0,1.0410115935985325,1.572730961180489,0.9974285545272431,1.4939137686246393,0.961941308293363,1.447538744251924,0.9513405892674144,1.391100439860162,1.0361767502906458,1.3005201440845733,0.9952833868008477,1.243747909391007,0.9694360518840914,1.3016894672779498,0.9563315153243405,1.3709363353485982,1.0693170536360035,1.2653855494157298,1.0466147346391332,1.125177017655317,1.0232775524261049,1.0540318284124552,1.0,1.0,-0.834214448928833,-0.6700227856636047,-0.8331313729286194,-0.5851926803588867,-0.828565239906311,-0.5320491790771484,-0.821940004825592,-0.4832548201084137,-0.8618203997612,-0.6987530589103699,-0.8762152194976807,-0.6351928114891052,-0.8839175701141357,-0.5883364677429199,-0.8881539106369019,-0.5397378206253052
F,0.0,0.0,1.0417184379187079,2.5770233066292874,0.9929739491886407,2.396195572932249,0.956015128861509,2.204948387021181,0.963465644889827,2.013852621644803,1.021753553538689,1.9416092189591547,0.9882671683125124,1.7484258746910495,0.9672376934355233,1.8588612246745868,0.960513643733889,2.0051324905412433,1.0554427362455863,1.801501822696954,1.0318599232435026,1.4187430195930826,1.0141773385021915,1.1969357863922168,1.0,1.0,-0.8480180501937866,-0.378652811050415,-0.8447690606117249,-0.2899083495140075,-0.8399713039398193,-0.2327238619327545,-0.834061861038208,-0.1840173304080963,-0.8793351054191589,-0.3907561600208282,-0.8920601010322571,-0.3171391785144806,-0.8992170095443726,-0.2674819231033325,-0.90254807472229,-0.2217531651258468
F,0.0,0.0,1.1505626132260274,3.3710824848646843,1.0617724930945796,3.1305922958296963,0.9840962582121549,2.9449631898507365,0.9460300955029548,2.6858208534923627,1.1578317079026152,2.323964339539771,1.0735400112554874,2.1659576221079417,1.007656117772966,2.3080840234220537,0.9643148110598364,2.4836881275949856,1.1863497694490248,2.087221137720488,1.1258318785109538,1.5329593775877706,1.0622395402790996,1.2447278389328849,1.0,1.0,-0.5336542725563049,-0.2973268926143646,-0.5278898477554321,-0.1956071406602859,-0.5182691216468811,-0.1319009363651275,-0.5083285570144653,-0.0768995583057403,-0.5511020421981812,-0.3025290369987488,-0.555137038230896,-0.2118590921163559,-0.553170919418335,-0.150852620601654,-0.548197865486145,-0.0943117588758468
F,0.0,0.0,1.0830197513666857,1.7652862689504192,1.021147330697251,1.6799218787488934,0.968813462676011,1.609104896180662,0.9413774183856092,1.5111333748795786,1.0722534562771742,1.4299363639382636,1.0139312212129692,1.363556632346295,0.9747060305141094,1.4031680450733985,0.9514389705206594,1.4595054379150785,1.1048693039866908,1.3611914050758125,1.0660118401400043,1.1824901319890453,1.03216790621212,1.0801690096897945,1.0,1.0,-0.5964245796203613,-0.5151432156562805,-0.5913785696029663,-0.4357921779155731,-0.5864436030387878,-0.3840228021144867,-0.5797958970069885,-0.3390294313430786,-0.6174389719963074,-0.5287925004959106,-0.6234689950942993,-0.462846964597702,-0.6263797879219055,-0.4172333478927612,-0.6261942386627197,-0.3754894137382507
F,0.0,0.0,1.0714005935214146,1.6462657683151776,1.0202850051826722,1.576028094482898,0.9789428539889091,1.5133026816551907,0.977343522351397,1.449478794811747,1.0486365138163443,1.365080818969109,1.0092861535464053,1.3010618759920298,0.9849483937654984,1.3377725602817447,0.9751825464084307,1.3927727902693254,1.0789633848455762,1.3065491796776307,1.046779033316575,1.163572367092177,1.021579688497811,1.0762584153789028,1.0,1.0,-0.6943143010139465,-0.5768123865127563,-0.6870227456092834,-0.500499963760376,-0.6806041598320007,-0.4507943391799927,-0.673770010471344,-0.4069453477859497,-0.7200342416763306,-0.5906128287315369,-0.7258316874504089,-0.5296033620834351,-0.727679431438446,-0.4873585700988769,-0.7270818948745728,-0.4466667175292969
F,0.0,0.0,1.1052948561052913,1.4107958360227173,1.0484496137945611,1.3583152441852544,0.9971448662192088,1.331778220692742,0.9597275488818133,1.2959406248885055,1.1010257973105662,1.2041068109798223,1.0348854764471045,1.1785378643642297,0.9948739180572298,1.2205600635397376,0.9729738761982087,1.2674789011744634,1.1245346015100188,1.1767606410410267,1.080451889442317,1.0776466376483487,1.0385293587214963,1.0330183037582181,1.0,1.0,-0.5286197066307068,-0.6930676698684692,-0.5240467190742493,-0.6217425465583801,-0.5158060193061829,-0.5784857273101807,-0.5081279277801514,-0.5407499670982361,-0.542159914970398,-0.7118537425994873,-0.5474573969841003,-0.6597751975059509,-0.5466861724853516,-0.6222230195999146,-0.5443518757820129,-0.5859443545341492
F,0.0,0.0,1.0882414816232238,2.193393656526931,1.0231051825592254,2.0600943492539003,0.9660419614576986,1.9418022722992743,0.9314800733851326,1.7968187388895027,1.1046969058621383,1.7074079152190287,1.0394945847971475,1.600080883201379,0.9833838569493473,1.6313878426518946,0.9428453692000651,1.6913849056333028,1.1303538667351505,1.5892684157878374,1.0880660057752467,1.309060123113869,1.0438030099318352,1.1511701636298495,1.0,1.0,-0.497825413942337,-0.3452826738357544,-0.4952708184719085,-0.2685813009738922,-0.4908363223075866,-0.2223474681377411,-0.4856628477573395,-0.180396482348442,-0.513449490070343,-0.3454662561416626,-0.5190614461898804,-0.2778065502643585,-0.5218027830123901,-0.2338306307792663,-0.5222755670547485,-0.1925417333841323
F,0.0,0.0,1.087478671941205,3.787748508406271,1.0122097198946614,3.5654592052902196,0.9492682148272286,3.311871219065879,0.9204878567818476,2.926936692468136,1.1115665910446855,2.722742099149404,1.0396362544698672,2.494296705208923,0.980133155488674,2.5714508016369506,0.9412623170727072,2.709910260886339,1.143904450296598,2.4237369814200553,1.0947629307887867,1.7816848961551277,1.045986220838986,1.3873602252987436,1.0,1.0,-0.4649436473846435,-0.208048403263092,-0.4624429047107696,-0.1370428651571273,-0.4576125741004944,-0.0897887647151947,-0.4533775746822357,-0.0497776716947555,-0.4790125489234924,-0.2002668231725692,-0.4832812547683716,-0.1333774626255035,-0.4833628833293915,-0.0892982482910156,-0.4820492565631866,-0.0477919280529022
F,0.0,0.0,1.0808948646807819,2.303056647972801,1.0250963659291235,2.1486343833797608,0.9807920061817361,2.00445298524874,0.959039287131801,1.8404569550891157,1.062190937160658,1.756024195284381,1.0159474347904174,1.6289125276619527,0.9823815406916361,1.6766793119656032,0.961929892175404,1.7553747264001258,1.0942403714495657,1.622080886920706,1.0561525808258379,1.3223025435147968,1.026372190538765,1.147902238411586,1.0,1.0,-0.6368107199668884,-0.3371572494506836,-0.6331647038459778,-0.2625647187232971,-0.6303457617759705,-0.2141243517398834,-0.6251192688941956,-0.1704567819833755,-0.6624870300292969,-0.3445524275302887,-0.6730127930641174,-0.2814010977745056,-0.6802356839179993,-0.2395125329494476,-0.6836290955543518,-0.2002243995666504
F,0.0,0.0,0.8907253521689191,2.1329174347078976,0.963427247425949,2.0088119420480592,1.0285079741020648,1.9422920779792885,1.0813657288892955,1.854346253590003,0.9066575182948496,1.6828901079949423,0.9797398453949404,1.5372734660930107,1.0218185031685447,1.6628093754005062,1.0427151132994075,1.8011107499521521,0.8799288535963341,1.6242572235946053,0.9342224317912458,1.3447925053437115,0.9741049219205685,1.164465353381631,1.0,1.0,-0.3864137828350067,-0.5151406526565552,-0.3912575542926788,-0.4151977300643921,-0.396980345249176,-0.3486243486404419,-0.4018683731555938,-0.2912932932376861,-0.3671576976776123,-0.5372907519340515,-0.3626884818077087,-0.4588459432125091,-0.3626937866210937,-0.4045274257659912,-0.3639915287494659,-0.3570711612701416
F,0.0,0.0,0.8984805569436592,1.9549327684224516,0.9526680575928599,1.9020952366062795,1.0016480696193972,1.8594886709107488,1.0378680633109671,1.7565502483947044,0.9105557393600265,1.578563385767495,0.9725085532499265,1.4882392746065738,1.003901682697079,1.5873658741668488,1.0198057345006637,1.703266126113205,0.8973505108295915,1.5283960502913885,0.9380630240334316,1.280913474626762,0.973643741546894,1.128251843035347,1.0,1.0,-0.5072460174560547,-0.5386815071105957,-0.5100146532058716,-0.446940004825592,-0.516093373298645,-0.3861183822154999,-0.5224922895431519,-0.3368912935256958,-0.4932034611701965,-0.5568301677703857,-0.4847045540809631,-0.4829369485378265,-0.4846541583538055,-0.4332717657089233,-0.4879785478115082,-0.3913128972053528
F,0.0,0.0,0.8707367690680714,2.145484231331099,0.9483571412848968,2.048672338231503,1.0161259790575883,1.9874330273725946,1.0636519747387454,1.9016912774210568,0.9129052446703556,1.6790060172944756,0.9884955045729598,1.5955746606153987,1.0229783062422815,1.71010329922001,1.0328986346661866,1.835424697886253,0.8816242869687971,1.6023357734251815,0.9366592079624925,1.3309693819433204,0.9756607950862569,1.1570056216039055,1.0,1.0,-0.3796383738517761,-0.4770208597183227,-0.3804711103439331,-0.3860960006713867,-0.3855597972869873,-0.3263269364833832,-0.390283465385437,-0.2752922475337982,-0.3571574687957763,-0.4957894384860992,-0.3459040522575378,-0.4232050776481628,-0.3409973382949829,-0.3732803463935852,-0.3382435441017151,-0.3273591995239258
F,0.0,0.0,0.8726409987444035,1.5958546814429124,0.925879318060907,1.5360542390919245,0.9759336404985838,1.5126115725248985,1.0219902704139778,1.4795000749556682,0.8961011647014169,1.3388089611864695,0.9536035210688426,1.2694280364811263,0.9828745225970951,1.3385072252312034,0.9997247222972317,1.415203980708707,0.8863062305685256,1.3215881778029481,0.931357101596698,1.175259294840484,0.9707141422147727,1.0803648562809474,1.0,1.0,-0.5326295495033264,-0.711030900478363,-0.5382670760154724,-0.6188631057739258,-0.5470335483551025,-0.5564640760421753,-0.5555352568626404,-0.5064505338668823,-0.5206756591796875,-0.7362563610076904,-0.5181093215942383,-0.6689049005508423,-0.5199991464614868,-0.6201013922691345,-0.5236806273460388,-0.5791327357292175
F,0.0,0.0,0.8684793362463998,1.7705117518657185,0.925281730746479,1.7285885711754592,0.9721544540793516,1.6964147044602234,1.008986669527428,1.6270401479874896,0.9039593615306925,1.4426300675168142,0.9619592551416762,1.4135291032873754,0.982555848451515,1.5084635301719345,0.9853191163449289,1.6114056860079402,0.8907802887127481,1.36859589992631,0.9349300403264186,1.1953609254917559,0.9717610104181177,1.0931926869845907,1.0,1.0,-0.5810726881027222,-0.5180636644363403,-0.5874887108802795,-0.4353581666946411,-0.5981651544570923,-0.3813096284866333,-0.6072310209274292,-0.3372753262519836,-0.5632387399673462,-0.5258183479309082,-0.5605351328849792,-0.4578936100006103,-0.5616617798805237,-0.4101310670375824,-0.5632909536361694,-0.3691422343254089
F,0.0,0.0,0.8879941346624904,1.6682455730029015,0.930274715013535,1.6426732532263182,0.9699291421419934,1.6267099833502763,1.004373104628085,1.574415175563115,0.9094333804022426,1.3737981632043423,0.9584498173444378,1.3758787997378652,0.9782992242799224,1.4570185589999978,0.9823129684513555,1.5440926769004188,0.9051571331853027,1.2946008234550377,0.9425378812403886,1.1515751530084126,0.9754768861465084,1.0667272698853045,1.0,1.0,-0.7087354063987732,-0.5203669667243958,-0.7113615274429321,-0.4370355010032654,-0.7208442091941833,-0.3841766119003296,-0.7293155789375305,-0.3445671200752258,-0.6943344473838806,-0.5235235691070557,-0.6912442445755005,-0.4493107795715332,-0.6937273740768433,-0.4011197090148926,-0.6967949271202087,-0.3632719218730926
F,0.0,0.0,0.874016793130405,1.567166360275205,0.9170377714330841,1.566120014653038,0.9575390144390725,1.5535739457000515,0.9880784197128583,1.5071282382997213,0.9073491235301447,1.3343984828478406,0.9543638401239286,1.3312544067248318,0.9708058148594383,1.3872175899167838,0.9723268448686295,1.4493741593365315,0.9002072050491544,1.2522282262474995,0.9444175491515453,1.1360410285066542,0.9763470358555463,1.0652508128950653,1.0,1.0,-0.6803598403930664,-0.5152609348297119,-0.6886602640151978,-0.4435063004493713,-0.6983848810195923,-0.3965680599212646,-0.7059850692749023,-0.3603468537330627,-0.6630328297615051,-0.5115180015563965,-0.6639940738677979,-0.4486982226371765,-0.6666960716247559,-0.4084934592247009,-0.669563353061676,-0.376155287027359
F,0.0,0.0,0.8270791972976782,1.7060439729880468,0.8858590178794591,1.7043017589841354,0.9330489852298413,1.681085993768325,0.9566347863534517,1.6014074575100379,0.8966683051219487,1.42097949315435,0.9587106322653256,1.409441730842034,0.9656871126571407,1.4941301603030723,0.9519538456476915,1.573722349474854,0.8783191118361126,1.3221147223838374,0.9367369336464895,1.1836909443933574,0.9735250833427042,1.0913333370535026,1.0,1.0,-0.5122718214988708,-0.5157889723777771,-0.5283892154693604,-0.4414783418178558,-0.5403801798820496,-0.3919583857059479,-0.5513550639152527,-0.3497027158737182,-0.4859446287155151,-0.5125868320465088,-0.4870782494544983,-0.4496318697929382,-0.487749695777893,-0.4080601334571838,-0.4896497726440429,-0.3713705539703369
F,0.0,0.0,0.8332321841983366,1.907947486412313,0.903464894028076,1.8416420517202927,0.966721314407402,1.805940121350455,1.0155100275083235,1.7355086398963284,0.8747868936168375,1.516961106834612,0.9529520283022322,1.4587975249919896,0.980663510317512,1.5672022229772207,0.9861148205129006,1.6804504895360721,0.8508569808447626,1.435111281076883,0.9131254566565354,1.227918263971068,0.9629946609821493,1.1045420799324224,1.0,1.0,-0.4035086333751678,-0.4629872143268585,-0.4095445275306701,-0.3745612800121307,-0.418053537607193,-0.3154487013816833,-0.4263822734355926,-0.2680847942829132,-0.3822463452816009,-0.4768905341625213,-0.37442746758461,-0.4045568108558655,-0.3718160986900329,-0.354570060968399,-0.371387243270874,-0.3107598423957824
F,0.0,0.0,0.7980936778378808,4.0559573031653136,0.8830567979730921,3.8196807757777393,0.9568445834433148,3.6748316889473984,1.009500343336259,3.4590007427605904,0.8546061837368899,2.761317329118095,0.938822883816125,2.5789699801972272,0.9745304607007841,2.8918244980729573,0.9885725864721394,3.1878372640357338,0.8245992855018538,2.4702305814450147,0.8993567868476885,1.8171825700518434,0.9565625702154766,1.3891359051470933,1.0,1.0,-0.3824438452720642,-0.2843059599399566,-0.3882284164428711,-0.1782846301794052,-0.3982754647731781,-0.1069802641868591,-0.4081516563892364,-0.0487201511859893,-0.3574110269546509,-0.2983596920967102,-0.3512371182441711,-0.2077382802963256,-0.3491621017456054,-0.1465732753276825,-0.3488420248031616,-0.0935867428779602
F,0.0,0.0,0.842520945545094,1.5783028404923785,0.9179464951957826,1.5234810227684803,0.9805917706563921,1.50233794641764,1.0285004542438705,1.4646677541559152,0.8850010702625408,1.3165940443056645,0.9653298008167288,1.266464909815737,0.9996259933089736,1.3468972159420172,1.0128625920744394,1.4232384947873975,0.8570810676408527,1.2933744387167938,0.9131158788728095,1.161124280432306,0.9635270651580516,1.07677922841122,1.0,1.0,-0.3739354610443115,-0.6696813106536865,-0.3748097717761993,-0.5837501287460327,-0.380568116903305,-0.5252146124839783,-0.3871361017227173,-0.4755213856697082,-0.3542976975440979,-0.6965441107749939,-0.3407943546772003,-0.6319378614425659,-0.334628164768219,-0.5834572911262512,-0.3314980268478393,-0.5384149551391602
F,0.0,0.0,0.8597514642468803,1.453351948848165,0.9095569631379994,1.4210268656293559,0.9531779866682893,1.4164977708670943,0.9911957917812613,1.3990165608502974,0.8946795370972976,1.2290693679995217,0.9481565347709959,1.2157905021293474,0.9683944509495661,1.283791502900758,0.9735041445131816,1.3567426140507557,0.8855508135686297,1.1973902864760242,0.9307574693513082,1.0960607229094366,0.9697698828899749,1.0423317557226146,1.0,1.0,-0.6079741716384888,-0.6860422492027283,-0.6189967393875122,-0.6056503057479858,-0.6317546963691711,-0.5539906620979309,-0.6438210010528564,-0.5137823820114136,-0.5930980443954468,-0.703472375869751,-0.5918241143226624,-0.640853762626648,-0.5940561294555664,-0.5943759083747864,-0.5976340174674988,-0.5556353330612183
F,0.0,0.0,0.8554608501256724,1.3931568689234615,0.8997419033444699,1.387323288531676,0.9396229211568032,1.3910724716865839,0.972319226327588,1.363169095083097,0.893556970441778,1.2051917975559063,0.9414822545683602,1.207029498520495,0.9568955118189659,1.264790885069443,0.959029039476149,1.3237284250709227,0.8853649850654711,1.1583683483715614,0.930977650698763,1.0803591376185429,0.9692265128543992,1.0378617724775332,1.0,1.0,-0.6268296837806702,-0.6560542583465576,-0.6392574906349182,-0.5852001905441284,-0.6529344916343689,-0.5405665040016174,-0.6657931804656982,-0.5060639977455139,-0.6087287664413452,-0.6606097221374512,-0.6103746891021729,-0.5998623371124268,-0.6145226359367371,-0.5581232905387878,-0.619488537311554,-0.5232701301574707
F,0.0,0.0,0.8702375965084409,1.607552552952595,0.9113582171096547,1.5956190077454468,0.9506986891470923,1.5881699811597236,0.9846696156943625,1.5367435629055892,0.8937060260920258,1.3081031457552286,0.942253049320289,1.3089012122480828,0.9589581200309396,1.3969389689230594,0.9607084989795348,1.4917482634593793,0.8923631931752561,1.2363306753953602,0.9350906287558556,1.1163936285610976,0.9721941374845673,1.0469511865567966,1.0,1.0,-0.7055662274360657,-0.4719249606132507,-0.7183024883270264,-0.3930552899837494,-0.7335290312767029,-0.342273086309433,-0.74635910987854,-0.3066680133342743,-0.6941463947296143,-0.4740757644176483,-0.6988146901130676,-0.4064908027648926,-0.7060080170631409,-0.3606113195419311,-0.7130796909332275,-0.3261962532997131
F,0.0,0.0,0.7548715723938205,2.1902501730291073,0.8336354350037185,2.1518982920145495,0.9039506233554743,2.145705036535242,0.9626743433277172,2.088061770901709,0.8198726840518566,1.6263381119937899,0.9058881576877045,1.6197465195049252,0.9301638711284624,1.7942651218667676,0.9316154667273212,1.9657347152270237,0.8021203321888891,1.4905457616464433,0.8803110944642942,1.251892864418253,0.9466812506833513,1.1161028636796928,1.0,1.0,-0.6238652467727661,-0.5481148362159729,-0.6525639891624451,-0.4055402874946594,-0.6821860671043396,-0.3183631896972656,-0.7103958129882812,-0.2501885890960693,-0.5885674953460693,-0.5621322989463806,-0.5878880023956299,-0.4442129135131836,-0.5922814607620239,-0.3618963062763214,-0.600283682346344,-0.2908146381378174
F,0.0,0.0,0.7131877566805244,4.251515380401329,0.8108586251343709,4.138412238685978,0.8957577566384888,4.100677968750407,0.9591543830056523,3.9092631419931707,0.8139090798269505,2.8781210307486482,0.9241984459781957,2.842466767897498,0.9498550341387247,3.269138400604954,0.9430395177663907,3.6253934849364877,0.7704428709928031,2.5334234513462572,0.8686032643400031,1.858941174121371,0.9429988195609714,1.4216314485819432,1.0,1.0,-0.4348313212394714,-0.4150367081165313,-0.4607519507408142,-0.2586594223976135,-0.4844272136688232,-0.1530558466911316,-0.5067431330680847,-0.0613948702812194,-0.3811795711517334,-0.4333866238594055,-0.37457275390625,-0.2953910231590271,-0.3721324205398559,-0.2054275870323181,-0.3744642436504364,-0.1216361224651336
F,0.0,0.0,0.8054016978582158,2.8408450887765007,0.8638379734919057,2.764977834796431,0.9182112609987985,2.732171631464829,0.9663295196023229,2.5945612076891145,0.8411369348455001,1.9449748721667857,0.906481090083353,2.001042771170369,0.9297148871411477,2.2375651333063664,0.9337927550559971,2.481733952134649,0.8377753427280182,1.742151225488827,0.9020322194530662,1.3810078685209428,0.956777749657734,1.1559929556432642,1.0,1.0,-0.7894198298454285,-0.3680042624473572,-0.8161398768424988,-0.2384241819381714,-0.8463672399520874,-0.1596000492572784,-0.8734036087989807,-0.1056255400180816,-0.7708253860473633,-0.3717989325523376,-0.7751719355583191,-0.2599570155143738,-0.7885827422142029,-0.1841766238212585,-0.80373215675354,-0.1297016739845276
F,0.0,0.0,0.7047120571614566,1.7304369868490042,0.8001956963898794,1.7195169249918385,0.8722362161071712,1.7644606360530297,0.9315339326975465,1.780011815438479,0.8145811921180135,1.3701196591916152,0.9189091510952206,1.3819484565572868,0.9335492533604189,1.5354435001343065,0.9242644909655177,1.6552920346478734,0.7754366318488076,1.2984954912653306,0.8711392095576306,1.1610302285109335,0.943558645780982,1.0818129135389667,1.0,1.0,-0.4198258519172668,-0.6884573698043823,-0.4462832510471344,-0.5584094524383545,-0.4689381420612335,-0.4728680253028869,-0.491837739944458,-0.3981464207172394,-0.3725574314594269,-0.7065739035606384,-0.3670977354049682,-0.5901736617088318,-0.3670448064804077,-0.5118733644485474,-0.3728188276290893,-0.4387213885784149
F,0.0,0.0,0.735296003458968,2.0824656777878565,0.8143459373886206,2.0777880471324495,0.8825993584549288,2.1084277737910955,0.9362523398313015,2.0468624855465687,0.8175372105059386,1.5611649844437396,0.9013170094318995,1.5818071544275965,0.919894585737231,1.7649524321322578,0.9170089091181385,1.928341612256589,0.7966756175048134,1.4281635010699765,0.8747718597211361,1.2139295089170261,0.9434505019778051,1.101976331884029,1.0,1.0,-0.5861629247665405,-0.5162211656570435,-0.6187787652015686,-0.3828277587890625,-0.6499178409576416,-0.3055312931537628,-0.6796648502349854,-0.2461594939231872,-0.548831582069397,-0.5268522500991821,-0.5493634939193726,-0.412171334028244,-0.5562410950660706,-0.3298395276069641,-0.5685012340545654,-0.2595430016517639
F,0.0,0.0,0.8501468046471193,1.5540226099203853,0.9009701254234354,1.555275965682727,0.9443070807910382,1.5486554765498959,0.9671296223217969,1.479738574273395,0.8989462243111476,1.3040058841374065,0.9519986501443339,1.3084918712694724,0.9655322081464103,1.3831596610556591,0.9626497447108021,1.4474231097326808,0.886381821107064,1.2387736614192448,0.9369016988788492,1.1295617399765965,0.972493161257456,1.0656483852351881,1.0,1.0,-0.5233274102210999,-0.518122673034668,-0.5357761979103088,-0.4538233876228332,-0.5470917820930481,-0.4124047756195068,-0.5576909184455872,-0.376916229724884,-0.5033809542655945,-0.5212484002113342,-0.5035904049873352,-0.4653314650058746,-0.5054094791412354,-0.4270763993263244,-0.5081872940063477,-0.3930407166481018
G,0.0,0.0,1.0941445620247812,0.9944675850761311,1.0238721142242144,0.9240676207063167,0.9513654069507346,0.9364583284782027,0.9032253562550061,0.9621457243518335,1.0402668439575888,0.8607165810351087,0.9652814315014746,0.8550797613813326,0.9181504150225802,0.8548255337924863,0.8804574859251072,0.8584275487623431,1.040854113002414,0.9550114011415124,0.9455115529494665,0.9800093943541692,0.9680706811987001,1.000972683351744,1.0,1.0,-0.7240371704101562,-0.6079718470573425,-0.6661390662193298,-0.6147327423095703,-0.6834599375724792,-0.6211349368095398,-0.7025778889656067,-0.6194328665733337,-0.7221977710723877,-0.6663768291473389,-0.6754143238067627,-0.6603167653083801,-0.6903263330459595,-0.6625100374221802,-0.7060321569442749,-0.6620354652404785
G,0.0,0.0,1.094966355411367,0.9947031824803153,1.0249660114389558,0.9293673190367117,0.9543743584573962,0.9400582931977344,0.9052780863690886,0.9450059410795058,1.0431018716867113,0.8475254762353639,0.9680390030657818,0.8387448088452633,0.9214225677233998,0.8389435693937808,0.8848060233996599,0.84273438740928,1.0440160379691052,0.9378825835711497,0.9471823551007703,0.9717964666535043,0.9687850145183603,1.000862055619871,1.0,1.0,-0.7299029231071472,-0.5839168429374695,-0.672065019607544,-0.5976371765136719,-0.6896191835403442,-0.6073901057243347,-0.7083000540733337,-0.6039128303527832,-0.7270920872688293,-0.6405919790267944,-0.6811927556991577,-0.6402256488800049,-0.6963281035423279,-0.644887387752533,-0.7117682099342346,-0.642472505569458
G,0.0,0.0,1.098549435533512,1.0261473935232044,1.0329599765383042,0.9399287021135743,0.9630939144614928,0.9407770507794084,0.9140853161366838,0.9484215615573865,1.0671245403537946,0.85069454014046,1.0005765518397127,0.8378775907522742,0.9543736081703422,0.8310330583722574,0.9198115168566484,0.8328166213406943,1.0723905308853245,0.9468287459313464,0.970427466942535,0.9780998172641575,0.9789794645705833,1.001113464597706,1.0,1.0,-0.7931408286094666,-0.5658293962478638,-0.7217411398887634,-0.5801382064819336,-0.7395749092102051,-0.5881948471069336,-0.7614614367485046,-0.5852143168449402,-0.789030909538269,-0.6267503499984741,-0.7297844290733337,-0.6270899176597595,-0.7436580061912537,-0.6297162771224976,-0.7628195881843567,-0.6248108744621277
G,0.0,0.0,1.0910931029671296,1.0000810936017208,1.0219498104698426,0.9237430267138735,0.9488670913031482,0.9343267000084748,0.8964272067981656,0.934581959189076,1.0425081127070235,0.8198261278913179,0.9687689606891873,0.7889202422866,0.9199757502273416,0.7787171818715672,0.8813430219603459,0.7791482237117333,1.044599191043777,0.9160342234164663,0.9485618952385266,0.9674852987900943,0.9702027766122424,1.0055240075092438,1.0,1.0,-0.7496578097343445,-0.5125733017921448,-0.688468873500824,-0.5338197350502014,-0.7065665125846863,-0.5461120009422302,-0.7258774042129517,-0.54123854637146,-0.7462701201438904,-0.5713054537773132,-0.6977986097335815,-0.5802593231201172,-0.7138528823852539,-0.5868222713470459,-0.7303791046142578,-0.5816418528556824
G,0.0,0.0,1.0890843820519944,1.0215112029007067,1.0239085991948926,0.9361798414879249,0.9532443795715607,0.9477939284682901,0.9023089897042122,0.9458057891620213,1.0381555112734524,0.8373895972439785,0.960285472488849,0.8217877385046657,0.9135064787420066,0.8148801241493174,0.8763224707028572,0.8123239783788828,1.0385779800285329,0.9387614822075009,0.952115146188579,0.9748270923214697,0.9731014445744287,1.003226482076234,1.0,1.0,-0.7771928906440735,-0.5393624901771545,-0.7179153561592102,-0.5540247559547424,-0.7371112108230591,-0.5657920837402344,-0.7564008235931396,-0.5635899305343628,-0.7732551693916321,-0.6010071039199829,-0.7237395644187927,-0.6028333306312561,-0.7395598888397217,-0.6092295050621033,-0.7557567954063416,-0.6072754859924316
G,0.0,0.0,1.103191329367764,1.0022870608667716,1.0311104992666509,0.945137431129495,0.9576539620412325,0.964454030557427,0.905489486306811,0.9837242369503338,1.0349868063180694,0.8958504858446035,0.9444458535725248,0.8957761323239776,0.8930224115797012,0.8991537411753057,0.8515508292666368,0.9047443245111768,1.0335790402203395,0.9794769145230146,0.9502754007253814,0.9906011807160983,0.9725727939065321,1.0018547418935517,1.0,1.0,-0.6520905494689941,-0.7116836905479431,-0.6072402596473694,-0.708049476146698,-0.6228879690170288,-0.7143307328224182,-0.6371360421180725,-0.7154773473739624,-0.6492636799812317,-0.765827476978302,-0.6110156774520874,-0.7490342259407043,-0.6251577138900757,-0.7524165511131287,-0.6375123858451843,-0.7557612061500549
G,0.0,0.0,1.113568743841061,0.9957667954126642,1.0381648159634538,0.9447530999063934,0.9657482280978514,0.953615254523122,0.9142927405471474,0.9686389019561791,1.0278425040511157,0.9068215351065552,0.9313451292689898,0.8990429224635935,0.8758002043068241,0.9003197711930774,0.8304296684124794,0.9075734258429199,1.0243713717512548,0.9834141950143414,0.9491417741436851,0.9883660057310972,0.972886485308858,0.9985240410448704,1.0,1.0,-0.5904690623283386,-0.7433275580406189,-0.5551831126213074,-0.7340710759162903,-0.570112943649292,-0.7418636083602905,-0.5828287601470947,-0.7466824054718018,-0.5884366631507874,-0.7976527214050293,-0.5596597194671631,-0.7761960625648499,-0.5740602612495422,-0.7796519994735718,-0.5850980877876282,-0.7853364944458008
G,0.0,0.0,1.1039365580666785,1.002291439849157,1.031037490020841,0.9088921393964658,0.9457045923014027,0.9391199146845651,0.886674518255823,0.9650031385862556,1.0352779922180857,0.7923601386150354,0.9420558380117426,0.7833652673819522,0.8850631176624942,0.7795528101454386,0.8393853316193722,0.7784623619648705,1.0354922861503177,0.9003270416162082,0.9405243585160906,0.9771498586409398,0.968092160442921,1.0109415506777901,1.0,1.0,-0.6311613321304321,-0.4611165225505829,-0.5806517601013184,-0.4925205707550049,-0.5986151695251465,-0.5043385028839111,-0.6153901815414429,-0.4980453848838806,-0.6275314688682556,-0.5196980237960815,-0.5869145393371582,-0.5344418883323669,-0.603299617767334,-0.5419715046882629,-0.6177376508712769,-0.5360973477363586
G,0.0,0.0,1.1085449214108574,0.9684936885158646,1.0363320630794377,0.8727930627790125,0.9571429643493413,0.9494374203019516,0.9001289265178883,0.9998348694299329,1.0343539890925264,0.6042399807054449,0.9413398852218792,0.5974310449034893,0.8836988752824801,0.5814189470571125,0.8380794001239735,0.5615110816753835,1.0371360402398824,0.7443846698257119,0.9433988071920685,0.9519227300281089,0.9699023370370314,1.0287595543011225,1.0,1.0,-0.6174144744873047,-0.2503730654716491,-0.5691918730735779,-0.3064092099666595,-0.586107075214386,-0.3190050721168518,-0.6009379029273987,-0.3058680295944214,-0.6150938272476196,-0.3048858940601349,-0.5769490003585815,-0.3419134616851806,-0.5925145745277405,-0.3522801995277405,-0.6062331199645996,-0.3420253992080688
G,0.0,0.0,1.1303561750115554,0.9170803104950245,1.0399997581721603,0.7890607818821924,0.9446713484868807,0.8670873662846049,0.8832649027029372,0.956719811889251,1.009133987082903,0.5443325770651463,0.8896878625859422,0.5564675280730419,0.8183986359912622,0.5657680783994524,0.7626394312009768,0.5584439674006156,0.9948076197209855,0.6870871245876203,0.9255875169965081,0.9652982295318219,0.9632077640199067,1.038041217140697,1.0,1.0,-0.4724930822849273,-0.2104169577360153,-0.4503988027572632,-0.2723042368888855,-0.468452900648117,-0.2843320369720459,-0.4816824793815613,-0.2716613709926605,-0.4700115025043487,-0.2618607878684997,-0.4582500159740448,-0.3027174174785614,-0.4758528470993042,-0.3153199553489685,-0.4872730076313019,-0.3081367909908294
G,0.0,0.0,1.0568942191096713,0.9979470312875524,1.000672259516345,0.9219358706856817,0.9469804945070684,0.9267638493908428,0.9011324896683067,0.91808939318889,1.0287257919669932,0.7297970283869559,0.9712217049257882,0.7303425636043382,0.9297971457301828,0.717724491805975,0.8982729146044417,0.7227921681351334,1.0439638574574386,0.8368870418571976,0.9554315327697477,0.9563913682080625,0.9759181824224776,1.0182151069427523,1.0,1.0,-0.7986670136451721,-0.363947331905365,-0.7350207567214966,-0.4081452190876007,-0.7536447048187256,-0.4165864884853363,-0.7718012928962708,-0.4031417369842529,-0.8011074066162109,-0.4128503203392029,-0.7474614977836609,-0.4431065022945404,-0.7598793506622314,-0.4464071094989776,-0.7762373685836792,-0.4346661269664764
G,0.0,0.0,1.0615913651093958,0.989320767730778,1.0149443321521083,0.9387263048318797,0.9726594561437868,0.9544556828562268,0.9306133625006004,0.9528793091468434,1.0418094544809569,0.828166596227387,1.0048774124889606,0.8202651576724314,0.9728323165436789,0.8039615560897466,0.9473143820000517,0.8076221037822386,1.0575638434279422,0.9074542606839814,0.983508127542744,0.9628110563533363,0.9881217782671835,0.9949408023193329,1.0,1.0,-0.8606772422790527,-0.4706074893474579,-0.8037635684013367,-0.5014344453811646,-0.8198526501655579,-0.5062706470489502,-0.8385844826698303,-0.5007814764976501,-0.8644263744354248,-0.5141611695289612,-0.8158681392669678,-0.5374484658241272,-0.8259133696556091,-0.5385130643844604,-0.8424939513206482,-0.5320165157318115
G,0.0,0.0,1.0540596868013283,0.9889265519782235,1.0018869562398873,0.9467532599248512,0.9532140064252186,0.9557400738259265,0.9174458880426332,0.964456489577633,1.0293301581044898,0.9009719252462886,0.9786033439004572,0.8964671414655915,0.9435790844715438,0.8900022797756559,0.9163220149986345,0.8897253553826296,1.0377264576614007,0.96348055157342,0.9613160558561102,0.9866525970260613,0.9764105880867073,1.000332044694186,1.0,1.0,-0.8339933753013611,-0.6986724734306335,-0.7771526575088501,-0.7076615691184998,-0.7899254560470581,-0.7089980840682983,-0.8072624206542969,-0.7069106101989746,-0.834109902381897,-0.7470138669013977,-0.787509560585022,-0.7439157366752625,-0.7975517511367798,-0.7409043312072754,-0.8122956156730652,-0.7386630177497864
G,0.0,0.0,1.0557207161244797,0.9973753777017526,1.006069945441179,0.9610136569423601,0.9572327011165012,0.9701261158619431,0.9244383994276119,0.9728821195608713,1.026221933801636,0.9267123540675752,0.9808746007666265,0.9245926128533406,0.9504276007641678,0.920645713086592,0.9258931117951794,0.9189049293020152,1.0298870283268218,0.9775179609290223,0.9650325041736637,0.9928535953220312,0.9788732091355906,1.0004393090303316,1.0,1.0,-0.8014964461326599,-0.7782120704650879,-0.755989134311676,-0.784862220287323,-0.7685615420341492,-0.7856574058532715,-0.7833459973335266,-0.7839531302452087,-0.8024600148200989,-0.8208415508270264,-0.7650254368782043,-0.8196675777435303,-0.7751683592796326,-0.8169025182723999,-0.7875043153762817,-0.8136980533599854
G,0.0,0.0,1.1201946219980023,0.9979674767755218,1.019766856240901,0.9249786707101579,0.9253574148867638,0.9511852079730574,0.8591775179779514,0.9945662811941359,1.0491727711611762,0.8896489982643355,0.9333242519328866,0.8854963047986029,0.8655925400423239,0.8851035574069733,0.8099048402553491,0.8929020814819287,1.0524334569168015,1.0005040892167385,0.9215860677036811,0.9957736069631988,0.9556591419063929,0.998922956053342,1.0,1.0,-0.7501671314239502,-0.8325847387313843,-0.6654940247535706,-0.8136019706726074,-0.6898922920227051,-0.8121034502983093,-0.7159108519554138,-0.8145025968551636,-0.7479460835456848,-0.9080651998519896,-0.6766787767410278,-0.876385509967804,-0.6962224841117859,-0.8724409341812134,-0.7184401750564575,-0.879422128200531
G,0.0,0.0,1.1666380728124488,0.9972315102683984,1.0510442196237342,0.943795836913582,0.9321069804140184,0.9654849509492817,0.8511934663116618,0.9837918601745768,1.0448773191343164,0.878320498369149,0.9043563692479492,0.8752975324817656,0.8231624111807998,0.8767681645350872,0.7585086930462245,0.8786328100148812,1.0449325589323746,0.9642742125533322,0.9220065873183537,0.9850140924590355,0.9578317464111773,1.0036237960975394,1.0,1.0,-0.5652564764022827,-0.859846830368042,-0.5093055367469788,-0.8699846267700195,-0.5305405259132385,-0.8819506764411926,-0.5496100187301636,-0.8795071840286255,-0.5642903447151184,-0.9356274604797364,-0.5169028043746948,-0.9302290081977844,-0.535627007484436,-0.9364431500434875,-0.5510138273239136,-0.9365664720535278
G,0.0,0.0,1.1643978513001851,0.9913345279406915,1.0463803123523663,0.9324640537713478,0.9257606389096489,0.9595487105896451,0.8449091183191643,0.9735319862640558,1.0420934060319573,0.8405432491599114,0.9029781294691073,0.8277419836177512,0.8206159618355134,0.8328102379607114,0.7558652558282543,0.8381564296906681,1.0434231695017695,0.9330374936914069,0.9200285541731982,0.9760126639380365,0.9564013883243834,1.0069582818022513,1.0,1.0,-0.5428925156593323,-0.6977952718734741,-0.4909177422523498,-0.7248205542564392,-0.5129142999649048,-0.7402896881103516,-0.5327372550964355,-0.7341943383216858,-0.5412692427635193,-0.769961953163147,-0.4997575879096985,-0.778406023979187,-0.5197930932044983,-0.7880493402481079,-0.5365636348724365,-0.7843035459518433
G,0.0,0.0,1.1601015851496446,0.9747688149848319,1.048290722764453,0.8939124943937328,0.928835554331638,0.9285059040938846,0.8505616192428069,0.970128581377773,1.0310512568396686,0.7520445333341514,0.8855983161720097,0.747081246926993,0.7958047875179248,0.747728886545061,0.7233353398518707,0.7455547287009857,1.038942700067845,0.8473739716256691,0.9090462211254039,0.9771805183366837,0.9523462438973297,1.0229141362473764,1.0,1.0,-0.529597818851471,-0.5107169151306152,-0.4744648933410644,-0.5769410133361816,-0.4969750046730041,-0.5917626619338989,-0.5168047547340393,-0.5734612941741943,-0.5306776165962219,-0.5798888802528381,-0.4872001409530639,-0.6235305666923523,-0.506737470626831,-0.6348533630371094,-0.5242061614990234,-0.6222532987594604
G,0.0,0.0,1.1643675782739005,0.9789016113106156,1.055589637967751,0.8770658846805506,0.9410285602590087,0.919523890652268,0.8612996075126381,0.9598183822014135,1.037808368096792,0.6596503879316474,0.8976248791418405,0.6424737568529952,0.8075047425506057,0.6282821144733503,0.7368384817434821,0.6118400327787792,1.0418266423680531,0.7568508011766711,0.9135363906881955,0.9500259791192641,0.9525748550273804,1.0179988240552422,1.0,1.0,-0.5171712040901184,-0.3560521602630615,-0.4640840590000152,-0.4376497268676758,-0.4843015074729919,-0.4565710127353668,-0.5026911497116089,-0.4414041638374328,-0.5167276263237,-0.4192531406879425,-0.477286547422409,-0.4797539710998535,-0.4963189959526062,-0.4947555363178253,-0.5128101706504822,-0.4807900488376617
G,0.0,0.0,1.143505053276755,0.9989440954878975,1.034178848554652,0.891237755732384,0.9164885280127262,0.9133022257175497,0.836242816095982,0.9331926566961327,1.0371133565135053,0.6979502550115532,0.8979480535237924,0.7018505537292975,0.8134909318893403,0.7027683076805211,0.7465393181342365,0.69482126235317,1.042613890901433,0.8084655870271782,0.9134580309517756,0.9560982686097724,0.9545395163921016,1.017180107812753,1.0,1.0,-0.5552642941474915,-0.4116145372390747,-0.495952844619751,-0.4782228469848633,-0.5182491540908813,-0.4981339573860168,-0.5388262867927551,-0.483857125043869,-0.5544416308403015,-0.4790770411491394,-0.5078088045120239,-0.5280348062515259,-0.5261006951332092,-0.5436301231384277,-0.5431594848632812,-0.5308143496513367
G,0.0,0.0,0.8202696787847255,0.9774452216502308,0.952723161115354,0.9050427361773783,1.0831584870038495,0.914508769389754,1.182917878059631,0.9337232476258946,0.950936672917975,0.8525666701376112,1.1187639429130953,0.8352234942565547,1.219108824111307,0.8372837107190373,1.297313589109151,0.8367763443652673,0.9569122917382551,0.9639369554782913,1.109441486353584,0.9797702704889095,1.0611821040948763,1.0018537747766323,1.0,1.0,-0.3974017798900604,-0.6207851767539978,-0.4516882598400116,-0.6202089190483093,-0.4306276440620422,-0.6303432583808899,-0.408910185098648,-0.6291017532348633,-0.3949763178825378,-0.6801044940948486,-0.4391522705554962,-0.6682115793228149,-0.4228657186031341,-0.6734727025032043,-0.4060659110546112,-0.6756554841995239
G,0.0,0.0,0.8333908353682801,0.971745979822337,0.9505848859471598,0.8949128737592384,1.0655344621975242,0.8992704443986795,1.154193478556216,0.911145026352771,0.9680053367369913,0.8135901317222923,1.1228435532467667,0.8003496453144261,1.2122783492472973,0.8000731042507124,1.2823169198265754,0.7934859944595782,0.9792584132457453,0.9352822492599716,1.0979169831633913,0.9823842639939203,1.0535501859153953,1.0092018395015143,1.0,1.0,-0.4544295072555542,-0.545009434223175,-0.5005782842636108,-0.5576090216636658,-0.4793954193592071,-0.5678038597106934,-0.4570594429969787,-0.5633662939071655,-0.4507367610931396,-0.605846643447876,-0.4868801534175873,-0.606879711151123,-0.4698279798030853,-0.6126735210418701,-0.4521387815475464,-0.6106603741645813
G,0.0,0.0,0.8588509766268156,0.9413941371442666,0.9485525800483323,0.8491473364834512,1.0317790578779305,0.8605236594600936,1.095016216219597,0.908488939702633,0.9793152901547799,0.7627832641994728,1.0984244733207666,0.7711448153331619,1.1651969582952377,0.7784423215160764,1.2168007394425182,0.7767408345751515,0.9904256912702398,0.9019832778294706,1.0754108155872932,0.983827089101652,1.041999972271948,1.0132605636975789,1.0,1.0,-0.5666897296905518,-0.4737156927585602,-0.603137731552124,-0.4959262311458587,-0.5841758251190186,-0.5057975053787231,-0.5624581575393677,-0.5014005303382874,-0.5631489753723145,-0.5374591946601868,-0.5865769982337952,-0.545049786567688,-0.5685924291610718,-0.550984799861908,-0.5506435036659241,-0.5488431453704834
G,0.0,0.0,0.8669110015532295,0.981664482096921,0.9310043017199676,0.9207848218770309,0.9851835494721809,0.9373832373198386,1.01344312887557,0.9891581087710206,0.9960677931413712,0.9360596390601595,1.0805822108021954,0.9129291166516514,1.1259903015969506,0.9085225157322693,1.1622186560805456,0.9068418240607844,1.0082101915428137,1.0344598203443192,1.060129230768094,1.0114262020505016,1.0329166821361608,0.9990874571004698,1.0,1.0,-0.6460397243499756,-0.7667701840400696,-0.6564335823059082,-0.7411093711853027,-0.6415780186653137,-0.7370731830596924,-0.6246339678764343,-0.742662250995636,-0.636889636516571,-0.8145970702171326,-0.644449770450592,-0.7905428409576416,-0.6322692632675171,-0.7856521606445312,-0.6177042126655579,-0.7879621982574463
G,0.0,0.0,0.8863480211657453,0.9600382694811285,0.9679363508936376,0.9351520284708306,1.044527520439104,0.9567828752338049,1.0983537692088947,0.9929992960181179,0.9721696770799214,0.9094223897257675,1.0750591845434225,0.9156239238625826,1.1344073315666063,0.9290991136782035,1.18148277330463,0.9400424911567655,0.9717737298001302,0.9817640485545533,1.0546149332451926,1.0086426750391169,1.0304654699546636,1.0095737615956537,1.0,1.0,-0.519311249256134,-0.7387928366661072,-0.5576176643371582,-0.7454482316970825,-0.5441721677780151,-0.7446476817131042,-0.5295953154563904,-0.7402777671813965,-0.5130518674850464,-0.7842089533805847,-0.5448065400123596,-0.7823358774185181,-0.533541738986969,-0.7785034775733948,-0.5215193629264832,-0.7764564156532288
G,0.0,0.0,0.9291570404902333,0.9485688099508561,0.9862311188762796,0.9463538219367406,1.0367924607668575,0.9785306060159195,1.0746186188728872,1.0125858645440735,0.9940607859627755,0.9127939456708495,1.0617615841812011,0.9361862253209097,1.1021480587124168,0.9545269433765556,1.1345946847132655,0.9667379703902357,0.9890203919799849,0.96698720476829,1.0390049548179188,1.0115908132225397,1.0206771129168928,1.0140534923677866,1.0,1.0,-0.6451133489608765,-0.713715136051178,-0.6736888289451599,-0.7341805696487427,-0.6609538197517395,-0.7335408926010132,-0.6489729881286621,-0.725365161895752,-0.6369102001190186,-0.7500534653663635,-0.660549521446228,-0.7602719664573669,-0.6501924395561218,-0.7578636407852173,-0.640315592288971,-0.752634584903717
G,0.0,0.0,0.9236229277027495,0.9568773496388748,0.9790768767713934,0.9202862902865147,1.0292611895877921,0.968566470833796,1.0647625800869869,1.0258001143999846,0.9907951204132708,0.8166771042111718,1.055618982026769,0.8498944490787371,1.091721933676959,0.869447506140458,1.1198766877679938,0.8749343651717297,0.9921627006456576,0.9123205205448561,1.0391578275320976,1.013855198828258,1.0204302423183278,1.0308983331356285,1.0,1.0,-0.7175044417381287,-0.4177694916725158,-0.7414113879203796,-0.4464875757694244,-0.7273510694503784,-0.4512068927288055,-0.7150917053222656,-0.4420283436775207,-0.7130386233329773,-0.4621387422084808,-0.7302013635635376,-0.4776694178581238,-0.7171842455863953,-0.4808618426322937,-0.7070811986923218,-0.4759974479675293
G,0.0,0.0,0.9019391359565012,1.0639839796627761,0.9859875295179555,0.9242303551130169,1.0752753124661398,0.9572310398880701,1.1385149435321047,1.00944113434727,0.9484554518714949,0.6294781641058723,1.0634786049364442,0.6344510507318246,1.1365849086994952,0.6361284152319838,1.1948149676306599,0.6244119576289837,0.9294900138056835,0.763229868144143,1.0686636789267778,0.952388224323252,1.0387360342490832,1.0423572115783126,1.0,1.0,-0.3950096368789673,-0.2333086431026458,-0.4491508603096008,-0.2816845774650574,-0.4333615005016327,-0.2942408919334411,-0.4172921478748321,-0.2788740396499634,-0.3937998712062835,-0.2851108312606811,-0.4377674758434295,-0.3165399432182312,-0.4260693192481994,-0.3233837485313415,-0.4102680087089538,-0.3116403222084045
G,0.0,0.0,0.8662854980682063,0.9913412248611642,0.981364985007516,0.9420203019007314,1.0898989652709226,0.9486660837880035,1.1664788394639898,0.961880437343249,0.9393518487798383,0.9174218279431681,1.0718755010418584,0.8945506694257621,1.1503180357168485,0.8863345369646118,1.2118221728276715,0.8820742876370207,0.9356847046107964,0.9909191130827013,1.0950128907123449,0.9882138600240141,1.05581816557301,0.9981781897800869,1.0,1.0,-0.3616692125797272,-0.7252787351608276,-0.4169887006282806,-0.7158891558647156,-0.4003157615661621,-0.7197695970535278,-0.3821347057819366,-0.7213124632835388,-0.3620519638061523,-0.7732231020927429,-0.4079863727092743,-0.7599330544471741,-0.3959376215934753,-0.7576407194137573,-0.3809080719947815,-0.75896155834198
G,0.0,0.0,0.8619592150603086,0.983852816041955,0.9616296162373442,0.9511627524955236,1.0530913114988614,0.9678864087811254,1.1156618014003066,1.0055722705778638,0.9597162751488819,0.947172378673471,1.0777970438407538,0.9280005469199677,1.1427738271184118,0.9192583629957428,1.1941173986879767,0.9139115600135151,0.9612401559213689,1.0156729772899376,1.0702763004575004,1.0075712018614604,1.0393937499111603,1.0000999304593516,1.0,1.0,-0.4064287841320038,-0.7985855340957642,-0.4465154409408569,-0.7851688861846924,-0.4329889714717865,-0.7787259221076965,-0.4177846610546112,-0.7805027961730957,-0.4019761681556701,-0.8383551239967346,-0.4360440373420715,-0.8243076801300049,-0.4259279668331146,-0.8161100745201111,-0.4135139286518097,-0.8183156251907349
G,0.0,0.0,0.8544011404558147,0.9915624828341787,0.9694350164088398,0.9449202281013223,1.078354954624192,0.9703763114957287,1.1563149051355315,1.002537924526612,0.9583210540254198,0.8706659437551375,1.1004475518333672,0.8731312389835221,1.177967389045966,0.8764451530627386,1.2386520897278468,0.8736068907397428,0.9536245454913442,0.955906893340584,1.087226826163985,1.0003939033261953,1.0491960482560743,1.0134277866744772,1.0,1.0,-0.3784122765064239,-0.5800737142562866,-0.4237783253192901,-0.5951244235038757,-0.4073035717010498,-0.6001688241958618,-0.3907385766506195,-0.5938758254051208,-0.3752106428146362,-0.6279193758964539,-0.4148283004760742,-0.6305312514305115,-0.4026415348052978,-0.6315767168998718,-0.3878501057624817,-0.6279453039169312
G,0.0,0.0,0.8835028996472569,0.9342098308683224,0.9513009112360463,0.8897242408083613,1.0122854765298634,0.9133450521712622,1.0571015940199853,0.9547238928432578,0.9843207132768852,0.8341356403515239,1.060606772063594,0.8314969527543645,1.1059975925761845,0.8424826754079474,1.1421480459484763,0.8485801475991152,0.9945318487553138,0.9171188397708405,1.049994059020265,0.9826798220023781,1.026281689818794,1.008087121748461,1.0,1.0,-0.5798738598823547,-0.5280942916870117,-0.6006514430046082,-0.5557569265365601,-0.5858055353164673,-0.5623708963394165,-0.572604775428772,-0.5566193461418152,-0.5752688050270081,-0.5766110420227051,-0.5886303186416626,-0.5936177372932434,-0.5746225714683533,-0.5961633920669556,-0.5631915330886841,-0.5898768901824951
G,0.0,0.0,0.8821859629135421,0.9038240029862573,0.9640425227531063,0.8580283177764346,1.0360507006057957,0.9340601306995215,1.083506176307637,1.0188571854868833,0.9838037939618107,0.6847671958396169,1.0703670929866589,0.7401559064923632,1.1166039021674952,0.774505843026236,1.1545698433878784,0.7917542349351682,0.9874010087058757,0.8047108789997414,1.054664263251945,0.9969887242134581,1.0269540359939966,1.0397580863224536,1.0,1.0,-0.5630624890327454,-0.3159850537776947,-0.5865731835365295,-0.3724405169486999,-0.5691587328910828,-0.3787825107574463,-0.5570524334907532,-0.3636802434921264,-0.5574213862419128,-0.367626428604126,-0.5704221129417419,-0.4090020060539245,-0.554214596748352,-0.4121079444885254,-0.5434495806694031,-0.3987654149532318
G,0.0,0.0,0.8432302377197537,1.0420416750114538,0.9563235402416311,0.9126796244903562,1.073133994612066,0.9611631428322942,1.1603792418216514,1.029260171556581,0.9457858764164659,0.6469452729199083,1.0974569156262377,0.6814984086591768,1.181059026390661,0.6871046367570618,1.2460933232968248,0.6769149568202516,0.93854897194913,0.779844551437232,1.0866561024694859,0.9607026889395284,1.0475612259661224,1.0307450802825335,1.0,1.0,-0.3728390336036682,-0.2747205197811126,-0.4239536821842193,-0.3218597769737243,-0.406141996383667,-0.3357491791248321,-0.3888959884643554,-0.323293536901474,-0.3697229623794555,-0.3294788300991058,-0.4110254347324371,-0.3605636060237884,-0.3975287675857544,-0.3689639270305633,-0.3816839754581451,-0.3587522506713867
G,0.0,0.0,0.900800973391535,0.9292727167392015,0.9658710600651945,0.8479287716949536,1.026580509660823,0.8879190925924424,1.0700138615376174,0.9581567933424897,0.9838424374518641,0.6769080156843527,1.0588037585152734,0.6991155687791933,1.094666411944392,0.7100085259498105,1.1246835896776601,0.7030082894151285,0.9921518304959435,0.792245426319631,1.0441543440761252,0.9658026570114268,1.0209694104981624,1.0217318545426097,1.0,1.0,-0.7395110726356506,-0.3088589310646057,-0.7624993324279785,-0.3591698408126831,-0.7435586452484131,-0.3682968020439148,-0.7296918034553528,-0.3586516082286834,-0.7381507754325867,-0.3623188436031341,-0.751203179359436,-0.3996727168560028,-0.7333115935325623,-0.4064362049102783,-0.7204990983009338,-0.3988997638225555
G,0.0,0.0,0.8775052434060755,0.9771826079919828,0.9681873782277092,0.8394356560224184,1.0576405504814037,0.926062182024559,1.1249747421803522,1.0177660553325587,0.9733823630104662,0.4984482852672535,1.0894363057826417,0.5290646035419974,1.1545652343160528,0.5559680488306236,1.2068653685888002,0.5614529321386263,0.9695382596907092,0.6677123903444205,1.0648001998956067,0.9799304143385043,1.0329962906050516,1.056376090595026,1.0,1.0,-0.5128850936889648,-0.1915851831436157,-0.5509542226791382,-0.2528373003005981,-0.5331501960754395,-0.2606977224349975,-0.5179331302642822,-0.2446934282779693,-0.5073729157447815,-0.2467113435268402,-0.5356409549713135,-0.2906911373138428,-0.5197676420211792,-0.2924686670303345,-0.5058509111404419,-0.2743988633155823
G,0.0,0.0,0.8818840534079769,1.0964916698886213,0.9850711408783454,0.8832392027642042,1.1001777796168992,0.9152788485277604,1.18539317067522,0.9852310257927173,0.9378477094610504,0.46680962149408606,1.0846307521691299,0.4720259854522924,1.181301434462913,0.4693756244963267,1.2592806005792743,0.4488365735327681,0.9100920415755206,0.6321405113824279,1.0920540877249467,0.9109268078659168,1.0521648526287204,1.0473742331359785,1.0,1.0,-0.3252642452716827,-0.1825968772172927,-0.3868339657783508,-0.2410521656274795,-0.3698403835296631,-0.2576914131641388,-0.3521133661270141,-0.2417982816696167,-0.3218881487846374,-0.2403840124607086,-0.3728354871273041,-0.2780873775482178,-0.3608459532260895,-0.2874740660190582,-0.3437119722366333,-0.2754221260547638
G,0.0,0.0,0.8700327962609276,1.0053751797878854,1.0013838938020723,0.944735030801039,1.1284891652182756,0.9587437204384042,1.213419952068423,0.9814721461761166,0.9178566352140516,0.8884697045818604,1.0831229900899677,0.8701955130547112,1.18445081660055,0.8696012996596003,1.26981473628319,0.8666078006078052,0.8990818960041522,0.9694655903308476,1.09932158745113,0.9918452304105505,1.0614414278045097,1.0099952409924329,1.0,1.0,-0.3181314170360565,-0.6668039560317993,-0.3817087113857269,-0.6760796904563904,-0.3650175034999847,-0.6831604242324829,-0.3441656529903412,-0.6746034026145935,-0.3190192580223083,-0.7203072905540466,-0.3709255456924438,-0.7214347124099731,-0.3583038747310638,-0.7218394875526428,-0.337922066450119,-0.7157461047172546
G,0.0,0.0,0.8699882552489893,0.9802886035175662,1.0030817106336984,0.9383177693436224,1.1249623960439372,0.9522660817575271,1.205050091084669,0.9797531337622282,0.9466136024159667,0.9293047946193222,1.0991820686115497,0.914415517560583,1.1910600696518907,0.9088736057823023,1.2641807196777137,0.907195054163485,0.9366911353197446,0.997679062620971,1.1210662634431507,1.0026026113752253,1.0709943287413342,1.0027397040888255,1.0,1.0,-0.3300287425518036,-0.8542989492416382,-0.3879500329494476,-0.8479772210121155,-0.3700560927391052,-0.845782995223999,-0.3503372073173523,-0.8444722890853882,-0.3301624655723572,-0.9012489318847656,-0.3774694800376892,-0.8891457915306091,-0.3636655807495117,-0.8813178539276123,-0.3458251655101776,-0.8802926540374756
G,0.0,0.0,0.7796733137546713,0.9051101019924925,0.9105068154718793,0.8300740337853089,1.0344326314314312,0.8633219377351973,1.1266581967271097,0.9261992039186213,0.95531045834552,0.7681232216962386,1.1064552072751674,0.7503611773252726,1.1957999474498788,0.7620666573705762,1.2692238256877828,0.7668613159412065,0.9638983947608984,0.9357142330444759,1.099964457418973,0.9848186112279237,1.0590111412203007,1.0053770215832547,1.0,1.0,-0.5530812740325928,-0.6042540073394775,-0.6086214184761047,-0.6209302544593811,-0.5841935276985168,-0.6243995428085327,-0.5550374984741211,-0.6198143362998962,-0.5399436354637146,-0.6907227039337158,-0.581710934638977,-0.6925681233406067,-0.5611324906349182,-0.6887427568435669,-0.5378345251083374,-0.6808527708053589
H,0.0,0.0,1.3230154154878444,1.1112812870145081,1.2447505602135531,1.035346433632535,1.1608994185274941,1.0681529621459307,1.1058205575339952,1.1081432507252478,1.2442057731369676,0.8877753761405802,1.1405621450325478,0.8786117693770998,1.0840788407066255,0.8773574094256009,1.0364028922319026,0.8750545502132043,1.248721610000076,0.9866541305073873,1.1275055345126206,0.9840149301294915,1.0564581570559013,0.9927795064279492,1.0,1.0,-0.705085039138794,-0.5172955989837646,-0.645973265171051,-0.5460848808288574,-0.662269115447998,-0.5593613386154175,-0.6812521815299988,-0.5592315793037415,-0.7032313942909241,-0.5766173005104065,-0.6583923697471619,-0.5932032465934753,-0.6703230738639832,-0.5992234349250793,-0.6857064366340637,-0.5938387513160706
H,0.0,0.0,1.381678417433487,1.0923332072259242,1.2865641121577889,1.015691515507711,1.1950782106962075,1.0401499409993855,1.1325202634146467,1.0861559935463037,1.2657914326581676,0.9014461161707947,1.1459161808946865,0.9007133337127715,1.0830074644543093,0.9035257622827653,1.0304345293695552,0.9044465797144413,1.258833861435789,1.0166748489374258,1.130468588621828,1.0084229806860872,1.0561415782273686,1.0030571357872433,1.0,1.0,-0.6911941170692444,-0.5598282814025879,-0.640957236289978,-0.573042094707489,-0.6597612500190735,-0.5831551551818848,-0.6790285110473633,-0.5863303542137146,-0.6902373433113098,-0.6219630241394043,-0.6518031358718872,-0.6173354983329773,-0.6664168238639832,-0.6242786645889282,-0.682543158531189,-0.6256733536720276
H,0.0,0.0,1.3924123958512993,1.0958267607331584,1.2968947557815438,0.9855051537394368,1.209986564205425,1.0310031440467688,1.154573493370468,1.1000461864229198,1.270280597307305,0.7956820663174816,1.1531257918282263,0.811523706942178,1.0888198645348255,0.8196408519558803,1.0334954784612076,0.8208615733713883,1.2687322870021995,0.9485579164349784,1.140852374473268,0.968997028774271,1.06310937503327,0.9891478756189693,1.0,1.0,-0.7116817831993103,-0.389087826013565,-0.6575456261634827,-0.4265291094779968,-0.677954375743866,-0.4370110034942627,-0.6990280151367188,-0.4330692887306213,-0.713911771774292,-0.4543794691562652,-0.6729255318641663,-0.474469393491745,-0.6887127757072449,-0.4787802696228027,-0.7066329717636108,-0.4711653888225555
H,0.0,0.0,1.8984731979551082,1.1498656038300037,1.6844864934152843,0.9694766958576767,1.4948841346371353,0.981960468386159,1.3754824357308897,1.0787032822022133,1.6243049586260534,0.8119561144604861,1.3419820339479644,0.7907935691514271,1.1847490526324862,0.8026092601385348,1.051199518614506,0.8146688241631872,1.5959019757379127,1.0404586215647846,1.3027528593371984,1.0114271505775148,1.1315421678181572,1.0056922046594137,1.0,1.0,-0.6988629102706909,-0.6395062208175659,-0.6091489195823669,-0.6252824068069458,-0.6477330923080444,-0.6341565847396851,-0.6857431530952454,-0.64560866355896,-0.6966741681098938,-0.7634698748588562,-0.6321067810058594,-0.7207998037338257,-0.6633051633834839,-0.7268921136856079,-0.6938501000404358,-0.7395658493041992
H,0.0,0.0,1.4623965606229903,1.0509183398674677,1.3627728527683722,0.9689323699364643,1.27558172144046,0.9972278707144171,1.2252352062233467,1.0743852652464534,1.309400371439609,0.8797849962567335,1.168816718437559,0.8863692943199072,1.0927363831209878,0.8904031098024381,1.0313090693906413,0.8944858652895464,1.2937540293383096,0.9951973112876642,1.152124749259358,0.9960421703140493,1.0640068464878036,0.9979327355698141,1.0,1.0,-0.6095770001411438,-0.5226089954376221,-0.5673723220825195,-0.5409884452819824,-0.5866551399230957,-0.5504437685012817,-0.6061553359031677,-0.5519439578056335,-0.6105362772941589,-0.5872366428375244,-0.5795032978057861,-0.5911163091659546,-0.5961389541625977,-0.5970764756202698,-0.6130961775779724,-0.5976919531822205
H,0.0,0.0,1.36487245341291,1.0005551188260102,1.2766769985378135,0.9569076763858152,1.199733860388329,0.9829487765563096,1.163974981972909,1.0326505671980295,1.2246996192363648,0.9390018530022783,1.1124812591863775,0.9431617307870642,1.0517482870465973,0.9544257241806653,1.003064819710004,0.9651821040141653,1.2015024899858797,1.0103303169798765,1.1012043273119956,1.0019067426104322,1.0415097093909051,0.9969649083549194,1.0,1.0,-0.4569096863269806,-0.6492601633071899,-0.4364250600337982,-0.648135781288147,-0.4493866860866546,-0.6413518786430359,-0.4639855027198791,-0.6410645246505737,-0.4574230313301086,-0.6847923398017883,-0.4473670423030853,-0.6697410345077515,-0.4563536643981933,-0.6631206274032593,-0.4665190279483795,-0.6599462628364563
H,0.0,0.0,1.169476910823486,1.0526051441745374,1.1285893166424785,1.0149473856630342,1.0878822447392624,1.0268632859232925,1.0631045533630608,1.0440330056490166,1.128354935920293,0.9567733599967612,1.0783403529131586,0.9525514545595687,1.0494984542012438,0.9508514381796862,1.025087509007474,0.9490460296984727,1.1297069232223313,1.007670502134399,1.0671216564892627,1.0003318690485963,1.0294949542795315,0.9979508432668097,1.0,1.0,-0.7670494318008423,-0.68442702293396,-0.7264798283576965,-0.6913002133369446,-0.7376225590705872,-0.6951621174812317,-0.7502161860466003,-0.6952410936355591,-0.7660666704177856,-0.7229422330856323,-0.7330427169799805,-0.7202441096305847,-0.74141925573349,-0.7217757701873779,-0.7523609399795532,-0.7205826640129089
H,0.0,0.0,1.2980004751365293,1.0556002324658025,1.2271216861917582,0.9855478956401454,1.155484333264424,1.011839025436754,1.1147550292109376,1.0645973154362416,1.2353302399664352,0.9318826367897945,1.1413826730011778,0.9350515043034991,1.0917211876999713,0.9365678153337773,1.0477969197724422,0.942390507326195,1.2398723074592741,1.0309706247758594,1.1221944175794734,1.0081093261693734,1.052729794289013,0.9958185774117526,1.0,1.0,-0.9152847528457642,-0.8446070551872253,-0.8307259678840637,-0.8151166439056396,-0.8522922396659851,-0.8080389499664307,-0.8772874474525452,-0.8099119663238525,-0.906983494758606,-0.9124557971954346,-0.8386707305908203,-0.8746242523193359,-0.8539146184921265,-0.864982008934021,-0.875293493270874,-0.8654455542564392
H,0.0,0.0,1.548159677088322,1.1166130219396104,1.4244684651813337,1.0286208574900038,1.3055622702130194,1.0601510762628459,1.2307617462163538,1.1258768797824494,1.3868632160928802,0.9255964352216116,1.2189173438335372,0.904182326591068,1.131824689162036,0.8865886951225521,1.059065357688536,0.8747550957681587,1.377405304326013,1.06219248829163,1.1909825951010873,1.027282922948382,1.0818966500193838,1.005736198135271,1.0,1.0,-0.64662766456604,-0.626865565776825,-0.5838079452514648,-0.6229785084724426,-0.6075332164764404,-0.6276232600212097,-0.6312488913536072,-0.6342751979827881,-0.6475327610969543,-0.7045280933380127,-0.5947093367576599,-0.681694507598877,-0.6143892407417297,-0.6845119595527649,-0.6356412172317505,-0.6926273107528687
H,0.0,0.0,2.0096506403761634,1.1361403832967805,1.782072200494372,0.9698503309229369,1.569845082185154,1.1187422496924193,1.4378741611937083,1.3255763797371096,1.6837643178333526,0.7041125867426579,1.379993159533958,0.7217339292053474,1.2148755538844829,0.6969780486974618,1.0810405863747443,0.6714207559923555,1.6565502342820575,0.9854210331798267,1.340001616411496,1.0047181441083075,1.1442893236020677,1.0042133711345722,1.0,1.0,-0.505344808101654,-0.3232105374336242,-0.4526157975196838,-0.3812904357910156,-0.4799872040748596,-0.3936163783073425,-0.5088123083114624,-0.3897168040275574,-0.5087878108024597,-0.4109925925731659,-0.4763854742050171,-0.445040762424469,-0.5003316402435303,-0.4515080451965332,-0.5238166451454163,-0.4446749687194824
H,0.0,0.0,2.8674218944519025,0.920162031890612,2.436128592625267,0.7853707952198353,2.1272727857144806,0.8741312945120779,1.9705208223357011,1.0478625557639107,2.1008072581779738,0.7001510090885877,1.527718608625045,0.7231169517339714,1.221433126192535,0.7300647016851103,0.976208767067605,0.7322900344693196,1.974594572141298,0.9413105135304866,1.4922351252870927,0.9854231049587396,1.2107976375415976,0.9953816891109172,1.0,1.0,-0.2360503524541854,-0.2952137887477875,-0.2349363714456558,-0.3282003402709961,-0.2607683539390564,-0.3291491270065307,-0.2803612947463989,-0.3218954503536224,-0.2401622682809829,-0.3627133369445801,-0.25429368019104,-0.3780925571918487,-0.2767039835453033,-0.3801090121269226,-0.2915438711643219,-0.3762388825416565
H,0.0,0.0,3.046233461060431,0.9853943679689895,2.5733950198749125,0.8995563100262168,2.217739657850971,0.9409845937792524,2.0230210185292927,1.0209198196349556,2.1190166051989365,0.8838668040402765,1.50335107929953,0.8845457798033052,1.164584212142426,0.8924158837758036,0.906963442942533,0.9007174925106989,1.9867185651285753,1.0063834244772796,1.4898403993327833,1.001566917737028,1.1828672330363335,0.9961558587787811,1.0,1.0,-0.2044916301965713,-0.5652539730072021,-0.2063769698143005,-0.5754852890968323,-0.2319869846105575,-0.5721718072891235,-0.251674085855484,-0.5681962370872498,-0.2070038914680481,-0.6293644905090332,-0.2194963991641998,-0.6290416121482849,-0.2407122105360031,-0.6293702721595764,-0.2564229071140289,-0.6270437240600586
H,0.0,0.0,2.2063913762176046,0.9833705269605963,1.9332131000840662,0.934719422171842,1.7100086898054991,0.9611746730458886,1.580573167110462,1.0043590376132514,1.6617324308557682,0.9344322432599057,1.3076992162183807,0.9342160484549783,1.117127189948306,0.9409505998814303,0.9666373972333409,0.9470381443177003,1.5733089064033507,1.018086049388288,1.3085408894185837,1.0033454546729232,1.1161326967282152,0.9977959872947212,1.0,1.0,-0.2316289246082306,-0.7507910132408142,-0.2325031459331512,-0.7515178918838501,-0.2525444626808166,-0.7491766810417175,-0.2698079645633697,-0.7486761212348938,-0.2354117631912231,-0.8105186223983765,-0.2443412840366363,-0.8031677603721619,-0.260005235671997,-0.8024529814720154,-0.2732951939105987,-0.8013010621070862
H,0.0,0.0,1.2861395673856013,0.9878212142239027,1.2274423936861707,0.9514749038434613,1.17799974795536,0.9701164405621194,1.1520847136703989,1.0130446300478755,1.189392432393026,0.9253111645894134,1.1053674395220665,0.9363189724878416,1.0592233780071716,0.9388349053984784,1.022042126127672,0.9406089335152267,1.1856033168541185,0.9896248800418854,1.0962748291197353,0.9966958774438714,1.040683872232482,0.9987819674603059,1.0,1.0,-0.6381572484970093,-0.6577329635620117,-0.6070141792297363,-0.6669573187828064,-0.6210573315620422,-0.6681856513023376,-0.6349098086357117,-0.6674568057060242,-0.6434955596923828,-0.7030174732208252,-0.6189655661582947,-0.7025761604309082,-0.6309072375297546,-0.7006629109382629,-0.6430349349975586,-0.698861300945282
H,0.0,0.0,1.2241245135372991,1.01061566434166,1.1647779462992025,0.9870406963119772,1.1127568673642505,1.0261338542648275,1.077095240445588,1.0577688426135763,1.1508408735749112,0.9047141950609935,1.0862550026602775,0.9192605017516052,1.0491062764145482,0.9255993274930677,1.018094174661442,0.9264476464028583,1.1590567810307153,0.9574703969482853,1.0827478073624435,0.9820921193040554,1.0373178169996755,0.9944119866279146,1.0,1.0,-0.6668281555175781,-0.5089688301086426,-0.632924497127533,-0.5487344861030579,-0.6462333798408508,-0.5543359518051147,-0.6585665941238403,-0.5469602942466736,-0.6728863716125488,-0.5468763709068298,-0.6457882523536682,-0.576047420501709,-0.6555647253990173,-0.5779921412467957,-0.6657313704490662,-0.5694237947463989
H,0.0,0.0,1.2506144750299983,1.0960289801871967,1.1890545798147338,1.0230222605430737,1.1357148357427806,1.0763151267466047,1.1055815634854398,1.1389698809229547,1.1752720519309368,0.8424472007174036,1.1064727932253096,0.8569966640422401,1.0661614519611256,0.853774110220479,1.0316686072528665,0.8405049763859822,1.1879234416255888,0.9433862124869667,1.0981520129920261,0.9883569370032879,1.043988059340322,0.9980971614674177,1.0,1.0,-0.7238563895225525,-0.3326936066150665,-0.6751954555511475,-0.3805910348892212,-0.6908579468727112,-0.3886480033397674,-0.7072439789772034,-0.3794785439968109,-0.7301141023635864,-0.3790586590766907,-0.6905332803726196,-0.4155443608760834,-0.700779914855957,-0.4186462163925171,-0.7141602039337158,-0.4075818359851837
H,0.0,0.0,1.2832196596951841,1.1910623069364308,1.2160946675537772,1.0774249474711302,1.1558114982114907,1.1454770644662478,1.1150704225194275,1.2123775606192058,1.1901387292422478,0.7645340790808562,1.1082135829435416,0.7767994164176875,1.0608185062274238,0.7643757201502933,1.0220017072058003,0.7294000834371871,1.1962525745647403,0.86944532151156,1.1015265225975035,0.9769001323434526,1.0458428574998657,1.007641327378896,1.0,1.0,-0.6419559121131897,-0.1766180396080017,-0.6068195700645447,-0.2388165295124054,-0.6202048659324646,-0.2519711256027221,-0.6321238279342651,-0.2433706372976303,-0.6476820111274719,-0.214753195643425,-0.6227017045021057,-0.2682214379310608,-0.6331624388694763,-0.2771767973899841,-0.6431489586830139,-0.2664895951747894
H,0.0,0.0,1.2187344265035214,1.0675406811565895,1.165785355663432,0.9808502641665658,1.1176022109472918,1.0213018182049391,1.0916281035126607,1.0918857045566215,1.1584143239813802,0.8490165416274723,1.0948834253250928,0.8722079888264801,1.0571472062212974,0.8673961375199182,1.0254564964245616,0.8603529026531106,1.1683683750715923,0.958334113393282,1.0861442008263578,0.9871957722045978,1.0374707435814776,0.9929948261714411,1.0,1.0,-0.7932806015014648,-0.3701006174087524,-0.7384353280067444,-0.4072217941284179,-0.753617525100708,-0.4111758172512054,-0.7716707587242126,-0.4023832082748413,-0.796431839466095,-0.4170030653476715,-0.7524719834327698,-0.4432375133037567,-0.7632275223731995,-0.4433425664901733,-0.7785854935646057,-0.4331077337265014
H,0.0,0.0,1.3163219866549636,0.9883357871828039,1.2421506004455107,0.9506603974770517,1.1781475661458563,0.9809518887190906,1.144354372124603,1.03330455764125,1.214028768040874,0.8868289280449385,1.1209054828841465,0.9091372600512375,1.0708905497082073,0.9219669349604172,1.027178177381791,0.932380569237202,1.2170106367820603,0.9643928282407809,1.112948153737173,0.9789829422539841,1.0500376498578432,0.9896633802777552,1.0,1.0,-0.7190536856651306,-0.6730822324752808,-0.6696450710296631,-0.6881921291351318,-0.6871408224105835,-0.6900597810745239,-0.7053160667419434,-0.6888577938079834,-0.7248531579971313,-0.7295026183128357,-0.6839311718940735,-0.7303789854049683,-0.6981302499771118,-0.7284210324287415,-0.7141387462615967,-0.7249839305877686
H,0.0,0.0,1.899933533505189,0.9476169339211501,1.6974090473616195,0.8876653615234525,1.535770669246265,0.9241768723264276,1.4561786381465862,1.0034293117447364,1.5893262800638648,0.8714395878828397,1.3133479244591775,0.8911535828114435,1.1644298614274844,0.9107308071338087,1.0411470113704595,0.9315749671887544,1.564504519922342,0.9841347618973683,1.2977813910964817,0.9842571476151377,1.125653147798824,0.9893886711620585,1.0,1.0,-0.5112758874893188,-0.8588333129882812,-0.4715957343578338,-0.8425702452659607,-0.4970792531967163,-0.834599494934082,-0.5221070051193237,-0.8370795249938965,-0.51578289270401,-0.9393585920333862,-0.492855042219162,-0.898198127746582,-0.514451265335083,-0.892859160900116,-0.534299910068512,-0.8978063464164734
H,0.0,0.0,0.6254099976394829,0.995012622116056,0.7119787030477873,0.953940619447306,0.7845066126722353,0.9984441653933641,0.8297988705870323,1.0516413504151774,0.759829184409143,0.9029710477782309,0.8681977271258811,0.8996546094706056,0.9272349833069353,0.9017829441118109,0.9732812463904786,0.9031818665002731,0.7728239299429523,0.9951558686573975,0.8808532289655717,0.9953780844458887,0.9476132335763778,0.9972139303912554,1.0,1.0,-0.3927465975284576,-0.6019971966743469,-0.4134026169776916,-0.604276716709137,-0.3968632817268371,-0.6038773655891418,-0.3798671066761017,-0.6031792759895325,-0.3877913951873779,-0.6476393342018127,-0.3979912102222442,-0.6392852663993835,-0.3850514888763428,-0.63651043176651,-0.3725990653038025,-0.6387394666671753
H,0.0,0.0,0.41655081763941604,1.075430946723255,0.555468196754149,0.9845307596720825,0.6827182691643009,1.0445531361940077,0.7726958382526777,1.107722395831281,0.6053552195993896,0.823600170237584,0.7796096187235695,0.8465338885758233,0.8761559106382959,0.8570573231716209,0.9526152584172923,0.8540880992632234,0.615791084697581,0.9789779242836821,0.802361487352865,0.9879621109723115,0.9132052305024031,1.0005629432449439,1.0,1.0,-0.2540134191513061,-0.4211369156837463,-0.3048725426197052,-0.4492385983467102,-0.2830775082111358,-0.4603962004184723,-0.2594920396804809,-0.4567762017250061,-0.2497955113649368,-0.4879873991012573,-0.2899625599384308,-0.5012713074684143,-0.2721489667892456,-0.5060785412788391,-0.2532447874546051,-0.5029194951057434
H,0.0,0.0,0.3478454557784646,1.091053326391151,0.5019884589526213,0.9508220577580782,0.6377203711509001,1.0498637533457043,0.735142618169914,1.1466277959758606,0.5652701365366594,0.634587336921202,0.75861798637025,0.7103363998475666,0.8626210981838648,0.7281124854589043,0.9470867647474908,0.713575570337443,0.565369448012226,0.8465186535437778,0.7761139930355498,0.9318994065401848,0.9009628673176797,0.9720889046128312,1.0,1.0,-0.2038021832704544,-0.2387332767248153,-0.2553277611732483,-0.2993540167808532,-0.2322389632463455,-0.305863469839096,-0.2091730684041977,-0.2931476235389709,-0.197195753455162,-0.2985667884349823,-0.2359152436256408,-0.3422393798828125,-0.2183675765991211,-0.3443442583084106,-0.2005519419908523,-0.3299721479415893
H,0.0,0.0,0.2839479778014232,1.1204544239890788,0.437117159025476,0.9433556635406696,0.5615848434498156,1.0003532440762721,0.6429442175900704,1.103443256834129,0.5419071370392442,0.7727049954438135,0.7482900028131837,0.7652835253611655,0.8612135593903374,0.8059842529797485,0.9510608724899311,0.8515092605667036,0.5769300629362663,1.027304275457336,0.7763728220107211,0.9910072927744562,0.9035754169595451,0.9889751861588254,1.0,1.0,-0.3598288893699646,-0.5811948180198669,-0.4015571773052215,-0.5922499895095825,-0.362596720457077,-0.6007323265075684,-0.3212196826934814,-0.6031321287155151,-0.3527050912380218,-0.6908974647521973,-0.3715863823890686,-0.6782921552658081,-0.3414888978004455,-0.6769636273384094,-0.3108343183994293,-0.6771788597106934
H,0.0,0.0,0.4421057572016076,1.0520665719896038,0.5745363358714908,0.8643883573849963,0.6718915072502126,0.9580781444137811,0.7267113402567149,1.125405138512232,0.6937308893710037,0.7319311827827065,0.8473541688295736,0.745193294579173,0.9230513080889973,0.7853082032233133,0.9833598377622984,0.8193099055430844,0.7277713688895187,1.0329043527786548,0.8665914532016741,1.0062098697474104,0.9447391938940449,0.9981881100419705,1.0,1.0,-0.5851077437400818,-0.5909769535064697,-0.6016088128089905,-0.5930780172348022,-0.5510797500610352,-0.5994005799293518,-0.5072848200798035,-0.5981249213218689,-0.5749478340148926,-0.7136390209197998,-0.5702470541000366,-0.7043893337249756,-0.5282052159309387,-0.700372576713562,-0.4936642348766327,-0.698478102684021
H,0.0,0.0,0.4057084887036631,1.092945443440918,0.5312005736076338,0.978543026663533,0.6358907404164472,1.012739603268629,0.7048844307723202,1.0841551271781933,0.6305924104569836,0.8988709927557433,0.8015151134813533,0.8770722714925471,0.8907159118144007,0.8819203955162672,0.9603618636988568,0.8883929213811892,0.6619544556495032,1.0649715769648307,0.8284475976395066,1.0291778783968943,0.9274037301629519,1.0087558416911686,1.0,1.0,-0.4008378088474273,-0.7374798059463501,-0.4320484697818756,-0.7272070646286011,-0.399443119764328,-0.7252650856971741,-0.3654289841651916,-0.7279167175292969,-0.3960806727409363,-0.8226907253265381,-0.4096288084983825,-0.7975141406059265,-0.3842104971408844,-0.7935681939125061,-0.3592479228973388,-0.8001028895378113
H,0.0,0.0,0.21265879552542724,1.0920572530094836,0.3951803442697654,1.0024550958161316,0.5496198149849205,1.0402695231319916,0.6521696424122371,1.0984446158392105,0.4785198569127578,0.9214170655504456,0.7195194819133736,0.9096565876741411,0.8472757164730251,0.9101245875789131,0.9483028455861299,0.9120259083066788,0.5070466581430652,1.075465006525916,0.7457977524109753,1.0277045965695528,0.8892354845833342,1.0069753604658327,1.0,1.0,-0.2455407828092575,-0.8396146893501282,-0.312741607427597,-0.815080463886261,-0.2796733677387237,-0.8143364191055298,-0.2418060600757599,-0.8189346194267273,-0.2400246113538742,-0.9302479028701782,-0.2837001383304596,-0.8903219699859619,-0.2584208548069,-0.8813080191612244,-0.2305155992507934,-0.8885842561721802
H,0.0,0.0,0.6064671598024249,1.0305610051104301,0.6908638203330333,0.9486698545585727,0.7544593828027198,0.9876952921540143,0.7871889018044543,1.0528330111610829,0.7780096056789841,0.9131250328675987,0.8858171569370674,0.8915225209624101,0.9375463137782061,0.9036749911152809,0.9791160677260177,0.917312574297521,0.8058323378146937,1.0435557231826353,0.9029235254093949,1.0119149023116347,0.9609280727575709,1.0002425084484383,1.0,1.0,-0.6547197103500366,-0.8410704731941223,-0.6582295894622803,-0.8281751275062561,-0.6202027797698975,-0.8319437503814697,-0.5887705087661743,-0.8355019092559814,-0.649040937423706,-0.9208022356033324,-0.6381193399429321,-0.9098442196846008,-0.610718846321106,-0.9041213393211364,-0.5874108076095581,-0.902799904346466
H,0.0,0.0,0.6424106227339356,0.9869672137295422,0.7097078096571593,0.8987223043100971,0.768441811457383,0.930709209889982,0.797792932859335,0.9974134982033245,0.7849975931353086,0.8931555289308941,0.8813841265126878,0.8819014823754923,0.9323579469974551,0.8888821675025281,0.9716140237625481,0.8996894502097996,0.8049611214322586,1.0193219657478876,0.8957239131730507,0.998483611756346,0.9573616216964329,0.9913062853151332,1.0,1.0,-0.7598534822463989,-0.8362818360328674,-0.7655267715454102,-0.8299325108528137,-0.7352100014686584,-0.8234624266624451,-0.7047980427742004,-0.8225343227386475,-0.7521333694458008,-0.9102205634117126,-0.7449897527694702,-0.8990656733512878,-0.7222312688827515,-0.8908568620681763,-0.7002930045127869,-0.8872129917144775
H,0.0,0.0,0.7113472421881685,1.0705253635347611,0.7882517598503291,0.8875596881450968,0.8543048770053913,0.9169661077309496,0.8911375581421493,1.0403197558200876,0.8968973138611702,0.8901510069218139,1.0177665530469275,0.9338070807938265,1.0844010551947816,0.9827677496272242,1.1329632734632356,1.0211087676200679,0.9210566197733387,1.1101058378483675,0.9862319653119608,1.0698398810340248,0.9993743760185553,1.0243749780304483,1.0,1.0,-0.7481595873832703,-0.607289731502533,-0.7477112412452698,-0.5849687457084656,-0.7244600057601929,-0.5814897418022156,-0.6961561441421509,-0.5871303677558899,-0.7333909273147583,-0.6840265989303589,-0.7285810708999634,-0.6685324907302856,-0.7076106071472168,-0.6624414324760437,-0.6839314699172974,-0.6620431542396545
H,0.0,0.0,0.3699372777865895,1.1382842454113375,0.5029789000015209,0.9746701091051372,0.6210424375557231,1.055660769264582,0.7022166930661087,1.1835432517082694,0.5758438043877393,0.7860793595467148,0.75649701494375,0.816899409434316,0.8558894656448742,0.8430308110728435,0.9367544149354934,0.8635418091901405,0.595692590629031,1.0491369345932562,0.7817161773897652,1.0215801950309273,0.9027657670576971,1.0066058662816648,1.0,1.0,-0.3937794864177704,-0.5147952437400818,-0.4478669762611389,-0.5265406966209412,-0.41404989361763,-0.5304428935050964,-0.3789725303649902,-0.5298097133636475,-0.3862788379192352,-0.6162993907928467,-0.4199292063713074,-0.6042865514755249,-0.3936250209808349,-0.6024898290634155,-0.3672734200954437,-0.6054872870445251
H,0.0,0.0,0.1632220049635662,1.3462746544569684,0.36203191157933595,1.0552602183575128,0.5471257302367478,1.2074810524518664,0.6772542367467934,1.3613677393058126,0.41461254381826473,0.5066986439285163,0.6788141141977538,0.5468989991475578,0.8233877273941602,0.5748050123963163,0.9354269470927353,0.5822142731789959,0.4154686087858209,0.9498368560761017,0.7008946491304285,0.9545874116831372,0.8697251957696275,0.9819345404186053,1.0,1.0,-0.1808858960866928,-0.292580783367157,-0.2719332873821258,-0.3428667187690735,-0.2385192811489105,-0.358534574508667,-0.1994567811489105,-0.3506987988948822,-0.175356775522232,-0.3959085345268249,-0.2491004765033722,-0.4247111678123474,-0.2232856005430221,-0.4316467642784118,-0.1916953325271606,-0.4235276579856872
H,0.0,0.0,0.513527614330502,0.9649641688076754,0.6256906927882835,0.7458784256521974,0.7156224252886036,0.9338959492198768,0.7744573386371287,1.1948994999338327,0.6952407359756636,0.4169730849310639,0.8360181278736193,0.546833876385476,0.9090395738094543,0.5979300263070552,0.9655401687672573,0.6289044213156177,0.7101979985271341,0.8294474131696852,0.8515220206272247,0.9155385862437041,0.9357608396946631,0.9617186673382848,1.0,1.0,-0.4875656962394714,-0.2552707493305206,-0.5287423729896545,-0.2982186675071716,-0.4960716068744659,-0.3027983903884887,-0.4634396731853485,-0.291691780090332,-0.4776321351528168,-0.3402537405490875,-0.4956546425819397,-0.3629041910171509,-0.4717676341533661,-0.3632181882858276,-0.4493441879749298,-0.3527422547340393
H,0.0,0.0,0.3031673181743104,1.0137936840957746,0.45581420103140086,0.7840331541762499,0.5778543926297051,0.8643669846776164,0.6543629723430417,1.0265815606209547,0.5870501936170603,0.5886329074902455,0.787420727119235,0.647449603075531,0.8822337719539723,0.7147864975808684,0.9613660004771605,0.7639346619281707,0.6280815577456,0.9616988032162204,0.8133629906953697,0.9679785826324072,0.9228843986859733,0.9814131738891605,1.0,1.0,-0.5144137740135193,-0.5827269554138184,-0.5669912695884705,-0.5839521884918213,-0.5092726349830627,-0.5950701832771301,-0.4500260651111603,-0.5974392294883728,-0.5029569864273071,-0.7346094846725464,-0.5262451767921448,-0.7098177671432495,-0.4784847497940063,-0.7083300352096558,-0.4323532283306122,-0.7094930410385132
H,0.0,0.0,0.8158813880110213,0.9916306476549701,0.8551467093977162,0.9691894187601134,0.8889166375411282,0.9974182388164714,0.9113933622458353,1.0274982080415094,0.8825683072096412,0.9460495303403035,0.9360233378352241,0.9473285727964672,0.9658578379829786,0.9513390817084881,0.9891527495105961,0.9556770774513689,0.891195179215397,0.9977477161303083,0.9436157698496784,0.9931493861664785,0.9758934403943833,0.9951549549092749,1.0,1.0,-0.5037214756011963,-0.5985199213027954,-0.50983726978302,-0.597970187664032,-0.5008834600448608,-0.5973953008651733,-0.4926463663578033,-0.5981121063232422,-0.5002763271331787,-0.6253035068511963,-0.4993815720081329,-0.6202589869499207,-0.4920996427536011,-0.6175240278244019,-0.4862929582595825,-0.61827152967453
H,0.0,0.0,0.6034198551161295,0.9343012573418713,0.6927642758021156,0.8313824628985564,0.7628844477391525,0.9095465548365191,0.8073725476070992,1.0371266407057318,0.7477345285141249,0.7107591551959458,0.8632396726557127,0.7673670836984351,0.9246759631302042,0.8008292796118391,0.9726572215843187,0.8251882065590098,0.7583905945709678,0.9091685992381107,0.874010707368751,0.9359265143181462,0.9457025719004338,0.968990012583191,1.0,1.0,-0.4632351100444793,-0.350100427865982,-0.4891592562198639,-0.3643658757209778,-0.4670993685722351,-0.3635049760341644,-0.444354385137558,-0.3590048253536224,-0.4562238156795501,-0.4090662598609924,-0.469226986169815,-0.4067469239234924,-0.4525980353355407,-0.4023460149765014,-0.4359411597251892,-0.3991550505161285
H,0.0,0.0,0.6321802951625123,0.9775511673235706,0.7058360160305429,0.9193281592991662,0.7643649335050188,0.961212892120823,0.7940061966880253,1.0282153776414453,0.7657665717166925,0.8799234017634573,0.8715270343253604,0.8825543110252178,0.9288952481402011,0.892024334146246,0.9741473330233109,0.9087939357007148,0.784018494603666,0.9862540183524422,0.8880730277507709,0.9775747602095693,0.9530119863708325,0.9815045889171511,1.0,1.0,-0.5215868949890137,-0.6502304673194885,-0.5615206360816956,-0.6504183411598206,-0.5431527495384216,-0.6357669234275818,-0.5184606909751892,-0.6270041465759277,-0.5131426453590393,-0.7082003951072693,-0.5226455926895142,-0.6972169876098633,-0.5081543922424316,-0.6840449571609497,-0.4911428987979889,-0.678962230682373
H,0.0,0.0,0.4488404046035377,1.1018378647297922,0.5660147248415309,0.9505740144921229,0.6658547725305801,1.006633126969876,0.7268483979813143,1.1220477774032644,0.6390824189950078,0.8189570995416885,0.8028138799241722,0.8255322142710555,0.8929878074620554,0.8440570376348683,0.9664492847113466,0.867365025654343,0.6692600569368072,1.0445545831258873,0.8204216299597223,1.0055377671879369,0.9214715612607463,0.9931240345303637,1.0,1.0,-0.4305523633956909,-0.5175352096557617,-0.4637046456336975,-0.5114210844039917,-0.4346165955066681,-0.5090826153755188,-0.401629090309143,-0.5146416425704956,-0.4278669953346252,-0.59964919090271,-0.4369402825832367,-0.5790359973907471,-0.4138820469379425,-0.5754027366638184,-0.390966385602951,-0.5821002125740051
H,0.0,0.0,0.5031527884855717,1.0655965347716396,0.6140866962100955,0.9661775656721167,0.7076348968382141,1.0117262092616486,0.7608913267397542,1.0974888130935634,0.6851038473832979,0.8917237043370538,0.8303634828854592,0.8810353026959561,0.9130435701080623,0.8800539178818756,0.9778321540063334,0.8813051401176696,0.7064242026303709,1.0675452917028094,0.8435672850135578,1.04140851165937,0.9323750203206695,1.0156531745889041,1.0,1.0,-0.4403747618198395,-0.59980309009552,-0.470323383808136,-0.588333249092102,-0.4448821246623993,-0.5825945734977722,-0.4153865277767181,-0.5855468511581421,-0.4340301156044006,-0.6729608178138733,-0.447498083114624,-0.6481181979179382,-0.4266575872898102,-0.6415611505508423,-0.4051036536693573,-0.6465967297554016
H,0.0,0.0,0.6509667343590987,1.0079091260223536,0.7250667571694802,0.9285996512219625,0.7798430151873451,0.9638329125157845,0.8058830997234736,1.034130099200225,0.8016610421637476,0.928687232759983,0.8971997367862437,0.8980364775801265,0.9475221926332758,0.8976465788363867,0.9867609559085299,0.9019750376091823,0.8225103006838841,1.0443797483304933,0.9094821220271512,1.010936124879619,0.9634520227711242,1.0006654283489522,1.0,1.0,-0.6181808710098267,-0.7945001721382141,-0.6195105314254761,-0.7685219645500183,-0.5934401750564575,-0.7629350423812866,-0.5687528252601624,-0.7666276693344116,-0.6108819842338562,-0.8529804944992065,-0.6025376319885254,-0.8270761370658875,-0.5830590724945068,-0.8171820640563965,-0.5641307830810547,-0.8195731043815613
I,0.0,0.0,0.9789309778960193,1.2081355476039883,0.9360346719764843,1.0814313159083313,0.9284528318566957,0.961620484623097,0.9236876020454677,0.8779345698400686,0.9641800551701656,0.9430621096834626,0.9664334297498971,0.8884754665419429,0.9741784390185955,0.9882329902160232,0.9757830219824241,1.001678617255408,1.0025773818897095,0.9375697399347397,1.0062037083081241,0.9001104431287601,1.004720336712057,1.0214563451774505,1.0,1.0,-0.7175741791725159,-0.533271312713623,-0.7211809754371643,-0.513192892074585,-0.715746283531189,-0.5726163387298584,-0.712476909160614,-0.5801638960838318,-0.7410275936126709,-0.5359903573989868,-0.7408595085144043,-0.4798259735107422,-0.7363561391830444,-0.4444442391395569,-0.7359325885772705,-0.3992927670478821
I,0.0,0.0,0.9772281066604215,1.2649470050847547,0.9272672114835522,1.1032726812404894,0.9149839699641557,0.9531192504891226,0.9092297441096522,0.8442715651394728,0.960942717554621,0.9284418858660785,0.9550684538421699,0.854297187743567,0.9641807980800016,0.976049559126843,0.9693002941069857,1.0015085921220763,1.0042113835364235,0.9168195892960344,1.0004876478671882,0.8613741562965593,1.0008906524384955,1.0128508692862785,1.0,1.0,-0.6580601334571838,-0.4133888483047485,-0.6562464237213135,-0.3905642330646515,-0.6523604393005371,-0.4510920643806457,-0.6510064601898193,-0.4626322388648987,-0.6835008859634399,-0.4148319959640503,-0.6818374991416931,-0.3535822033882141,-0.6763594150543213,-0.3140072226524353,-0.6745730638504028,-0.2661914825439453
I,0.0,0.0,0.9817956808882404,1.310689823391672,0.9425019755460892,1.1137766540923943,0.933449043394602,0.9211985975004984,0.9246213172554328,0.7868225075611291,0.9682856504404875,0.9217881134201211,0.9703273185462478,0.800941430157134,0.976999691652522,0.9292219385444345,0.9783655752719471,0.9975401746449072,1.0048137993194717,0.9062518718191317,1.0075819357480422,0.8095365787936499,1.006928122579982,0.9640570740196646,1.0,1.0,-0.7455717325210571,-0.3315483331680298,-0.7495808601379395,-0.2961240112781524,-0.7456375956535339,-0.3470529019832611,-0.7390639185905457,-0.3703688085079193,-0.7705343961715698,-0.3341909050941467,-0.7702821493148804,-0.271711140871048,-0.7683731317520142,-0.2320261299610138,-0.765515148639679,-0.1890126168727874
I,0.0,0.0,0.9716510973137529,1.1809485458646465,0.9300355778800034,1.0578437532863112,0.9233531913421661,0.9485812304996615,0.9133928648640552,0.8719205978588128,0.9636002279081175,0.9480454097555115,0.9627884991451663,0.9025613672401424,0.9688377283327038,0.9898570171653501,0.9727207427500942,1.004439256620993,1.0072181007757917,0.9454748361662816,1.004479530304585,0.9075755528768157,0.9997397653751725,1.013371192884615,1.0,1.0,-0.7014151811599731,-0.6082192659378052,-0.6995583176612854,-0.5897274017333984,-0.692694902420044,-0.6494681239128113,-0.6924244165420532,-0.6622311472892761,-0.7276936173439026,-0.6151008605957031,-0.7303630113601685,-0.5521529316902161,-0.7267191410064697,-0.510256826877594,-0.7275655269622803,-0.4638634324073791
I,0.0,0.0,0.9616596635797063,1.1781419318427084,0.9061611019491486,1.0451465747080835,0.8914534764304752,0.9367884566087316,0.8718001327725639,0.860359991450478,0.9644081797390897,0.9118742661485731,0.9287777185040957,0.8864841418242752,0.9414503252862507,0.9850613868246558,0.9601705166320005,1.001526114109575,1.0224308133359037,0.9137093749279682,0.9868607626378572,0.8974726174319443,0.9853407029108845,1.0170529434732711,1.0,1.0,-0.5900263786315918,-0.6363383531570435,-0.5690876245498657,-0.6281522512435913,-0.5645118951797485,-0.6977248787879944,-0.5742239952087402,-0.7106930613517761,-0.6178706288337708,-0.6515311002731323,-0.6161218285560608,-0.580361545085907,-0.6079796552658081,-0.5325333476066589,-0.6068593263626099,-0.4813905358314514
I,0.0,0.0,0.9759921840669816,1.330687225541607,0.9041039087650452,1.1206687438544387,0.882820663477074,0.9394005723970573,0.8637045180134133,0.8142831368191045,0.9513428195570993,0.9167792939395917,0.9269585921969592,0.8137442644278925,0.941904758708413,0.9719229893653297,0.9574910271732594,1.0252024997984277,1.0110145911072468,0.9000196986503481,0.987813643881344,0.8076426109048388,0.9917806326281179,0.9917496330287914,1.0,1.0,-0.5519794821739197,-0.3949001729488373,-0.5402610301971436,-0.3644413352012634,-0.5381492972373962,-0.4387997388839721,-0.5430803894996643,-0.4635265469551086,-0.5819962024688721,-0.3993072807788849,-0.5805078744888306,-0.3184084892272949,-0.5722154378890991,-0.26808562874794,-0.5681291222572327,-0.2149118036031723
I,0.0,0.0,0.972374331489099,1.4829829197792115,0.9026837936226799,1.1625284032965353,0.881532945255664,0.8853558498839968,0.8570468404746932,0.6936376814942763,0.9510550212596562,0.8789108311768606,0.9302809620787732,0.7026463666088775,0.9394546912590217,0.9261775217984347,0.9552311446752783,1.0287072476608115,1.0114288681324388,0.8506890886724627,0.9920267923592161,0.6783311728768835,0.9902712120600232,0.9401414468232926,1.0,1.0,-0.5554426908493042,-0.2569290697574615,-0.5443190932273865,-0.2137002944946289,-0.5396491289138794,-0.2878188788890838,-0.5435333251953125,-0.3199422359466553,-0.5875352025032043,-0.261160671710968,-0.5879325270652771,-0.1763081699609756,-0.5807149410247803,-0.1239098906517028,-0.5769245028495789,-0.0689996629953384
I,0.0,0.0,0.9604884319490726,1.4212824651787699,0.8919341297082037,1.1144481282078544,0.8754240106505561,0.8563501744686198,0.8502181618914177,0.6821498786935635,0.9497695003926501,0.865125801057444,0.9317045800132018,0.7030345940825654,0.9351425547030527,0.921402805030109,0.9503560335724853,1.0202983848362122,1.017106289029417,0.8494784306523483,0.999375312990874,0.695663802352668,0.9895459818871579,0.9437518969233595,1.0,1.0,-0.4933596551418304,-0.267897754907608,-0.4847544729709625,-0.2288734018802642,-0.4772017002105713,-0.3017967045307159,-0.4804494380950928,-0.3345698714256286,-0.523095428943634,-0.2760539650917053,-0.5263140201568604,-0.1957324743270874,-0.520209550857544,-0.1453440338373184,-0.517957329750061,-0.0932060629129409
I,0.0,0.0,0.9714368323649234,1.1857125328265006,0.921345683347945,1.045059421245078,0.9050117699591407,0.9367728873642633,0.8883759556566029,0.8605302077343112,0.9784359217697169,0.9325147657534111,0.9482151033270794,0.8677852346878122,0.948920095658438,0.9698099146274614,0.9655396812952575,1.00098056662758,1.0237994576045797,0.9369858302134282,0.9916915197942587,0.8836858253599701,0.9856471771130946,0.9933833288545649,1.0,1.0,-0.5347930192947388,-0.5406800508499146,-0.5176700949668884,-0.5161985754966736,-0.5142074823379517,-0.5754563808441162,-0.5226259827613831,-0.5968365669250488,-0.5581285953521729,-0.5499065518379211,-0.5587143301963806,-0.481783390045166,-0.5526585578918457,-0.4400187134742737,-0.5517383217811584,-0.399188220500946
I,0.0,0.0,0.9733571952801312,1.1803308230911482,0.9415927073653859,1.0566938121159493,0.9368679643160338,0.9512808646984174,0.9289435817932401,0.8740716521182271,0.9681379425614876,0.9445884564171073,0.9729781330421595,0.8952867795216967,0.9754251294735774,0.9788860283407331,0.9766077699241479,0.9973145937670936,1.0062004293902342,0.9446007026341713,1.0106237779037663,0.9090299223868614,1.003201073079236,1.0098406816941357,1.0,1.0,-0.736932098865509,-0.5747188925743103,-0.7398732304573059,-0.5574963688850403,-0.731722891330719,-0.6117810606956482,-0.7280248999595642,-0.625028133392334,-0.7605486512184143,-0.5846810936927795,-0.7656807899475098,-0.5294180512428284,-0.7656047940254211,-0.4941034913063049,-0.7682266235351562,-0.4544289410114288
I,0.0,0.0,0.9749264012868206,1.2711053239509107,0.9448847571926202,1.0847187111228918,0.9401815080975238,0.9089505139759274,0.9310631590471189,0.7791089536096336,0.9697550763657913,0.9133975037389742,0.9753013007931428,0.8006411107220043,0.9783621703201998,0.9084038208155899,0.9782243257901787,0.9817627836154575,1.0035580188723974,0.9100461446484783,1.0114007378718168,0.8199821612721607,1.0073833417197244,0.9547582774986312,1.0,1.0,-0.7880472540855408,-0.3551796376705169,-0.7964121699333191,-0.322810024023056,-0.7900070548057556,-0.3718192279338836,-0.7819250226020813,-0.3984009921550751,-0.8116900324821472,-0.3627108335494995,-0.8163708448410034,-0.3034462332725525,-0.8176067471504211,-0.2657705545425415,-0.8176684975624084,-0.226253256201744
I,0.0,0.0,0.9846961532198316,1.3198475512298744,0.9610131199546192,1.118484996498064,0.9583975848062258,0.9196608976324488,0.9512376237441126,0.7679039745021233,0.978779471531743,0.9457019487513467,0.9772574319514831,0.8019173363137669,0.9795652831242275,0.8861984238120256,0.9809287584685956,0.9730276093233501,1.0070740013902593,0.932239950610169,1.004748810712892,0.7918351402257419,1.00188506240045,0.9108552299601522,1.0,1.0,-0.8370062708854675,-0.3039169013500213,-0.8367356657981873,-0.2617005407810211,-0.8312295079231262,-0.2963077425956726,-0.8277614712715149,-0.3246692717075348,-0.8604527115821838,-0.3095933198928833,-0.8683150410652161,-0.2508428692817688,-0.8713805079460144,-0.2135045230388641,-0.8730587959289551,-0.1765655726194381
I,0.0,0.0,0.9668209736415553,1.1813424980294367,0.9246879341054736,1.0659101690942852,0.9156274799592627,0.9568095420284413,0.9060046254618327,0.8718988483272387,0.9471029463609584,0.9200597237442127,0.9590102099733674,0.8947455074705284,0.9691184987052684,0.9878921233494865,0.9672563943132706,1.00012726678521,0.9975226711335841,0.9175170178483498,1.0066343639586413,0.8991216679232634,1.0061072037114387,1.025750844148553,1.0,1.0,-0.8632702827453613,-0.697440505027771,-0.8697361350059509,-0.6967430114746094,-0.8623879551887512,-0.7748265266418457,-0.855875551700592,-0.7801762819290161,-0.8965055346488953,-0.7101044654846191,-0.9037508368492126,-0.6495223045349121,-0.9058506488800048,-0.6050983667373657,-0.9102011919021606,-0.5451643466949463
I,0.0,0.0,0.9701930880586269,1.1540262151907572,0.9195947093114732,1.0324673572352927,0.9035349086534352,0.9379599005461396,0.8838095334111915,0.8698191031011171,0.9707012512204013,0.9185509549565799,0.9356550462328732,0.8987600302170926,0.9478647977101984,0.9886212345935221,0.9626453957446645,0.9980268182790777,1.0246627520156262,0.9215046775035696,0.9862952535222582,0.9053908679126894,0.9873011763365855,1.0126959318872328,1.0,1.0,-0.5970197319984436,-0.6438161730766296,-0.5746195912361145,-0.6363245844841003,-0.5710396766662598,-0.7011853456497192,-0.5792384147644043,-0.7156063914299011,-0.6216477751731873,-0.659281313419342,-0.6180252432823181,-0.5982112884521484,-0.6083741784095764,-0.5569933652877808,-0.6042491793632507,-0.5111242532730103
I,0.0,0.0,0.968627057962846,1.2290786976200905,0.9175541946892809,1.0676990464638296,0.9095706094501231,0.9294322023428462,0.8928247209168978,0.8375844311915271,0.9601833549254634,0.9328341026764153,0.9540084976347036,0.8639534126262116,0.9578960365215052,0.9791358648651685,0.9639663215853956,1.0073671619663735,1.0139829522852322,0.9319800756988667,1.0067304171518836,0.8788430090861101,0.9981737548765427,1.0141677055606095,1.0,1.0,-0.598710834980011,-0.5029063820838928,-0.5941115617752075,-0.4770289063453674,-0.585912823677063,-0.5422894358634949,-0.5867229104042053,-0.558758556842804,-0.6264501214027405,-0.5111392736434937,-0.6272794008255005,-0.4417702555656433,-0.6225612163543701,-0.3940725028514862,-0.6241788864135742,-0.3419266045093536
I,0.0,0.0,0.9802807757465494,1.2944005382838983,0.9204953296323993,1.0947521306889745,0.9007769965117498,0.9243327504389107,0.8811027447603174,0.8012991129870631,0.9625993345733148,0.9239061450816318,0.9414064737114635,0.8102415151746462,0.9467033670799384,0.9542481158505023,0.960709598355753,1.0084770870153872,1.0152939775819503,0.9125067570011666,0.9951705354900173,0.8090948637657357,0.9907380409384032,0.9700444749676893,1.0,1.0,-0.536999523639679,-0.3783063888549804,-0.5259330868721008,-0.3449459373950958,-0.5217009782791138,-0.4102950990200043,-0.526323676109314,-0.4388976693153381,-0.5640764236450195,-0.3810924887657165,-0.5649081468582153,-0.3053997159004211,-0.5585598945617676,-0.2576006650924682,-0.5554475784301758,-0.2092481106519699
I,0.0,0.0,0.9369693457576306,1.3360772537309051,0.7951538316152091,1.0518371061461291,0.7453818925820977,0.8277807105394123,0.6786973727255253,0.6791084180708624,0.9046964478815057,0.8127387844881726,0.8118664341052206,0.7177915129299333,0.848703763822465,0.9311398142327201,0.8939509811252937,0.9848846771570586,1.0292296756067663,0.7979486467528729,0.9356178634461203,0.7440712963994457,0.9553989420512583,0.9783320230762002,1.0,1.0,-0.3873946070671081,-0.3879199922084808,-0.3561383485794067,-0.3483895063400268,-0.3546832203865051,-0.4588021636009216,-0.3681680858135223,-0.5017939805984497,-0.4279993772506714,-0.3962043523788452,-0.4189991354942322,-0.2884942889213562,-0.40285125374794,-0.2242543250322342,-0.3947842121124267,-0.1566547453403473
I,0.0,0.0,0.9682585390351844,1.2267033401714493,0.9220992236838349,1.0646030630575283,0.9124905368842932,0.931268672531278,0.8962834561113848,0.8443866549281288,0.9612319362785543,0.9416405113072882,0.9564290351615611,0.8726999261776233,0.9602645126720457,0.9814674451303014,0.9668390343787496,1.0108268383429677,1.0099370299339325,0.9388501873726586,1.0046681222781264,0.8847556958393877,0.9975710963348412,1.0049648514775176,1.0,1.0,-0.6337919235229492,-0.51173335313797,-0.62923663854599,-0.4873985946178436,-0.6222877502441406,-0.5479714274406433,-0.6234297752380371,-0.5668192505836487,-0.66062331199646,-0.5194293260574341,-0.6628384590148926,-0.4519686102867126,-0.6582962870597839,-0.4068577885627746,-0.6586487889289856,-0.3595035374164581
I,0.0,0.0,0.97750419074244,1.1641618593805345,0.9369432907064364,1.0521468567963974,0.9273087076090647,0.957797937786582,0.9170018522134125,0.8911988781907577,0.9702049784728625,0.9525249169370593,0.9591984168652011,0.9130744696391603,0.965676025842181,0.9939250893944171,0.9739160987956512,1.0045464085550988,1.0097448843999925,0.9502243832451432,0.9977323183476601,0.9129068946179727,0.9950203204224559,1.00695334217341,1.0,1.0,-0.6622918248176575,-0.5879288911819458,-0.6543382406234741,-0.5712048411369324,-0.650499701499939,-0.6236931085586548,-0.6541489958763123,-0.6358620524406433,-0.6849186420440674,-0.5941318273544312,-0.6835567951202393,-0.5394078493118286,-0.6784535050392151,-0.5032302141189575,-0.6779930591583252,-0.4629088342189789
I,0.0,0.0,0.9746390425596326,1.1672767212402047,0.9384862055124131,1.053210292197767,0.9319016278011119,0.9557462187219751,0.9222951121117462,0.8862783808929839,0.9717007931578086,0.9561009358724425,0.964913407439134,0.9181237638442403,0.9708079356145123,0.9981340440367938,0.9766915205891389,1.0083216721203296,1.0101506259824775,0.9582198172079972,1.0022809397697892,0.9219114281376757,0.9975290790892924,1.0175524769154605,1.0,1.0,-0.6949519515037537,-0.5955299139022827,-0.6892044544219971,-0.5793437361717224,-0.6838304400444031,-0.6315649151802063,-0.6863196492195129,-0.6420263648033142,-0.71683269739151,-0.6030451655387878,-0.718733012676239,-0.5490021705627441,-0.7160138487815857,-0.5124725103378296,-0.717972993850708,-0.4725622534751892
I,0.0,0.0,1.0433351966463067,1.0868838687282156,1.1265263801367085,0.964139516408973,1.1577691033292217,0.8543091567278974,1.1728085829763732,0.7620627469349017,1.0715947430110193,0.8394048080223064,1.1093122348972029,0.783856600879551,1.086843291926962,0.8725344315691742,1.062838747934728,0.9497838928355921,0.9996046744766721,0.8277062985062755,1.0296410094548687,0.799951588852867,1.0133805832882514,0.9166607502942229,1.0,1.0,-0.3671032786369324,-0.5024612545967102,-0.3762985169887543,-0.4866840243339538,-0.3773598968982696,-0.5562969446182251,-0.3763658106327057,-0.6080511808395386,-0.3375866115093231,-0.5078226327896118,-0.3297775387763977,-0.4326166808605194,-0.3238301277160644,-0.3833333849906921,-0.3204394876956939,-0.3362874388694763
I,0.0,0.0,1.0677588502016244,1.104223567075449,1.175166140166508,0.958124388236265,1.2041574094593246,0.8289049621806367,1.227262482733828,0.7246313029101858,1.0920044766960912,0.8178909712891244,1.1305203579811822,0.7547775857766651,1.1090631896306942,0.8574224926929779,1.0852138867407386,0.9434118179340398,0.9911566478029686,0.8101716030809578,1.0224362098204713,0.7740097207147956,1.0108020639369144,0.9073070026254748,1.0,1.0,-0.2947156429290771,-0.5000789165496826,-0.3023029863834381,-0.4797957837581634,-0.3056654036045074,-0.5611679553985596,-0.3066595792770386,-0.6202398538589478,-0.2606297433376312,-0.5104584097862244,-0.2485449314117431,-0.4265204071998596,-0.2408986687660217,-0.372099220752716,-0.2363006323575973,-0.3167579174041748
I,0.0,0.0,1.098231141850366,1.0442615725830195,1.2035993771325428,0.944292604692852,1.222659150924405,0.8567486735148452,1.245253321142138,0.7846532165443523,1.1161548634242147,0.8226847250647258,1.1296429592463335,0.8350101378497766,1.1088530450640037,0.9072245487630871,1.0875958111233097,0.9621092288632226,1.0016087641274358,0.8179382397076588,1.0197292463506769,0.8549841404655738,1.008931305264262,0.9433064765068937,1.0,1.0,-0.2516495585441589,-0.6715283393859863,-0.2537542879581451,-0.6948583722114563,-0.2561867833137512,-0.7645599246025085,-0.2586404979228973,-0.8113653063774109,-0.2225045561790466,-0.6959585547447205,-0.2134981751441955,-0.6348166465759277,-0.2053283900022506,-0.5908184051513672,-0.1994799077510833,-0.5465226173400879
I,0.0,0.0,1.0966433060455194,1.1509117365891268,1.2268864221195643,0.9595049285300622,1.2571183024646286,0.7916899716774481,1.271847267397002,0.6544996559648076,1.12619556423779,0.7830162985279651,1.1605203178436323,0.6838380338271148,1.135117211164569,0.8161741602953922,1.1074633728184207,0.9348725534690607,1.007242264031264,0.7663743543614475,1.033270109116061,0.7033424399287814,1.0159500535988097,0.8738495742951363,1.0,1.0,-0.2652288377285003,-0.3701171875,-0.2689824402332306,-0.3389437198638916,-0.2708862423896789,-0.4218465983867645,-0.2718307375907898,-0.4851873517036438,-0.2295745313167572,-0.3770618140697479,-0.2213846445083618,-0.2863385677337646,-0.2155939936637878,-0.2264852523803711,-0.2126727402210235,-0.1673245429992675
I,0.0,0.0,1.0369520603566293,1.0665017598218196,1.1014694045068354,0.9579810750809075,1.1188697976576485,0.8702751498463216,1.1366349898279766,0.799851602902677,1.046162604073594,0.8702204735830897,1.0868833874984343,0.8312263331281746,1.0735486088378245,0.9027819646663098,1.0552010012878668,0.9628819225803176,0.9862188440462644,0.8646547592567737,1.0223408566134793,0.8440232648799804,1.0121171969229685,0.935770207883312,1.0,1.0,-0.3708133697509765,-0.5984178781509399,-0.382400244474411,-0.5831485390663147,-0.3854101896286011,-0.6453510522842407,-0.3854894340038299,-0.6911181807518005,-0.346112310886383,-0.606877326965332,-0.3418065905570984,-0.5429121851921082,-0.3397118747234344,-0.5016471147537231,-0.339582622051239,-0.4621161222457886
I,0.0,0.0,1.0200523719451902,1.0508434678166516,1.074471801490271,0.9598944185129596,1.0906275913133232,0.8873528481839807,1.1074660080469776,0.8309758548519869,1.0309286870573462,0.870299187960681,1.0737050766354903,0.8633965703258297,1.059330604146947,0.9248753409740063,1.0410723657194318,0.9739906350634963,0.9800578208049198,0.8656915907039668,1.0185193846752274,0.8731331063007525,1.008925348507694,0.9491197658797366,1.0,1.0,-0.4193931221961975,-0.6638469099998474,-0.4341332614421844,-0.6691384315490723,-0.4363268911838531,-0.7237086892127991,-0.436502605676651,-0.7611088752746582,-0.3978000581264496,-0.677659809589386,-0.3963022530078888,-0.6252189874649048,-0.39471235871315,-0.5911970138549805,-0.3952609598636627,-0.5581812858581543
I,0.0,0.0,1.0438015443824207,1.141832187935168,1.1225803220394162,0.9496641129432873,1.1464927510486143,0.789993923906189,1.1663525355246283,0.6620499228719494,1.0632871523890914,0.7884380046084805,1.1021552952023368,0.6997610729119056,1.0847184918716752,0.8315447465037092,1.0624897532095543,0.942101588614989,0.9929613456130179,0.7717720005042754,1.0234993752657249,0.7113676258965546,1.0120406100107182,0.8823911384721934,1.0,1.0,-0.3953240215778351,-0.3581587374210357,-0.4059150516986847,-0.3268731236457824,-0.4100934267044067,-0.4046751856803894,-0.410967618227005,-0.4633210301399231,-0.3625431954860687,-0.3631009459495544,-0.3564664721488952,-0.281019926071167,-0.3527407348155975,-0.2267983257770538,-0.3513812124729156,-0.1733695417642593
I,0.0,0.0,1.1834233314374842,1.1417473721444378,1.363665606071154,0.9660487813767209,1.4072038764641932,0.7925442879019104,1.4191004392853217,0.6508110820947356,1.2203511597152927,0.7519366381546767,1.2117134433509618,0.687968386227025,1.1828286711352662,0.832247351487796,1.1663183645900332,0.9494857744387103,1.0354548600362734,0.7355462483482488,1.0239080587599394,0.708497593158021,1.00671574274305,0.8841367102719424,1.0,1.0,-0.1759533584117889,-0.3541920483112335,-0.1674484014511108,-0.3389687836170196,-0.1728197038173675,-0.4198949038982391,-0.1802498400211334,-0.4770503938198089,-0.1432046294212341,-0.3636105954647064,-0.1320674121379852,-0.2823400497436523,-0.1214329898357391,-0.2286253422498703,-0.1136420592665672,-0.1744836568832397
I,0.0,0.0,1.12152791354079,1.0352569665057814,1.2368057658932117,0.9463001467541906,1.2553261548305006,0.8648819850166436,1.2735386104533513,0.7980278607369665,1.1498201989295427,0.8211425205730226,1.1268927880667816,0.8459991558525632,1.106372535218505,0.9119430929374462,1.095926517771018,0.9596453895798494,1.0189375339880484,0.8138675748734132,1.0061785506082384,0.8651175541196562,1.001448818947434,0.9484427534692651,1.0,1.0,-0.2197050303220749,-0.6669552326202393,-0.213821992278099,-0.6958016753196716,-0.2186037600040435,-0.7599623799324036,-0.2239823192358017,-0.8025437593460083,-0.1913273334503173,-0.6918463706970215,-0.1793125122785568,-0.6376511454582214,-0.1688636690378189,-0.5986285209655762,-0.1603519767522812,-0.5604598522186279
I,0.0,0.0,1.0768708968088683,1.1302155851176912,1.1953940170416133,0.9051967066297402,1.2335737834637022,0.7208699880620619,1.2641209886840274,0.5737652987899491,1.0899942041915187,0.7047369372887893,1.160792747727286,0.6457731907193833,1.1368601036821584,0.8013711794509703,1.100455627243737,0.9196388220593088,0.9702472325446015,0.6938177641521321,1.0338457804630599,0.677907792174061,1.019045268318616,0.8770703087799158,1.0,1.0,-0.3376095294952392,-0.4424068033695221,-0.3557010591030121,-0.4239506721496582,-0.3652238547801971,-0.541685938835144,-0.3687343001365661,-0.6250193119049072,-0.2920578718185425,-0.4652001559734344,-0.2769888043403625,-0.3486370742321014,-0.2639775574207306,-0.2693900167942047,-0.2540923655033111,-0.1901181936264038
I,0.0,0.0,1.0266261472597888,1.0795956680367615,1.1055809801565237,0.8920559121907665,1.1339101919624202,0.7422886743946181,1.1511034220771335,0.6220857771825306,1.0480774267699706,0.7036155882941548,1.1248415381672325,0.6795928970581444,1.1063577196086016,0.8142346711002324,1.079652996233391,0.9182952323773457,0.972007501399819,0.701163426161117,1.0562212105843773,0.7188439631151957,1.0299411862626444,0.8888000123154606,1.0,1.0,-0.5511851906776428,-0.5632549524307251,-0.5970377922058105,-0.5708258152008057,-0.5955703258514404,-0.6982337236404419,-0.5874282121658325,-0.7854306697845459,-0.5077933073043823,-0.5950440168380737,-0.5045046806335449,-0.4704496562480926,-0.5047321915626526,-0.3838128745555877,-0.5107806324958801,-0.3008737564086914
I,0.0,0.0,0.9757530586488004,1.0753921598612182,1.0418783170670924,0.9254631949049142,1.0725623078800337,0.8009682066364476,1.0853249238115912,0.694152956590144,1.0087448549344595,0.7419605268407826,1.0746930310440344,0.6766211724640194,1.0623667401856969,0.822097697210157,1.041345206116638,0.9254180168965751,0.9609352125374848,0.737959090459569,1.033214977349237,0.7176530505945565,1.0209134923527685,0.8955871021909471,1.0,1.0,-0.7561413049697876,-0.5744377374649048,-0.8145412802696228,-0.5669391751289368,-0.8202755451202393,-0.6915374398231506,-0.8125632405281067,-0.7686247825622559,-0.7142840027809143,-0.5892804861068726,-0.7269998788833618,-0.4621492028236389,-0.7353643774986267,-0.3734297156333923,-0.743930995464325,-0.2895461022853851
I,0.0,0.0,1.0514363594909721,1.0694326639389926,1.1240521728203243,0.9661823705852112,1.171520990251751,0.8780688252249614,1.2275709440748144,0.8214629348755458,1.0600300919640653,0.855496665825466,1.0821206375167503,0.8343416649731745,1.068087633845477,0.9109667647271106,1.0517271128268282,0.9700570122431373,0.9882615700784483,0.8504582495758591,1.0093245287966173,0.8395064319426905,1.0069790489898873,0.9362565310354395,1.0,1.0,-0.3667988181114197,-0.6023082733154297,-0.3712636828422546,-0.5919219255447388,-0.3776300549507141,-0.6584070324897766,-0.380411148071289,-0.7047979235649109,-0.3395274877548218,-0.6163859367370605,-0.3261270523071289,-0.5541718602180481,-0.3158615231513977,-0.5177107453346252,-0.3064936995506286,-0.4788809418678283
I,0.0,0.0,1.0510519085075358,1.0720773589142731,1.1241204871197736,0.973863724187812,1.1429266911417997,0.8794726118485617,1.121320058383805,0.8037932852220347,1.0593341269144838,0.8668090368359117,1.0737610861311202,0.8240383816171871,1.0657257324124607,0.900218877730321,1.054417966726254,0.9623488562508475,0.9888384082250657,0.860919315631603,1.0011972631098243,0.8394015640789709,1.0014009417918486,0.9369079656328424,1.0,1.0,-0.3576538264751434,-0.5676897764205933,-0.3592447638511657,-0.5462010502815247,-0.3645147681236267,-0.6089937686920166,-0.3679685890674591,-0.6551071405410767,-0.3309832811355591,-0.5783220529556274,-0.3172292113304138,-0.5169369578361511,-0.3066194951534271,-0.4790883958339691,-0.2987055778503418,-0.4402296841144562
I,0.0,0.0,1.081371731446145,1.060418490776457,1.2353477062709841,0.9833326169378273,1.2921830277720856,0.905787023270685,1.2685809569137487,0.840504599553558,1.161441848473156,0.867339474903684,1.165895037506474,0.8671748266077535,1.1304483859220786,0.9352501623666253,1.1006115384507897,0.9835204499513341,1.029429536462914,0.8566956286723857,1.037868485014276,0.8676157042530929,1.0143104144036925,0.9516888631509901,1.0,1.0,-0.2063037753105163,-0.7019743919372559,-0.2065569162368774,-0.7066067457199097,-0.2053408771753311,-0.7750527858734131,-0.2055908292531967,-0.8189305067062378,-0.1779325008392334,-0.7175976037979126,-0.1761664599180221,-0.6561850309371948,-0.1747203767299652,-0.6148107051849365,-0.1751993149518966,-0.57405686378479
I,0.0,0.0,1.220200383128302,1.046362313666412,1.5015151343615991,0.9852020320273926,1.5936050510470083,0.915226587248895,1.5375806193522392,0.8568946294194373,1.4151317588572303,0.8535648955178581,1.3108245942085837,0.8815551017415153,1.2239661890965645,0.9422560169918849,1.186299609226872,0.9850437665042769,1.187584290035571,0.832328436917033,1.042825844925359,0.8960807057906213,0.9991903487989514,0.9649225277523833,1.0,1.0,-0.121948704123497,-0.7083522081375122,-0.1043447703123092,-0.7465498447418213,-0.102908007800579,-0.8084949851036072,-0.1059743538498878,-0.8476380109786987,-0.0929065942764282,-0.7255973815917969,-0.0878215730190277,-0.676678478717804,-0.0852545648813247,-0.6368635892868042,-0.0852522030472755,-0.6005188822746277
I,0.0,0.0,1.020139415413757,1.0568081353050378,1.116975316922541,0.976805305297697,1.156478163923919,0.9030987443831386,1.1649668698200215,0.8367364218961305,1.0765166213207016,0.8492353368468802,1.1236070127415856,0.8618782383658924,1.0928230132825762,0.9293450024727047,1.0619686703053697,0.9785271061995772,1.0076674434835404,0.8369683489535437,1.0520622154239008,0.8665738200737592,1.0223323396790736,0.9494838006941758,1.0,1.0,-0.3795216977596283,-0.7109847068786621,-0.3949609994888305,-0.7320186495780945,-0.391099601984024,-0.8028426766395569,-0.388178288936615,-0.8481360077857971,-0.3517860174179077,-0.7281795740127563,-0.3604600429534912,-0.6707013249397278,-0.3652904033660888,-0.6299858093261719,-0.3729336857795715,-0.5906211137771606
I,0.0,0.0,1.045778180700655,1.0343318856623849,1.111051772285219,0.9922320870515534,1.1347366808977295,0.9398418305968931,1.1293268772234968,0.8926082272765915,1.0991373165951697,0.8902687849310068,1.0731367409259456,0.9077048906895899,1.0504135315084893,0.9533254740004228,1.039791853186572,0.9877505654788191,1.044106295749722,0.8734219321715355,1.016066008475738,0.9077614602381073,1.0033458209798616,0.9638473312370035,1.0,1.0,-0.3444828391075134,-0.6630315184593201,-0.3358493447303772,-0.681790828704834,-0.3348211944103241,-0.7223730087280273,-0.3361649215221405,-0.7514349222183228,-0.3251834809780121,-0.6725065112113953,-0.3227504789829254,-0.6381045579910278,-0.3207824230194092,-0.6099815964698792,-0.3198651373386383,-0.5849967002868652
I,0.0,0.0,1.2492158447923445,1.1180164824016594,1.6193334447022734,0.9908062985719089,1.752378072349979,0.848507866269298,1.7262756722680375,0.7290404504977946,1.4014112558229908,0.7961273657650049,1.408834666305734,0.7518129504485244,1.3311541195736605,0.8772518356538399,1.2744099173634345,0.9677991245607024,1.094611369142919,0.7725225238913039,1.0864183342539562,0.7602909958349913,1.029625967009594,0.9124883672250543,1.0,1.0,-0.1189053058624267,-0.5319423079490662,-0.1113474667072296,-0.5184579491615295,-0.1110638678073883,-0.6230604648590088,-0.1135319471359252,-0.6924744844436646,-0.0795764625072479,-0.541592538356781,-0.076591320335865,-0.4403123259544372,-0.0729528963565826,-0.3755598664283752,-0.0708985179662704,-0.3113690018653869
I,0.0,0.0,1.0557462234501456,1.1014673359896596,1.176194718010222,1.0058780593361023,1.225178054638559,0.8957073970127273,1.2201484154347348,0.7980010259850328,1.1285945593071354,0.8574141108709776,1.1383754287087007,0.8104419862923695,1.1031002747445393,0.8989544535723455,1.0789974018477058,0.9692620977200129,1.0401710627451746,0.833286687424819,1.0503976399023351,0.8084263142311992,1.0176611019549704,0.9258768715766956,1.0,1.0,-0.3134321272373199,-0.5110690593719482,-0.3130205273628235,-0.4916602373123169,-0.3087610304355621,-0.5641698837280273,-0.3080286979675293,-0.6148669123649597,-0.2846314907073974,-0.5134567022323608,-0.2838233709335327,-0.442834198474884,-0.2812017798423767,-0.397398293018341,-0.2813900113105774,-0.3519901633262634
K,0.0,0.0,0.9675797263454516,2.0162899707937796,0.9413719668329008,1.8288749516606684,0.9379223692859479,1.6298838577892782,0.9279586446886056,1.4823695075843333,0.944867918458105,1.602841079499635,0.9349363125215088,1.3675906567441283,0.9312255840346946,1.223205593976565,0.9305526936434946,1.092994123582034,0.979443434322944,1.5890619301272115,0.9805974818258204,1.3328010020695127,0.9885431580490788,1.1524975494696024,1.0,1.0,-0.6786949634552002,-0.489796370267868,-0.6868082284927368,-0.4773970544338226,-0.6797178983688354,-0.5312525629997253,-0.6729913949966431,-0.5684755444526672,-0.6991167664527893,-0.5093994140625,-0.7023382782936096,-0.510288655757904,-0.694881021976471,-0.5508872270584106,-0.6852636933326721,-0.5790103077888489
K,0.0,0.0,0.9639918009869883,1.9903289774534472,0.9384663355457196,1.8131108689824613,0.9366730531919244,1.620703461076495,0.9279082981251355,1.474277110727449,0.9425960511537294,1.583309135425084,0.935794012100628,1.3489574579619839,0.9345007122780912,1.2059161866506776,0.9363310336180023,1.0766572426230354,0.9764259549950925,1.5693347953356946,0.9794616632921495,1.324807496826068,0.9880077745094545,1.148790021256981,1.0,1.0,-0.6867280602455139,-0.4985581934452057,-0.6964249014854431,-0.4892573058605194,-0.6884072422981262,-0.5437215566635132,-0.6810383796691895,-0.5824683904647827,-0.7066290378570557,-0.5189729332923889,-0.7118707299232483,-0.5234089493751526,-0.7044845819473267,-0.5653402805328369,-0.6947739720344543,-0.5951758027076721
K,0.0,0.0,0.9505781982331395,3.97173946106817,0.8944118643631083,3.4698478036348153,0.8866954834262626,2.945290130354828,0.8617276959578721,2.5319556137123405,0.9056263392828602,2.7540020520477633,0.8868377784463631,2.0577337439235444,0.881296312476377,1.640616759248188,0.8821194731848958,1.2586222081158522,0.9737323780355382,2.6267576459780653,0.9717427662500623,1.9529224743942855,0.9825261909047038,1.4401422274372133,1.0,1.0,-0.638672411441803,-0.4717353582382202,-0.6390750408172607,-0.5068125128746033,-0.6228983998298645,-0.5992041230201721,-0.6107868552207947,-0.659078061580658,-0.6731369495391846,-0.502099335193634,-0.6698963046073914,-0.5632147192955017,-0.6547050476074219,-0.6335839033126831,-0.639600396156311,-0.6763139367103577
K,0.0,0.0,0.9426673968201136,3.4399849057179344,0.891143139517262,3.046878563760985,0.8894142935904862,2.6329390620615363,0.8825215954658586,2.2865923712018383,0.9042214707881288,2.4373686858893744,0.890559264689612,1.8647225811335315,0.8856567615587226,1.517409054055409,0.8869943741614934,1.2022556122328647,0.9694560015917097,2.3422627046247566,0.9700210957322283,1.791716984470882,0.9822018589161312,1.3625544021905918,1.0,1.0,-0.6613978147506714,-0.504652738571167,-0.6621613502502441,-0.550727128982544,-0.6448987126350403,-0.6428237557411194,-0.6311964988708496,-0.7035453915596008,-0.6953837275505066,-0.5353221297264099,-0.6922619342803955,-0.5988902449607849,-0.6760171055793762,-0.6682284474372864,-0.6591686010360718,-0.7121009826660156
K,0.0,0.0,0.989399634468518,2.7468149897949385,0.9177665665851844,2.4748564364490027,0.9011213380426035,2.186947343415215,0.8892659407596071,1.944657480360746,0.9255932413684467,2.0512234614473117,0.8872821234987777,1.6384951177497176,0.8722123717033842,1.3964280193959975,0.8668236410237917,1.1701711178395913,1.0041730799158861,1.954876429947841,0.9858840509846195,1.565006138166729,0.9896503324134946,1.264167434149208,1.0,1.0,-0.5432379841804504,-0.5202967524528503,-0.5295839905738831,-0.5710229277610779,-0.5160546898841858,-0.6512321829795837,-0.5076136589050293,-0.7032148241996765,-0.5755581259727478,-0.5441164970397949,-0.559553861618042,-0.6122884750366211,-0.5447670221328735,-0.6710586547851562,-0.5330148339271545,-0.7087594270706177
K,0.0,0.0,0.8990185958127312,2.987142569716165,0.8761739245235454,2.621528040408246,0.8933101908685832,2.2484472754812113,0.9015863550259591,1.9425151695738347,0.8898125364774588,2.1231847494953278,0.890113167488959,1.6555448428920034,0.89239664894243,1.3693746605370596,0.8974986394691928,1.1120360034856198,0.9363733804306984,2.1276094792346134,0.957170534994764,1.6468083610568522,0.9785356476992841,1.2946091746326618,1.0,1.0,-0.7799190282821655,-0.4869575798511505,-0.7947558164596558,-0.4954075813293457,-0.7772973775863647,-0.5731720328330994,-0.761765718460083,-0.6263867616653442,-0.8073274493217468,-0.5226321220397949,-0.8154283165931702,-0.5398736000061035,-0.7991490364074707,-0.5998106002807617,-0.7797462344169617,-0.6422169804573059
K,0.0,0.0,0.9289466941430864,3.04794742481836,0.9066401089805717,2.6448553150344893,0.9207394158055701,2.2344552826033897,0.9243693243838292,1.8978421818769389,0.9122418349251373,2.1801697055008957,0.9132702202447747,1.6907535141597119,0.9165056151108654,1.3954334252501988,0.9200861497209927,1.1373056685708443,0.9521222748028046,2.1750274499927125,0.9658389504473841,1.653651388111415,0.983132677891061,1.2953852098663,1.0,1.0,-0.8614397644996643,-0.4708167910575866,-0.8771693110466003,-0.46944460272789,-0.868351936340332,-0.5402432680130005,-0.8588930368423462,-0.5872405171394348,-0.8885661959648132,-0.5025306344032288,-0.8984593152999878,-0.5067518949508667,-0.8857513666152954,-0.5607052445411682,-0.8693562150001526,-0.598421573638916
K,0.0,0.0,0.9562525196251007,2.6715045976497707,0.9345504720259322,2.332759889093267,0.9423251659931254,1.9930320536948793,0.9419287400039329,1.7339771560869828,0.9350274663381071,1.949631598977827,0.9242684620074105,1.5630173861665144,0.9191950448690959,1.3428454336612883,0.9151658081166916,1.1470138079190173,0.9697508469371952,1.9457125991603876,0.9775712708877108,1.507677928203612,0.9880373198440078,1.2261090081573074,1.0,1.0,-0.7994918823242188,-0.4359568357467651,-0.8118138909339905,-0.4216680824756622,-0.8055222034454346,-0.4793737232685089,-0.8000215888023376,-0.5175068378448486,-0.8212544918060303,-0.462957352399826,-0.8271589279174805,-0.4513335227966308,-0.8195581436157227,-0.4985302984714508,-0.8106284141540527,-0.5331894159317017
K,0.0,0.0,0.9582652283099241,4.87761085584384,0.9105261382667676,4.2777620799617235,0.9093588237537243,3.631242548323294,0.9008136971842228,3.1357450593722045,0.9154738383128778,3.358036144139427,0.8824455334130893,2.5043673840295138,0.8642650327399543,1.9911377350447137,0.852106565816351,1.5137211765945242,0.9807968105080125,3.179060530012968,0.9798924245061383,2.2950982119914043,0.9879119943142585,1.6038301002942768,1.0,1.0,-0.6208061575889587,-0.3938274979591369,-0.6218114495277405,-0.4169184863567352,-0.6087014675140381,-0.4972584545612335,-0.5977506637573242,-0.5508724451065063,-0.6528484225273132,-0.4203871190547943,-0.6504016518592834,-0.4641312956809997,-0.6353424191474915,-0.5231002569198608,-0.6196655035018921,-0.5618534088134766
K,0.0,0.0,0.9658063849230313,4.490605380162037,0.8916272240492744,3.907657587487623,0.8765865531662568,3.3248278143058196,0.8635613961780357,2.807371761608053,0.9060761775507126,3.130275362997629,0.8561651788945135,2.2729250285299742,0.8233399883831405,1.7904592794579852,0.8008047306392236,1.3417984808910555,1.0016447218347089,2.963629569825139,0.9835196584788265,2.1514623378547317,0.987554061082383,1.5392907936336322,1.0,1.0,-0.5201405882835388,-0.4376435875892639,-0.5003389120101929,-0.4865385591983795,-0.4823373556137085,-0.5715972781181335,-0.4718277156352997,-0.6261649131774902,-0.5548057556152344,-0.4664300978183746,-0.5337575078010559,-0.5397050976753235,-0.514622688293457,-0.6034016609191895,-0.5002599358558655,-0.6423693895339966
K,0.0,0.0,0.971216392788513,1.7478508493321703,0.9302606124079559,1.6056739131701687,0.9257826795362075,1.4727859506802623,0.9228655950815426,1.369749263596988,0.9454790138123057,1.4295845579736468,0.9232192045920088,1.2413862377948768,0.9107932060153711,1.1368540811522916,0.903845438757426,1.041085751694423,1.0002164467870391,1.4021236380024749,0.9918486152934819,1.2277062041751412,0.9939148511144229,1.1047555543468335,1.0,1.0,-0.4839818477630615,-0.5250316858291626,-0.4693059623241424,-0.5456724762916565,-0.459284245967865,-0.594190776348114,-0.4544349908828735,-0.6264897584915161,-0.5019437670707703,-0.5452279448509216,-0.4849512875080108,-0.5799848437309265,-0.4740804731845855,-0.6148994565010071,-0.4682152867317199,-0.6366148591041565
K,0.0,0.0,0.9571966020079248,1.5979732703360279,0.9191204652786886,1.4778606597547843,0.9161135357521186,1.3712568636165567,0.9110217374040558,1.2863940109817864,0.9331219862307021,1.3394507313765485,0.9040640682702245,1.1911299199892202,0.8903639673393324,1.109310802161584,0.8825056108061428,1.0323766966838395,0.9859939035309265,1.317006039656572,0.9827016623104192,1.177820915163363,0.9895410574621637,1.0806857313928482,1.0,1.0,-0.4911622107028961,-0.5862524509429932,-0.4790595173835754,-0.6085233092308044,-0.468481183052063,-0.6547645926475525,-0.462862879037857,-0.6855499744415283,-0.5086253881454468,-0.6042095422744751,-0.4943727552890777,-0.6362754106521606,-0.4842705726623535,-0.6708176732063293,-0.4780159592628479,-0.6933943629264832
K,0.0,0.0,0.9452085953876151,6.518261031926458,0.8811159355033991,5.464156849990346,0.8715606843317873,4.495419637267647,0.8585492388118643,3.7166544511112396,0.9142512854150203,4.262677356124662,0.8685609224798345,2.9967953459674934,0.8431728060602188,2.2578504236294394,0.8277463916196555,1.6081893535317255,1.0015145814227169,4.13805459845079,0.9871368502228057,2.7764161856674088,0.9887291650038971,1.8112327772902848,1.0,1.0,-0.4484122395515442,-0.3429761230945587,-0.4215690493583679,-0.3453145921230316,-0.4079993665218353,-0.4228446781635284,-0.403527170419693,-0.4761439859867096,-0.473722368478775,-0.3716998994350433,-0.4436732530593872,-0.4024320840835571,-0.4278603494167328,-0.463760495185852,-0.4204612672328949,-0.5051621198654175
K,0.0,0.0,0.8889308842253744,4.453680230817801,0.8643191944295383,3.783142955604805,0.8744426132675791,3.163791589840597,0.8756309061009904,2.681821840656232,0.8873704896858452,2.998052537712903,0.872866812095666,2.153672936009439,0.8668279527847083,1.663727068518375,0.8644999295439385,1.2226394377463572,0.9401456836742674,3.0067192731352343,0.9582937055527665,2.1253474466913027,0.9790558094896927,1.5119369477012554,1.0,1.0,-0.65204918384552,-0.3802620470523834,-0.65474534034729,-0.3747966885566711,-0.6356258988380432,-0.4394025802612304,-0.6210210919380188,-0.4823174774646759,-0.6773278713226318,-0.4160111844539642,-0.6746256947517395,-0.4289399087429046,-0.6542258858680725,-0.4771514236927032,-0.6349726915359497,-0.5094247460365295
K,0.0,0.0,0.8986019061325901,3.1523786104174025,0.8824061925575823,2.718669894362452,0.8973857438268821,2.31110738611949,0.9018922549186924,2.0013161511004087,0.902131472638341,2.216207854532459,0.8950127707187655,1.6887913583976104,0.8901451502973554,1.375517190032716,0.8886198384030315,1.0940185237971654,0.9395756041406913,2.254119098570936,0.9603197879288898,1.6941934660432503,0.9797870085429206,1.3114404230607233,1.0,1.0,-0.7982735633850098,-0.4233236014842987,-0.8132826089859009,-0.4084577858448028,-0.7960371971130371,-0.4691305458545685,-0.7824275493621826,-0.5129852294921875,-0.819537878036499,-0.4618016183376312,-0.8263957500457764,-0.4588654041290283,-0.8111433386802673,-0.503792405128479,-0.7948822975158691,-0.5363909602165222
K,0.0,0.0,0.9428044921425225,1.533848839244082,0.9243215696161655,1.4405965338501792,0.9312714733994542,1.3427527387886269,0.9381769580166917,1.2650611763749702,0.9348741407331528,1.2950294948921177,0.9263138974253097,1.1693968907477197,0.9214301879600734,1.0932489242324461,0.9195311652148134,1.0234473339765198,0.9684622266691019,1.2894753311417029,0.9764654519803173,1.1645537916312683,0.9877746378307698,1.0749097596715094,1.0,1.0,-0.7189047336578369,-0.6160016059875488,-0.7231411933898926,-0.6250827312469482,-0.7119699716567993,-0.6691115498542786,-0.7031611204147339,-0.6985064744949341,-0.7362111806869507,-0.6391279101371765,-0.7358434200286865,-0.6584582328796387,-0.725551187992096,-0.6913174986839294,-0.7152894139289856,-0.7133530974388123
K,0.0,0.0,0.9395929988778147,1.489138933146736,0.9260760585936467,1.399197864675436,0.9369929004455169,1.302041442249698,0.941669006040943,1.2228271074164614,0.9357582822778291,1.2700462287383727,0.933376906411457,1.1538753472287209,0.9312058242204884,1.0839945445621009,0.93052444128242,1.0176533768351577,0.9628498078855843,1.2702796364731885,0.9765548267184401,1.1553955766034405,0.9884799924568572,1.0719309992157355,1.0,1.0,-0.8223987817764282,-0.6412668824195862,-0.8336440324783325,-0.6459806561470032,-0.8233771920204163,-0.68918776512146,-0.8141240477561951,-0.7187551856040955,-0.8380712866783142,-0.6624522805213928,-0.8452869057655334,-0.6730263829231262,-0.8359496593475342,-0.7062327861785889,-0.8247165679931641,-0.7300831079483032
K,0.0,0.0,0.9340578076016633,3.2921596777164117,0.8918899465904216,2.8765419791625377,0.8917666757415822,2.470376999993006,0.8876542200110067,2.134035468912829,0.9098536640653206,2.3641491214368475,0.8832824281202422,1.8014526074803174,0.8702980934498193,1.4815266506426321,0.8629883073802432,1.1870834780703081,0.9711403079317489,2.3124354745080304,0.973573300585741,1.7474260908893802,0.9856028996107913,1.3438521561340888,1.0,1.0,-0.5237815380096436,-0.3816620111465454,-0.5136885046958923,-0.3908322751522064,-0.5009045600891113,-0.4508350789546966,-0.4928157031536102,-0.4914421141147613,-0.5480971336364746,-0.4043241739273071,-0.5347819328308105,-0.4273566603660583,-0.5215651988983154,-0.4726758599281311,-0.5112787485122681,-0.5034620761871338
K,0.0,0.0,0.9912575223161073,4.0797588342242594,0.8953955888960492,3.5430613896493677,0.8689644287890405,3.006268775618771,0.8538860217190289,2.548463166973104,0.9260206698524023,2.828226531992023,0.8594722570999509,2.0969039076510216,0.8216381308060641,1.6899630717467278,0.7979325835914205,1.309175052716024,1.0347977128673758,2.7311363836358185,1.001460762510485,1.976271613626582,0.9945427558234231,1.4471950112080254,1.0,1.0,-0.3759737610816955,-0.3680731356143951,-0.3527722060680389,-0.3773827850818634,-0.3414216935634613,-0.4492621421813965,-0.3367054760456085,-0.5001691579818726,-0.4018391370773315,-0.3919212818145752,-0.3773101568222046,-0.4267915487289428,-0.3646311163902282,-0.4844543933868408,-0.3579186797142029,-0.5248821377754211
K,0.0,0.0,1.0492953748416485,3.1420794256644955,0.9584276921163454,2.7834211433652523,0.9297679804576876,2.4053814573210412,0.9126595481538985,2.101877495716075,0.9819784040957242,2.286080504099002,0.9109410886761774,1.8170226739126871,0.8713723254918594,1.543269332969247,0.8438821270431981,1.2975442283446812,1.0698009853607342,2.1913077141768342,1.0213730941039763,1.6724898097444514,1.0042395072218095,1.3081897941036937,1.0,1.0,-0.3931131660938263,-0.3831487596035003,-0.3673551082611084,-0.3874220252037048,-0.3623695969581604,-0.4540512561798095,-0.3628451824188232,-0.5010024905204773,-0.4156458079814911,-0.4008878171443939,-0.390849769115448,-0.4269841015338897,-0.3832191526889801,-0.4795238077640533,-0.3806231915950775,-0.5170090198516846
K,0.0,0.0,0.9920264998366374,1.722781776626231,0.9782446977323395,1.5602079268485163,0.980715957215365,1.394425168260187,0.9842838127513309,1.2752259749876935,0.9572746277944173,1.4207690529227237,0.9511836578102545,1.2550910597085851,0.9476643821890282,1.1523808955050707,0.9458115613958888,1.0562236860178325,0.9865839118605951,1.4141129537948869,0.9886561610326702,1.232747113620096,0.9934683797779672,1.1050310414343645,1.0,1.0,-0.7766734957695007,-0.5075454711914062,-0.7911050319671631,-0.4787112474441528,-0.789844810962677,-0.5258644223213196,-0.7876330018043518,-0.5638434290885925,-0.7963263392448425,-0.5286267399787903,-0.8055499196052551,-0.5083017349243164,-0.8036274909973145,-0.5419484376907349,-0.8010596036911011,-0.570526659488678
K,0.0,0.0,1.0114391183456113,1.9858280862815978,0.9851327947052438,1.7789424472289994,0.9908197132219771,1.549850519827859,0.9977300427952541,1.4031965971967715,0.9656384696391588,1.6002262535666594,0.9501628719654314,1.3601518019839183,0.942495508228513,1.216531890646013,0.9378725605711182,1.0851549577967876,1.0010850768474755,1.5735869589405604,0.9936628043526438,1.3212999546468827,0.9950964572290013,1.145653416716375,1.0,1.0,-0.7562291622161865,-0.4848613142967224,-0.7655720114707947,-0.4484363794326782,-0.7663519978523254,-0.5051528215408325,-0.7667826414108276,-0.5494896173477173,-0.7805495262145996,-0.5019206404685974,-0.7850049138069153,-0.478944718837738,-0.783750057220459,-0.5210966467857361,-0.7823457717895508,-0.5550833344459534
K,0.0,0.0,0.996297541758515,1.989506706693428,0.9708095258525333,1.7840132361609624,0.9733602289257206,1.5618238511462146,0.9767770653076978,1.395479817961925,0.9552798459064076,1.5964286084213375,0.9452981009382059,1.358386676109845,0.9420497614797817,1.2137065840512093,0.9415071997880566,1.0791076519488718,0.9905941326159471,1.5817245609335409,0.988457121847244,1.3255920936535743,0.9925938052094072,1.1487819449672267,1.0,1.0,-0.7659969329833984,-0.5081377029418945,-0.7763779163360596,-0.4711217582225799,-0.7757629156112671,-0.5313106179237366,-0.7746942043304443,-0.5770400762557983,-0.7910211086273193,-0.5282645225524902,-0.795974850654602,-0.5062909126281738,-0.7944009900093079,-0.5513181090354919,-0.7918963432312012,-0.5862162113189697
K,0.0,0.0,0.9926968948757845,2.0462493524319973,0.9669118001859917,1.82266529812921,0.9728510976350162,1.5858655232248566,0.9801137215244619,1.4125341874103845,0.9500788658148698,1.645462824575594,0.931712512519078,1.3888933787150657,0.9203022701346958,1.239694287361923,0.912666774787433,1.103206507862636,0.9901115616712396,1.6299115828834674,0.987982026673376,1.3498043434119307,0.9917468669104252,1.156316069113512,1.0,1.0,-0.7187901735305786,-0.5196094512939453,-0.7283135056495667,-0.4837697744369507,-0.725978434085846,-0.5425687432289124,-0.7250509858131409,-0.5880383849143982,-0.7429868578910828,-0.5411991477012634,-0.7468603849411011,-0.5202069878578186,-0.7453182339668274,-0.5668622255325317,-0.744086503982544,-0.6039429903030396
K,0.0,0.0,0.9845469625663589,1.6782572481377198,0.9691466079319435,1.5154321389807852,0.97352133581044,1.3557732649878238,0.9774598318398546,1.2304733358697963,0.9497731175663104,1.398975110525061,0.9394455379001352,1.2308920802425625,0.9333334957465872,1.1287400338513538,0.92859691621387,1.0341661856508306,0.9808054179843394,1.3971522450952674,0.9843410276358586,1.2225278609149768,0.9920354570465033,1.1014380147575225,1.0,1.0,-0.7912161946296692,-0.5263768434524536,-0.8073137998580933,-0.501053512096405,-0.806572675704956,-0.5472822189331055,-0.8038135766983032,-0.582916259765625,-0.8106203675270081,-0.5475183129310608,-0.8220699429512024,-0.529729425907135,-0.8192368149757385,-0.5641142129898071,-0.8146911859512329,-0.5921536087989807
K,0.0,0.0,0.985207267271379,1.7455466466962937,0.9733514007773363,1.566810338754266,0.9837197181808214,1.3952094352968363,0.9949610760707723,1.271025956788471,0.9513500034463147,1.4397903463065613,0.9414006833105664,1.2615423485102535,0.9365407190823027,1.1533616168675447,0.933697256912231,1.0524384332932235,0.9820959483539243,1.4367187037668483,0.9856069154442222,1.2437919885081117,0.992399069409555,1.108267826094308,1.0,1.0,-0.7764931321144104,-0.5014058351516724,-0.790071427822113,-0.4685784578323364,-0.7886088490486145,-0.5162169337272644,-0.7860630750656128,-0.5531471967697144,-0.7960819602012634,-0.5221202373504639,-0.8038817644119263,-0.4986023306846618,-0.80128014087677,-0.5342230796813965,-0.7988744974136353,-0.5627757906913757
K,0.0,0.0,0.9693323203713162,4.4424575915527935,0.9522051016041242,3.751057851471759,0.9545759085596661,3.019029937485279,0.9558841628098035,2.474308117865297,0.9364608902767102,3.0621303058338256,0.9311063442694264,2.232100304382896,0.9263916062595295,1.7332365527818043,0.9225449745442625,1.294136689917922,0.969364189609336,3.0166525994236872,0.9778488234964108,2.1372618644583454,0.9889490847066723,1.5153386513232323,1.0,1.0,-0.8117607235908508,-0.3044091165065765,-0.8308031558990479,-0.2763661742210388,-0.8312846422195435,-0.3221592605113983,-0.8291108012199402,-0.3581656813621521,-0.8332510590553284,-0.3292540907859802,-0.8459988236427307,-0.3003757894039154,-0.8450491428375244,-0.3322221338748932,-0.8415341973304749,-0.3614532053470611
K,0.0,0.0,0.9645552371063492,3.5875828537548395,0.9390806499602276,3.026350952986973,0.9526745347909131,2.46594940753307,0.9763956272606015,2.12812608936094,0.9338931157623587,2.6134096670227414,0.9182971164829175,1.970317238525329,0.9092052904398444,1.5845090641062556,0.9039494448391325,1.2414023843267477,0.9760055775838746,2.6008153561511733,0.9802231741964387,1.8931214088742692,0.988815314977975,1.3985244313925411,1.0,1.0,-0.7191458940505981,-0.3908117711544037,-0.7305984497070312,-0.3487173914909363,-0.7245981693267822,-0.4134968221187591,-0.7198951840400696,-0.4666930139064789,-0.7450477480888367,-0.4171145856380462,-0.7514210343360901,-0.3902651667594909,-0.7446449398994446,-0.4395821690559387,-0.7375134825706482,-0.4823757410049438
K,0.0,0.0,0.9722680039784828,3.5350341720610134,0.934718036485355,2.9848106539769708,0.9489220960112624,2.436980716957382,0.9835705389171479,2.157336521828395,0.9380547449579502,2.582607072826135,0.9095158019241281,1.959457377282013,0.8947655472952589,1.596052610168511,0.8857421771938156,1.2663211994944852,0.987819132360218,2.5280036931258323,0.9836569584121114,1.8508098902006211,0.9891219958522625,1.3777275825514268,1.0,1.0,-0.6207401156425476,-0.3872498571872711,-0.6235314607620239,-0.3466094434261322,-0.6173661947250366,-0.4165551960468292,-0.6140695214271545,-0.4729126691818237,-0.6482391357421875,-0.4106021225452423,-0.6487040519714355,-0.3886386752128601,-0.6408408880233765,-0.4423089921474457,-0.6338475942611694,-0.4885432720184326
K,0.0,0.0,1.0452556211009079,2.3639894839236555,1.1166422789130963,2.0718599784638374,1.094948246333301,1.7881455189884765,1.0443833032383338,1.570030534098138,1.1325064095173103,1.8151335844805572,1.1951055584779071,1.479393395298947,1.2232193517195717,1.2897450850434027,1.2498325682160187,1.121533783640534,1.026122525327552,1.7864783226049077,1.0154317325169002,1.4495546721077066,1.0040767548667051,1.2061665898399714,1.0,1.0,-0.2772394120693207,-0.5876926183700562,-0.2591579556465149,-0.56687992811203,-0.2638622224330902,-0.6470837593078613,-0.2714066803455353,-0.7050392627716064,-0.2477284669876098,-0.6115095615386963,-0.2340876758098602,-0.6100931763648987,-0.2402944266796112,-0.6708858013153076,-0.2483423352241516,-0.7137058973312378
K,0.0,0.0,1.1522475260896052,3.1045805724216753,1.2479789347312573,2.663819879079644,1.1976412010253605,2.2146345991572063,1.1108019312040134,1.8868075104962454,1.2565078792628939,2.302194654827757,1.32899804158192,1.7987574044217989,1.3519198350628634,1.4980325140256139,1.3791152826877089,1.22200379173438,1.1062861050256372,2.2650023948135365,1.0601418753195324,1.7167684005804278,1.0206708943264027,1.3296127235186157,1.0,1.0,-0.2231605648994445,-0.539794385433197,-0.1970220506191253,-0.5013807415962219,-0.2006992399692535,-0.5923880338668823,-0.2077829241752624,-0.65831059217453,-0.1886936128139495,-0.5694355368614197,-0.1680511087179184,-0.5464773178100586,-0.1738568395376205,-0.6136587262153625,-0.181482121348381,-0.6619295477867126
K,0.0,0.0,1.002776545250089,3.4281500190471528,1.0825272909261425,2.9438834966565257,1.0569780089173346,2.4390399241888576,1.0162340590420544,2.0679600077678613,1.0877986206077146,2.4880627084239406,1.1407010371883601,1.9111692468204668,1.164142217142187,1.5593603136811864,1.185723361226196,1.2552211630169694,0.9953976507855953,2.4146661914122096,0.9973068854254283,1.7797324723567958,0.9970357165417085,1.3527096374617504,1.0,1.0,-0.3516923189163208,-0.4435312151908874,-0.3469435274600982,-0.4161214530467987,-0.3525910675525665,-0.4978084862232208,-0.356196641921997,-0.5569957494735718,-0.3184599578380584,-0.4651481807231903,-0.3203923106193542,-0.4611309468746185,-0.3266030848026275,-0.5284079313278198,-0.3289225101470947,-0.5745607018470764
K,0.0,0.0,1.116579899397345,2.497686599017688,1.1863539952435564,2.170858495225003,1.1436408222854049,1.8525830400838044,1.104419833222033,1.6065371984040488,1.1901968726672618,1.8998264315420728,1.2638055888673174,1.546946057166333,1.307259485935241,1.355879965833153,1.339626272029445,1.1865492548348264,1.0766989014014936,1.8658033549012136,1.051291804663333,1.4792017620723141,1.025294188266017,1.2256558977730798,1.0,1.0,-0.3115162551403045,-0.5736023783683777,-0.3052041530609131,-0.5526533722877502,-0.3153654336929321,-0.637353777885437,-0.3222913444042206,-0.6916278004646301,-0.2803340256214142,-0.60090172290802,-0.2807506918907165,-0.599614143371582,-0.2898425161838531,-0.6661151647567749,-0.2946390807628631,-0.7060300707817078
K,0.0,0.0,1.0168139840035062,1.803036571340724,1.0516016913316253,1.625672643489526,1.0379763431538485,1.4509313173734881,1.0203037942683173,1.3215258319742968,1.0449417229225761,1.482687646174959,1.0816519329714454,1.3005867153390214,1.1021698094221346,1.1890629837308933,1.1169418330825116,1.0903950597821004,0.9969494171703797,1.45992225544402,1.003164508916776,1.2446301535878481,1.0027668268418806,1.10714690796561,1.0,1.0,-0.4805738627910614,-0.5403821468353271,-0.4908642768859863,-0.5197965502738953,-0.4960695505142212,-0.574431300163269,-0.4973636567592621,-0.6138616800308228,-0.4572137296199798,-0.5559878349304199,-0.470186173915863,-0.5476948022842407,-0.4762274324893951,-0.5918179154396057,-0.4768674075603485,-0.6242420077323914
K,0.0,0.0,1.0806803201733488,5.19999785469278,1.16590249662406,4.309298476593506,1.124531429871736,3.485446871466699,1.0686435768717626,2.8440284181696396,1.1408778659170382,3.475821195794244,1.218240566400796,2.5470738009520395,1.2610592328517827,1.9860729833516215,1.293294762337599,1.480638403700734,1.0164630067245009,3.372595368837903,1.0184414255734975,2.3127754634062234,1.0111245724985112,1.5864113857016064,1.0,1.0,-0.3829177618026733,-0.5259050130844116,-0.3999030292034149,-0.5100255012512207,-0.4159201681613922,-0.631341814994812,-0.4230993390083313,-0.7129785418510437,-0.3375630378723144,-0.5642567276954651,-0.3634306192398071,-0.5814438462257385,-0.3793991208076477,-0.678065299987793,-0.3836256265640259,-0.7372413873672485
K,0.0,0.0,1.0241602067029585,3.865115835704766,1.0890365561671151,3.2639635629632453,1.0689302057132253,2.676451709818623,1.0308925355901948,2.242040610372448,1.0726822588734455,2.7304645950448188,1.1378526698318276,2.0866704185214955,1.1748835753494764,1.6970502608696492,1.2033077332694315,1.344290228314994,0.986520275891376,2.64010308438153,0.9991493774030952,1.9185823389873176,1.0013534689430448,1.4058510288585793,1.0,1.0,-0.4511616826057434,-0.5013351440429688,-0.4698662459850311,-0.4825024902820587,-0.4822461903095245,-0.5821643471717834,-0.4877161681652069,-0.6535962820053101,-0.412483811378479,-0.5293138027191162,-0.43645840883255,-0.5369411110877991,-0.4475409984588623,-0.6169437170028687,-0.4493904113769531,-0.6709229946136475
K,0.0,0.0,1.8198703869523842,18.04268155827886,1.9652069128348606,14.186601734772754,1.7488079539922676,10.841307769527385,1.5152124897192483,8.229383606476931,1.9311007727372707,10.993265288595957,2.0981487871058264,7.362301060074755,2.1770959964224548,5.112684452212923,2.2404316821238446,3.0349357741490155,1.5182141044096995,10.863151559152088,1.3311775982287397,6.554497974606995,1.1522421681258646,3.5914125934484518,1.0,1.0,-0.163048505783081,-0.4867889583110809,-0.1361670196056366,-0.4464596807956695,-0.1648438721895218,-0.5753554105758667,-0.1865095496177673,-0.6598411798477173,-0.1157255917787551,-0.5462762117385864,-0.1040305122733116,-0.5271422863006592,-0.1300905644893646,-0.6264054775238037,-0.1477447599172592,-0.6882563233375549
K,0.0,0.0,1.1723596893319843,1.8895927473958496,1.230207232187965,1.6800050194482845,1.170459498573355,1.487278814978067,1.1142903959246895,1.3488868085325634,1.220903415674933,1.5215358846923033,1.2655466896421348,1.3115158526060617,1.2872777814498675,1.1783553744454403,1.3034514739536127,1.0648307452841907,1.106465686788844,1.5162618074418308,1.0675368517291923,1.2901911753279158,1.0312566588720788,1.134181071610657,1.0,1.0,-0.2585230469703674,-0.5609592199325562,-0.2514220476150512,-0.544928789138794,-0.2615503370761871,-0.6037758588790894,-0.2691780626773834,-0.6434837579727173,-0.2334921956062317,-0.5889886021614075,-0.2329591065645218,-0.5824581384658813,-0.2437415570020675,-0.627064049243927,-0.2509509921073913,-0.6573264002799988
K,0.0,0.0,1.1097973317893628,3.3660421003238685,1.2037172854702516,2.853521895175753,1.1628122065001445,2.367044774621857,1.0931807042007633,2.012850317427188,1.185796651145934,2.415105796111805,1.2590526239025177,1.8675807384563288,1.2976131072477475,1.534838467193874,1.3245085997529353,1.236719882247457,1.0538993575875168,2.351020253475517,1.0393144064369422,1.7479676248670313,1.020291306548099,1.3368932474282527,1.0,1.0,-0.3121171295642853,-0.5297236442565918,-0.3135342597961426,-0.5188876986503601,-0.3289008438587188,-0.6164997816085815,-0.3382215201854706,-0.6821059584617615,-0.2713412046432495,-0.5606738924980164,-0.2823655605316162,-0.5748466849327087,-0.2977111339569092,-0.6503392457962036,-0.3047322630882263,-0.6960059404373169
K,0.0,0.0,1.0663517328993006,1.9081776039548286,1.1114724824787445,1.7010224676402803,1.0792509578450868,1.507222123155608,1.0447158948954838,1.3689306950001636,1.1004693076077323,1.5506907725793408,1.1395739427219205,1.3359345833091234,1.1618881446626526,1.1999246648487387,1.1792547842155756,1.0834394403559988,1.0290009840379362,1.5350710841917068,1.0201349133218176,1.2851574057191937,1.0095702826206616,1.1234432905966638,1.0,1.0,-0.3948424160480499,-0.560999870300293,-0.3971929848194122,-0.538192093372345,-0.406719833612442,-0.5970680117607117,-0.4120447039604187,-0.6407375931739807,-0.3688484728336334,-0.5842657685279846,-0.3773487210273742,-0.5759062170982361,-0.3879316449165344,-0.6221106648445129,-0.3925630152225494,-0.6557649374008179
L,0.0,0.0,0.9646007201926093,1.0665683663771608,0.921025818964475,0.9754489851608593,0.8850697580244992,0.9176160454678046,0.8508604869632698,0.8901041656864866,0.9634407527153358,0.8444140092027138,0.9752963074558603,0.7254200972965852,0.984499600793057,0.6531303811880722,0.9917379997546223,0.5899330027382308,0.9993414530513991,0.857770553197896,1.0154456084916001,0.834734880919895,1.0104446734672827,0.9312248642646769,1.0,1.0,-0.7563394904136658,-0.5615586042404175,-0.7654794454574585,-0.5552374124526978,-0.7582180500030518,-0.6132971048355103,-0.748096764087677,-0.6502803564071655,-0.778095006942749,-0.5863714814186096,-0.7865272760391235,-0.5685223340988159,-0.7786282896995544,-0.6116724014282227,-0.7687667608261108,-0.6419752836227417
L,0.0,0.0,0.9644976079472362,1.0766744946097135,0.9203731475423155,0.9799307765112305,0.8831376573776926,0.9182955702656679,0.846205545897479,0.8936046984261066,0.9598890863349655,0.8440554083520713,0.9690301612957846,0.71270217307168,0.9775156186053694,0.6323521863690935,0.9852655350361595,0.5629729958743092,0.9978024408224117,0.8559049373138577,1.0090804321819693,0.8144438861814314,1.0063784503248714,0.917693516845398,1.0,1.0,-0.7473533153533936,-0.5203069448471069,-0.7535980343818665,-0.5073720812797546,-0.7477942705154419,-0.566153347492218,-0.7397511005401611,-0.6077219247817993,-0.770686149597168,-0.5435668230056763,-0.7753821015357971,-0.5229681730270386,-0.7679078578948975,-0.5649377107620239,-0.7592580914497375,-0.596849262714386
L,0.0,0.0,0.9657711078935398,1.0705090482150443,0.8866355124587734,0.9476889302897037,0.8317277558629493,0.872093849395446,0.7805440385729971,0.8401076233795313,0.947343914483119,0.765523541291093,0.952153164666002,0.6129010265360723,0.9590783506329486,0.5145002526151408,0.964463252762525,0.4319001700128604,1.0109952303672565,0.748537326040028,1.003868503867065,0.7724420205192389,1.0004293647914348,0.9018279791362859,1.0,1.0,-0.6656041145324707,-0.5117902755737305,-0.6570223569869995,-0.552560031414032,-0.6509712338447571,-0.6296818256378174,-0.6472314596176147,-0.6797572374343872,-0.6996347308158875,-0.5400884747505188,-0.6939561367034912,-0.5566543936729431,-0.6826629042625427,-0.6131529808044434,-0.6754650473594666,-0.6492248773574829
L,0.0,0.0,0.9739554405794548,1.0741631415546804,0.9094248979921938,0.9831064872147247,0.8644817086520031,0.9243104359491577,0.8221665886250928,0.9020278647993707,0.954676956821632,0.8334616057306169,0.9495755620152343,0.7047977302256394,0.9541871751165344,0.6268554059868952,0.957835811861598,0.5616323176405186,1.0032278819104783,0.8257317664308091,0.9937126823481293,0.8152611037934944,0.9967519251542674,0.9231182068203995,1.0,1.0,-0.6081287860870361,-0.5255531668663025,-0.6017388105392456,-0.5296128988265991,-0.5993635058403015,-0.5941189527511597,-0.5974687337875366,-0.6333898901939392,-0.6349311470985413,-0.5424998998641968,-0.6296477317810059,-0.538470447063446,-0.6229117512702942,-0.5839434862136841,-0.618733286857605,-0.6108599305152893
L,0.0,0.0,0.9738404923136249,1.0800156707036794,0.8782738562994488,0.9464664307309325,0.8194297301551147,0.8537614471058427,0.7586837125744572,0.8172644232455273,0.9475058841127654,0.7430259648706932,0.9399038627456372,0.5671881420257853,0.9463236869073809,0.4495304321277181,0.9533522045861965,0.35182975532060323,1.0254080747192085,0.7149780120673419,0.9981189848447252,0.7511493756004743,0.9939141963350302,0.8964992780711607,1.0,1.0,-0.578532338142395,-0.4653963446617126,-0.5628123879432678,-0.516814112663269,-0.5573835372924805,-0.6000663638114929,-0.5561731457710266,-0.6475889086723328,-0.613655686378479,-0.4913118481636047,-0.6003164052963257,-0.5326778292655945,-0.5905200242996216,-0.5919336080551147,-0.587303638458252,-0.6198157072067261
L,0.0,0.0,0.9647892429711656,1.1308616373538187,0.8931602716605077,0.9728985384656664,0.8372222341180444,0.8695118183667574,0.7850550469778538,0.8268690446197424,0.9494934070223167,0.7275115715791647,0.9542980669789883,0.5051522821940326,0.9650912716345874,0.36785976643706936,0.9747398477610247,0.25108454657933893,1.0062285898679901,0.7387291894240299,1.0057126242346448,0.6805994331161664,1.0039250578230872,0.8638478308916825,1.0,1.0,-0.6737141609191895,-0.3823399543762207,-0.6737673878669739,-0.3637013435363769,-0.6663145422935486,-0.4479089379310608,-0.6579585075378418,-0.5035065412521362,-0.7065460681915283,-0.4116207957267761,-0.7106401324272156,-0.376544177532196,-0.6985543966293335,-0.4337673187255859,-0.6865027546882629,-0.4758718609809875
L,0.0,0.0,0.9667755661728528,1.0856104531501758,0.8370851186527785,0.939660212507661,0.7591353202419868,0.8329884755561305,0.6815444532091925,0.7828361274349019,0.9294328211931611,0.7133436045805058,0.9128590434273353,0.5173718674982979,0.9164920564489624,0.3878686029579275,0.9217354674499164,0.27951317424661176,1.03277592522873,0.6733629709778463,0.9852410480049243,0.7296727967456088,0.9858392669682537,0.8901532367278542,1.0,1.0,-0.5410192608833313,-0.4715900719165802,-0.516167402267456,-0.544770359992981,-0.513100266456604,-0.6416029930114746,-0.5146493315696716,-0.6982892751693726,-0.5843570828437805,-0.500932514667511,-0.5618699789047241,-0.553646445274353,-0.5499109625816345,-0.6224467754364014,-0.5453206300735474,-0.6586806774139404
L,0.0,0.0,0.9621054035671575,1.1061706085307457,0.8830110910351392,0.9675019166496932,0.8185302521394898,0.8886571904390751,0.7608129934928934,0.857363284906516,0.9539917300817691,0.7276507941964393,0.9731739574480363,0.5416321837826478,0.9949272913952328,0.42388556687905815,1.0151215500752702,0.320737701973812,1.0194672709878705,0.7358178472120658,1.0260687051610131,0.7137554055490778,1.0133222063594047,0.8821808751243931,1.0,1.0,-0.6871882081031799,-0.4502595067024231,-0.687946081161499,-0.458683431148529,-0.674126923084259,-0.547670304775238,-0.6601554155349731,-0.6008278131484985,-0.7203608155250549,-0.4865292906761169,-0.7236138582229614,-0.4814744591712951,-0.7071942090988159,-0.5427474975585938,-0.6907384395599365,-0.5795712471008301
L,0.0,0.0,0.9538514988602813,1.096901610436922,0.8871428152201989,0.9387830443425039,0.833348672526814,0.8399610904581837,0.7819218231720186,0.798283674168061,0.9756021420842993,0.7380842471537045,1.0081137216611429,0.540127422965127,1.0359045243776428,0.42164427980798913,1.058669825722837,0.321559270761925,1.035956311190776,0.77540842426491,1.0369721504147078,0.7275216671457927,1.016905578012155,0.8838671084454774,1.0,1.0,-0.7155947089195251,-0.4858048260211944,-0.7145875096321106,-0.4688809216022491,-0.6967136859893799,-0.5532733201980591,-0.680724561214447,-0.6088223457336426,-0.7478835582733154,-0.5274891257286072,-0.7501601576805115,-0.4947521686553955,-0.7313724756240845,-0.5501672625541687,-0.714337170124054,-0.5910056233406067
L,0.0,0.0,0.9698525158959876,1.1011167363902208,0.8455748750588358,0.9508107739238469,0.7628935036929623,0.8498154074608004,0.6869569596773732,0.791953649043411,0.9596475357339014,0.6954659350635723,0.9470622593112762,0.4869680822753144,0.9539084459530086,0.34574347966915897,0.9623886077224376,0.2276283955066704,1.0674751337150779,0.6716224469545937,0.9966624919308501,0.6952398752579466,0.9867731192625097,0.8785723817170699,1.0,1.0,-0.5479393005371094,-0.440386414527893,-0.5110203623771667,-0.4889608919620514,-0.5054478049278259,-0.5899260640144348,-0.5084628462791443,-0.6436411142349243,-0.5900201797485352,-0.4758736789226532,-0.5566893815994263,-0.509376049041748,-0.5439618229866028,-0.5788682103157043,-0.5427732467651367,-0.6098739504814148
L,0.0,0.0,0.9818277388456138,1.0847671987845133,0.9252250440445942,1.0035833112153965,0.8845839886358124,0.9597891797682917,0.8505118456475415,0.9459508151863536,0.9730512925408723,0.8548207892446841,0.9764913877590742,0.7314232954055224,0.9833267541611894,0.6556513520153892,0.9889741840456918,0.5943100271906823,1.0136564887222232,0.8605026681216571,1.0006151849683698,0.8278220296295444,0.9978905809463788,0.9256728440763509,1.0,1.0,-0.6306507587432861,-0.5115266442298889,-0.6218758225440979,-0.5016842484474182,-0.6174211502075195,-0.557494044303894,-0.6156395077705383,-0.5932655930519104,-0.6547741889953613,-0.5292115211486816,-0.6480745673179626,-0.5097349882125854,-0.6394297480583191,-0.546665370464325,-0.6345093250274658,-0.5725913047790527
L,0.0,0.0,0.9821254681443758,1.075509096183906,0.8964895441193894,0.9606040661277326,0.8434874354253332,0.8817943025874645,0.7953358924539379,0.8332417173137673,0.9898102199578939,0.7666543210275139,0.976593144648465,0.6144292232809543,0.9811343601314112,0.5163146468324672,0.9873456550071852,0.43389694327816847,1.061854056467837,0.754583053327165,0.9949588691991832,0.7717124200973476,0.9875221669708681,0.9050518263166901,1.0,1.0,-0.5545417070388794,-0.5037332773208618,-0.5190495848655701,-0.5369141101837158,-0.514457106590271,-0.6128716468811035,-0.5179340243339539,-0.6619974374771118,-0.5845668911933899,-0.5343878865242004,-0.5538659691810608,-0.552402138710022,-0.5415317416191101,-0.6048091053962708,-0.5398415327072144,-0.6387317180633545
L,0.0,0.0,0.9703411990644552,1.0885212416702994,0.9192886138805137,0.9915557000979873,0.8802039857647093,0.9274878689153913,0.8445610294635789,0.8994298563223492,0.9735829628492013,0.850929184871943,0.9870612379037296,0.7173283544415759,0.999219112021086,0.6403483780142939,1.0098402318402653,0.576059621546864,1.0125497327589492,0.8687271584766364,1.013496400285017,0.8146600322893887,1.0050213961714738,0.9201450866387135,1.0,1.0,-0.7074083089828491,-0.5352542996406555,-0.7063868641853333,-0.5127361416816711,-0.6977097988128662,-0.5727216005325317,-0.6914175748825073,-0.6128724813461304,-0.7308404445648193,-0.5595169067382812,-0.7312853932380676,-0.5312488675117493,-0.7203096747398376,-0.5682380795478821,-0.7116710543632507,-0.5964158773422241
L,0.0,0.0,0.9430564594697098,1.1322975456591633,0.8778687641746707,0.9605832766552732,0.8236831153107649,0.8541159948275716,0.7752010503406193,0.7839874095140195,0.9633546336699098,0.7103425628155139,0.9999953469397967,0.47214322426965905,1.0306121016789767,0.32712979823437244,1.0540820610646262,0.20847771513741303,1.0225178364765137,0.756113015535265,1.0429238701378192,0.7105587867733144,1.0246915783881982,0.8741319266841134,1.0,1.0,-0.8413333892822266,-0.4772467911243438,-0.8523039817810059,-0.4671323895454407,-0.8325383067131042,-0.5583088994026184,-0.8090267777442932,-0.61808180809021,-0.8787098526954651,-0.5270660519599915,-0.8931976556777954,-0.5015851259231567,-0.8712762594223022,-0.5655856132507324,-0.8456352949142456,-0.6113436222076416
L,0.0,0.0,0.9792411649466988,1.0872908119467533,0.9258214784604544,0.9967083512194241,0.8862339971209299,0.9418814301716614,0.8507732304041465,0.9227226785902365,0.9771480468198925,0.8548925735222744,0.9844342939828429,0.7296578380826405,0.9942911648933959,0.6550228415500857,1.0032361999543016,0.5954617991024679,1.0161290293923144,0.8701861052749622,1.0099748481132353,0.8232023410608607,1.0031185781046394,0.9209234282650705,1.0,1.0,-0.7074488997459412,-0.5580927133560181,-0.7018219232559204,-0.5386812686920166,-0.6950042843818665,-0.5977135896682739,-0.690412700176239,-0.6393442749977112,-0.7328694462776184,-0.581209123134613,-0.7297332286834717,-0.5525833964347839,-0.7191612124443054,-0.5874059796333313,-0.7112228870391846,-0.6164489984512329
L,0.0,0.0,0.9661584970284257,1.1229619564547904,0.9203980269779926,1.0275171910380434,0.8810853799044355,0.9632570972376574,0.8455424674847454,0.9379169400154307,0.9664280249275581,0.8656917662671216,0.9808446949908726,0.7388064481827813,0.9941999774109951,0.6696405632516967,1.0067384308357963,0.6060917428914292,1.004813464913768,0.8854169284359878,1.0222739722702852,0.8385789195207037,1.0129612971938295,0.9399579769698184,1.0,1.0,-0.7969771027565002,-0.5568773150444031,-0.8073334097862244,-0.5373465418815613,-0.797929048538208,-0.5976836085319519,-0.78675377368927,-0.6280897855758667,-0.8208571076393127,-0.5844244360923767,-0.8304892182350159,-0.556895911693573,-0.8206003308296204,-0.5972321629524231,-0.8100152015686035,-0.6202825903892517
L,0.0,0.0,0.9622119340012107,1.1105081024374175,0.9185052380314845,1.0225838547545305,0.8794369620982805,0.9670019187686114,0.8441149621373087,0.9484830485110214,0.9659923060169223,0.8778452733079736,0.9788275721622746,0.748186705145642,0.9910325261243956,0.6785451509219624,1.0016613422275638,0.6191212649867225,1.0030784366971213,0.894627735674611,1.026460030823681,0.8502490408555164,1.0172342275955935,0.9391734426001166,1.0,1.0,-0.8642943501472473,-0.574792742729187,-0.879505455493927,-0.556260883808136,-0.8692346811294556,-0.6112836599349976,-0.8547889590263367,-0.6436780691146851,-0.8879477977752686,-0.6004330515861511,-0.902368664741516,-0.575956404209137,-0.8919283151626587,-0.6142606139183044,-0.8777232766151428,-0.6413748264312744
L,0.0,0.0,0.9568785709000311,1.1116667875037476,0.9147157797393927,1.0149251757199766,0.8794175303560543,0.9454288312049678,0.8443840877069952,0.9183127942954447,0.9644163603234623,0.8672042937007303,0.9646982949826823,0.732369216720978,0.9659204625741694,0.6539399093525942,0.9677781663279269,0.5828725194923275,1.002225954139981,0.8863272516357095,1.025332426354618,0.8353657150583251,1.015704053496219,0.9335296446018156,1.0,1.0,-0.8218885660171509,-0.560589075088501,-0.8370575308799744,-0.5426129698753357,-0.824687659740448,-0.598658561706543,-0.8101720213890076,-0.6324601173400879,-0.8448392748832703,-0.5881003141403198,-0.8598842024803162,-0.563459038734436,-0.8482552170753479,-0.6001370549201965,-0.8342600464820862,-0.6253244876861572
L,0.0,0.0,0.9481051081850731,1.1358622100556264,0.8426803778267764,1.0043440267318726,0.7803870378573818,0.9211580239456789,0.7194639166983037,0.8718438562479908,0.9881544531466642,0.8096608344942473,0.9602235222319473,0.6292002844645344,0.941849148281239,0.5206322516536935,0.9301526065787749,0.4195687244883048,1.0790491263293713,0.8215731278434276,0.977926365667666,0.7682872215024013,0.9655653045092313,0.9263990881547799,1.0,1.0,-0.430470734834671,-0.5202448964118958,-0.3919319212436676,-0.4924229681491852,-0.3847004771232605,-0.5838319659233093,-0.3965567946434021,-0.6185096502304077,-0.4628378450870514,-0.5474564433097839,-0.4310506582260132,-0.5147949457168579,-0.414784163236618,-0.5791679620742798,-0.4188222587108612,-0.6082416772842407
L,0.0,0.0,0.9501714684862506,1.1357501983016027,0.8562760217525092,1.0132375207034292,0.7883196148688607,0.935664138806382,0.7292599704581699,0.9015484320623552,0.947994479748387,0.8042160394208542,0.9347315508833253,0.6275027269690385,0.9326346348782945,0.5237558519323303,0.9325361580885558,0.4317717550098846,1.0145977962318509,0.8152993936885994,0.9907482504228559,0.7474008012847924,0.9881701135856154,0.9047931800323011,1.0,1.0,-0.5341305732727051,-0.4920525550842285,-0.5206100940704346,-0.4603408873081207,-0.5157246589660645,-0.5452108383178711,-0.519485354423523,-0.5840256214141846,-0.5669658780097961,-0.522098958492279,-0.5558644533157349,-0.4795716404914856,-0.5433739423751831,-0.5364726185798645,-0.5423535704612732,-0.5647238492965698
L,0.0,0.0,1.1073684939024888,1.0556588032415062,1.2868929873453272,0.9673199546181437,1.43637002886514,0.8972196383524882,1.5687487178627164,0.8642858864161925,1.204889701058436,0.7737288405167054,1.2249557031533167,0.6495110461636041,1.2155325181902583,0.5515250829221365,1.2044624105397386,0.46885491782972927,1.0753498131105914,0.7293308200447456,1.0279768998572985,0.7897916849411857,1.0072494123574356,0.9113067140663512,1.0,1.0,-0.2370025217533111,-0.4533561170101166,-0.2233185619115829,-0.5177716016769409,-0.2269090712070465,-0.5844346284866333,-0.232774406671524,-0.631485641002655,-0.2025560140609741,-0.4693378508090973,-0.1925415098667144,-0.5260918736457825,-0.1988669037818908,-0.5859338641166687,-0.207843542098999,-0.6245338916778564
L,0.0,0.0,1.0912470151171705,1.056995924234368,1.2387637350314755,0.9766592874611354,1.3619468971992852,0.9215294914795085,1.4622853026102005,0.902841672465079,1.1673277536866078,0.7800060105957098,1.1976352223933016,0.6487727173221614,1.2058565245239226,0.5465464634351629,1.2099487874567851,0.46266902358426215,1.055361990050851,0.7385327373965523,1.025432487812282,0.7879689645744953,1.0079983061660192,0.9068079818714008,1.0,1.0,-0.2644441723823547,-0.4076051115989685,-0.2541000843048095,-0.4589263498783111,-0.2577433586120605,-0.5167958736419678,-0.2627428472042084,-0.560951828956604,-0.2343752682209015,-0.4218757450580597,-0.2267567217350006,-0.4663422703742981,-0.2327769994735717,-0.5171851515769958,-0.2410147190093994,-0.553261935710907
L,0.0,0.0,1.2393179115637378,1.0816748407614862,1.5384009044515419,0.9801244427768695,1.8047490462270233,0.9168414270272202,2.023452267810144,0.9013410763898193,1.3671895527138804,0.7325328415476287,1.3953415265472449,0.5608458624786713,1.3798548208137964,0.4409581334476813,1.3613379809590738,0.3412110613816453,1.1297901661914698,0.7016569850543599,1.0011671613824418,0.7211786106718838,0.9837761940366855,0.877869308283976,1.0,1.0,-0.1426122486591339,-0.380809873342514,-0.1225805953145027,-0.417733758687973,-0.1294726133346557,-0.4936349391937256,-0.1385003328323364,-0.5493457317352295,-0.1080138385295867,-0.3996176123619079,-0.0932971835136413,-0.4323906600475311,-0.103146493434906,-0.495417833328247,-0.1164178103208541,-0.5391959547996521
L,0.0,0.0,1.0807424172719873,1.0304130827323832,1.1872383376081463,0.9838120265743001,1.279964004970198,0.9519106921810232,1.3583809006538496,0.950351303162796,1.1331605091265735,0.8651821702345125,1.1500987907067937,0.793294827096701,1.1524022220380756,0.7350163874850946,1.1511975886671046,0.6854711260007949,1.0537247140740436,0.837855612969167,1.016106435034752,0.8684717506104139,1.0035565313856394,0.9420803815796945,1.0,1.0,-0.264070600271225,-0.5497946739196777,-0.2539137601852417,-0.5889194011688232,-0.2561465203762054,-0.6312678456306458,-0.2598103880882263,-0.6630858182907104,-0.243882730603218,-0.5590097308158875,-0.2368569672107696,-0.5923507213592529,-0.2407356947660446,-0.6295173764228821,-0.2465942949056625,-0.6554042100906372
L,0.0,0.0,1.0753079527209868,1.0536142456463309,1.1961697357636243,0.9971472919350522,1.3060347411226687,0.9545023764120515,1.4018472684949042,0.9390911254561946,1.1494745104919917,0.8653335641229711,1.180101558888286,0.7773109030755643,1.187036968565248,0.711422361995496,1.1916222988612921,0.6585720709841872,1.0563641265767956,0.84676279522897,1.0353239919610886,0.8507041520498272,1.012495748476054,0.9335822898581404,1.0,1.0,-0.2503421306610107,-0.5205371975898743,-0.2430392503738403,-0.5449261665344238,-0.2439131587743759,-0.5925812125205994,-0.2458806633949279,-0.6262575387954712,-0.2276591360569,-0.5310022830963135,-0.2232630252838134,-0.5547047853469849,-0.2272675484418869,-0.5950226783752441,-0.2325698435306549,-0.6214982271194458
L,0.0,0.0,1.1217928217176532,1.1195120706411414,1.3298640171851126,1.0115200151817496,1.5096646461180054,0.9304713123395804,1.6581788664029065,0.8957152051357251,1.2393594519770468,0.7742089124729958,1.2942385655314417,0.5971363616323447,1.3013643158127457,0.4721278853950418,1.3096325725203182,0.3712614701761043,1.0818061527191611,0.7406950682316137,1.0506768123067578,0.7300075812904103,1.0150309681804832,0.8762650859053173,1.0,1.0,-0.2096556425094604,-0.369783341884613,-0.1981085389852523,-0.4020710587501526,-0.2002753913402557,-0.4738736152648926,-0.2048544883728027,-0.5269721746444702,-0.1765553951263427,-0.3817867040634155,-0.1678130179643631,-0.4170549213886261,-0.1729122400283813,-0.4788870215415954,-0.18107371032238,-0.5216551423072815
L,0.0,0.0,1.0403077699631926,1.1203843960358488,1.153509597862622,1.002895942590534,1.2549741241825676,0.9179132875978725,1.3345363547350622,0.889342155679619,1.0938957638421614,0.7953409224959448,1.1290023790306258,0.6310539742402467,1.137949424760642,0.5195361037725686,1.146928090465576,0.42542778951513666,1.0073089323697573,0.7785715384760687,1.0167711684764411,0.7449739759215197,1.005749951721596,0.887754140853894,1.0,1.0,-0.3325423300266266,-0.3768928945064544,-0.334273487329483,-0.3907181918621063,-0.3375574946403503,-0.4555470943450928,-0.3400463163852691,-0.5008078813552856,-0.3026022613048553,-0.3911939561367035,-0.3059068322181701,-0.4074413776397705,-0.3132954835891723,-0.4596338868141174,-0.3193575143814087,-0.4940552115440368
L,0.0,0.0,1.0409504182065608,1.1318260610067037,1.1417863318064623,1.0404195242671586,1.230145981599054,0.971020579886567,1.2980780552342361,0.9404963178265932,1.0880188155488206,0.8853835311987791,1.1267397621278474,0.753180956513832,1.136892537219706,0.6630569799950164,1.1479035973399765,0.5911021440821168,1.014212903925597,0.8814225221137248,1.018004629137376,0.7943700298209935,1.004188666427372,0.8999044130255662,1.0,1.0,-0.3153560757637024,-0.41502445936203,-0.3158571720123291,-0.4009559750556946,-0.3163095116615295,-0.4546753168106079,-0.3175157308578491,-0.4943336546421051,-0.2913395762443542,-0.4281283318996429,-0.2932244837284088,-0.4196032583713531,-0.296631395816803,-0.4614213705062866,-0.3004059195518493,-0.4915971159934997
L,0.0,0.0,1.0262624827874642,1.1899452530856898,1.1551558696226856,1.0443447592631352,1.2669129489562005,0.9367365511589847,1.3533820216295982,0.894242582894415,1.086553428894965,0.802985528857201,1.1353247398884985,0.5943784375804494,1.1489105105958202,0.45833665703028253,1.1637264301693833,0.34372771587566586,0.9912226917446904,0.779587593725808,1.0238698909839852,0.6818600762609899,1.0102957991548596,0.8533462067752803,1.0,1.0,-0.3393332958221435,-0.3606434464454651,-0.347996324300766,-0.369009405374527,-0.3493939638137817,-0.4492582082748413,-0.3505961894989013,-0.5037146806716919,-0.303266704082489,-0.3734324872493744,-0.3137869834899902,-0.3892183899879455,-0.3221544921398163,-0.4528547525405884,-0.3283454775810241,-0.493588775396347
L,0.0,0.0,1.0253557439692647,1.0666639857433238,1.1003279660121013,0.9966277814237727,1.166066942391568,0.9424434938413081,1.2225795663511327,0.9252325131075723,1.0516108022494612,0.8797524723538899,1.0762393453131132,0.7897944543368084,1.0824857848621616,0.7268086224695479,1.0900895403302269,0.6741145270390725,0.9905955116568013,0.8652298923682228,1.0083180406122332,0.8540301983217602,1.0035677976979613,0.933058894323382,1.0,1.0,-0.3834302425384521,-0.5694097876548767,-0.3911909759044647,-0.5943300127983093,-0.3932635486125946,-0.6439539790153503,-0.3944222331047058,-0.680024266242981,-0.3603968322277069,-0.5809263586997986,-0.3690223693847656,-0.6083052158355713,-0.3748718202114105,-0.6483701467514038,-0.3795865774154663,-0.674656093120575
L,0.0,0.0,1.0994951691243788,1.1173374570302652,1.297716342096262,1.0037266642134863,1.4712094581767672,0.9103735877432193,1.6168610633574403,0.8682202985413875,1.1853932957783246,0.7864781947387555,1.238176262395093,0.6194695723797633,1.2406879911005075,0.5047334428253576,1.246788512275177,0.4091817723915694,1.0255760364350417,0.7611354436937173,1.024936679094706,0.7432833704712478,1.004064711870597,0.8856212550610637,1.0,1.0,-0.2010090798139572,-0.417140781879425,-0.1969708651304245,-0.4550167918205261,-0.2019414901733398,-0.5265679955482483,-0.2082433104515075,-0.5765251517295837,-0.165594220161438,-0.4344580471515655,-0.1637119650840759,-0.4814640879631042,-0.1739261150360107,-0.5412704348564148,-0.1854170113801956,-0.5770817995071411
L,0.0,0.0,1.2649046742720709,1.02830615725137,1.511444049817594,0.9637327981862605,1.741312901577136,0.9137068714127815,1.9487425945628063,0.8859815799815544,1.2966357030423163,0.8412515227098348,1.282688042682774,0.7643381540874048,1.2430974183117776,0.7051553388744966,1.2103458375112346,0.6556870698119083,1.047438857315649,0.8295133767857903,0.9315170398101085,0.8587100623436124,0.9541140003691702,0.9389570732496555,1.0,1.0,-0.1048985570669174,-0.6840353012084961,-0.0920752882957458,-0.7381888031959534,-0.1030279099941253,-0.7956641912460327,-0.1151401698589325,-0.8348336219787598,-0.0779971405863761,-0.7081754207611084,-0.0689880177378654,-0.7580389976501465,-0.081693448126316,-0.8055441379547119,-0.0961773172020912,-0.8341034650802612
L,0.0,0.0,1.015106216630871,1.16473391710311,1.1231902935847151,1.036961136633419,1.2144541955480128,0.9375804647923858,1.2899652111459572,0.8925166092725674,1.0659504972645957,0.801556863976463,1.1118090080497804,0.6143419489220899,1.1284327972799446,0.4912787247150402,1.145316010572694,0.38669217813174156,0.9831333642538508,0.7773340474349458,1.0206529328479217,0.7143213410057797,1.0096828868023318,0.8710446402164602,1.0,1.0,-0.3703338503837585,-0.3684013485908508,-0.3858742415904999,-0.3814005553722381,-0.3869531154632568,-0.4582798480987549,-0.3873004615306854,-0.5102186799049377,-0.3379572927951813,-0.3832650780677795,-0.3536032438278198,-0.4010799527168274,-0.3610352277755737,-0.4585998654365539,-0.3650712072849273,-0.4961048662662506
L,0.0,0.0,1.018820436691314,1.0932623093523646,1.0764248868933042,1.0257274773442135,1.1295992207586256,0.9714422529548786,1.174570589095053,0.9586027802992343,1.0523561765370106,0.9080898789074405,1.0779190135689607,0.7977433873896372,1.08708155582345,0.7259082425462986,1.0967450865406012,0.6671363737433119,1.0101700914115002,0.8996992766672189,1.0165355014566582,0.84431715580771,1.0054410600716037,0.926848144235993,1.0,1.0,-0.451494425535202,-0.4468485713005066,-0.452734112739563,-0.4384010434150696,-0.4518319964408874,-0.4820632338523865,-0.4525982141494751,-0.5139264464378357,-0.4333072900772095,-0.4544773697853088,-0.4352399408817291,-0.4484508335590362,-0.4374679625034332,-0.4825265109539032,-0.440585047006607,-0.5074047446250916
L,0.0,0.0,1.0774860314336516,1.133691888021646,1.2255633866674025,1.0174966178181155,1.3583581690458009,0.9174532624971191,1.4705683182502425,0.8683970054974891,1.136128963732168,0.8121629182148369,1.1700989076306298,0.6305273427230139,1.1677019937138262,0.5129390570874952,1.166594735671566,0.4157800468714141,1.0101653454322737,0.8016534606367101,1.0054064201717856,0.7459698225343488,0.9980060310718708,0.8856176308854019,1.0,1.0,-0.2292878329753875,-0.3962856531143188,-0.2264309376478195,-0.4108185768127441,-0.2323050796985626,-0.4777517318725586,-0.237641304731369,-0.5233998894691467,-0.1992003619670868,-0.4113456308841705,-0.1987199187278747,-0.4296540319919586,-0.2077713906764984,-0.4842086732387543,-0.2166610956192016,-0.5192227959632874
L,0.0,0.0,1.024325995777719,1.073372686636608,1.0855740895286707,1.011838878252942,1.1381890720613907,0.9635342709619958,1.1797647533729452,0.9479433325372097,1.0477042291573722,0.9081045556417573,1.06780426893781,0.8140497115355066,1.0737952212732977,0.7524675426901033,1.0793350129832355,0.7022181116129266,1.003730202271054,0.9067072240394086,1.0117848752499174,0.863877215105932,1.004677045952307,0.9372133483500564,1.0,1.0,-0.4056015014648437,-0.5066145062446594,-0.4075023531913757,-0.4979548454284668,-0.4089883863925934,-0.5394287109375,-0.4102732539176941,-0.5700504183769226,-0.3876268267631531,-0.5154749155044556,-0.3900714218616485,-0.5103214383125305,-0.3947927951812744,-0.5427067279815674,-0.3987556993961334,-0.566431999206543
L,0.0,0.0,1.0192066709700784,1.1209229114686783,1.1130796936076526,1.020143443165396,1.1963349902094949,0.9382330930126026,1.2697427365316465,0.894025927090797,1.0513317863033937,0.822753571721807,1.0842642957135415,0.6689218140304294,1.0942455536802624,0.5689067612694928,1.1058194079420838,0.48363601122922506,0.9758085784542377,0.8058253287491582,1.0135572777087096,0.7658297391408125,1.0071834141805698,0.8936979518823128,1.0,1.0,-0.3871893584728241,-0.4349304139614105,-0.4048340320587158,-0.4506433606147766,-0.4057930409908294,-0.5190734267234802,-0.405588835477829,-0.5665633082389832,-0.356987714767456,-0.4508220553398132,-0.3751732409000397,-0.4677005410194397,-0.3827329277992248,-0.5223613977432251,-0.3861846327781677,-0.5597090721130371
L,0.0,0.0,1.0079226147757945,1.0444676097763177,1.0639137221136972,0.9934926930197008,1.1103265147992996,0.9560717835843653,1.1514767405880437,0.9402468501284679,1.0280926185777544,0.884772676368824,1.048041894490384,0.814600495566,1.0560333513341702,0.7655267885941494,1.0645885428745874,0.7235715074631923,0.9863993588540828,0.8683184066554224,1.0144823491705797,0.8842439318246923,1.0081474948527918,0.9491805031609823,1.0,1.0,-0.4692813754081726,-0.5926370024681091,-0.4834693968296051,-0.6256187558174133,-0.4826379120349884,-0.6658589243888855,-0.4814944863319397,-0.6933028697967529,-0.4515476822853088,-0.6053484082221985,-0.4638420939445495,-0.6335148215293884,-0.4673296511173248,-0.6662019491195679,-0.4699729382991791,-0.6872345209121704
L,0.0,0.0,1.0053927560180804,1.0942361197710917,1.0858050305778055,1.0066604464174567,1.1542528940694363,0.9373144676970917,1.2135348444378944,0.8992382471662691,1.0337854992077726,0.8088036235556472,1.067189786455072,0.6714942817169592,1.0826028262430634,0.5764958407866847,1.0979635978079567,0.4949356191091564,0.9759783361341982,0.7823833755187471,1.0227030845709995,0.7785983280083789,1.0130208139105075,0.9014402350594068,1.0,1.0,-0.4596549272537231,-0.4319378435611725,-0.4831935167312622,-0.4655405282974243,-0.4806712567806244,-0.5304729342460632,-0.4775472283363342,-0.5736444592475891,-0.4327602386474609,-0.4479885995388031,-0.4533914029598236,-0.4824071824550628,-0.4593166708946228,-0.5327863693237305,-0.4623940885066986,-0.5642175674438477
L,0.0,0.0,0.9948379718182971,1.0960530767693428,1.0719524927099175,1.0158446654412696,1.1382524945693926,0.9591101703264379,1.1940289121214167,0.9319530258205985,1.0337390262242396,0.7991838067438122,1.068480079694177,0.653943629858779,1.0854047502693627,0.5542456067263603,1.1020535290643267,0.4667177467706658,0.9861802349498997,0.7643075052285797,1.0317242118489514,0.7727991127599864,1.0179886455019402,0.9026734298075488,1.0,1.0,-0.5360166430473328,-0.4063039422035217,-0.561873197555542,-0.4403087496757507,-0.5548251867294312,-0.5071815252304077,-0.5472574234008789,-0.5501695871353149,-0.5095813274383545,-0.4186977744102478,-0.5304027795791626,-0.4549608528614044,-0.5320348739624023,-0.507199764251709,-0.5313525199890137,-0.5391133427619934
M,0.0,0.0,0.9967313226662207,1.1102511819201817,1.0530586016896413,1.0129000750811477,1.0189737045456733,0.9152260399086323,0.9774209490918536,0.8557469333594023,1.0538789227407248,0.8617893405612377,1.0789289202776484,0.8408207714252962,1.0590176434975218,0.9366442026982565,1.0397074156673232,1.0106030410594133,0.9958767517355945,0.8280376229497214,1.0235427113487197,0.7990119112543812,1.010075512968462,0.9203276376533196,1.0,1.0,-0.3834989070892334,-0.3955245018005371,-0.3905744850635528,-0.4010075330734253,-0.3910918533802032,-0.4558291733264923,-0.3913180828094482,-0.484269380569458,-0.3599660098552704,-0.4037378430366516,-0.3697265982627868,-0.4277260303497314,-0.3753113150596618,-0.4725845754146576,-0.3793586194515228,-0.4908379316329956
M,0.0,0.0,1.0147353309599259,1.1028480263828186,1.0649905585244417,1.016965186672119,1.0353400079426585,0.9369068779227487,0.9926113985417231,0.8859101949338787,1.0710312197921008,0.8587666067837655,1.079546919402837,0.8304768525455772,1.059865186078363,0.9293263979299352,1.0454309198449805,1.003364337188398,1.0068642451458385,0.8328811558926716,1.0176956859483837,0.7892547769819752,1.005207202650166,0.9201632863215129,1.0,1.0,-0.3671818673610687,-0.3906300365924835,-0.3672526478767395,-0.3843417763710022,-0.3693690299987793,-0.4437330067157745,-0.3728052079677582,-0.4724437296390533,-0.3433936238288879,-0.4004551470279693,-0.3449978232383728,-0.4123972952365875,-0.3514165580272674,-0.4573016762733459,-0.3579568862915039,-0.4749829471111297
M,0.0,0.0,1.0127665851720191,1.1450101401843438,1.0483373053346168,1.0165924746707085,0.9973386227003282,0.9138101266358721,0.9464749351389606,0.8562116779358904,1.0493760932233276,0.8688020187222945,1.0646043721388787,0.8089611285876986,1.0537777993941113,0.9140317288273374,1.0437230742214467,1.0086940543378395,0.9904850946016898,0.8496371126513089,1.009505515134617,0.7546769747956086,1.003989417413594,0.8920374784600468,1.0,1.0,-0.346452385187149,-0.3005369305610657,-0.3508760631084442,-0.2804292142391205,-0.3544071912765503,-0.3273955285549164,-0.3566071391105652,-0.356618195772171,-0.3254362344741821,-0.3105722069740295,-0.3330930173397064,-0.3098478019237518,-0.340379387140274,-0.3485813438892364,-0.3448190689086914,-0.3695963025093078
M,0.0,0.0,1.0181139589071493,1.1485401211519564,1.0549379687641898,1.0272455643517147,1.010047966170146,0.9273287078512933,0.962263346486163,0.8723482476877588,1.0521552004546995,0.8749465034739106,1.0654228951844862,0.8123974310698225,1.0527575697249154,0.9161777779758337,1.0426550650459354,1.008595779820382,0.9936535599787455,0.8579277952438353,1.008399664062351,0.7565844218458817,1.0021411867481695,0.890964524583207,1.0,1.0,-0.3429169356822967,-0.3000910878181457,-0.3448553681373596,-0.2791120409965515,-0.3486108779907226,-0.3252761960029602,-0.3519921898841858,-0.3551498353481293,-0.3231844305992126,-0.310465008020401,-0.3281581997871399,-0.3092016875743866,-0.3351642787456512,-0.3474808633327484,-0.340341717004776,-0.3694790303707123
M,0.0,0.0,1.0283069222435415,1.1551986102879641,1.0923009874636926,1.0363020130604348,1.0770080398493274,0.9387248763998101,1.0424754816004536,0.886680852829694,1.0769772175454635,0.8594124646928128,1.0692014699892065,0.8128971833240324,1.0475030374441707,0.9384379967420211,1.0421177394797179,1.0264920265720578,1.0119843219300455,0.835872791102741,1.0095445879437386,0.751585368608716,0.9961857007822371,0.9045485446685486,1.0,1.0,-0.3638924062252044,-0.3128108084201813,-0.3586788475513458,-0.3001634478569031,-0.3612183928489685,-0.3539490103721618,-0.3676623404026031,-0.379826009273529,-0.344978004693985,-0.3225617408752441,-0.3424708843231201,-0.3289348185062408,-0.3472465276718139,-0.3659898340702057,-0.3551792800426483,-0.3780224025249481
M,0.0,0.0,0.9920628427465029,1.1346914126300274,1.0403526650161814,1.0374868299102586,1.0181534352595507,0.9296813313370453,0.9889508053409155,0.8552350553662378,1.047141065752786,0.8884341261958254,1.0662840057424507,0.8426778652987229,1.0496594130046368,0.9407286122312145,1.032621818420745,1.0172001408291134,1.0017081355528885,0.8553968753866888,1.0220353481887154,0.7948412996026234,1.0097119489704256,0.9255683030628593,1.0,1.0,-0.4495604634284973,-0.3487545251846313,-0.455765426158905,-0.3380561172962188,-0.4540923237800598,-0.3904799222946167,-0.4522643089294433,-0.4113464951515198,-0.4283969402313232,-0.35474693775177,-0.4373719692230224,-0.3616410195827484,-0.4400815665721893,-0.4003330171108246,-0.4407898485660553,-0.4108831286430359
M,0.0,0.0,1.0106821451664538,1.2404008307751393,1.0783879807004866,1.075220580283305,1.0522429420495798,0.9156835480822128,1.0103697554914148,0.8121450481232013,1.0767926580359592,0.7911702237950579,1.0855678817227838,0.7006997349111097,1.062220826442307,0.8873872690006372,1.0448237268104048,1.025900939313623,1.006318733637108,0.7490576276160372,1.0197500661158907,0.6227120104402725,1.0056964850388281,0.8607208565783322,1.0,1.0,-0.3544570207595825,-0.1996493935585022,-0.3553445339202881,-0.1838194727897644,-0.3569696247577667,-0.2451409697532653,-0.3599389195442199,-0.2722347378730774,-0.3308910727500915,-0.2098060101270675,-0.3357954919338226,-0.213511660695076,-0.3420130610466003,-0.2588914036750793,-0.3476418256759643,-0.2750118672847748
M,0.0,0.0,1.004763388828662,1.126267698589664,1.0620784042101858,1.0280768791885246,1.039130045046243,0.9254847354964857,1.0031670049548669,0.8641910229484131,1.060749271424433,0.8413250310717996,1.0754962728437356,0.8172466992959113,1.0602062069084142,0.9283174350576254,1.0451844528820116,1.013179531779589,1.0045796394982103,0.8091826034929945,1.018337349676946,0.7680059923083803,1.0082117386346492,0.9118035059475896,1.0,1.0,-0.3734482228755951,-0.3117853701114654,-0.3743537664413452,-0.3088162541389465,-0.3764216303825378,-0.3605475723743438,-0.3777370154857635,-0.3853822350502014,-0.3522613644599914,-0.3201892375946045,-0.3559403717517853,-0.3326953649520874,-0.3618762791156769,-0.3700074851512909,-0.3661835491657257,-0.3826176524162292
M,0.0,0.0,1.0279189420097012,1.1648557614202564,1.162703374256726,1.0413956323336904,1.148153591301718,0.928897828301675,1.0871163628939506,0.8509092067535748,1.1671120951848546,0.7666903150442413,1.1754511707425663,0.7502776932878131,1.1300872674136482,0.9141263827988919,1.0981743520255336,1.021549435353677,1.0227378077586158,0.7237781594476986,1.0437619949065315,0.6751366589376524,1.0104330078816044,0.8909778729705391,1.0,1.0,-0.2242852002382278,-0.3294596076011657,-0.2200825959444046,-0.3236934244632721,-0.2229904532432556,-0.4079214930534363,-0.2274788469076156,-0.4431125521659851,-0.189223513007164,-0.349151074886322,-0.187159925699234,-0.3690192103385925,-0.1956801414489746,-0.4247129559516907,-0.2051243931055069,-0.4361605644226074
M,0.0,0.0,0.9882664580550378,1.151594365297549,1.055645159436151,1.0406731355309158,1.0198360431002969,0.9218005487729168,0.9703556849351288,0.8472910566718443,1.0782171465423889,0.8172189206564238,1.0916201036237265,0.8151274535572243,1.0655489907780171,0.949518183839912,1.0464670764176125,1.0318610419620409,1.007825235262876,0.7676855627969021,1.0245762911580705,0.7629571912082086,1.0084648364483297,0.9255167718878666,1.0,1.0,-0.3879743218421936,-0.347242921590805,-0.3903249204158783,-0.3687392175197601,-0.3909125626087188,-0.4340729117393493,-0.3919286727905273,-0.4521231949329376,-0.3597079217433929,-0.360333114862442,-0.3651576042175293,-0.4085560739040375,-0.3708421885967254,-0.4548435807228088,-0.3753878474235534,-0.4571720361709595
M,0.0,0.0,0.9912002742513486,1.0850530667054115,1.039881617283453,1.0193234745623243,1.0651824494262643,0.9565998517340071,1.0862529350696104,0.9092157662753749,1.0480552452677219,0.8170376045808918,1.0668738317388458,0.8617079322538462,1.0518636915480475,0.9600450674728731,1.0365862578509364,1.0240995535412007,1.0069149499937498,0.7782473370830716,1.0221580266435661,0.8289079430317596,1.009675722413641,0.9454008681098152,1.0,1.0,-0.5307765007019043,-0.4024295806884765,-0.5359641909599304,-0.4429318904876709,-0.5336989164352417,-0.4915461540222168,-0.5314241051673889,-0.5030164122581482,-0.507440447807312,-0.4198186099529266,-0.5137361884117126,-0.4706417918205261,-0.516815185546875,-0.5053115487098694,-0.5185412764549255,-0.5062856674194336
M,0.0,0.0,0.9868828527372846,1.1020185000672607,1.028721561696628,1.0137847291550157,1.021925045460693,0.9232454690339335,1.004066255791667,0.8700635245627983,1.0321779025022695,0.8106081427265305,1.0580729604605612,0.8398011693887371,1.044283326041041,0.9495406577722073,1.0286805951632927,1.0211762874203907,0.9954820835017669,0.7723384941001274,1.0206692996238,0.8014844221017143,1.0108282591262305,0.9351033222795881,1.0,1.0,-0.611325740814209,-0.3571456372737884,-0.6240127682685852,-0.3858087062835693,-0.6210670471191406,-0.4370313286781311,-0.6157167553901672,-0.4493102133274078,-0.5903918743133545,-0.37444868683815,-0.6042815446853638,-0.4188409745693207,-0.604878306388855,-0.4523618817329407,-0.6016440987586975,-0.4493407607078552
M,0.0,0.0,0.9840488839566018,1.2365152651863067,1.0322909602132078,1.0341709728912352,1.0033566615822194,0.8199805898534364,0.9666520108549145,0.6922156080482575,1.0239974619516425,0.6694509885034904,1.0659597842701,0.6562554192988975,1.0520838848560554,0.8671561272258564,1.0317010787021301,1.0325365941444693,0.9784682722376856,0.5951121721835421,1.021446045472875,0.5423743014801258,1.0139961072451744,0.8004306808859719,1.0,1.0,-0.5297459959983826,-0.1526096165180206,-0.5475909113883972,-0.1602904945611953,-0.5476397275924683,-0.221503660082817,-0.5431222319602966,-0.2596024870872497,-0.5064690113067627,-0.168366402387619,-0.5270245671272278,-0.2049134969711303,-0.5317713618278503,-0.2564936280250549,-0.5316362977027893,-0.2837005853652954
M,0.0,0.0,0.9743834842192654,1.184863482036381,1.067160067141354,1.0763469239889285,1.0629808326219048,0.9315121288273698,1.020166138356187,0.821775952346256,1.118145810537688,0.6058348893813896,1.1421334078424263,0.6533794504328652,1.1068482761276006,0.8768046849545496,1.0676666171229956,1.044653095636503,1.0288640281471149,0.5026292305791926,1.0530092187794748,0.5257557145304296,1.0246328839055556,0.8141683892200793,1.0,1.0,-0.3862966895103454,-0.1624032258987426,-0.3887884616851806,-0.1889277100563049,-0.3853222131729126,-0.2813062369823456,-0.3820433318614959,-0.3314166069030761,-0.3445332050323486,-0.179371565580368,-0.3484406471252441,-0.2379671037197113,-0.352816492319107,-0.3149130940437317,-0.3574469089508056,-0.350204586982727
M,0.0,0.0,1.0251909158365191,1.095817592969955,1.1538749835353672,1.0260729864911398,1.148082498459195,0.9808013175158026,1.0851478006699284,0.9639903236227688,1.20854949950253,0.649787429947348,1.1995871551446355,0.7520834046477437,1.146731385767528,0.9258184490713927,1.1030147878955632,1.0344098244965771,1.0543370662657272,0.59820347474688,1.0375336696954294,0.6810537918822004,1.010003160990552,0.8896932679875419,1.0,1.0,-0.2430634200572967,-0.2844529747962951,-0.235428050160408,-0.3295097053050995,-0.2392853200435638,-0.4125072956085205,-0.2447911947965622,-0.4450333714485168,-0.2039908766746521,-0.3183478415012359,-0.1999455392360687,-0.3773019313812256,-0.2103668451309204,-0.4382087886333465,-0.222387433052063,-0.4510639309883117
M,0.0,0.0,1.0026363848477637,1.0278432118220466,1.0497880275239408,0.9993078172812624,1.0336696627390864,0.960225449472849,0.9963547422523089,0.9323527060919988,1.0828286726552239,0.8699119690314069,1.0797992094612492,0.9194056836892405,1.0553224906852425,0.9744943246401735,1.0370438478779882,1.0114116337514587,1.0294791846449591,0.8475955337513745,1.0273648797989787,0.8951321726561323,1.009590942515463,0.9596033516215855,1.0,1.0,-0.3767205476760864,-0.6010813117027283,-0.3737657368183136,-0.6397706866264343,-0.3728208541870117,-0.6749377846717834,-0.3739315867424011,-0.6893174648284912,-0.3558532297611236,-0.6134716868400574,-0.3547008037567138,-0.6578995585441589,-0.35811448097229,-0.6921058893203735,-0.3625746965408325,-0.7031187415122986
M,0.0,0.0,0.9589534232880554,1.0399415063121915,0.9316396691763352,0.9611762737348961,0.9343090535292625,0.8885101667072566,0.9547662652003789,0.8530353481241217,0.9355031449171759,0.7394988267526499,0.9550873483414184,0.7810674765590623,0.9674626544892793,0.889604306971446,0.9732571776865006,0.9786748227200969,0.9744386791713374,0.7129136746540404,0.9966946224787602,0.7521709816247476,1.0007077150032575,0.8945662604646054,1.0,1.0,-0.7423374652862549,-0.3522288203239441,-0.7595887780189514,-0.388661652803421,-0.7554100751876831,-0.4524410665035248,-0.7489439249038696,-0.4929007887840271,-0.7657442092895508,-0.3718550205230713,-0.7775997519493103,-0.4061053693294525,-0.7690503001213074,-0.4547651410102844,-0.7593355774879456,-0.4812902808189392
M,0.0,0.0,0.9740735566075018,1.0618003564395457,0.9400932579001091,0.9738099870419633,0.9402081801525249,0.8935310213402278,0.9593924901491024,0.8473247079453093,0.9482591875398815,0.7644232052370923,0.9510657363660076,0.7829129766194116,0.9646562141025016,0.8892343533889819,0.9711749527118385,0.9776151475582395,0.9863214040349773,0.7304477070261494,0.9928772494648828,0.7732750159325233,0.9989877292853896,0.9059816492250746,1.0,1.0,-0.7283199429512024,-0.351920485496521,-0.7353594899177551,-0.3905287683010101,-0.7321285605430603,-0.4510883092880249,-0.7264251112937927,-0.4899458587169647,-0.7518129944801331,-0.3664467334747314,-0.7593855857849121,-0.3979973196983337,-0.7531765699386597,-0.4421729147434234,-0.7450527548789978,-0.4662471413612366
M,0.0,0.0,0.9598683022633321,1.067813879886672,0.932426390230768,0.9495380164397577,0.9407931165560607,0.849955284179231,0.965395964331533,0.8020538907559331,0.9402980819487781,0.6976619899539255,0.9538576429035273,0.7101196018333887,0.9685720734276256,0.8445578168769258,0.9749580277808575,0.9707940554731926,0.9778625845383848,0.6620263179978181,0.9934906631610625,0.6733635168453569,1.0015557438585931,0.854310820908942,1.0,1.0,-0.7630302309989929,-0.2510988414287567,-0.7765814065933228,-0.2737061977386474,-0.7749218344688416,-0.3366826176643371,-0.7673575282096863,-0.3810296356678009,-0.7860086560249329,-0.2676726281642914,-0.7964638471603394,-0.2878376543521881,-0.789737343788147,-0.3377467393875122,-0.7794670462608337,-0.3699499368667602
M,0.0,0.0,0.9623944787641457,1.0635076126399357,0.9365138054853953,0.9533603181493984,0.9423560252238359,0.8638433359054749,0.9625624215189053,0.8215139700640222,0.9467833092852299,0.7292015225664116,0.9589044957548736,0.7405951030328293,0.9701156928329411,0.8611206468117624,0.974429897036637,0.9705618511672965,0.9811995952124416,0.6970398392991725,0.9954233802508264,0.7164258867029656,1.0014423271962487,0.8745681749314487,1.0,1.0,-0.7565075755119324,-0.2743412554264068,-0.7693948149681091,-0.2973603904247284,-0.7669881582260132,-0.3554323315620422,-0.7598071098327637,-0.3963931500911712,-0.7768159508705139,-0.2897165417671203,-0.7871600985527039,-0.3116323947906494,-0.7808253169059753,-0.3570971488952636,-0.7712398171424866,-0.3855911791324615
M,0.0,0.0,0.96211606466949,1.0869465986880609,0.9411618210764774,0.9811252077012231,0.9516009970531253,0.8900120358084516,0.9710754723759971,0.8474144030965266,0.9457110461033402,0.7741368311267685,0.9585542223211952,0.7556991270627182,0.970961991029434,0.8686381623125943,0.9766365331749343,0.973207189234814,0.9790095120159653,0.7497176926070521,0.9938089357143207,0.7212531546351194,1.0010132602241233,0.8769822888678731,1.0,1.0,-0.7607134580612183,-0.2900796830654144,-0.774213433265686,-0.2926902174949646,-0.7729767560958862,-0.3509403467178345,-0.7662062048912048,-0.3925863802433014,-0.7803142070770264,-0.3054620623588562,-0.7915975451469421,-0.3105963766574859,-0.7856845855712891,-0.3548245429992676,-0.775756299495697,-0.3846819996833801
M,0.0,0.0,0.966962067893473,1.2007657950082307,0.9281078051780808,1.0510421160118562,0.9245215734501073,0.9060684971442562,0.9329808466683007,0.8147197953875914,0.9316998727779917,0.8355054014589561,0.9316298423147402,0.7350746994307507,0.954915236612775,0.8651273820967218,0.9685066286662981,0.9986515234718404,0.971404669617142,0.7819748270511916,0.9707903998845558,0.663508839404749,0.9908329062536143,0.8474657587093556,1.0,1.0,-0.6811150312423706,-0.2552948594093323,-0.6857760548591614,-0.2318935245275497,-0.6925009489059448,-0.2960911691188812,-0.6915676593780518,-0.3441215455532074,-0.7049187421798706,-0.2631901800632477,-0.7110165953636169,-0.2413188964128494,-0.710781455039978,-0.2858577072620392,-0.7045555114746094,-0.3194017112255096
M,0.0,0.0,1.0033935866211596,1.1200822367782264,0.939310083125813,0.9784812697490152,0.9424199121095184,0.8749087013209835,0.9673220499421377,0.8207731253242716,0.9430707396582689,0.7034648034311168,0.9083963696478311,0.7176238377909477,0.9302186312428168,0.8715763138156919,0.9512009265911752,0.9836313491277477,1.0101966288680202,0.642152471592603,0.9815130064344846,0.6810666130240521,0.9913089429378368,0.8794329121200096,1.0,1.0,-0.6486454010009766,-0.3343128561973572,-0.6380029320716858,-0.3932452201843261,-0.6374192237854004,-0.4993814826011657,-0.6338671445846558,-0.5522444844245911,-0.6877474188804626,-0.351196676492691,-0.6810463070869446,-0.4233338236808777,-0.6750980615615845,-0.494501382112503,-0.6681983470916748,-0.5157343745231628
M,0.0,0.0,0.9968140610231294,1.115494134208657,0.9397068188996736,0.9731149309661263,0.9424619638200196,0.8667008680863575,0.9734951461300086,0.8097488672264875,0.9517676688813507,0.6986781589664206,0.920930661428485,0.7000764308319407,0.9353760489178066,0.8524454148230092,0.9507902535982521,0.9701376498573121,1.0166556900986745,0.6435892095668023,0.9900430141787478,0.6779213222724434,0.9944705374024907,0.8670838518804032,1.0,1.0,-0.6507683992385864,-0.3165839910507202,-0.6406078934669495,-0.3725285530090332,-0.6349693536758423,-0.4666237831115722,-0.6283354759216309,-0.5251134634017944,-0.6834517121315002,-0.3397769927978515,-0.6751924157142639,-0.4138992428779602,-0.6645021438598633,-0.4839270114898681,-0.6544705629348755,-0.5201195478439331
M,0.0,0.0,1.0187185951278466,1.1073396773132833,0.9466660223929547,0.9800143666429062,0.932217628994983,0.8840475644016215,0.9509073428874681,0.8278506531195035,0.9600956857543862,0.6795477266056544,0.9094456635658217,0.6783399686184851,0.9186906025458808,0.8307799255406249,0.934663980711778,0.9498880019773444,1.0403714126867492,0.6274494464097737,0.9919452456210215,0.6707470543968327,0.9920170043827274,0.8647707737022022,1.0,1.0,-0.5999197959899902,-0.3483277857303619,-0.579215407371521,-0.4119175970554352,-0.5724968910217285,-0.5158132314682007,-0.5677270293235779,-0.5795819759368896,-0.6361320614814758,-0.3781226277351379,-0.6183810830116272,-0.4624266028404236,-0.6054506897926331,-0.5368407964706421,-0.5960713624954224,-0.5732200741767883
M,0.0,0.0,1.012789399240676,1.2699418965281999,0.9435552072684167,1.0137313068905143,0.9486714670433926,0.8421738602023513,0.9811877210220018,0.7453408873324646,0.9525490659609495,0.617542486467811,0.9065885937729973,0.5353357049140102,0.9215914095570722,0.7841098966994184,0.9405477452985498,0.980228939832351,1.027851656198163,0.5254577229691588,0.9867330255955057,0.4653643610892096,0.9907884365891677,0.7701745989645097,1.0,1.0,-0.5779996514320374,-0.1613342761993408,-0.5603983402252197,-0.1920154392719268,-0.5579953789710999,-0.2936399579048157,-0.5549637675285339,-0.3596997857093811,-0.6127625107765198,-0.1750543564558029,-0.5972355604171753,-0.2353196144104004,-0.5895109176635742,-0.3109732866287231,-0.5839052200317383,-0.3522429168224334
M,0.0,0.0,1.0279040199791514,1.1166781183815446,0.9639880826846892,0.9989264130920279,0.9531742117658402,0.9207612026282125,0.9661422471632006,0.8689357443359155,0.975749484692338,0.751083873151559,0.9274995608239175,0.7321390666198943,0.9347483996145447,0.8631494520598332,0.9498642262227287,0.9672108488450593,1.0385861960120495,0.702961765532667,0.9904923592631854,0.7047168804619726,0.9910749918074541,0.8743204034897967,1.0,1.0,-0.5663508772850037,-0.3480398952960968,-0.543968677520752,-0.3875433504581451,-0.5426139831542969,-0.4722794592380523,-0.5427746176719666,-0.5254126191139221,-0.5948351621627808,-0.3663173615932464,-0.5757220387458801,-0.4270251989364624,-0.5697470307350159,-0.4878298938274383,-0.5675233006477356,-0.5188767313957214
M,0.0,0.0,0.9910010681992907,1.0903268462497937,0.9506992446814219,0.9904531810903395,0.95673670932335,0.9125059095894791,0.9811825082459957,0.8586744651874954,0.9477588826192682,0.7953540154004115,0.9345737314523721,0.807548341083124,0.9510548421094891,0.9122417413219869,0.9627819594009229,0.990767361796823,0.998081124614621,0.7488249214120776,0.9880385692357854,0.776261873679693,0.9953853940724883,0.9102297024302626,1.0,1.0,-0.6660789847373962,-0.4190788865089416,-0.6657243967056274,-0.4735937118530273,-0.6615873575210571,-0.5503755211830139,-0.6544296741485596,-0.5926679968833923,-0.6944751739501953,-0.4377021193504333,-0.6941527724266052,-0.5058667063713074,-0.6846565008163452,-0.561566948890686,-0.6733381152153015,-0.5848428606987
M,0.0,0.0,0.9819720576969612,1.0536286145789178,0.9485195470415722,0.981131999367699,0.9504685833018783,0.9169706366091916,0.967916959565172,0.876450839844414,0.9516004477381318,0.8284410994892614,0.9535716068033284,0.8407699129203183,0.9686369796917796,0.9209316413839095,0.9744717408606662,0.9827219713655224,0.9910364053906244,0.7976060050157682,0.9940534243443804,0.8348733986237273,0.9996336875097216,0.9308988335659646,1.0,1.0,-0.716067373752594,-0.4979246854782104,-0.7206478714942932,-0.5481056571006775,-0.716927170753479,-0.6060482263565063,-0.7110521197319031,-0.6423869729042053,-0.7403298020362854,-0.5149840712547302,-0.7438647150993347,-0.5679574608802795,-0.7357732653617859,-0.6140012145042419,-0.7263657450675964,-0.6380652785301208
M,0.0,0.0,0.9751571818020094,1.0497837601111102,0.9473942198125197,0.9772804764897327,0.9511561657096059,0.9216895266235983,0.9719540065933819,0.8916097075893312,0.958524197904029,0.8417629304257105,0.9602671008832311,0.8365616664671929,0.9708201981219919,0.9129772026432141,0.9745262909902734,0.9773950616951376,0.994461174532301,0.8186043079419189,0.9990450494343378,0.8385784045660136,1.0025952025693996,0.931437254449966,1.0,1.0,-0.7648406624794006,-0.5122309327125549,-0.7685922384262085,-0.5481753349304199,-0.7639485001564026,-0.6033401489257812,-0.7561954259872437,-0.6389899253845215,-0.7860502600669861,-0.5294808149337769,-0.7890409231185913,-0.5717896223068237,-0.7800425291061401,-0.6149373650550842,-0.7691007256507874,-0.6374582052230835
M,0.0,0.0,0.9743615936003281,1.1194445461621936,0.9455310066126741,1.0136265366580897,0.9456280059185426,0.9284166317100027,0.9616494541768226,0.8769036939978835,0.9602425680027343,0.8359598386905553,0.9591468879349744,0.776412753786287,0.9668187088520663,0.8817731421877567,0.9705813943444175,0.9827511432370004,0.994361677602995,0.8208716119378852,0.9952613778640451,0.7526076100264777,0.9998758979469035,0.8849326203503256,1.0,1.0,-0.7718795537948608,-0.3435761630535126,-0.7770184874534607,-0.3343884646892547,-0.7748922109603882,-0.3924376964569092,-0.7679131627082825,-0.4370892941951751,-0.7930077314376831,-0.3580745458602905,-0.7980247735977173,-0.3569194376468658,-0.7920936942100525,-0.4013034701347351,-0.7826204299926758,-0.4337278008460998
M,0.0,0.0,0.9675395115094404,1.2131102942725336,0.9372809842536517,1.0268390453520946,0.9413028012248047,0.8735273734543844,0.9595651733388707,0.7914055884397447,0.9545402511341408,0.8122499104754282,0.9599791470622273,0.6736235860383795,0.969899952565674,0.8280681650622456,0.9725479906496906,0.9780678490931688,0.9901849782113735,0.7882605902302361,0.9942587865864058,0.6194842331430496,1.0004106851104606,0.8175520295747054,1.0,1.0,-0.7791532874107361,-0.2291571646928787,-0.7852049469947815,-0.2059128880500793,-0.7841789126396179,-0.2658174335956573,-0.7772478461265564,-0.3116582036018371,-0.8012047410011292,-0.2437380999326706,-0.8063602447509766,-0.2253467887639999,-0.8008623123168945,-0.2677570879459381,-0.7914303541183472,-0.3004592359066009
M,0.0,0.0,0.9492126062601444,1.2591541852283175,0.8961988739350104,1.0335705489528637,0.9264904679307103,0.8880259304703931,0.9868807776901259,0.8103058066213735,0.9092045026678968,0.6707955944847717,0.9049832316138805,0.5938725229220474,0.9241321474599059,0.8324025098715182,0.9358546543515415,1.0374261970557426,0.9837026252295553,0.59585964855555,0.983634723813178,0.48067339838342893,0.9977411833632773,0.7669949553935033,1.0,1.0,-0.7898913025856018,-0.2589614689350128,-0.8025663495063782,-0.2587397396564483,-0.7987853288650513,-0.3981921076774597,-0.7822620868682861,-0.4922018647193908,-0.8367137312889099,-0.2850586473941803,-0.8523318767547607,-0.3234851062297821,-0.8373854160308838,-0.4287472069263458,-0.813623309135437,-0.4908143877983093
M,0.0,0.0,1.0884079194722178,1.1212454854251577,0.9626435775196023,0.9816655555745486,0.9760482709679488,0.8653153873641558,1.033391565204519,0.779023313398794,0.964103888397786,0.6863202786114361,0.833784821016771,0.7071076216849365,0.8640426678820488,0.8724994322441375,0.918916205411408,0.9920383941340848,1.072738082507448,0.6177709823438101,0.9314616635511603,0.6569582449140062,0.9531961140771852,0.8578606918400256,1.0,1.0,-0.4531928300857544,-0.3584996461868286,-0.4061543643474579,-0.4377496540546417,-0.4211675226688385,-0.5554361939430237,-0.438005268573761,-0.6195889711380005,-0.4912943542003631,-0.3797875642776489,-0.4542441666126251,-0.4916420578956604,-0.4640814065933227,-0.5724794268608093,-0.4798996746540069,-0.5993962287902832
M,0.0,0.0,1.0260706900514927,1.197693290887667,0.9410194688367995,1.003935757423225,0.9393033755627849,0.84954044350244,0.9719240117994652,0.7375207002356282,0.9481846922490285,0.6513245204149302,0.8846759571148145,0.6232887487437726,0.9069057583019705,0.8304201337503019,0.9356405624642736,0.9972441516742707,1.032833355726912,0.5706108133836275,0.9681109783621852,0.5579370518704484,0.979849875633711,0.8100919043662113,1.0,1.0,-0.5699349641799927,-0.2443432807922363,-0.5444003343582153,-0.2922454476356506,-0.5456942319869995,-0.4075256884098053,-0.5466341972351074,-0.4815459251403808,-0.6109092235565186,-0.2642843723297119,-0.5894932150840759,-0.3364260494709015,-0.5809668898582458,-0.420266181230545,-0.5758721828460693,-0.4651201069355011
M,0.0,0.0,1.030833809260476,1.2755377993393733,0.9466812020369642,1.0502884066131297,0.9494006336690772,0.8711222595623695,0.9824106848555784,0.743200862308324,0.9386551489008549,0.6648405760084983,0.8817330242041896,0.6004396512879517,0.9058733569774016,0.8307086794558407,0.9356707693347264,1.021856773612992,1.0185182583609242,0.5481223476159188,0.9628199794891752,0.5012730277317029,0.9779019258417466,0.7804756707710284,1.0,1.0,-0.5651420950889587,-0.1848401725292205,-0.5467187166213989,-0.2258889377117157,-0.5504651069641113,-0.3373473584651947,-0.5515779852867126,-0.4119794368743896,-0.6042389273643494,-0.1932470202445984,-0.5896393060684204,-0.2627364099025726,-0.5856926441192627,-0.3468948006629944,-0.5819451212882996,-0.3945084810256958
M,0.0,0.0,0.9986760155859677,1.2702029323498572,0.9284616627028265,1.0469589977220954,0.9282173554488258,0.8806303105904473,0.9572518315915451,0.7717846295693674,0.9257465832118247,0.621590917308457,0.8915713691858387,0.5589451585493724,0.9156755029378991,0.7980076472502439,0.9369000902480569,1.0009191163177495,0.9982470776310486,0.5033427342083377,0.9680703963358189,0.47521305636909267,0.9850999052711098,0.7726294428173698,1.0,1.0,-0.6272492408752441,-0.1570137441158294,-0.6195322871208191,-0.1928341388702392,-0.6226287484169006,-0.2981703877449035,-0.6205070614814758,-0.3686777651309967,-0.6675360798835754,-0.1656932383775711,-0.6653980612754822,-0.2287802398204803,-0.6595668792724609,-0.3106312453746795,-0.651013970375061,-0.3555030822753906
M,0.0,0.0,0.9895781372892485,1.2038051050982261,0.9291389125409594,1.0233807315392982,0.927754686396747,0.8778785600043448,0.9479521689399723,0.7712686257534079,0.9175096341907628,0.6681551138438331,0.8955866783290064,0.6410529103908277,0.9224968698063727,0.8309504525339582,0.9401577161302995,0.9930003287377306,0.986648438460664,0.5581092862568362,0.9684078586227457,0.558668724450578,0.9883728484027312,0.8114380402194761,1.0,1.0,-0.6517381072044373,-0.2082656621932983,-0.6529361009597778,-0.2523726522922516,-0.6544481515884399,-0.3584259152412414,-0.6487694978713989,-0.4287466406822204,-0.6920140385627747,-0.2199484705924987,-0.6975119113922119,-0.2939392328262329,-0.690021812915802,-0.3765836656093597,-0.6780882477760315,-0.4210876226425171
M,0.0,0.0,0.9634898527656188,1.2487311538402839,0.9204671973058758,1.0308902356925196,0.9360765745912616,0.8651851167270636,0.969322035602317,0.7815632795158288,0.9407045871654844,0.795108350050618,0.9315407476882234,0.6207493865618464,0.9459848721448793,0.7899861626666712,0.9548854513984494,0.9668635716938354,0.9932292583861394,0.7574784342786018,0.9856539799075775,0.566463713458672,0.9959096966353609,0.7951226791519206,1.0,1.0,-0.7674012184143066,-0.2709805965423584,-0.7701736092567444,-0.2303024232387542,-0.7706863880157471,-0.3205585181713104,-0.7635042071342468,-0.390004813671112,-0.8014074563980103,-0.2869271636009216,-0.8048727512359619,-0.2655444145202636,-0.7985241413116455,-0.3327623605728149,-0.7875169515609741,-0.382774293422699
M,0.0,0.0,0.9547231882925304,1.1215063219023405,0.9245700156063774,0.9940029925162901,0.9400831271614466,0.912622878839378,0.9728681969383169,0.8748718141011141,0.9499193884205076,0.7997591109057502,0.9511740501846389,0.7485754098380486,0.9601327580059006,0.8735718113190658,0.9633134122037474,0.9890805814239007,0.9954371495281452,0.7891166270930379,0.9989444630331569,0.7175356132420659,1.0031450116986773,0.8698292306184978,1.0,1.0,-0.8089362978935242,-0.4034314453601837,-0.8175230622291565,-0.3906606435775757,-0.8115944266319275,-0.4694811999797821,-0.7994734048843384,-0.5273034572601318,-0.8343204855918884,-0.4296017289161682,-0.8423858880996704,-0.4331886172294616,-0.8316700458526611,-0.489854484796524,-0.8175082206726074,-0.5286754965782166
N,0.0,0.0,0.9849309917135636,1.0745480185010658,0.950569992708812,0.9794565061037156,0.9563351663480107,0.9194851678135304,0.9883961518388867,0.9042550484661058,0.9720078607783776,0.8123574910167325,0.9698676245783965,0.8139917984569063,0.9755529095606481,0.9119047264248212,0.9744645821561924,0.9683086073626553,1.0179265002786977,0.7894727772045234,1.0155692456710592,0.8435018843396509,1.0092416160670608,0.9516445915544157,1.0,1.0,-0.7621980905532837,-0.4768194556236267,-0.7578134536743164,-0.5410376787185669,-0.7452762126922607,-0.6018581986427307,-0.7331279516220093,-0.6247533559799194,-0.7873349785804749,-0.503028154373169,-0.7827990651130676,-0.5667965412139893,-0.7682522535324097,-0.6100641489028931,-0.7545161247253418,-0.6224532723426819
N,0.0,0.0,0.9828884826938697,1.0793077194755976,0.9506498211749491,0.9838377643319242,0.958048385290932,0.9152837199662467,0.9870202660004286,0.892362264007292,0.9699846481765464,0.8179306344812126,0.9659895678048653,0.8143794028884852,0.9751148661087007,0.9064519301332578,0.9755703468690206,0.9707146981133272,1.0139340546719486,0.791925966970009,1.0097034762382204,0.8312634426226041,1.0071473829564987,0.9371825320455204,1.0,1.0,-0.750140368938446,-0.457066923379898,-0.7469257712364197,-0.5137028098106384,-0.7373173832893372,-0.5707809329032898,-0.7268137335777283,-0.5988746285438538,-0.7744717597961426,-0.4819331765174866,-0.7717522382736206,-0.5395010113716125,-0.7584146857261658,-0.5814663171768188,-0.7452124357223511,-0.5978534817695618
N,0.0,0.0,0.9895593924297759,1.0688597848297356,0.9599221137806484,0.9745947330700866,0.9639444550721775,0.9111558498160794,0.9867389938491545,0.8849851414649782,0.9776772828184052,0.8293108078791365,0.9689824151510953,0.8066799792899453,0.9732215124444397,0.8889452568272798,0.9751537421132616,0.9584976330628474,1.015328231523935,0.8045814399499618,1.0073204488723257,0.8313553693730963,1.0038872626660673,0.9338159904980634,1.0,1.0,-0.7554084062576294,-0.4258884191513061,-0.7474098205566406,-0.4694927930831909,-0.7395532131195068,-0.5213832855224609,-0.732042133808136,-0.5492032170295715,-0.7768501043319702,-0.4446579217910766,-0.768480122089386,-0.4925013780593872,-0.7584089636802673,-0.529983639717102,-0.7502373456954956,-0.5451135635375977
N,0.0,0.0,0.9815556699135406,1.0761253573543779,0.954691326314146,0.9790925782629679,0.9610996193973872,0.9134527240716426,0.9834010357516719,0.888907949286909,0.9736467487660262,0.8387799263227617,0.9684766640839291,0.8108939835947266,0.9735608302607921,0.8978758478319677,0.9739337165735078,0.9624646465191145,1.0100811046141265,0.8153454103610077,1.0067411659206622,0.8341239841069982,1.0051466821178143,0.9368499992360861,1.0,1.0,-0.760958194732666,-0.4388348162174225,-0.7586529850959778,-0.4791652262210846,-0.751709520816803,-0.5322619080543518,-0.7434939742088318,-0.5603166222572327,-0.7829613089561462,-0.4564284384250641,-0.7809310555458069,-0.5008054375648499,-0.7703380584716797,-0.5406824946403503,-0.7603229284286499,-0.5575041770935059
N,0.0,0.0,0.9739096061254622,1.120311244194117,0.9191355924229564,0.9941987851695173,0.9164156495478791,0.9008572107368162,0.9473792072756941,0.8405120817589099,0.9455280768608617,0.6677898193884212,0.9241165421892431,0.690763605461771,0.9360143991668423,0.8579952833842989,0.944972149666782,0.9669088011047814,1.027566287530926,0.6433038021754754,1.0095188333729677,0.7193347474175218,1.0025828340380503,0.9190259346324421,1.0,1.0,-0.814346194267273,-0.4166361689567566,-0.8026602864265442,-0.5126867890357971,-0.7805679440498352,-0.622549295425415,-0.764072835445404,-0.6567268371582031,-0.8590561747550964,-0.4679385423660278,-0.8502941131591797,-0.5634822845458984,-0.8238709568977356,-0.6337944865226746,-0.8023210763931274,-0.6454552412033081
N,0.0,0.0,1.0149511178556159,1.1595299091451416,0.9272042131467365,0.9936510287551643,0.9269943099290574,0.8583310256056571,0.9767502445090195,0.7745832080023689,0.9356201021952428,0.6503980347636799,0.8874955047743909,0.6535427451418091,0.9082871141301866,0.8438167932143797,0.93005423911243,0.9646788970968727,1.0230522528956714,0.5651893582691937,0.984104821755168,0.6610375660627265,0.9906191812221913,0.8927158169958498,1.0,1.0,-0.6576769948005676,-0.2935853600502014,-0.6431789994239807,-0.4115348756313324,-0.6356649398803711,-0.529956579208374,-0.6277049779891968,-0.5754898190498352,-0.7042874097824097,-0.3239111006259918,-0.6908295154571533,-0.4448489844799042,-0.6788503527641296,-0.5302524566650391,-0.6679805517196655,-0.5547635555267334
N,0.0,0.0,1.0068696063973854,1.1337544081604432,0.9386338157837052,0.9562481272520994,0.9359032973089376,0.8139787665602135,0.9663401137820412,0.7202184424371717,0.9584725900324851,0.5928839421311296,0.9153302246976114,0.5872712046282804,0.926941215181409,0.7782984692766904,0.9394983820095456,0.9268744765909714,1.0370912689217202,0.5296906412544914,1.006788863446616,0.6229466359685404,1.0030765183986496,0.8547476240111251,1.0,1.0,-0.6881466507911682,-0.2619691491127014,-0.6740378737449646,-0.3568443357944488,-0.6616358757019043,-0.4692044854164123,-0.6498750448226929,-0.5317925810813904,-0.7275464534759521,-0.3009458184242248,-0.716363787651062,-0.3982982039451599,-0.7016775012016296,-0.4790868163108825,-0.6879478693008423,-0.5172691941261292
N,0.0,0.0,1.0549006722742884,1.1554915536730594,0.9481195118644828,0.9862390044958648,0.9140891348813663,0.8421109409078927,0.9204602249938724,0.723634646198999,0.9556631908488643,0.5903566413488602,0.8755794723200105,0.5541119841410647,0.8886775436678994,0.7545457458305651,0.9144324413602867,0.9106420977046071,1.0460637092057845,0.508149034869397,0.9800393853712056,0.5915143279457206,0.9865485153347799,0.835257097651438,1.0,1.0,-0.5205893516540527,-0.2181879580020904,-0.4954564571380615,-0.3195701241493225,-0.4986414909362793,-0.425396591424942,-0.5017516613006592,-0.487577736377716,-0.5590143799781799,-0.2410359680652618,-0.5373429656028748,-0.3379750549793243,-0.5330599546432495,-0.4198542833328247,-0.5313003659248352,-0.4629837870597839
N,0.0,0.0,1.0190259001890944,1.171529370051286,0.9386510029235138,0.98362904579419,0.9183661325859366,0.8174252123355276,0.9305379838361195,0.6949555595999795,0.9464595377081081,0.6352761374057622,0.9016441046342113,0.5761477046300484,0.9195972866057764,0.75783415599797,0.93939578944551,0.9080129514156816,1.018037017460676,0.5442660661352399,0.9884789244990636,0.6011294162782644,0.994761830343293,0.8303633416916636,1.0,1.0,-0.5872752666473389,-0.203661173582077,-0.5742836594581604,-0.2783468663692474,-0.5732074975967407,-0.3693222403526306,-0.5702713131904602,-0.4282956719398498,-0.6209375262260437,-0.2206000089645385,-0.6095184683799744,-0.3007853925228119,-0.6031085848808289,-0.368835836648941,-0.5968354940414429,-0.4080580770969391
N,0.0,0.0,1.0333363444157442,1.2427254927778522,0.9436829525534791,1.0311279404222107,0.9289768870941753,0.8531766090533182,0.9519222505969267,0.7219460417343042,0.9439483957441197,0.6302827302081961,0.8892246177959854,0.515854976168599,0.9111397638660345,0.7317167972992822,0.9352982680579495,0.922024663729354,1.0198385368092617,0.5116490321746493,0.980926725716434,0.5148678755947156,0.9905525051391852,0.781241143736123,1.0,1.0,-0.5360223650932312,-0.1507502198219299,-0.5230382680892944,-0.2097037136554718,-0.5261363983154297,-0.3027517795562744,-0.526494562625885,-0.3677749335765838,-0.5705349445343018,-0.1594848930835724,-0.5593641996383667,-0.229542002081871,-0.5558382868766785,-0.3008692860603332,-0.552915632724762,-0.3465983867645263
N,0.0,0.0,0.9850544310466698,1.1582973978036368,0.9279960056644477,0.9560978221462806,0.9265231911915612,0.804672358222289,0.9516608956194389,0.7012932966405954,0.9332812431208263,0.6551526119100468,0.9156412393858129,0.5792971193957019,0.9351523300048816,0.7590608780252006,0.9466610093147944,0.9107405804040588,0.9980917565061562,0.5747698927823508,0.992455079448863,0.6157136038989348,1.00071826436057,0.8386133449183669,1.0,1.0,-0.6542662382125854,-0.222133606672287,-0.6547458171844482,-0.2870944142341614,-0.6516902446746826,-0.3772770762443542,-0.643821656703949,-0.4327391684055328,-0.688873827457428,-0.2391137927770614,-0.6905046105384827,-0.3176091313362121,-0.6797228455543518,-0.386555552482605,-0.6676308512687683,-0.419607549905777
N,0.0,0.0,1.006514794400535,1.0478866507732154,0.9577556331900831,0.9809321824259539,0.9568865530844228,0.9252824031124357,0.982222232018939,0.895040526471194,0.9638584311190393,0.8264586299219787,0.9401032075207791,0.8462169320550389,0.953774436741108,0.923054709010732,0.9645613900793013,0.9693244917384237,1.0136762389050513,0.7975609697283553,0.9992353217239568,0.86150978473329,1.0006990514061784,0.9512928167570891,1.0,1.0,-0.6323580741882324,-0.5786156058311462,-0.6272770166397095,-0.6547163724899292,-0.6223516464233398,-0.7190431356430054,-0.6168761253356934,-0.7511151432991028,-0.6577483415603638,-0.600742757320404,-0.6534663438796997,-0.6722347140312195,-0.6456995606422424,-0.7216764688491821,-0.6374078989028931,-0.7441818714141846
N,0.0,0.0,0.9895372101558058,1.036892946789544,0.9566288922475675,0.9732601538859145,0.9563432744133892,0.9219398287824502,0.9751373330340056,0.8954009233283731,0.9653416013076241,0.8539759794165891,0.9591414132384527,0.8525463611176682,0.9710736861425502,0.915540976149592,0.9742530010349353,0.9627547828910665,1.0060943253998276,0.8323405092907471,1.0057152630630086,0.8758073163501026,1.0062758420067475,0.9519557727593888,1.0,1.0,-0.7078924775123596,-0.6238186955451965,-0.7077932357788086,-0.68349289894104,-0.7017055749893188,-0.7395268082618713,-0.6931231021881104,-0.7712963819503784,-0.7307213544845581,-0.6447747349739075,-0.7306285500526428,-0.7008035182952881,-0.7217617034912109,-0.74278324842453,-0.7110373377799988,-0.7634937763214111
N,0.0,0.0,0.9842320115103824,1.0370277531402539,0.9470827032485614,0.9686516589353042,0.947457276381765,0.9070108403956852,0.9753531507094136,0.8689502066119152,0.957953733537664,0.8088727850980804,0.9524476813836603,0.806048745636123,0.9660763747230882,0.8855148669044858,0.9705621355604218,0.9459292390871364,1.007558895259182,0.7841552228427264,1.010336520872628,0.8452419058476965,1.0083493813216584,0.9483755311625292,1.0,1.0,-0.8004330396652222,-0.602302074432373,-0.8011726140975952,-0.6796629428863525,-0.788992166519165,-0.7528895735740662,-0.7759870886802673,-0.7837605476379395,-0.8306674957275391,-0.6329125165939331,-0.8317977786064148,-0.7099603414535522,-0.8171457648277283,-0.7623811364173889,-0.8022030591964722,-0.7800180912017822
N,0.0,0.0,0.9851371231072269,1.0468062614168434,0.9473236761782504,0.9810079793511467,0.9472814644243678,0.9239899524376727,0.9691690872674754,0.8885791820157306,0.9514637418786756,0.8257933228862041,0.94606907973248,0.8097594841478208,0.9602661944210263,0.8916942536987722,0.9663442924777471,0.9590343565094586,0.9952815149206715,0.7910951733235845,0.9985344236852912,0.8316919256008152,1.003480457733213,0.9346163178771368,1.0,1.0,-0.7846158742904663,-0.5448688268661499,-0.7895132303237915,-0.6056426763534546,-0.7835575938224792,-0.6760925054550171,-0.7731925845146179,-0.7164814472198486,-0.8128418326377869,-0.5638760328292847,-0.8186044096946716,-0.6297838687896729,-0.8083168268203735,-0.6823159456253052,-0.7950633764266968,-0.7073634266853333
N,0.0,0.0,0.9813851435623416,1.035560294804333,0.9519766978066942,0.9736148790717869,0.9535520637379662,0.9200628944127534,0.9720298502890502,0.8884398151055818,0.9578181881267782,0.8511142202949682,0.9551193805253856,0.835818480703642,0.9685180010115352,0.9006960506159051,0.9730705342568436,0.9578614090587615,0.993042257536343,0.8233190439066216,0.9979376217921426,0.858057318361919,1.0030490625795145,0.9432141208981756,1.0,1.0,-0.7842039465904236,-0.578549325466156,-0.78904128074646,-0.6285529136657715,-0.7845831513404846,-0.6874330043792725,-0.7763355374336243,-0.7228412628173828,-0.8072993755340576,-0.5952439308166504,-0.812775731086731,-0.6482805013656616,-0.8043603301048279,-0.6923689842224121,-0.7936495542526245,-0.7141902446746826
N,0.0,0.0,0.9678841121653377,1.0852656016476667,0.9389260551786298,0.9830311959823032,0.939940017838577,0.891110970960952,0.9582537599562714,0.8340087257905063,0.9527480501999657,0.8501415042072153,0.9550296453301932,0.7648318488662288,0.9671636612407363,0.849123881442794,0.9695603393414144,0.9369835611273954,0.9898457551402712,0.8559479916020672,0.9977488595786401,0.7826370880145989,1.0040327767191881,0.904106517969168,1.0,1.0,-0.8519018292427063,-0.4498301148414612,-0.860063374042511,-0.4327112436294555,-0.858940839767456,-0.4950804710388183,-0.8510345816612244,-0.5375655889511108,-0.8769822120666504,-0.4715033173561096,-0.883882462978363,-0.4568900167942047,-0.8791330456733704,-0.5028213858604431,-0.8697870969772339,-0.5350332856178284
N,0.0,0.0,0.952300456795553,1.1148230529176173,0.9187788335448968,0.9572609014862689,0.926480747016174,0.8109604585383104,0.9573354047324066,0.7343520106539765,0.9396353125730541,0.6852326202581739,0.9418905273158369,0.583444169942602,0.9574621558587506,0.7226583925915241,0.9612731351091551,0.8788035638905582,0.9855783385301756,0.6525864195642929,0.996784010335028,0.6179460137866406,1.0054293232327476,0.8210420230011256,1.0,1.0,-0.885060727596283,-0.2560273110866546,-0.8989356160163879,-0.2782624065876007,-0.8963955044746399,-0.3602339923381805,-0.8834410905838013,-0.4241651892662048,-0.9163414239883424,-0.2749899327754974,-0.9290536642074584,-0.2942438423633575,-0.921128749847412,-0.3602433800697326,-0.9066599011421204,-0.4107613563537597
N,0.0,0.0,0.9805178952327015,1.2808025517462258,0.9307010454764387,0.9934431262365313,0.9320831491851609,0.7731522313824737,0.9498946054950697,0.6213575444497508,0.9363677368432195,0.635827048658325,0.9146459988461518,0.4493844007863835,0.9341594473966962,0.6620920165809637,0.9455001078424626,0.8943520775095061,0.9974591687264798,0.5435091721677292,0.9875476690149418,0.47000989713111985,0.9988547527430359,0.7588969275565521,1.0,1.0,-0.7627249956130981,-0.1630649864673614,-0.7640425562858582,-0.1944660991430282,-0.7622779607772827,-0.2932652831077575,-0.7522357106208801,-0.3618091940879822,-0.8024067878723145,-0.175746738910675,-0.8066362142562866,-0.2211431413888931,-0.79653400182724,-0.296188473701477,-0.7831469178199768,-0.3410645127296448
N,0.0,0.0,0.9423975469660957,1.2298573763605614,0.9151538934585186,0.933912780410089,0.9277347432890082,0.6903335103523475,0.9555491401517466,0.5475441876459589,0.9337946703725312,0.5805750107190817,0.9439445327139117,0.3610530872043545,0.9574736690307168,0.572339600096635,0.9554479729857371,0.8389832325268084,0.9869559401768515,0.5694314642592081,1.003561125762205,0.3688276045192081,1.0090513474573861,0.7000437469121426,1.0,1.0,-0.8922321796417236,-0.1701453328132629,-0.9095208644866944,-0.1571428179740905,-0.9013862013816832,-0.2547636032104492,-0.8826776146888733,-0.3271916210651397,-0.9266454577445984,-0.1941834092140197,-0.942163348197937,-0.1894927769899368,-0.9295234084129332,-0.2603107392787933,-0.9095123410224916,-0.3101468086242676
N,0.0,0.0,0.9991603823217884,1.121387855622447,0.9479799745417653,0.9788116265033902,0.9522321898146042,0.8762892458781808,0.9790852612779914,0.8124568261617516,0.9555713162123124,0.7871699678879154,0.9323937576267055,0.7257765760912315,0.9444904646941603,0.8403881999278312,0.9533060783093218,0.9453874396858314,1.0199284576545036,0.7431982631545381,1.0035740482248197,0.7517528203634464,1.0031976710932597,0.8899592342838443,1.0,1.0,-0.6935567855834961,-0.432576835155487,-0.6851598024368286,-0.4925020933151245,-0.676837682723999,-0.5789909958839417,-0.6665840148925781,-0.6347202062606812,-0.7269963622093201,-0.4549263715744018,-0.7196793556213379,-0.5261387228965759,-0.7073532938957214,-0.589188814163208,-0.69526207447052,-0.6220477223396301
N,0.0,0.0,1.0294572740875831,1.352732491584441,0.9675358971353607,1.063984746157198,0.9895452970851133,0.8587015997777477,1.0387531826752945,0.7302679176787401,1.0238056093833134,0.7156414796110673,0.9599105793567465,0.5311343079075843,0.940804944849708,0.7344562146295885,0.9428564332315824,0.9376160018043884,1.0936558878889957,0.6762323980579453,1.0208473461875887,0.5203229997248974,0.9999224254472695,0.7686606223408455,1.0,1.0,-0.5311751365661621,-0.1976559162139892,-0.4958726763725281,-0.209833025932312,-0.4902408719062805,-0.2959206104278564,-0.4908573925495147,-0.356967568397522,-0.5612049102783203,-0.2155929654836654,-0.5251427292823792,-0.2298741936683654,-0.5157865881919861,-0.2982790768146515,-0.51601243019104,-0.3464156091213226
N,0.0,0.0,1.0661011334056842,1.3245440622001956,0.9896337035193511,1.088318041817141,0.9956233731262902,0.8639802627994058,1.0300090574536316,0.6939025779432549,1.0424388213886462,0.7643692434551089,0.9627607281866325,0.6196534805038761,0.9437994794004129,0.811611097810372,0.9523212376887988,0.9993621763460804,1.105888895235453,0.7173291753961131,1.0072460445039206,0.5616703775537465,0.9884476666857062,0.7821703165819349,1.0,1.0,-0.4287602603435516,-0.1833162903785705,-0.3922263383865356,-0.1831771582365036,-0.393990010023117,-0.2567945122718811,-0.4021885395050049,-0.311366319656372,-0.4550821185111999,-0.1897393465042114,-0.417064756155014,-0.196241408586502,-0.4152370095252991,-0.2562342882156372,-0.4218336939811706,-0.3017168343067169
N,0.0,0.0,1.0545084831539628,1.0800139932401462,0.9860159499734649,0.9873742720964273,0.9643758672272479,0.9068655713305613,0.9672586508699831,0.8476985315567854,1.0444921907405607,0.8066113135267791,0.9454682582042587,0.8028102499696164,0.9367232361786278,0.9066266383308806,0.9572924365094008,0.9771158127750167,1.0989457471346225,0.7877626908780186,0.9858048796933496,0.8062991051141708,0.9799911283812631,0.9203401712556707,1.0,1.0,-0.451874315738678,-0.4831156432628631,-0.4090105891227722,-0.5347155332565308,-0.4141500890254974,-0.6022430062294006,-0.4246300160884857,-0.6424164772033691,-0.4692647457122803,-0.503216564655304,-0.4320997595787048,-0.5528540015220642,-0.4326471388339996,-0.6061419248580933,-0.4400853514671325,-0.6366943717002869
N,0.0,0.0,1.0219309974430628,1.0640076527537363,0.9680949978223333,0.9907514344779671,0.962422977510296,0.9268552231730753,0.9828040546068689,0.8808717366793987,0.9824863147715737,0.8488542281365188,0.9384263909439551,0.8505265939144702,0.9446160974285601,0.9222216398460389,0.959161072689684,0.9731697271453678,1.0311702218036998,0.8252774999549439,0.9917222888834544,0.8632067789469576,0.9931544157319213,0.9477542150578562,1.0,1.0,-0.5743255615234375,-0.6015746593475342,-0.5548674464225769,-0.6650848984718323,-0.5547574758529663,-0.7262917160987854,-0.5567534565925598,-0.7576041221618652,-0.5973547101020813,-0.621073305606842,-0.5794299840927124,-0.6787335872650146,-0.5758585333824158,-0.7256137728691101,-0.5763411521911621,-0.7465100884437561
N,0.0,0.0,1.0091054454874226,1.0413461913007083,0.9691749775135489,0.9821631600292986,0.9631235035564182,0.9338457273048755,0.9765995786733571,0.901980555710433,0.9740468197973173,0.8620914258916549,0.9481287847009798,0.8706164996154372,0.9577158958453055,0.9352166344988349,0.9679950496735602,0.9777373653743778,1.0167340067306827,0.8398290967776921,0.9974985766725541,0.8825579574712494,0.9981188483106607,0.9572448653037282,1.0,1.0,-0.6395949125289917,-0.6625089645385742,-0.6302696466445923,-0.7246731519699097,-0.626919686794281,-0.7805781364440918,-0.6247297525405884,-0.8074660301208496,-0.6622520089149475,-0.6820833683013916,-0.6543306112289429,-0.7398706674575806,-0.6477493047714233,-0.7808527946472168,-0.6429526209831238,-0.7971442341804504
N,0.0,0.0,0.974083805561437,1.0202193997223963,0.9528270396156426,0.9624097820030344,0.9587938611836825,0.9201747360056678,0.9770332128046588,0.9001567773582064,0.9617022508867377,0.8567970823268598,0.9670839982618408,0.8581755562786121,0.9753446847461592,0.919752152643769,0.9770765273270747,0.967974152620708,0.9974228679513305,0.8442065569757143,1.0064188348606762,0.8767284472749367,1.0050262073369387,0.950512158969538,1.0,1.0,-0.74942547082901,-0.668246865272522,-0.7550812363624573,-0.7161925435066223,-0.7471182346343994,-0.7716811299324036,-0.7390288710594177,-0.8035551309585571,-0.7706933617591858,-0.6887506246566772,-0.7753971815109253,-0.7348280549049377,-0.7645575404167175,-0.7756147384643555,-0.7543256878852844,-0.7944653034210205
N,0.0,0.0,0.9670216246506533,1.0722433106441212,0.9458507504821183,0.9758652466973339,0.9519340952765917,0.8949536825416747,0.9637472147890497,0.8457116272822317,0.9579212357620509,0.9052804770990442,0.9642641782639678,0.8300006686639125,0.9764180919206775,0.8987861155609841,0.9787854875568962,0.9609242795391094,0.9914788380151096,0.9095838139865106,1.0001009760427413,0.8471461708123993,1.0045407664220178,0.934180953769282,1.0,1.0,-0.7917167544364929,-0.5647022128105164,-0.7993788719177246,-0.5458213686943054,-0.7961031198501587,-0.6020632386207581,-0.787330150604248,-0.6385840773582458,-0.8122968673706055,-0.5804551243782043,-0.8188565373420715,-0.5656169056892395,-0.8125137686729431,-0.6048844456672668,-0.8033257722854614,-0.6312066316604614
N,0.0,0.0,0.9638433068864525,1.1064389467033107,0.9363083562665362,0.9756817450227867,0.9460497540998748,0.8689274469276219,0.969556159229932,0.8161265523749791,0.954210651212217,0.8517361576594462,0.9574309597602407,0.7385540511133613,0.9672848391666821,0.8336554452866548,0.9687702091955331,0.9325371150277095,0.9937572726928021,0.8559075756669021,1.001647884961266,0.7491410297384061,1.0049944361259102,0.885040381167125,1.0,1.0,-0.8205814957618713,-0.4339273869991302,-0.8283990621566772,-0.4089870452880859,-0.8247736692428589,-0.4775107204914093,-0.8155874609947205,-0.5259525179862976,-0.8458206057548523,-0.4548998177051544,-0.8524874448776245,-0.4354286193847656,-0.8462952971458435,-0.4857445657253265,-0.8367552161216736,-0.5213862657546997
N,0.0,0.0,0.961536576109126,1.1939456948185574,0.9336512241131476,1.0210462989298044,0.9402387663347498,0.861173531060213,0.9568323929477254,0.7740943908138284,0.9522545705210091,0.8234682510470518,0.9560215104566281,0.6461784003390719,0.9653451433669376,0.7696108724688113,0.9673461384299963,0.916617433621656,0.9902677834619159,0.8234229392180155,0.998183259442988,0.6563702506232119,1.0030506246649205,0.8331556586806309,1.0,1.0,-0.8261417746543884,-0.292737066745758,-0.8356391787528992,-0.2649156749248504,-0.8328056931495667,-0.3305146098136902,-0.8239271640777588,-0.3802705407142639,-0.8516296148300171,-0.3118955790996551,-0.8592508435249329,-0.287219226360321,-0.8532319068908691,-0.3331512808799743,-0.8432765007019043,-0.3690786957740783
N,0.0,0.0,1.0383642783916163,1.045167945017923,1.1038521277431785,0.9768789728156339,1.1071424850175409,0.9038622967195966,1.0783504681273406,0.8635764919056395,1.081524886290487,0.7412451252171803,1.0709639193600653,0.7699740607508162,1.0528348569657506,0.8705348584618032,1.0418763592823255,0.9538794456135274,1.004394472009049,0.7104030388885206,0.985454012438068,0.8039678579945063,0.9878100576516723,0.9174401775893798,1.0,1.0,-0.3139925897121429,-0.3131447434425354,-0.3089350163936615,-0.3679997026920318,-0.3158529102802276,-0.4105041921138763,-0.3245707154273987,-0.4384721517562866,-0.2924498617649078,-0.3302848935127258,-0.2873323559761047,-0.3763820827007293,-0.2923639416694641,-0.4176945984363556,-0.3000351786613464,-0.4413242638111114
N,0.0,0.0,1.017997486383107,1.075481116817968,1.0868795928877997,0.9915546412174966,1.0786004795711803,0.9007766937992678,1.0443433312418826,0.8449238091571717,1.0814952972317615,0.7652188848319016,1.0896055263627598,0.7588805648025817,1.074726098394728,0.8540732533696473,1.0582310381470346,0.9424033299729575,1.0064313423676239,0.7275961440429338,1.0006102560009387,0.7880419416625808,0.9971700225901319,0.9112365858188196,1.0,1.0,-0.3143668174743652,-0.3098527193069458,-0.3119418025016784,-0.356122076511383,-0.3177220821380615,-0.4051013588905334,-0.324313223361969,-0.4361588358879089,-0.2901002764701843,-0.325106680393219,-0.2915194928646087,-0.3703357875347137,-0.3003146648406982,-0.4140082001686096,-0.3091111183166504,-0.4374847114086151
N,0.0,0.0,1.0218807934083889,1.1214789793071187,1.0903851617714957,1.0322284509694362,1.0703014348119475,0.9308666893870574,1.0267145825194448,0.8692390815134379,1.093086621444046,0.8233868128804533,1.0937119543985512,0.792321059203353,1.0694181731008274,0.8985695751916959,1.0520653833860143,0.9788156228478138,1.020848368078986,0.7740334580395335,1.006285026813936,0.801046309432821,0.994982064850659,0.9289341518186746,1.0,1.0,-0.3175174295902252,-0.3094134032726288,-0.309906542301178,-0.3482787907123565,-0.3148489594459533,-0.4003243446350097,-0.3239278197288513,-0.4247348308563232,-0.2937878966331482,-0.3188200294971466,-0.2897192537784576,-0.3657768666744232,-0.2974846363067627,-0.4101512730121612,-0.3082843720912933,-0.428139865398407
N,0.0,0.0,1.020290887035439,1.1261161973384484,1.0896900804312408,1.0351881423769904,1.0730919987499965,0.9336584889922223,1.032135099185739,0.8701082671074258,1.0944537211685013,0.8215476682923708,1.089998584063376,0.7984487459000836,1.06665588280806,0.904993792200232,1.0514927471888684,0.98287214301302,1.020387710807114,0.7711708475919272,1.0000259381113112,0.8121460273486669,0.9911825522497492,0.9370828463672454,1.0,1.0,-0.3166349530220032,-0.3079876601696014,-0.308209478855133,-0.3498632907867431,-0.3138458430767059,-0.4002556502819061,-0.3240197300910949,-0.4217228889465332,-0.292659044265747,-0.3179605603218078,-0.2881457209587097,-0.3653149306774139,-0.2959575057029724,-0.4080201983451843,-0.3071047663688659,-0.4236880242824554
N,0.0,0.0,1.0180695357536789,1.1311677307238834,1.0889651908628282,1.0359536247809018,1.0727026620383957,0.9316908584874025,1.0285224497113024,0.8671875237686688,1.0936063557985172,0.8143123505657992,1.0851119737840385,0.8036671035092926,1.0649609253981178,0.9136952723268916,1.0528679132266756,0.9871195612369585,1.018233687852069,0.7632094064156874,0.9936131850949184,0.8240686262178742,0.9884186515198563,0.9492926407043979,1.0,1.0,-0.3151804804801941,-0.3054290115833282,-0.3066050708293915,-0.3509619832038879,-0.3126656413078308,-0.3998888731002807,-0.3227564394474029,-0.416482537984848,-0.2909198999404907,-0.3167484700679779,-0.28681480884552,-0.365872710943222,-0.2954550087451935,-0.4075483679771423,-0.3068901598453522,-0.420121282339096
N,0.0,0.0,1.017880702230236,1.1327902830544965,1.091649762825766,1.0429743298319354,1.0764075319381101,0.9451564787777632,1.0315478981317372,0.8886378352329519,1.090493981756789,0.8005183742981418,1.0767372070230161,0.8166057138670374,1.0621343405896053,0.9285635571059082,1.0526047231420754,0.9902675072881263,1.011960558547217,0.7526771279719888,0.9861325900550543,0.8422307592875209,0.9879930460416462,0.963795332620902,1.0,1.0,-0.3116922378540039,-0.3026355504989624,-0.3036597371101379,-0.3552870154380798,-0.3113670349121094,-0.4039083421230316,-0.3210550844669342,-0.4177170693874359,-0.2873285710811615,-0.3164964318275451,-0.2844823896884918,-0.3676328063011169,-0.294017493724823,-0.4094565510749817,-0.3045368194580078,-0.4218800067901611
N,0.0,0.0,1.0203924663832475,1.1293493465899833,1.0960739762701486,1.0410258614080055,1.0832163254964478,0.9457142227315833,1.0426117580663836,0.89216443121016,1.0899841410915003,0.7925761928205465,1.0724928189366425,0.8187537867156947,1.0585577178917942,0.9317201766751746,1.0511206896397471,0.9902986598394266,1.0099667057756454,0.7477716131425558,0.9825909874232754,0.8451953884065322,0.9864828884649749,0.9673288682838609,1.0,1.0,-0.3101873397827148,-0.3029613494873047,-0.3017087578773498,-0.3561343848705292,-0.3098048567771911,-0.4042175710201263,-0.3198631703853607,-0.41622194647789,-0.2862403094768524,-0.3178117871284485,-0.2825871706008911,-0.3689988255500793,-0.2916619777679443,-0.4110853374004364,-0.3019219040870666,-0.4224705100059509
N,0.0,0.0,1.0200879212437908,1.1307611457834201,1.0970772376248354,1.0392241973982663,1.0880016262682057,0.9421572670671083,1.053250705875413,0.8854299654793357,1.0870338140796263,0.7892167799800915,1.067158396178019,0.8195190101010399,1.056148234597603,0.9336825701057277,1.0520007494010029,0.988633548389011,1.0076258623549434,0.7464019587917915,0.9798970406089949,0.8459805010911021,0.9858377353481228,0.9683656015748662,1.0,1.0,-0.3095938265323639,-0.3032426834106445,-0.3008635640144348,-0.3563694059848785,-0.309383749961853,-0.4050624966621399,-0.3194722533226013,-0.4176268577575683,-0.2859426736831665,-0.3186216950416565,-0.2818460166454315,-0.36991947889328,-0.2910610139369964,-0.4120672643184662,-0.3014315068721771,-0.4236473739147186
N,0.0,0.0,1.0231720168041056,1.1295321403845129,1.103309779092267,1.0419493706839926,1.0967885712552214,0.9475669110554875,1.0596231255611188,0.8934804991922742,1.0890950215319768,0.7862975093642931,1.0689452270777409,0.8247078281348932,1.0575431207216857,0.9366981916410737,1.053985886123796,0.9857937163077759,1.0085615422497671,0.7449309290917375,0.981883718799142,0.8521134751143539,0.9875121625309946,0.9708950222790294,1.0,1.0,-0.3089545369148254,-0.304035484790802,-0.3006368577480316,-0.3584501445293426,-0.3089185357093811,-0.4056452810764313,-0.3183720111846924,-0.41768479347229,-0.2854490280151367,-0.3196472525596618,-0.2818427383899688,-0.3714639246463775,-0.2910385429859161,-0.4135650992393493,-0.3010888397693634,-0.4258808493614197
N,0.0,0.0,1.0216985457586034,1.1184855073600022,1.1021097837089462,1.036835035624354,1.1025397211533174,0.9461667714219097,1.072767137040629,0.8897938449052827,1.0926857453728276,0.782567389079731,1.0696287553948796,0.8182414220256826,1.054678682397143,0.927000152260244,1.051358569984581,0.9811418580409894,1.0123874266384427,0.7393645340316298,0.9819643667558642,0.8456943543396295,0.9850704986016704,0.9646296815445489,1.0,1.0,-0.3098542988300323,-0.3036395013332367,-0.3005137145519256,-0.3594331443309784,-0.3080806732177734,-0.4071790874004364,-0.31820148229599,-0.4213494062423706,-0.2863175868988037,-0.3186778128147125,-0.2818264067173004,-0.3707558810710907,-0.2901107370853424,-0.4139717817306518,-0.3003462255001068,-0.4282307028770447
P,0.0,0.0,0.9886780352481622,0.7475582718122121,1.0007691762710689,0.8033824717761233,1.0101642336170435,0.8492441728187787,1.0283122918390195,0.8848547421604701,1.0574666370484296,0.8318836838925806,1.0778247163697094,0.911556608584452,1.0938097084842227,0.9518293936279548,1.1078780328865752,0.9886728697739736,1.0456735541367994,0.8279946337368491,1.0261259788593682,0.908275107286036,1.0126272950751316,0.9604487576786989,1.0,1.0,-0.6663789749145508,-0.6253400444984436,-0.6485240459442139,-0.6688538789749146,-0.6441917419433594,-0.641991376876831,-0.6449233293533325,-0.6179200410842896,-0.6576606631278992,-0.6252824068069458,-0.6430364847183228,-0.6524360179901123,-0.6382595300674438,-0.6352142095565796,-0.639002799987793,-0.6181690096855164
P,0.0,0.0,0.9781792001480386,0.7432857858526136,0.9912297038942091,0.7975918878260855,1.0038167591402318,0.8426228990226106,1.0227370280636048,0.8803061881012051,1.051622773338734,0.8272580001156389,1.0729387371483634,0.9035401465502675,1.0899892088881677,0.9417046763429652,1.105550280943235,0.9761600198751372,1.0430539885772223,0.8294364543730314,1.0231021581579858,0.9075751586767156,1.0100192801565957,0.959371767954565,1.0,1.0,-0.6683116555213928,-0.6154633164405823,-0.6474290490150452,-0.649257242679596,-0.6393151879310608,-0.620253324508667,-0.6392131447792053,-0.5980479717254639,-0.660872757434845,-0.6171652674674988,-0.6448672413825989,-0.6350412368774414,-0.6376851201057434,-0.618104875087738,-0.6381036043167114,-0.6033322811126709
P,0.0,0.0,0.9589008449503156,0.7000358883448518,0.9800709425735872,0.756466819951618,0.9942304555533509,0.816539390399102,1.0082394657267462,0.865209181831206,1.0308769431952332,0.7880670957189799,1.06106090698161,0.8704029640844914,1.0794444059656034,0.9117985324281787,1.0965975827862258,0.9492406285173814,1.0168755887600434,0.8071199057442253,1.014663620823716,0.8912273433138642,1.0072537669159165,0.9512047136011073,1.0,1.0,-0.662880003452301,-0.5732925534248352,-0.6555907726287842,-0.6094340682029724,-0.6488489508628845,-0.5772921442985535,-0.6476975679397583,-0.5512849688529968,-0.653831422328949,-0.5770674347877502,-0.6480630040168762,-0.6010421514511108,-0.6440443992614746,-0.5820021629333496,-0.6456184983253479,-0.5642712712287903
P,0.0,0.0,0.8346080206297892,0.739310604328454,0.8812255116234168,0.7730770620067627,0.9134190210943139,0.848724839980134,0.9351760274707182,0.9081528524132623,0.9028905320896663,0.7102367824148224,0.951276105515142,0.8219269747665214,0.9739132553994129,0.8935965462643002,0.9893975776277794,0.9505112849043169,0.8941680358562883,0.7324192114000649,0.9547662363952552,0.8491562043027591,0.9820268065487076,0.9347066336608468,1.0,1.0,-0.6396008729934692,-0.4796826839447021,-0.681236207485199,-0.5607707500457764,-0.6815959215164185,-0.6076909303665161,-0.677370011806488,-0.6352121233940125,-0.6277873516082764,-0.5054069757461548,-0.6580697298049927,-0.5640618205070496,-0.6598549485206604,-0.5865157842636108,-0.6587522029876709,-0.5970991253852844
P,0.0,0.0,0.8614341813849871,0.675132613430837,0.9043880707679797,0.7360806288977662,0.9260414493692988,0.8259586950253738,0.9404035855350127,0.8927845799125095,0.9215166351855618,0.706418507950499,0.9638571037829354,0.8280653733353913,0.972297470426219,0.9025397499378471,0.9779304706051402,0.963257222285244,0.9123967105249209,0.7311836543990738,0.9580412680016004,0.8535672776386044,0.9819632107367068,0.9339589844613937,1.0,1.0,-0.6577460765838623,-0.5263900756835938,-0.6838606595993042,-0.605672299861908,-0.6734366416931152,-0.5992937088012695,-0.6613633632659912,-0.5830134153366089,-0.6482864618301392,-0.5414558053016663,-0.6673659682273865,-0.5934649705886841,-0.6664000749588013,-0.5890841484069824,-0.6642036437988281,-0.5767818093299866
P,0.0,0.0,0.9513793850933604,0.7326729946990574,0.9686733322865306,0.7899087239542107,0.9795729379078785,0.8372675827392312,0.9956297893088528,0.8718298928965754,1.021147668853383,0.802798993972864,1.0529557662028664,0.8752080732768232,1.0734941572507881,0.9102438743429397,1.092273252045329,0.9391957003690922,1.008548341589572,0.8153235568926736,1.0100361252356733,0.8983141433241739,1.004860427142931,0.9552528776593129,1.0,1.0,-0.6740411520004272,-0.5802215933799744,-0.6691434979438782,-0.623492419719696,-0.660773754119873,-0.6007518172264099,-0.6585115194320679,-0.5792215466499329,-0.6633710861206055,-0.5823473334312439,-0.6607118248939514,-0.6148342490196228,-0.6558904647827148,-0.601692259311676,-0.6552388668060303,-0.584872305393219
P,0.0,0.0,0.9499333343531428,0.7354992627960423,0.968933790981614,0.7961914403073002,0.9834464706417081,0.8436946267981572,0.999195405512281,0.8789254368695336,1.0191237129081678,0.7969730561650181,1.0494790444104156,0.8777778635978744,1.0687798173380618,0.9155604689426492,1.0858073822599223,0.946417252570727,1.005243578848941,0.8067747373023524,1.0060162603341423,0.8976627251175404,1.0034313071302088,0.9543825981918563,1.0,1.0,-0.6706109046936035,-0.5754702687263489,-0.6714192628860474,-0.6326818466186523,-0.668441653251648,-0.6117969751358032,-0.6674018502235413,-0.5894118547439575,-0.6603794693946838,-0.5796283483505249,-0.6622386574745178,-0.6196791529655457,-0.6612610220909119,-0.6127159595489502,-0.6615468263626099,-0.6003482937812805
P,0.0,0.0,0.9566269104195165,0.7273082108353568,0.977700984655458,0.7898440753998203,0.9896148349511169,0.840178921852031,1.003110427383299,0.8753011007100593,1.014746319014383,0.7891501377804357,1.0472346172168296,0.8743629752948426,1.0676556634077907,0.9126388735200881,1.0850470475632727,0.9448346116721932,0.9983589075700032,0.7974796271867386,1.0041301336037165,0.892459479206945,1.0031776444314302,0.9516407869875921,1.0,1.0,-0.6686459183692932,-0.5756598711013794,-0.6736405491828918,-0.6393558979034424,-0.6739421486854553,-0.619723916053772,-0.674858033657074,-0.5966777205467224,-0.6564262509346008,-0.5779451727867126,-0.660961925983429,-0.6235610246658325,-0.6622205972671509,-0.616473376750946,-0.6642023921012878,-0.6015912294387817
P,0.0,0.0,0.8298668734957215,0.7090330387938599,0.89569748098759,0.7511604250725558,0.936954098827853,0.7993217482826274,0.9661868078747761,0.8535709478358696,0.9449160043080631,0.6901123015907319,1.0014143512609883,0.7980501365730029,1.032925951014497,0.8685400828488196,1.0573141997695874,0.9231019810362612,0.941597058389527,0.6824669743491855,0.9913881889990545,0.83389236851265,0.999037805870932,0.9295580390717164,1.0,1.0,-0.5891527533531189,-0.4645009338855743,-0.6235573887825012,-0.562055230140686,-0.6347361207008362,-0.6227141618728638,-0.6427642107009888,-0.6667275428771973,-0.5739123821258545,-0.4755764305591583,-0.5959100723266602,-0.5368144512176514,-0.606177568435669,-0.5744398236274719,-0.6152454018592834,-0.6043264865875244
P,0.0,0.0,0.8015384450489654,0.7301336800678687,0.8673491950877624,0.769049621056607,0.9075717043488489,0.8106604898314272,0.9360345770046202,0.8658564815902188,0.9145276181635735,0.7002341209706436,0.9709847361514682,0.8099864995250877,1.0050330376408707,0.8789519422551711,1.032803822586684,0.9276350117953001,0.9144336765340204,0.6901354463095414,0.9735222409735199,0.8379423472412338,0.989242917832418,0.9348111201824114,1.0,1.0,-0.598834753036499,-0.4410540759563446,-0.6378480792045593,-0.5406898260116577,-0.6356652975082397,-0.5848395824432373,-0.6333172917366028,-0.6085218191146851,-0.5885246992111206,-0.4551957845687866,-0.6126514077186584,-0.5288636088371277,-0.604880154132843,-0.5495626926422119,-0.5975753664970398,-0.5557096004486084
P,0.0,0.0,0.8862544603608363,0.7059534531980952,0.9228627684922973,0.7426974524640491,0.9476505005065635,0.80275824947272,0.9733678330684151,0.8497220575419787,0.9853165127436573,0.7706017691274512,1.0381300602716375,0.8233166894762963,1.070572968934525,0.8525599911005002,1.1002538779604933,0.8795572156005778,0.969604630851683,0.8063005463213821,0.9897664258126607,0.8879867489118548,0.9955172112897404,0.9493301421204285,1.0,1.0,-0.507515549659729,-0.5437449216842651,-0.4999759495258331,-0.571243166923523,-0.4851656854152679,-0.5423307418823242,-0.4791719317436218,-0.5210687518119812,-0.4969254732131958,-0.5495482683181763,-0.4919590950012207,-0.5693095922470093,-0.479806900024414,-0.5477017164230347,-0.4756923019886017,-0.5295581817626953
P,0.0,0.0,0.9005557345074157,0.7132226246526128,0.935675321312514,0.7564969441624679,0.9597390570443164,0.8157217483374091,0.9867767798987034,0.8584133483358954,0.9945040522215143,0.7881134335422845,1.0429970155575408,0.8410543095272576,1.0722385898909799,0.8692153306830029,1.0998162085301308,0.8958595267588308,0.977044085037924,0.8166329785532389,0.9937312471303438,0.8943334139417191,0.9979124919471662,0.9523047175857112,1.0,1.0,-0.5124536156654358,-0.5724808573722839,-0.5038584470748901,-0.6013277769088745,-0.4899742901325226,-0.5727249383926392,-0.4843178987503052,-0.552000105381012,-0.5021612644195557,-0.5747820734977722,-0.4962684512138366,-0.5957607626914978,-0.4847933351993561,-0.5744302272796631,-0.4808288216590881,-0.5567981600761414
P,0.0,0.0,0.9038766351177769,0.7188825421971775,0.9378609921745243,0.7609634339580954,0.961062366790683,0.8177764427722103,0.9875241059995535,0.8587108087226596,0.9969671958206294,0.7904121918043883,1.044000018240424,0.8427784692217374,1.0721201901586461,0.8708527470618191,1.0986507758464308,0.8973169808261963,0.9794603926429252,0.8187710276202506,0.9951946492383121,0.8962381743416946,0.9989378289602102,0.9537907944810802,1.0,1.0,-0.5134366154670715,-0.5772320032119751,-0.5052664875984192,-0.6039354205131531,-0.4918946921825409,-0.5771810412406921,-0.4853692948818207,-0.5575743913650513,-0.5031179189682007,-0.5792929530143738,-0.4981327950954437,-0.5998479127883911,-0.4872434735298157,-0.5797426700592041,-0.4824195504188537,-0.5635725855827332
P,0.0,0.0,0.9003692322309347,0.7185225930413967,0.9336079025864459,0.7615073246593381,0.9560503095286246,0.8188297109141182,0.9808313574573345,0.8619090335062725,0.9922599529874335,0.7932939861037415,1.0399961995696545,0.8464437077512484,1.068508528658508,0.8742074807387104,1.0949672490367397,0.901209920059965,0.9748571120325576,0.8216087579130382,0.9919337419831897,0.8974877780187805,0.9984567411354185,0.9546671263441151,1.0,1.0,-0.5122779607772827,-0.5802551507949829,-0.5053791999816895,-0.6053386926651001,-0.4914154708385467,-0.5793619751930237,-0.4837595224380493,-0.5602047443389893,-0.5020250082015991,-0.5826366543769836,-0.4981237649917602,-0.6028140187263489,-0.4867789149284363,-0.5837196707725525,-0.4806764423847198,-0.5672227740287781
P,0.0,0.0,0.9008534926226697,0.7163593083512322,0.9351160568922605,0.7608069053636441,0.9589170493518573,0.8185118942711735,0.985491058057067,0.8605633879713361,0.9911414794064412,0.790695837342052,1.0402518334055884,0.8449133050443912,1.069449541243694,0.8727429257881899,1.0965329587019483,0.8999527057933526,0.9742569976033827,0.8198018215776576,0.9918744200927142,0.8970597744516764,0.9985687300235668,0.9544457151397593,1.0,1.0,-0.5126329064369202,-0.5789878368377686,-0.5060560703277588,-0.6039627194404602,-0.4915968775749206,-0.5785570740699768,-0.4834367930889129,-0.560042142868042,-0.5024915337562561,-0.5816949605941772,-0.4989560842514038,-0.6021957397460938,-0.4874037802219391,-0.583613395690918,-0.480855792760849,-0.5671759843826294
P,0.0,0.0,0.8871830403641585,0.7241927009248919,0.9195021726100885,0.7650439711302798,0.9411202011483064,0.8233927376858203,0.9648071356222739,0.865066654137661,0.9769259069151957,0.7957215339013722,1.0253965699649261,0.843307746969848,1.0545201258859478,0.8685354504599161,1.081289171506823,0.89296959289509,0.961430791580323,0.8280065267858264,0.9830028731928486,0.902696954505081,0.9940761901413213,0.9568216563173294,1.0,1.0,-0.5200632810592651,-0.5811118483543396,-0.5155915021896362,-0.6050370335578918,-0.5008698105812073,-0.5785678625106812,-0.4925570487976074,-0.5599749088287354,-0.5088894963264465,-0.5834044814109802,-0.5068082809448242,-0.6020980477333069,-0.4948887825012207,-0.582494854927063,-0.487789511680603,-0.5662966966629028
P,0.0,0.0,0.8892721449372749,0.7301393490428878,0.9214524232833876,0.7735411001575082,0.9423408416549873,0.8298302367791814,0.9659473495163401,0.8702990563254428,0.9776559187647317,0.8021571729406137,1.0257491851639253,0.846302854294183,1.0544071181398451,0.8686179088368211,1.0805995973296234,0.8903725520688496,0.9618177439631668,0.8319621855920093,0.9831898437009927,0.9040363704606619,0.9940055949355994,0.9566240089610486,1.0,1.0,-0.5224756002426147,-0.5802111029624939,-0.5176265835762024,-0.6033449769020081,-0.5038200616836548,-0.5761930346488953,-0.4970356523990631,-0.5578053593635559,-0.5113747119903564,-0.5825064778327942,-0.5089389681816101,-0.6014547944068909,-0.4980849623680115,-0.5815683007240295,-0.4930056929588318,-0.5654417872428894
P,0.0,0.0,0.9057671589916104,0.7321352604088665,0.9354876684269784,0.7760705472797141,0.9545480057026968,0.8320750993332882,0.9754748153685731,0.8730928992558453,0.9888485386101039,0.8073464025661041,1.036175648399489,0.8555899535696793,1.0650286201550354,0.8816340100514362,1.091079148166508,0.905837007533596,0.97113050788508,0.8338836366073434,0.9889346414102829,0.9066548260141201,0.9964988872826821,0.9582691921199942,1.0,1.0,-0.5175874829292297,-0.6092436909675598,-0.5115044713020325,-0.6335049867630005,-0.4992663562297821,-0.6041496992111206,-0.4931867718696594,-0.5837010145187378,-0.5065946578979492,-0.6103896498680115,-0.5032857060432434,-0.6311020255088806,-0.494282454252243,-0.610824465751648,-0.4903517365455627,-0.5937738418579102
P,0.0,0.0,0.9044033423598931,0.7365516073789874,0.9341772140827451,0.7797455466867534,0.954896464969758,0.8340876903679607,0.9769184792216569,0.8741030299162524,0.9880865373356609,0.805697456756461,1.036935353046576,0.8507763517666934,1.0668663304219408,0.8757194856572413,1.0938148149646358,0.8998118185614817,0.9713062979687452,0.8334676108694868,0.9893830689523262,0.9044558428336137,0.9964196966538027,0.9569238600903575,1.0,1.0,-0.5184374451637268,-0.6070073843002319,-0.5126179456710815,-0.6304879188537598,-0.4995343089103699,-0.6026783585548401,-0.4919148981571197,-0.5822660326957703,-0.5080518126487732,-0.6084315776824951,-0.5049946904182434,-0.6282872557640076,-0.4954152405261993,-0.6095702052116394,-0.4900510907173157,-0.5934893488883972
P,0.0,0.0,0.9024198523575377,0.7358840740537091,0.931295783527579,0.7806857016224034,0.9504278295737247,0.8366302929723624,0.9714640206636576,0.8774945472783046,0.9849406085754528,0.8073937073342231,1.0335495184679693,0.85122292592463,1.0636105602607058,0.8750689400642163,1.0907805106361428,0.8985231413675376,0.9685491342552691,0.8362095711303171,0.9878577871618819,0.9057924649967759,0.9955409496515453,0.9569102521165225,1.0,1.0,-0.5177121758460999,-0.604960560798645,-0.512346625328064,-0.6278263330459595,-0.4995531141757965,-0.6001136898994446,-0.4924474656581878,-0.5801922678947449,-0.5069283843040466,-0.6065284609794617,-0.504300594329834,-0.626103937625885,-0.4952235519886017,-0.6069735884666443,-0.4904232025146484,-0.5906054377555847
P,0.0,0.0,0.8991535954605767,0.7360677761384623,0.9291937193441888,0.7806752595449858,0.9497317999446839,0.8358875033945188,0.9718416199572175,0.8767305365059822,0.9837123771579416,0.80415363833954,1.033186283176546,0.8504491954531319,1.0628754844537183,0.8752897240527664,1.089992748511191,0.8996886729460949,0.9680476077526599,0.8325012517548785,0.9884872221502568,0.904098457577451,0.9960515052637844,0.9566005978361258,1.0,1.0,-0.5169357061386108,-0.6010078191757202,-0.5107764005661011,-0.6264209151268005,-0.496304988861084,-0.600051999092102,-0.4879319071769714,-0.5802291631698608,-0.507133960723877,-0.6028665900230408,-0.5039774775505066,-0.6223111748695374,-0.4935064613819122,-0.6052460670471191,-0.48720782995224,-0.5901269316673279
P,0.0,0.0,0.9077321808160009,0.7509849096748752,0.9417243579370563,0.7936161876419354,0.9682792444144812,0.8420346473492922,0.9986923287549224,0.8757118167605189,0.9962574345348667,0.8071139198454069,1.0460942264049282,0.8488440810109077,1.0762161904757706,0.8710159500209852,1.104156461106288,0.8938306044118375,0.9800014374132205,0.8324221148940828,0.996818951631927,0.9030017925123618,0.9995940189500446,0.9567129186420863,1.0,1.0,-0.5195266008377075,-0.5935922861099243,-0.5112246870994568,-0.621740996837616,-0.4974132180213928,-0.5993959903717041,-0.490902304649353,-0.5809736251831055,-0.5106648802757263,-0.5967699289321899,-0.5053249597549438,-0.618287980556488,-0.4946288466453552,-0.6015834212303162,-0.4907492995262146,-0.585274338722229
P,0.0,0.0,0.9099882883469106,0.7504592857915465,0.9421865811562948,0.7949009472324488,0.968580135199843,0.8422350912080838,0.9998094117561567,0.8741683914951005,0.9960551206304672,0.811092421132867,1.0461814803058265,0.856634553229814,1.0757294844857757,0.8794316821804774,1.103032048662871,0.902821679704918,0.9805215731908953,0.8348161570342316,0.9955446832541197,0.9034967338520544,0.9992387480543429,0.9563020888541791,1.0,1.0,-0.5208078622817993,-0.6033371686935425,-0.5116177201271057,-0.6282966732978821,-0.4978381991386413,-0.6044408082962036,-0.4907104671001434,-0.586165189743042,-0.5120251774787903,-0.6063900589942932,-0.5062371492385864,-0.6244571805000305,-0.4960478246212005,-0.6078242063522339,-0.4916884303092956,-0.5935161709785461
P,0.0,0.0,0.912669388731465,0.7531495417853716,0.9435689732195238,0.797182751141991,0.9681130839598419,0.8467843772808011,0.9954839043869422,0.8810240097301217,0.9983864212388968,0.8153109215721265,1.0469764350020607,0.8610106606359103,1.0764386031713349,0.885339206545789,1.1028357178706039,0.9090878221607607,0.9824258227970205,0.8386510899139943,0.996742671009772,0.9066847096628737,1.0001654564375368,0.9580002745673336,1.0,1.0,-0.531244695186615,-0.6219426989555359,-0.5229475498199463,-0.6474058032035828,-0.5091993808746338,-0.6248400211334229,-0.5016689300537109,-0.6079137325286865,-0.5223308801651001,-0.6237118244171143,-0.5169905424118042,-0.6428321599960327,-0.5066757202148438,-0.6266506910324097,-0.5021193027496338,-0.6125181913375854
P,0.0,0.0,0.9117843512419929,0.7532966655376716,0.9428570878510346,0.7973365534235548,0.9669409775444133,0.8459338179830913,0.9961128864077875,0.8787520677789722,0.9950917744064433,0.8121426689770159,1.0438761569866382,0.8576845293317822,1.0734028399684221,0.8814646010965977,1.0996943081375257,0.9049927760679229,0.979102446080377,0.8354111750874971,0.994760958504049,0.9049310903965063,0.9995637251646085,0.9571354123204447,1.0,1.0,-0.5353120565414429,-0.6136982440948486,-0.5278247594833374,-0.6405802369117737,-0.5139962434768677,-0.6184796690940857,-0.5062336921691895,-0.6015579700469971,-0.5261332988739014,-0.6159616112709045,-0.5222040414810181,-0.6371936798095703,-0.5117660760879517,-0.6223867535591125,-0.5063135623931885,-0.6084286570549011
P,0.0,0.0,0.9109013430509828,0.7498844610248524,0.942028311852503,0.7947278381907497,0.9663205076526805,0.8424252614548641,0.9939496400312924,0.8748582855283182,0.9926795828929182,0.8117861758699935,1.0423648238867071,0.8559402371733398,1.071341203263722,0.8788161206380286,1.0973990908212317,0.901703174537544,0.9776837173879414,0.8356013761975707,0.9949647813376372,0.9032561984242684,0.9989377455365804,0.9559401371395951,1.0,1.0,-0.5439585447311401,-0.6031426787376404,-0.5357773303985596,-0.6269567012786865,-0.5208957195281982,-0.6058352589607239,-0.5122094750404358,-0.5890616774559021,-0.5346365571022034,-0.605984628200531,-0.5309905409812927,-0.625005841255188,-0.5200033783912659,-0.6107088327407837,-0.5134696364402771,-0.5973076820373535
P,0.0,0.0,0.9108144640078983,0.7528240842952668,0.9413685643663945,0.8002639665271242,0.9652235582239921,0.8473312185674016,0.9942080261697821,0.8780080761822466,0.9933180918089558,0.8138471746155412,1.0423491181853262,0.8578782115184318,1.0717342546346318,0.8804398819818259,1.0973703680000533,0.9038665778888362,0.9779367573326818,0.8354348892706591,0.9943992922217986,0.9034641106119095,0.9999721700076902,0.956324341119229,1.0,1.0,-0.5493600368499756,-0.6026665568351746,-0.541009783744812,-0.6279808878898621,-0.5262630581855774,-0.6060644388198853,-0.5174427032470703,-0.5895360112190247,-0.540557324886322,-0.6063302159309387,-0.5362793803215027,-0.6233729124069214,-0.5252418518066406,-0.6096702814102173,-0.5184313654899597,-0.5974058508872986
P,0.0,0.0,0.912446267411168,0.7497686523881737,0.9428713223160947,0.7959048324694716,0.9672012596992119,0.8439890274060506,0.99623947261325,0.8769802767665456,0.99437246595645,0.8131686971691658,1.0431033568480237,0.856710748563902,1.072108713106707,0.8791262619671364,1.0976550745752498,0.9026511264671091,0.9790766531212679,0.8355383454966124,0.9951822369434826,0.9039894693785991,1.0001259158532738,0.956568608524483,1.0,1.0,-0.5513895750045776,-0.6023916006088257,-0.5426825284957886,-0.626167356967926,-0.5283161401748657,-0.6038146615028381,-0.5197933912277222,-0.5869649648666382,-0.5427413582801819,-0.6056146621704102,-0.5380367636680603,-0.6228736639022827,-0.5271415114402771,-0.6083087921142578,-0.520747184753418,-0.5955919027328491
P,0.0,0.0,0.9100540258592882,0.7484151399442283,0.941461067044517,0.7935878162400325,0.9660874750143139,0.842682215576641,0.9942541501039983,0.8751779465423346,0.992836587425828,0.8092540952104026,1.042900092819575,0.8531483328722709,1.0726037086650806,0.8764073341908422,1.0985330846775325,0.8999407854484657,0.9778455917357094,0.8341124278874792,0.9950225164940364,0.9031801697382849,0.9999667238807941,0.9562916176156813,1.0,1.0,-0.5504903197288513,-0.5974318981170654,-0.5424813032150269,-0.6218237280845642,-0.5276026129722595,-0.5985008478164673,-0.5185142755508423,-0.5809417963027954,-0.5415315628051758,-0.6014195084571838,-0.5370225310325623,-0.6175664663314819,-0.5260369181632996,-0.6017736792564392,-0.5196722745895386,-0.5888153910636902
P,0.0,0.0,0.9103997693058041,0.7480155842010962,0.9416929789220876,0.7933643614706519,0.966270551407016,0.8419921244805343,0.9949291000531971,0.874487240647684,0.9934542603991967,0.8098639001859014,1.0428448883433845,0.8530755722415815,1.0723461578901892,0.8764217690747405,1.09835609564648,0.9001885923452884,0.9783476424115038,0.8343634140100222,0.9946907021702536,0.9033765909194303,0.9996748835858373,0.9563765311302667,1.0,1.0,-0.5502051711082458,-0.5976032614707947,-0.5417174100875854,-0.621597945690155,-0.5272212028503418,-0.5983785390853882,-0.5187538266181946,-0.5810576677322388,-0.5412984490394592,-0.601452112197876,-0.5365679264068604,-0.6187927722930908,-0.5258732438087463,-0.6034188270568848,-0.5199742913246155,-0.5904713273048401
P,0.0,0.0,1.15716418798466,0.7520201820133314,1.1003159601881571,0.768416100578135,1.0625774716961824,0.8152214065118505,1.0349186847442746,0.8607386890865952,1.036029993890143,0.7880097222335241,0.965510945080159,0.8151180355730161,0.9240051237913244,0.8307059439273463,0.8887671459729819,0.8440201387334574,1.0533572250912668,0.8181297425106816,1.0260462430108666,0.8893015281104123,1.0138707941681266,0.9497940047895798,1.0,1.0,-0.4945686459541321,-0.556397557258606,-0.4957108795642853,-0.5855510234832764,-0.5102822184562683,-0.5676256418228149,-0.5160447955131531,-0.550911545753479,-0.507123589515686,-0.5615997910499573,-0.5062370300292969,-0.5881552696228027,-0.5174381732940674,-0.5721498131752014,-0.5232341289520264,-0.554371178150177
P,0.0,0.0,1.1780561046777653,0.7530058683467068,1.1205983726906161,0.772916983336114,1.0842315227012653,0.8216288625539634,1.0552397596693874,0.8667895984453293,1.0513313637820136,0.7970743320088932,0.9803758884374434,0.8223700567439265,0.9385316962517785,0.8388380456249538,0.9031128413072356,0.8526525911016599,1.0699254156614424,0.8283175395320497,1.0353314588042264,0.8977719925219936,1.016641034964665,0.954651227594045,1.0,1.0,-0.4853007197380066,-0.569985032081604,-0.4857576191425323,-0.5996454358100891,-0.4999812841415405,-0.5813952088356018,-0.5063595175743103,-0.5640307068824768,-0.4985492825508117,-0.5739992260932922,-0.4970338940620422,-0.6011738181114197,-0.5077844858169556,-0.5849766135215759,-0.5132002830505371,-0.5669481158256531
P,0.0,0.0,1.1988576289758348,0.7620481047868382,1.1411965994922855,0.7879867419947798,1.101307299354253,0.8337397548488342,1.0626918482786583,0.8686800460179274,1.0753926571977035,0.8068283902365853,1.0017917823737013,0.8346090603386607,0.9575720591745204,0.8449409008232963,0.9202917850010495,0.8543827338912034,1.0911816374353431,0.8381286510720922,1.044609538712317,0.9039056904421572,1.0202991000917359,0.9559791945634635,1.0,1.0,-0.4822569489479065,-0.5814526677131653,-0.4812438488006592,-0.6081541180610657,-0.4957331717014313,-0.5901377201080322,-0.5028496980667114,-0.5739291906356812,-0.4945707023143768,-0.5868749022483826,-0.4913715124130249,-0.6120157241821289,-0.5018359422683716,-0.5968961715698242,-0.5079590678215027,-0.5807711482048035
P,0.0,0.0,1.1917793835720771,0.7564027748854576,1.135758029360773,0.7869858484579206,1.094254457168374,0.8327041653822458,1.0542673528494828,0.8727419318975909,1.0660346618612557,0.8013952119789725,0.9928714601577187,0.8343008414582416,0.9498816311402811,0.8490243491587537,0.9136750627794742,0.8630385883428198,1.0825217253705837,0.8348013438207251,1.037434869310455,0.902412421387171,1.0171914950194376,0.9548163597567723,1.0,1.0,-0.4700862169265747,-0.5884993076324463,-0.4668358266353607,-0.6129004955291748,-0.4789585173130035,-0.5896919369697571,-0.4839035272598266,-0.571504533290863,-0.4823861718177795,-0.5947461128234863,-0.478068858385086,-0.6164757609367371,-0.4871730208396911,-0.5978817939758301,-0.4914703667163849,-0.5810282826423645
P,0.0,0.0,1.1911792124593013,0.7554864943363346,1.1339088140461053,0.7848504211443509,1.0931176290230362,0.8301281856763236,1.0553801168271024,0.8711157832678027,1.0646064341501378,0.8016760808215675,0.9925975371477072,0.8342915107876244,0.9495840054788972,0.8493398242594752,0.9133021074178639,0.8641132126182911,1.0810516582944056,0.8345361776652607,1.0379439862869613,0.900526354576233,1.0177186220731522,0.953748076347857,1.0,1.0,-0.4689216017723083,-0.5862775444984436,-0.4669919908046722,-0.6107481718063354,-0.479200154542923,-0.5872178077697754,-0.4838380515575409,-0.5681104063987732,-0.4814833998680115,-0.5919169187545776,-0.4782038331031799,-0.6136114001274109,-0.4873461425304413,-0.59485924243927,-0.491413801908493,-0.5770646929740906
P,0.0,0.0,1.1907689101235532,0.7562308166967446,1.133294185943198,0.7858618155096416,1.092012290702206,0.8312142539803864,1.0544004280565598,0.8722352320332909,1.064364411189361,0.8013900017920174,0.9915893706521542,0.8347911761965966,0.9488184513007806,0.8500808316070927,0.9126711632615975,0.8652105412256809,1.0805196851270285,0.8341415915785938,1.0371860748872097,0.9004742514163964,1.0174154450546016,0.9536756566494687,1.0,1.0,-0.4689593613147735,-0.5857486128807068,-0.4668183028697967,-0.6103408932685852,-0.4790109395980835,-0.5868638157844543,-0.4836266934871673,-0.5676831007003784,-0.4813035428524017,-0.5913708209991455,-0.4779576063156128,-0.613219141960144,-0.4871531724929809,-0.594395637512207,-0.4912512600421905,-0.576490044593811
P,0.0,0.0,1.1868549369661516,0.7531635373174221,1.129414663842397,0.7814209603428234,1.0912070328693233,0.8292052506603252,1.0548301298342626,0.8702450609204435,1.0623682438624198,0.8017433214696507,0.9911689181394958,0.8329003522141579,0.94914784950688,0.8473072032424416,0.9137000982619066,0.8620380926908544,1.0788643719054587,0.83638021275123,1.037303107809955,0.9008975960132726,1.018212553891786,0.9534665311116113,1.0,1.0,-0.470027357339859,-0.5847712159156799,-0.4687210023403168,-0.6061418056488037,-0.4808556735515594,-0.5817731022834778,-0.4849473834037781,-0.5629786849021912,-0.4824498295783996,-0.5906609296798706,-0.4799811244010925,-0.6099222302436829,-0.4885563552379608,-0.5906177163124084,-0.4918661713600158,-0.5730898380279541
P,0.0,0.0,1.1926280627853794,0.7530928868282385,1.1328123576854616,0.7810395270334693,1.0934397454807079,0.8303630564891724,1.0564149833688363,0.8729350180705279,1.0656033924608685,0.8009421086667617,0.9927228155843641,0.8316196056110687,0.9503181844177538,0.8456749586254465,0.9146508161661548,0.8612408244628382,1.0815239102545544,0.8358751233239824,1.0383394395463728,0.9012707763617617,1.0182342653516125,0.9530552931703361,1.0,1.0,-0.4680035412311554,-0.5796576142311096,-0.4670840799808502,-0.6024491190910339,-0.4790381789207458,-0.5781211853027344,-0.4825292229652405,-0.5594155788421631,-0.4800208210945129,-0.5861544013023376,-0.4782961905002594,-0.6068437099456787,-0.4871270358562469,-0.5877110362052917,-0.4905455410480499,-0.5695246458053589
P,0.0,0.0,1.1930845489261312,0.7506367399751205,1.1335139490504427,0.7819857314383533,1.0931446077608369,0.8286540146128115,1.055655086886956,0.8710903118114349,1.0652824940043883,0.8012515890131936,0.9934261149528079,0.8348566213450951,0.9508688553925225,0.8506420119551749,0.9151959761289156,0.8672228256486368,1.0818642721341034,0.8352899012952661,1.0382885343164903,0.9009359161147672,1.0179203151452398,0.953380246973063,1.0,1.0,-0.4672600626945495,-0.5828602910041809,-0.4653997719287872,-0.606265664100647,-0.4771729111671448,-0.5816168785095215,-0.4806309044361114,-0.562380850315094,-0.4797451198101043,-0.5883932709693909,-0.4774257242679596,-0.6095393300056458,-0.4863440096378326,-0.5900718569755554,-0.4897158145904541,-0.5716714859008789
P,0.0,0.0,1.1956688723480402,0.7534788207822473,1.1354123257150606,0.7831662667840614,1.0949569663781373,0.8301742695235073,1.0583105415933018,0.8725581417379026,1.066598002297188,0.8034690583488278,0.9942224746945604,0.8346297283552466,0.9504563489759232,0.8502746199711846,0.9139506395996245,0.8668055861819377,1.083937560547703,0.8366162476012745,1.039496285861322,0.9006471098723726,1.0179870628747083,0.9531392670333412,1.0,1.0,-0.4657593071460724,-0.5803988575935364,-0.4648084044456482,-0.6034715175628662,-0.4769585728645324,-0.5789923071861267,-0.4807847738265991,-0.5601192116737366,-0.4782409965991974,-0.5852974057197571,-0.4763364195823669,-0.606605052947998,-0.4855831861495971,-0.587666392326355,-0.4890135526657104,-0.5697062015533447
Q,0.0,0.0,0.940116803102641,0.9232119038298948,0.9631889890574596,1.0001542367485006,0.9778758470615664,1.0790814474807353,0.9814160933592369,1.1444746195123834,1.03378812373654,0.925312034440292,1.0550300315085102,1.0331304122680325,1.065448505011959,1.0965275682141282,1.0761524891843486,1.140266240567984,1.0447279122023734,0.9093701467693867,1.0454581143379071,1.0226500535250602,1.0150956886427038,1.0266013082938688,1.0,1.0,-0.726368248462677,-0.5710006952285767,-0.7259001135826111,-0.6337868571281433,-0.7060670256614685,-0.6332035064697266,-0.6972572207450867,-0.6190882325172424,-0.7262819409370422,-0.5701406002044678,-0.728095293045044,-0.6177207231521606,-0.7144015431404114,-0.6207980513572693,-0.7076092958450317,-0.6108726859092712
Q,0.0,0.0,0.9403829934018428,0.9126096655076562,0.961299657906411,0.9898934141592565,0.9748980800991531,1.07010331102294,0.9780208590747098,1.1352272076769758,1.0340572605887175,0.9174244096964345,1.0593741426925398,1.0270084186235655,1.0711744362558808,1.0919899480564086,1.0827509207349206,1.1361936692307635,1.0454540853239171,0.904527166119129,1.044884992669423,1.0223129023360862,1.0145066736534345,1.0275258472708242,1.0,1.0,-0.734927237033844,-0.5782610177993774,-0.7331852912902832,-0.6441493630409241,-0.7128548622131348,-0.6453472971916199,-0.7048974633216858,-0.6308861970901489,-0.734331488609314,-0.5784042477607727,-0.7348600625991821,-0.6292584538459778,-0.7219650745391846,-0.6340513229370117,-0.716153085231781,-0.6220855712890625
Q,0.0,0.0,0.9434005052144503,0.9120053722426049,0.9648234148430032,0.9900516151016953,0.9776658090185066,1.0686384324690466,0.9811388707389203,1.1329764239732993,1.034504778282852,0.9197004841478215,1.0611638272180557,1.026272698507039,1.073017984362913,1.0916251117173434,1.0844312016667423,1.136698160538135,1.0439956376442632,0.9079085374956121,1.0457139735574155,1.0227728001713254,1.0153673585376954,1.027351626364821,1.0,1.0,-0.7318180203437805,-0.583190381526947,-0.731343150138855,-0.6493476629257202,-0.7112259864807129,-0.6492375135421753,-0.7031205296516418,-0.6335313320159912,-0.7304874062538147,-0.5838192701339722,-0.7310011982917786,-0.6364673972129822,-0.7180202007293701,-0.6407275199890137,-0.7121101021766663,-0.6278737783432007
Q,0.0,0.0,0.9411649873632806,0.9096214933368603,0.9623771422979299,0.9868348363568763,0.9749204168286731,1.0661509170979353,0.9798868416628531,1.1307806673914722,1.033001074531032,0.9180095069456937,1.0587724895250428,1.0249749932829855,1.0708481999162904,1.0906553262804295,1.0823630711998076,1.135037844192083,1.042153489651873,0.9060282951638882,1.0442407082033636,1.019079466097921,1.015220724848443,1.0255016257256342,1.0,1.0,-0.7325059771537781,-0.5823355317115784,-0.7322840690612793,-0.647312581539154,-0.71286541223526,-0.6488436460494995,-0.7048101425170898,-0.6351137161254883,-0.7309669256210327,-0.5829851627349854,-0.7320151925086975,-0.6347216367721558,-0.7195387482643127,-0.6401333808898926,-0.7137104272842407,-0.6289925575256348
Q,0.0,0.0,0.9301173525942702,0.8604418625106316,0.9513262720405242,0.9887292613834011,0.9605512516761626,1.1233002696586865,0.9504859975810706,1.2238747907883574,1.050490272676105,0.8908316882280101,1.079969977136067,1.064010144531791,1.0891580542172659,1.1754210505093472,1.0997069953651875,1.2578874695727769,1.0719398824439474,0.8843831330340561,1.0577826457665316,1.0738653160681018,1.0157862208662365,1.0574834516228304,1.0,1.0,-0.782095193862915,-0.5066911578178406,-0.7685219049453735,-0.6010012030601501,-0.739976167678833,-0.5868504643440247,-0.7321749925613403,-0.5586563944816589,-0.7825844883918762,-0.5129238963127136,-0.7726965546607971,-0.5854731798171997,-0.7519769072532654,-0.579218864440918,-0.7459262609481812,-0.556740939617157
Q,0.0,0.0,0.9293350800560471,0.8198557658137364,0.9533907639310172,0.9376605142748616,0.9618987150090716,1.0757703112237942,0.9561650026686906,1.1841246852632719,1.0514061024372172,0.8556024594031857,1.076134723233562,1.045170735572212,1.0831846313327655,1.1658136199296947,1.0909274954283288,1.2582727551304562,1.0592712620492242,0.8780593109057078,1.0537721701518552,1.0582698422500487,1.016461989151375,1.0481093658426321,1.0,1.0,-0.8094773292541504,-0.4617090225219726,-0.8038396835327148,-0.5419880151748657,-0.7756752967834473,-0.5349403619766235,-0.7647292613983154,-0.5131645202636719,-0.804379940032959,-0.4729653298854828,-0.8014014363288879,-0.5323835611343384,-0.783734142780304,-0.5344815254211426,-0.7757742404937744,-0.5179613828659058
Q,0.0,0.0,0.9310521003541953,0.7962419351452317,0.9482152932033379,0.9716798304174014,0.9539237536540427,1.1598880543336179,0.9417359580965874,1.2816861213346078,1.061547767710984,0.8168230323776168,1.0862276710492427,1.0882097013875012,1.0968496403894965,1.2613544057027284,1.110345779934936,1.3826121847834456,1.0758653351393495,0.8533246603176874,1.0554573035802357,1.1196960141712824,1.0104291886223633,1.0894278375808042,1.0,1.0,-0.7770339846611023,-0.3426501154899597,-0.7614810466766357,-0.4290757477283478,-0.7317358255386353,-0.4140583276748657,-0.7285465002059937,-0.3817130923271179,-0.7741287350654602,-0.3564791977405548,-0.7627429962158203,-0.4222217500209808,-0.7438190579414368,-0.4158273339271545,-0.7419357895851135,-0.3871880769729614
Q,0.0,0.0,0.9320727320814599,0.7725613844531366,0.9450820770519263,0.9712866690372517,0.9483448823062682,1.1707725772483581,0.9291174292515207,1.3151179979211531,1.0534526139469276,0.766488462131086,1.0903191395574363,1.0542359917919477,1.10431958035793,1.2580911401608095,1.1179787534162038,1.4033990273400905,1.081276646389844,0.7730376391403719,1.0617773957506833,1.108019862284426,1.0142064709512475,1.0931682935889062,1.0,1.0,-0.7389408946037292,-0.2830139696598053,-0.722077488899231,-0.3852424621582031,-0.6926996111869812,-0.3760926425457001,-0.6877323389053345,-0.3449153006076813,-0.7400315403938293,-0.2975624501705169,-0.726845920085907,-0.3761486411094665,-0.7047476172447205,-0.3696634471416473,-0.6998807787895203,-0.341974139213562
Q,0.0,0.0,0.9550445467770786,0.7881857929142061,0.9608355021060468,0.9439346047956758,0.9649201088414462,1.1740828987279333,0.9619049551443816,1.3402018186830813,1.0542908122204941,0.669150238103942,1.097490448362261,0.9918662725072639,1.1205548838056152,1.2443505381632267,1.1397790922290123,1.435524937625676,1.086240452402337,0.7035899208071256,1.0697947389949225,1.070676820096837,1.0204824676856756,1.0860114411813333,1.0,1.0,-0.7314291596412659,-0.2319236248731613,-0.7167580723762512,-0.3265923261642456,-0.6890061497688293,-0.3235443532466888,-0.6811197996139526,-0.2946895360946655,-0.7354868650436401,-0.2545259594917297,-0.7228374481201172,-0.3223696053028106,-0.701995849609375,-0.320485770702362,-0.6962888240814209,-0.2952909171581268
Q,0.0,0.0,0.9144560756599059,0.8504286134726581,0.9253531263209483,0.9850045670185481,0.9405771708211974,1.1309085510904295,0.9394643659303438,1.243816487025075,1.0385954671890556,0.8572847392746076,1.0815819543982392,1.0464718369262862,1.1034693883455737,1.1718436749618015,1.1238020874214967,1.2605920775938058,1.0761714621125074,0.8415749418665344,1.0680256705785791,1.0568801400987753,1.020665243219688,1.0534235948837367,1.0,1.0,-0.700478196144104,-0.4844561815261841,-0.6894345879554749,-0.595772385597229,-0.6616743803024292,-0.588713526725769,-0.6530482172966003,-0.5620548129081726,-0.7054460048675537,-0.4911630153656006,-0.6952986717224121,-0.579926609992981,-0.6745421886444092,-0.5782327055931091,-0.6675375699996948,-0.5563299655914307
Q,0.0,0.0,0.9181171786608283,0.8857080492822973,0.9229484585808375,0.9935614003217328,0.9263890988863082,1.1123531982468517,0.9181936350928164,1.2125282408105,1.0185833510773448,0.8871188106681612,1.0670610661960394,1.0466849642240037,1.0910766568527406,1.1448243683282333,1.1148582383772354,1.214495345576455,1.0635943015952058,0.8611212581659539,1.0586868678412245,1.043024701702405,1.0167653421985139,1.0435808573189524,1.0,1.0,-0.6442597508430481,-0.5437475442886353,-0.6349680423736572,-0.6509604454040527,-0.6106364727020264,-0.6458618640899658,-0.6035813093185425,-0.6203677654266357,-0.6515288949012756,-0.5492663383483887,-0.6430643200874329,-0.6353024244308472,-0.6238280534744263,-0.6340358257293701,-0.6171831488609314,-0.6141125559806824
Q,0.0,0.0,0.9228748331940407,0.9050874807572232,0.9271558477316421,0.9953872960821916,0.9294720444176959,1.0932873129087568,0.9215455633066687,1.174214574865005,1.0146141513180817,0.8946590082617045,1.0561565510984625,1.0363295628847686,1.0767050553881066,1.1243962948181132,1.0972373156403277,1.1889000988734546,1.0591059606683122,0.8752099844110911,1.0531116062835186,1.0397823115250848,1.0148935487617576,1.0392861190569893,1.0,1.0,-0.6375812292098999,-0.6004388332366943,-0.6269263029098511,-0.7026751637458801,-0.605035662651062,-0.6975386142730713,-0.5992941856384277,-0.6737988591194153,-0.6451110243797302,-0.6093480587005615,-0.635565459728241,-0.6881639957427979,-0.6179947257041931,-0.687474250793457,-0.6122167110443115,-0.66976398229599
Q,0.0,0.0,0.9277919031031465,0.8997991676079178,0.9273328140043048,1.001142816782849,0.926012395300782,1.1091307047003502,0.911342101931625,1.1899860534669207,1.0117003214882332,0.8848677703860702,1.0541054910601393,1.0359120814568616,1.0754613677624636,1.130942256490001,1.0969229702613683,1.201795642668479,1.061015112390822,0.8656573714866633,1.0534134485940305,1.044743341915073,1.0144056642175971,1.0444946895299496,1.0,1.0,-0.6203650236129761,-0.5360729098320007,-0.6087827086448669,-0.6381158232688904,-0.586672306060791,-0.6342487335205078,-0.5807954668998718,-0.6098606586456299,-0.6293298006057739,-0.546084463596344,-0.6182550191879272,-0.6267136931419373,-0.6005714535713196,-0.6257876753807068,-0.5951676368713379,-0.6075554490089417
Q,0.0,0.0,0.9255823898335841,0.8935387805494738,0.9227067875125375,0.9933580798474209,0.9209287369348989,1.1191419484914702,0.9100865130869067,1.2183648185374292,1.0118546477944728,0.8424875508742756,1.0612938985358333,1.0178400180700702,1.0841963124481235,1.1346042441039297,1.1071386201988263,1.221931103919728,1.0595694585756936,0.8210206320252856,1.0573081794829025,1.0298089338264818,1.0160982632358804,1.0435905840424717,1.0,1.0,-0.6201229691505432,-0.4127137064933777,-0.6164555549621582,-0.5088077783584595,-0.593109130859375,-0.5117027759552002,-0.5844375491142273,-0.4907296001911163,-0.6304334998130798,-0.4244790971279144,-0.6295738220214844,-0.5000779032707214,-0.6095026135444641,-0.5030440092086792,-0.6001753807067871,-0.4855298697948456
Q,0.0,0.0,0.9336139540159546,0.8505070356550237,0.935508143623648,0.979254853136635,0.9418164851306307,1.1301971541611286,0.934638162315807,1.246138541933247,1.0314175061933861,0.8297073258319368,1.0777182983939613,1.0251737114370154,1.0999589172845754,1.1616745643218611,1.1197705087107748,1.2630190059686461,1.0666313984422884,0.8256644426993469,1.0648404398805456,1.0534802783923456,1.0194526180937429,1.0568065550882089,1.0,1.0,-0.6794331669807434,-0.3875726461410522,-0.6736454367637634,-0.4790213406085968,-0.6466230750083923,-0.4769411981105804,-0.6375544667243958,-0.4549950063228607,-0.6852298974990845,-0.3976183831691742,-0.6789814829826355,-0.4666376113891601,-0.6593546271324158,-0.4671640396118164,-0.6515436172485352,-0.4491503536701202
Q,0.0,0.0,0.9323721852147705,0.8829381684122009,0.9511879655467383,0.9984661448663261,0.9597942964861158,1.1410498129939997,0.9515698135846368,1.259315286469166,1.0364762750599836,0.7826146807611575,1.0812727937086883,1.001148743654311,1.1036943958493164,1.153773770448094,1.1254314285472717,1.2692032596219076,1.0701048184351638,0.7872023156419221,1.0662819268153083,1.0406258907856198,1.0199489178307135,1.0518135964573936,1.0,1.0,-0.7051761150360107,-0.3251268863677978,-0.6982631087303162,-0.4150544106960296,-0.6702762246131897,-0.4146921038627624,-0.660198986530304,-0.3940801620483398,-0.7100088596343994,-0.3450905680656433,-0.7020014524459839,-0.4085405766963959,-0.6816723942756653,-0.4109053909778595,-0.6738297343254089,-0.3947586119174957
Q,0.0,0.0,0.9329593988567677,0.9002402476241942,0.9568734447936843,1.001781227404125,0.9703478339104804,1.1413574378287656,0.9622477525097974,1.2330256824391128,1.0321361386479113,0.801086091290146,1.0742721636578376,0.9895123227016909,1.0952555457686384,1.1300811179561276,1.1156644152390076,1.2404644838057388,1.0542077967107015,0.8199834992175121,1.054762486785312,1.0509968855494907,1.014662717760925,1.0550979181173363,1.0,1.0,-0.7428821921348572,-0.3340612351894378,-0.7397719621658325,-0.4141234159469604,-0.7130528092384338,-0.4120086431503296,-0.7051451206207275,-0.3895112574100494,-0.74465411901474,-0.3504869341850281,-0.7423044443130493,-0.4080877900123596,-0.7252532839775085,-0.4094910323619842,-0.7182528376579285,-0.3889184296131134
Q,0.0,0.0,0.9308311654003641,0.8844719176056401,0.9524797297241864,0.9901776307886638,0.9693459610813986,1.1283979446498278,0.9723883688857932,1.2377309047154548,1.0406700122979433,0.8314217831989829,1.0778604203944038,1.0173469212648527,1.0976202372132975,1.1411293120243235,1.1181602637781678,1.2280627776164548,1.0565135207641625,0.8669718982580803,1.0528703268430712,1.067572042742293,1.013587627563473,1.0621428818981202,1.0,1.0,-0.771504282951355,-0.4015539288520813,-0.7662590742111206,-0.4761141836643219,-0.739050030708313,-0.4703674614429474,-0.7326256632804871,-0.4442275762557983,-0.7703654170036316,-0.4182398021221161,-0.767302393913269,-0.4727723896503448,-0.7504904866218567,-0.4711582958698272,-0.745639979839325,-0.4479140043258667
Q,0.0,0.0,0.9446701521190545,0.8574057620241774,0.9510753683978405,0.9737181048529904,0.9591141173595497,1.1184385286173952,0.9634151035299029,1.218431771756754,1.0327905760341478,0.8310740333440957,1.063959552796267,1.024990067010255,1.080317233761401,1.155349666863843,1.0950033127820948,1.252542993728932,1.0609704014433041,0.82221553279532,1.0526797902812284,1.0451484391921653,1.0145347263937803,1.0487433992484643,1.0,1.0,-0.7625433802604675,-0.3676482737064361,-0.7532690763473511,-0.4542930126190185,-0.7285116314888,-0.4519858360290527,-0.7216606140136719,-0.4320262670516968,-0.7664263248443604,-0.3766088187694549,-0.7595444321632385,-0.4402608275413513,-0.7421416640281677,-0.4442418217658996,-0.7360222339630127,-0.4288010001182556
Q,0.0,0.0,0.9396348971814614,0.898288082658502,0.9560189915822499,1.0069472753095674,0.9687341685347458,1.1655534483412087,0.9733450834555412,1.2758649421181918,1.0335743130629527,0.8037753797106323,1.0713678513760039,1.0013730186380996,1.0958157439995366,1.1383493440355417,1.1187376824971025,1.2424231238304526,1.0611475451033041,0.8152294555905526,1.0565109037187093,1.064230642825953,1.017012348276689,1.0616232214160222,1.0,1.0,-0.7518749833106995,-0.3314175307750702,-0.7450972199440002,-0.4157028198242187,-0.7192467451095581,-0.413324624300003,-0.7107917070388794,-0.3929166495800018,-0.7556757926940918,-0.3483058512210846,-0.7517914175987244,-0.4086129665374756,-0.733852744102478,-0.4103627800941467,-0.7255774736404419,-0.3939098417758941
Q,0.0,0.0,0.9488959579786259,0.9002892620477582,0.9624802687055943,1.0148198200101115,0.9713672495798643,1.1550733558786697,0.9689315659844442,1.2521851102398507,1.0313672512581413,0.8338674670163292,1.0682995855578548,1.0142306846035534,1.0905681412820678,1.1495201747014172,1.1094416262908153,1.2510412080454931,1.0525617935344878,0.8324900730182786,1.0496758281857077,1.0567939276951566,1.0137983749746056,1.0578637941566045,1.0,1.0,-0.7569258213043213,-0.3535760641098022,-0.7521284818649292,-0.4328706562519073,-0.7285487055778503,-0.4317863881587982,-0.7226696014404297,-0.4107921421527862,-0.7619478702545166,-0.3641615808010101,-0.758217453956604,-0.4233038425445556,-0.7412150502204895,-0.4244765341281891,-0.7355344891548157,-0.4070064723491668
Q,0.0,0.0,0.9459822054638024,0.9184454582102792,0.9640460373761938,0.9922131841180234,0.9752700271767551,1.0678571673876585,0.9777461520896104,1.1317832378987256,1.0324806952890822,0.9209365383487561,1.0592944939914182,1.0188860313004848,1.073711693672467,1.0790528946599534,1.0872983897411028,1.1217627361744569,1.0466366705599501,0.8969148612228228,1.0475141727064128,1.0076901279116683,1.0175170010260646,1.0189209023717436,1.0,1.0,-0.7456444501876831,-0.5996055006980896,-0.7442343235015869,-0.6661574244499207,-0.724648654460907,-0.6699426174163818,-0.71400386095047,-0.6585474014282227,-0.7460129261016846,-0.5970929861068726,-0.7470672726631165,-0.6485676169395447,-0.7338128685951233,-0.6533828377723694,-0.7262088060379028,-0.6438673138618469
Q,0.0,0.0,0.942326382397871,0.9198676553211855,0.9677651105439022,0.9875882644673959,0.9824719687037774,1.0596797855294828,0.9883093384904242,1.1165349346946987,1.033867413268081,0.9199482031504692,1.0568898865557999,1.0140506974453594,1.0688176798473628,1.0699306889830684,1.0804328535981191,1.1092633471828202,1.0361646173033299,0.9137718580277313,1.040285893318016,1.0122168253924213,1.0147338527117442,1.0204996393121961,1.0,1.0,-0.7615548372268677,-0.6292887926101685,-0.7628930807113647,-0.6894099712371826,-0.7440395951271057,-0.6928113698959351,-0.7354150414466858,-0.6813287734985352,-0.7570999264717102,-0.6311637759208679,-0.7594912052154541,-0.6770594716072083,-0.7482505440711975,-0.6829346418380737,-0.7422340512275696,-0.6735079288482666
Q,0.0,0.0,0.9519216108356378,0.9040629896080828,0.9659146598142153,0.9758212959685392,0.9679236421116513,1.0507009984189957,0.9624974312463788,1.1096279132769837,1.0437030085290184,0.9472106212216644,1.0548902341023312,1.0495006463157122,1.0594727870560774,1.1072050203795516,1.067010849794257,1.1497588441758733,1.0505615110298558,0.9395055382411673,1.039824459279851,1.0390206152162993,1.0115139081338065,1.0300595882499908,1.0,1.0,-0.7857474088668823,-0.6975188255310059,-0.7777875065803528,-0.7621264457702637,-0.7568684816360474,-0.7532304525375366,-0.7500316500663757,-0.735302746295929,-0.7824356555938721,-0.6980516314506531,-0.7784789204597473,-0.7473683953285217,-0.7654458284378052,-0.7460323572158813,-0.7609729766845703,-0.7319803237915039
Q,0.0,0.0,0.9539521636920922,0.8900354650208877,0.9661347013340492,0.9674840870176147,0.9668272564141153,1.0501696683620882,0.9594509315133162,1.1132048515138895,1.0471591639080047,0.9385386560313674,1.0582644984849179,1.047484423577718,1.0616571377440789,1.1137515934017392,1.067474034295315,1.164042423401024,1.050488979426365,0.9446065822742208,1.0365524878594496,1.045587234275281,1.0090069115550235,1.0327277775674277,1.0,1.0,-0.7938379049301147,-0.6742885112762451,-0.7839258909225464,-0.7358096241950989,-0.7633347511291504,-0.7234042286872864,-0.7585768699645996,-0.7036335468292236,-0.7895655632019043,-0.6789777278900146,-0.7832314372062683,-0.725152850151062,-0.7703990936279297,-0.7218247056007385,-0.7669074535369873,-0.7055571675300598
Q,0.0,0.0,0.939526606659929,0.8620305608378612,0.9579181759530914,0.9720937853101868,0.9624238089388927,1.0855922562018685,0.953847276059446,1.1674062648602717,1.0576160140928161,0.9080169484048946,1.0728231904736238,1.0637180332986422,1.0794995588284166,1.154220014183455,1.0904585647623923,1.220645313279369,1.0677179681787405,0.909300342661807,1.052017842408406,1.0628978553704447,1.0134902197005955,1.047778563593116,1.0,1.0,-0.825930655002594,-0.5631313323974609,-0.8135553598403931,-0.6456694602966309,-0.7853065133094788,-0.6319713592529297,-0.7780091166496277,-0.6058903932571411,-0.8226071000099182,-0.5675729513168335,-0.8157771825790405,-0.6335420608520508,-0.7979822754859924,-0.6308102607727051,-0.7929234504699707,-0.6094752550125122
Q,0.0,0.0,0.9378896546052606,0.8339616619095181,0.9617995842246856,0.9513633915740303,0.9686164174730354,1.0830111840582854,0.9662438585821843,1.1826766183929256,1.062215374939304,0.8878025781249008,1.0852744420459448,1.050633278210483,1.0939284453117168,1.1495370188225709,1.1032616755662008,1.225122905342263,1.0582891642004488,0.9116075693022835,1.0492322140089392,1.0630921846120522,1.0156467071004747,1.0480267880976948,1.0,1.0,-0.8104866147041321,-0.527281641960144,-0.8018953204154968,-0.5995864272117615,-0.7754526734352112,-0.5878258943557739,-0.7666177749633789,-0.5644948482513428,-0.7993109822273254,-0.5363458395004272,-0.7921650409698486,-0.5904330611228943,-0.7755171060562134,-0.5916010141372681,-0.7669887542724609,-0.5748001933097839
Q,0.0,0.0,0.9347978716888857,0.831521950296038,0.9647675912368169,0.9422139980258621,0.9756919246742287,1.0605965442668162,0.976765173008879,1.1565862048440778,1.0576376137395627,0.8755958374461205,1.0838442760401932,1.0219750967641665,1.091518204529631,1.1048582969176004,1.0974704418977153,1.1674209187511677,1.0507962379948097,0.8788226185929391,1.0475290001363917,1.0244919571245046,1.018915983111481,1.0307835913435546,1.0,1.0,-0.8225917816162109,-0.5125616192817688,-0.8163308501243591,-0.585820198059082,-0.7926604151725769,-0.5877542495727539,-0.781283438205719,-0.5751818418502808,-0.8108789324760437,-0.5168595910072327,-0.8049551248550415,-0.5717999339103699,-0.7900882959365845,-0.5848102569580078,-0.7803038358688354,-0.5793546438217163
Q,0.0,0.0,1.1301238319955846,0.9368346046920466,1.0752380413614488,1.01348145611493,1.0378791058457983,1.0807849796714188,1.0279749271991816,1.1405217000092946,0.9337736967087191,0.9328096202032179,0.8806569718248602,1.0317444513252612,0.8640181254941769,1.090044078294476,0.8450483321311021,1.1322549140639622,0.9184613455483854,0.9143769931635188,0.9179699383955309,1.0222162381744866,0.9726697677021495,1.0246717091907012,1.0,1.0,-0.3159449100494385,-0.6483477354049683,-0.3169859647750854,-0.7161898612976074,-0.3335349857807159,-0.7143433094024658,-0.3404300808906555,-0.6995735764503479,-0.3172526955604553,-0.6493910551071167,-0.3163932561874389,-0.6952197551727295,-0.3308352530002594,-0.6976429224014282,-0.3390505313873291,-0.6862230896949768
Q,0.0,0.0,1.1270024968303116,0.9341545922975946,1.0750946138109485,1.016324131877955,1.0432588889384342,1.0852880490827688,1.0408306202932052,1.1429467402828588,0.9305763295400173,0.9349717286186217,0.8828428897384922,1.0417679486381204,0.8725363873002141,1.1046809628561218,0.8622058281368657,1.1498482156489283,0.913202476777313,0.9173147603990832,0.9242444276677424,1.0300625987835075,0.9774115943276647,1.0276587850257637,1.0,1.0,-0.3169247806072235,-0.6404359340667725,-0.3214065730571747,-0.7103837132453918,-0.3373332023620605,-0.7045644521713257,-0.3428524732589721,-0.6874871850013733,-0.3187297284603119,-0.6418523788452148,-0.3195897042751312,-0.6890528798103333,-0.3334386646747589,-0.6895734071731567,-0.3417746424674988,-0.678616464138031
Q,0.0,0.0,1.1303854503919282,0.9334306962440045,1.0781311604907644,1.0159195862394625,1.046081930051757,1.0847120420008862,1.0424306074480187,1.1442086647249223,0.932852948263333,0.9333512279178028,0.8808813385923763,1.0401888890490003,0.870084696049498,1.1044606031935864,0.860120588163042,1.1516028002523546,0.9138003878599252,0.9153554037566519,0.9226260218084531,1.0286571993059652,0.9765097519888231,1.0267780974037817,1.0,1.0,-0.3126170337200165,-0.6389102935791016,-0.3166433274745941,-0.7095581889152527,-0.3324734270572662,-0.7040708065032959,-0.3382472693920135,-0.6877940893173218,-0.314302921295166,-0.6405437588691711,-0.3147916793823242,-0.6885374784469604,-0.3291102647781372,-0.6895031929016113,-0.3374231457710266,-0.6790860295295715
Q,0.0,0.0,1.1306029031601372,0.9354022692995767,1.0789837405742457,1.018593315410702,1.0475021926032928,1.088180915476997,1.04447890987529,1.1472458434033335,0.931660842963591,0.9346137576851947,0.8812849108457521,1.0439502248204928,0.8702323078875156,1.1089085178958613,0.8593121674493575,1.1562064197845106,0.9126949987729788,0.9196894437964974,0.923875096906791,1.0337424796472476,0.9777171897309476,1.0292830899146346,1.0,1.0,-0.3119358420372009,-0.643086314201355,-0.3165610134601593,-0.7133352160453796,-0.3323919475078583,-0.7068046927452087,-0.3377731144428253,-0.6895685791969299,-0.3134282529354095,-0.6453331708908081,-0.3142134845256805,-0.6924763917922974,-0.3283515274524688,-0.6927333474159241,-0.336570143699646,-0.6814864277839661
Q,0.0,0.0,1.128196018554791,0.9313679962550333,1.0778541760247289,1.012925709333925,1.04639011102778,1.0826959375455938,1.0416457529112946,1.143139183141464,0.9289421163243745,0.9309871435443383,0.8783544002700866,1.0389014447165779,0.8679998610923382,1.1031093709225839,0.857759772776309,1.1498777778901321,0.911165678110041,0.914477322991225,0.9202109516506469,1.0292007471918911,0.9759912554319552,1.0275635563893566,1.0,1.0,-0.3119964301586151,-0.6413064002990723,-0.3160160481929779,-0.7129822969436646,-0.3325598835945129,-0.7079655528068542,-0.3385718762874603,-0.6911630034446716,-0.3132602572441101,-0.6434642672538757,-0.3139067888259887,-0.6918243169784546,-0.3283598124980926,-0.6929492354393005,-0.3366827964782715,-0.6818680167198181
Q,0.0,0.0,1.2650521191105202,0.8728167612652069,1.1846043861890254,1.0033662737359073,1.1367730890165062,1.142609633408008,1.1184697750954038,1.2698504445419083,0.830774284894435,0.8745339747693889,0.7364524467747809,1.0846266549212056,0.7129868253440731,1.2143079133729375,0.6810860737745675,1.3119004949774047,0.8070529496187547,0.8738515084383502,0.841282034169931,1.0793345585016487,0.9513861690268514,1.0605291308040758,1.0,1.0,-0.2159778773784637,-0.5166605114936829,-0.2247827798128128,-0.6146805882453918,-0.2500819563865661,-0.5984594225883484,-0.2569063007831573,-0.5710055232048035,-0.2174597978591919,-0.5292984843254089,-0.2196611762046814,-0.5946417450904846,-0.2395826578140258,-0.5886643528938293,-0.2504831254482269,-0.5685800909996033
Q,0.0,0.0,1.46601989914894,0.7934948465044452,1.356185112490144,0.9865366926334793,1.3198664727373821,1.181038662758936,1.3587372109329183,1.3375832584565188,0.754981563813537,0.7853017631374599,0.5954054867568669,1.0929760081525026,0.5639404343337497,1.2713720642665558,0.5371308737455104,1.4075176461027532,0.6566465780330285,0.7726615610463129,0.7333788219284283,1.0816483873926177,0.9118177798880913,1.0679515186814605,1.0,1.0,-0.1320084333419799,-0.456743985414505,-0.1496623456478119,-0.6048611998558044,-0.1852761059999466,-0.5883920192718506,-0.2005101144313812,-0.5559797286987305,-0.129205971956253,-0.4773881733417511,-0.1354544907808303,-0.5736550092697144,-0.162248432636261,-0.5809574127197266,-0.1790614426136016,-0.5745460391044617
Q,0.0,0.0,1.1286843518461358,0.8745644707246629,1.0856081723072493,1.0325957501438392,1.063663243164726,1.1706073982943028,1.073453542831647,1.2821855468408738,0.9379985654280535,0.8527205020112694,0.8710280869275792,1.0550985349165076,0.8494148726666233,1.1742025401191285,0.8302504988730272,1.2658691148791064,0.9042886557869623,0.8209002997479856,0.9144932826681855,1.0546492041479698,0.9732557513299881,1.0527813710883531,1.0,1.0,-0.377741277217865,-0.3959170579910278,-0.3848020136356354,-0.4943235218524933,-0.4067612588405609,-0.4888208210468292,-0.4155766367912292,-0.4675309062004089,-0.3753507733345032,-0.4021039605140686,-0.3783784210681915,-0.4679722189903259,-0.3966110944747925,-0.4680991470813751,-0.4066243469715118,-0.4533507227897644
Q,0.0,0.0,1.1095540271854942,0.8630662923709417,1.0921455831713587,1.0114792737784168,1.077807156174625,1.1511403677428809,1.085365988055005,1.2690944601625802,0.967474697093842,0.8541721468701892,0.8963973579997948,1.0388658064424798,0.8704651683147696,1.1509013370748982,0.84991154492573,1.239361481785921,0.9268441802603837,0.8136308050657327,0.9214092112397815,1.029183671977518,0.9732699377440223,1.0364079677972315,1.0,1.0,-0.4366940855979919,-0.415362536907196,-0.4413190484046936,-0.5169812440872192,-0.463290125131607,-0.5140096545219421,-0.473489373922348,-0.4947826266288757,-0.4315562844276428,-0.4232906401157379,-0.4378209114074707,-0.4956868290901184,-0.4570086002349853,-0.4968024492263794,-0.4665561616420746,-0.4809374809265136
Q,0.0,0.0,1.1084675628881546,0.855606262121435,1.0909761199844648,1.0037745926878037,1.078096495250494,1.1445097705810818,1.0823190850168238,1.259897565388923,0.9762585192865879,0.8388452990222479,0.9057086025889678,1.0224892254916667,0.878097584170491,1.1361264530788007,0.8581382855801585,1.2237961290331925,0.9380988908744874,0.794798609345345,0.9262371038599793,1.016580668915557,0.9725852291632133,1.031432372122368,1.0,1.0,-0.4527636170387268,-0.3891039490699768,-0.4547944962978363,-0.4902229607105255,-0.4764811992645263,-0.4902860224246979,-0.4874823689460754,-0.4739706218242645,-0.4478765428066253,-0.395914077758789,-0.4516977965831756,-0.4690918028354645,-0.4706845879554748,-0.47305628657341,-0.4808906316757202,-0.4600764214992523
Q,0.0,0.0,1.1912541037787236,0.8169553267629797,1.1214723354786384,1.0275199226273195,1.0774204803276215,1.2217799898256358,1.0648122260154238,1.3925243886574632,0.9136005209745727,0.7756974089052291,0.8297154947960371,1.0775538602259076,0.8090674615001198,1.2662521151507644,0.7935615611088471,1.398722241074184,0.8902532318483235,0.7336719798283018,0.8857321501952482,1.0597981870171174,0.9599393231552316,1.0729526979923083,1.0,1.0,-0.3264127373695373,-0.2720170021057129,-0.328790009021759,-0.3782201707363128,-0.3536061346530914,-0.378750205039978,-0.3659012615680694,-0.3574921786785126,-0.3260393738746643,-0.2796671688556671,-0.3256668746471405,-0.3524365425109863,-0.3456513583660126,-0.3567648231983185,-0.3593035340309143,-0.3414436280727386
Q,0.0,0.0,1.2111122905625147,0.8143781836220085,1.1230004192527387,1.015396778469395,1.0689168159204538,1.2323824568966735,1.060813703210545,1.4319430884393443,0.8604898264807989,0.7093403790157273,0.7646050262837771,1.059209839167938,0.7435921296865947,1.2838565980023082,0.7247115373154176,1.4472994566138013,0.8533307128863951,0.7247753328991885,0.8557630733037181,1.1063241381820457,0.9543504440446822,1.1017714577981972,1.0,1.0,-0.2735579013824463,-0.2570693492889404,-0.2777897715568542,-0.3614804744720459,-0.3037311434745788,-0.3506850302219391,-0.3119372427463531,-0.3225857019424438,-0.2759680449962616,-0.2743683159351349,-0.2737490534782409,-0.3428945243358612,-0.2927104234695434,-0.3433958888053894,-0.3055174648761749,-0.3289308249950409
R,0.0,0.0,0.9894921446880686,1.592667031776784,0.9749218254205845,1.475569570844161,1.0036175858767888,1.3806603411370144,1.0291712777792301,1.3013756215211199,0.9769086913978776,1.3171570901612335,0.9874672373249335,1.201496162932987,0.9972193246117366,1.116823534469956,1.0083174772901828,1.0387268934392264,1.0113665037352237,1.317860775138667,1.003905707210445,1.1757786173516425,0.9996903281275664,1.0910968517482071,1.0,1.0,-0.6655781865119934,-0.6458534598350525,-0.6674632430076599,-0.622016191482544,-0.6614121794700623,-0.6688920259475708,-0.6582550406455994,-0.6888132691383362,-0.6854561567306519,-0.674629807472229,-0.6827840209007263,-0.6591128706932068,-0.6770941019058228,-0.689774215221405,-0.6745011210441589,-0.6998888254165649
R,0.0,0.0,0.9895531799962607,1.5933678684758523,0.9731411620042169,1.4763514213661524,1.0017230052232686,1.3823569097146455,1.0281796548244004,1.3059220964809304,0.9778312249839054,1.3138509785171826,0.9874173429852269,1.1958729708248246,0.9968711249925237,1.108947437835888,1.0077304000267497,1.0279632109912482,1.012254689803959,1.3154839583466558,1.0046293108685527,1.1733267454729743,1.0000359803200836,1.0897794767404314,1.0,1.0,-0.6625762581825256,-0.636415958404541,-0.6645587086677551,-0.6147285103797913,-0.657651424407959,-0.6611638069152832,-0.6535937190055847,-0.6818556785583496,-0.6822413802146912,-0.6645813584327698,-0.6802990436553955,-0.6493290066719055,-0.6739588975906372,-0.6798371076583862,-0.6704351902008057,-0.6912552118301392
R,0.0,0.0,0.9855105454812906,2.6715215442912053,0.9519064723949646,2.375778821501601,0.9941987211655077,2.115465418683386,1.042486368522223,1.9160650882123729,0.9615186082983272,1.9491788684371347,0.9721349571844802,1.590940400682087,0.9832379940716384,1.3483460630618145,0.9959969385198709,1.1297119752090672,1.0212505104382221,1.9606180032214116,1.0065510388423375,1.506191425694882,0.9991289031764772,1.253303308474587,1.0,1.0,-0.6739569306373596,-0.616088330745697,-0.6747719049453735,-0.5655246376991272,-0.6638453602790833,-0.6373235583305359,-0.6591289043426514,-0.6753168106079102,-0.7082216739654541,-0.6648309826850891,-0.7032369375228882,-0.6261201500892639,-0.6912561655044556,-0.6758298873901367,-0.6846879720687866,-0.7026667594909668
R,0.0,0.0,0.9911154407954307,3.59384228427626,0.9700785610071192,3.0808118977749186,1.0155877863863438,2.6688277077319165,1.0591068745306647,2.336981695705397,0.9744252851625378,2.3890816959374286,0.9905760852485461,1.9433148934660953,1.0086447058045782,1.5601632572966422,1.0292184059421896,1.2077919129099952,1.024605737303395,2.3719024221758382,1.008048637806349,1.7874307261953184,0.9999531870593931,1.4217793958101097,1.0,1.0,-0.7628154158592224,-0.4526767134666443,-0.7735006809234619,-0.4070140123367309,-0.7619204521179199,-0.4921255111694336,-0.7516012191772461,-0.5339123010635376,-0.7956401109695435,-0.4994392991065979,-0.800672173500061,-0.4668335020542145,-0.7881080508232117,-0.520637571811676,-0.7771714329719543,-0.5462455749511719
R,0.0,0.0,0.9756781603460724,1.18158530898238,0.963412944843252,1.006058127299052,1.001013828806884,0.8830216222007773,1.0363641566247381,0.8132577078126088,0.9659404733255463,0.8091053866625477,0.9813754262806027,0.6134412724115932,0.9956325681315262,0.4934686693192163,1.0079652108071304,0.3828017447338938,1.0076167759392847,0.8306467914598952,1.0272299391321191,0.7958197356478813,1.0154426568213701,0.9359251015826646,1.0,1.0,-0.8483469486236572,-0.4329791367053985,-0.8588754534721375,-0.4274626970291137,-0.8442011475563049,-0.4918236136436462,-0.829879641532898,-0.5092712640762329,-0.8723639845848083,-0.4642083644866943,-0.8774864673614502,-0.4610508978366852,-0.862647294998169,-0.5089545845985413,-0.8506741523742676,-0.5208039283752441
R,0.0,0.0,1.0188088989187334,5.9123342205016565,0.986602736980599,4.967337043309946,1.023272373548184,4.1141827566739275,1.0606022340566723,3.4292771997741767,0.9857187049540386,3.74511879990322,0.9947258405465517,2.7884332607468356,1.0068525119583198,2.0589370110492786,1.022214786181506,1.3935386724735872,1.0388284231511127,3.6851933220421014,1.015836949565175,2.4802538914428593,1.0042379815404914,1.7817432050971858,1.0,1.0,-0.6589335203170776,-0.359695166349411,-0.6653335690498352,-0.307960033416748,-0.6592308282852173,-0.3855824470520019,-0.6535012722015381,-0.4230475425720215,-0.6921498775482178,-0.3945199251174927,-0.6927816867828369,-0.3575636744499206,-0.6849427223205566,-0.4127498865127563,-0.6776184439659119,-0.4384483098983764
R,0.0,0.0,0.9972077885452205,3.395442364398093,0.955380903790835,2.943485712653897,0.9958041079537006,2.532045181236465,1.0461133255611343,2.2324585537789283,0.9748513345512161,2.372755888759317,0.9795583551217502,1.8604690232781538,0.9903218874417143,1.4989540019715901,1.0027356913147307,1.1720521885131099,1.0339457630405364,2.36340461461565,1.015017226406396,1.7361680183284713,1.0023941232106424,1.3750862758412117,1.0,1.0,-0.5613039135932922,-0.4451132714748382,-0.5577396154403687,-0.3948946595191955,-0.5487911701202393,-0.461309552192688,-0.5479066967964172,-0.4939866960048675,-0.5924214720726013,-0.4842022955417633,-0.5830084681510925,-0.444375604391098,-0.5738251805305481,-0.4873838424682617,-0.5723116993904114,-0.5079144835472107
R,0.0,0.0,1.0328165969307357,4.5209498520414675,0.966505110164809,3.8599944568993765,0.9914475759972946,3.202196415897533,1.0424652288388296,2.7401940688823316,1.0083762621923777,3.0254995203859862,0.9968198854808364,2.239828636704079,1.0015802295948601,1.704106698147991,1.0108786727308143,1.2261732183735172,1.076828339480961,2.9794613534722605,1.0445011381687213,2.037359718559378,1.0150458970346368,1.5193032694736623,1.0,1.0,-0.4675703048706054,-0.3671152591705322,-0.4512630999088287,-0.3142589628696441,-0.4447135031223297,-0.3853148221969604,-0.4492489993572235,-0.4202446937561035,-0.4994532167911529,-0.3966512382030487,-0.4769879579544067,-0.3604368269443512,-0.4710246324539184,-0.4107933342456817,-0.4764600098133087,-0.4322839379310608
R,0.0,0.0,1.0508043925040125,4.800536379519759,0.9791779453295042,4.105229564456569,0.9989470232392476,3.4265073106843866,1.0443109160746151,2.895576635155955,1.023866355688222,3.203506302595218,1.0043563910045723,2.380378128540879,1.0060828546071465,1.823736016498969,1.0147973129495467,1.320601565663015,1.0977528193929726,3.1425068541911783,1.056366785547964,2.134303426688006,1.0196538100420665,1.5697306961793152,1.0,1.0,-0.4413942098617553,-0.3571701049804687,-0.421257883310318,-0.3066836297512054,-0.4148184359073639,-0.3769054710865021,-0.4200793802738189,-0.4123466610908508,-0.4732450842857361,-0.3864749372005462,-0.4478960335254669,-0.3501737415790558,-0.4427231550216675,-0.4004819691181183,-0.4496099948883056,-0.4232432842254638
R,0.0,0.0,1.0447245090078914,1.8666278645552108,0.9778276743869847,1.7190539656661232,0.986429129445853,1.5773288450348164,1.0310831976881294,1.4737687422301018,1.0241159376649154,1.4762628718673751,1.003827921736238,1.297584731977411,1.0012852943187256,1.182339737361272,1.008174892821725,1.0797548167750952,1.0937711005428625,1.4518052854849008,1.0493773635488626,1.2458532286075785,1.0170748569484016,1.1219295071673374,1.0,1.0,-0.453174889087677,-0.6458550095558167,-0.4283694624900818,-0.6360633969306946,-0.4210093319416046,-0.686890721321106,-0.4250613152980804,-0.7133175730705261,-0.478338360786438,-0.6733829379081726,-0.4505295157432556,-0.6824438571929932,-0.4441120326519012,-0.7188284993171692,-0.4504764676094055,-0.735720157623291
R,0.0,0.0,0.9941490293173069,1.7548250984719085,0.9559508858818414,1.623010286734978,0.9843905522673476,1.5104291613016916,1.0233913303115614,1.4289880872520182,0.9801917680411703,1.4174220184588522,0.9853496805615088,1.2711719608875789,0.9943326856147835,1.174691643254349,1.0049217829950114,1.079700544273811,1.0286549095083752,1.4039657345794094,1.0150380039924924,1.219210757918303,1.0040256225742707,1.1168005991417376,1.0,1.0,-0.6249645352363586,-0.6847257018089294,-0.6180315613746643,-0.6725289225578308,-0.6077257394790649,-0.7280017733573914,-0.6051352620124817,-0.7492355108261108,-0.651842474937439,-0.7144726514816284,-0.642023503780365,-0.7127191424369812,-0.6302266120910645,-0.7528594136238098,-0.6264127492904663,-0.7663423418998718
R,0.0,0.0,0.9694254487574375,1.6507546522110061,0.9580065051987776,1.5434196394456385,0.9877531159741704,1.4526014416853776,1.0168698301769425,1.3662994785364755,0.958998646616491,1.3629718551744312,0.9780131166894682,1.2458689962470881,0.99402141414371,1.1599834131374736,1.0110221872669642,1.0753025497663842,0.9936906724835306,1.3617413862599712,0.9920143186571387,1.2004879651890668,0.9943078675067961,1.1056901163557666,1.0,1.0,-0.7334336638450623,-0.6837285161018372,-0.7445944547653198,-0.6644817590713501,-0.7352961897850037,-0.7185790538787842,-0.7264648079872131,-0.7416088581085205,-0.756245493888855,-0.7127773761749268,-0.7619479894638062,-0.701500415802002,-0.7517262697219849,-0.7405623197555542,-0.7415779829025269,-0.7545612454414368
R,0.0,0.0,0.9551610771765916,1.5427283041208677,0.9554173830585194,1.444296220409395,0.9871562616395658,1.3682085660448136,1.0155946830751632,1.2942504538819692,0.9545230800217868,1.2907363366508715,0.9764742104698724,1.1954357977706473,0.9952292050327897,1.1207666535359229,1.0138611973728262,1.0495883534735098,0.9840592962965953,1.2921663113417068,0.9853637348702461,1.1579684660371552,0.9911760511596995,1.0843117571824328,1.0,1.0,-0.7848405838012695,-0.6911644339561462,-0.7981513142585754,-0.672344446182251,-0.7875946760177612,-0.7275756001472473,-0.7775509357452393,-0.7504521012306213,-0.804928719997406,-0.7205824255943298,-0.8121892809867859,-0.707444429397583,-0.8012999296188354,-0.7449097633361816,-0.7904914617538452,-0.7574753165245056
R,0.0,0.0,0.9921151814581682,1.7137177065959983,0.9854092338759584,1.5673968595107302,1.0131370114315332,1.454355994643496,1.0364615573005285,1.3573564665856357,0.977128720734471,1.3868131696119355,0.9892946460418179,1.2521932004329661,1.0003299918848934,1.1489701408547712,1.010930632141423,1.0530178860592363,1.006130145415712,1.3847109530491926,1.002996947205487,1.2201846444272089,1.0010073047456989,1.1173129195530402,1.0,1.0,-0.75124192237854,-0.5437020659446716,-0.7611536383628845,-0.5160005688667297,-0.7568055391311646,-0.5652551054954529,-0.7503189444541931,-0.5870268940925598,-0.7704724669456482,-0.5696384310722351,-0.7774359583854675,-0.5486987829208374,-0.7705614566802979,-0.5811963677406311,-0.7618013620376587,-0.5948460698127747
R,0.0,0.0,0.9506953161241887,11.725594342765085,0.9381116928487734,9.65721198010873,0.9827424595080019,7.9848040739435024,1.0264278302820746,6.803192869069011,0.9495513351306865,6.932566165768561,0.9744040644478672,4.8067056926308975,0.9964921101608346,3.2738531602894856,1.0176424720316892,1.8947237758663513,0.9952094800456754,7.0400739351482,0.9936201285664636,4.365143805671287,0.9955073996214728,2.6824422103493935,1.0,1.0,-0.7394089102745056,-0.333070695400238,-0.7542299628257751,-0.2824738621711731,-0.7415326833724976,-0.3506171405315399,-0.7283021807670593,-0.3914050161838531,-0.7684372663497925,-0.3816555738449096,-0.7789539098739624,-0.3439706563949585,-0.76471346616745,-0.3875510096549988,-0.749527633190155,-0.4135927259922027
R,0.0,0.0,0.9914862930774032,4.319209467466391,0.9416456246126975,3.645135595571965,0.9840062957615449,3.0512163001276025,1.0426336849075941,2.658280735034222,0.9814382778143399,2.8460592785674175,0.9888289297551918,2.164985113259777,1.0033171203191735,1.6606743272535391,1.0214019347873275,1.202135092902812,1.0441687493443228,2.8184661539896254,1.020996037110465,1.9584767987481044,1.0016774625661466,1.4996914612205545,1.0,1.0,-0.5253562927246094,-0.3914671242237091,-0.5185643434524536,-0.3419702351093292,-0.5074657797813416,-0.417782723903656,-0.5084497928619385,-0.4499081373214721,-0.5560228228569031,-0.431625634431839,-0.5423417687416077,-0.3946180641651153,-0.5324169993400574,-0.4453969299793243,-0.5345690846443176,-0.4648316204547882
R,0.0,0.0,1.0481207512502424,3.207041457548189,0.9767067621354155,2.8126187618937486,0.997384603089394,2.4332577471187737,1.0470064703778088,2.141798677217835,1.0191743563813132,2.2805576742482314,1.0059790979123127,1.8033879729737536,1.00999995262931,1.4892168297396717,1.0189446085354952,1.205042082777128,1.0917684105040073,2.2344569505839718,1.0510008127893529,1.6568139263425372,1.0183230592419374,1.3315589379723265,1.0,1.0,-0.4577760100364685,-0.4390209913253784,-0.4359520375728607,-0.3936929702758789,-0.4316749572753906,-0.4622276127338409,-0.4386034607887268,-0.4938963055610657,-0.4900374412536621,-0.4693005681037903,-0.4630681872367859,-0.44252809882164,-0.4594088196754455,-0.490407645702362,-0.4681199193000793,-0.5089205503463745
R,0.0,0.0,1.0378150479951644,3.4612639930432922,0.9644042319885396,3.005481185382928,0.9859002669836734,2.585075707148245,1.0380060113713254,2.258353908679311,1.0220965069196641,2.399880583440152,1.0085387561956622,1.8911800977028808,1.0118091459775478,1.5413907689957818,1.0208262840887674,1.227428143949026,1.0959539857763922,2.349066233665924,1.0607798136298041,1.718882656740744,1.022257211443103,1.352383167472179,1.0,1.0,-0.4330700635910034,-0.4175280928611755,-0.4092495143413543,-0.3726842403411865,-0.4030252397060394,-0.4461764693260193,-0.4093636870384216,-0.480627030134201,-0.462942898273468,-0.452048510313034,-0.4341474175453186,-0.4240402579307556,-0.429883062839508,-0.4742423295974731,-0.4392755627632141,-0.4941418170928955
R,0.0,0.0,1.0000404526728022,1.9018400359701118,0.9707565199040881,1.7319586549649395,0.9938074668240554,1.5728478855546364,1.0256579790943121,1.4645030255394658,0.9849466415515068,1.5100122531774172,0.9896727389332366,1.3233724210837026,0.9975140089823945,1.1936328096844722,1.0063048078265677,1.074783510037652,1.0249095518371956,1.5037094177852983,1.0123814752529983,1.2701863375355669,1.0033885186653702,1.136911753096759,1.0,1.0,-0.6025838851928711,-0.5384734869003296,-0.5989001393318176,-0.4979935884475708,-0.5925570726394653,-0.5455273389816284,-0.591763436794281,-0.5743891000747681,-0.626217246055603,-0.5679093599319458,-0.619307816028595,-0.5378385782241821,-0.6117606163024902,-0.5688056945800781,-0.6101264953613281,-0.588069498538971
R,0.0,0.0,0.9953987608075361,1.5676171534868293,0.9720086372898917,1.466717131857203,0.9963407088991559,1.3740292804422225,1.0253704434500732,1.3027787395539006,0.980033508725711,1.308783057682587,0.9886490983643017,1.1979948355870789,0.9990540260695647,1.1190967864943242,1.0104803385396595,1.0421409148304224,1.0172217529228818,1.3028867104905815,1.0059482259453922,1.1641209033505366,1.0008818550829603,1.0891340246544665,1.0,1.0,-0.640936017036438,-0.6726997494697571,-0.6401152610778809,-0.6518964171409607,-0.6335336565971375,-0.7007439136505127,-0.6301510334014893,-0.718757688999176,-0.6628115773200989,-0.6993693709373474,-0.6592798233032227,-0.6881459951400757,-0.6520149111747742,-0.7220461964607239,-0.6481044292449951,-0.7325091361999512
R,0.0,0.0,0.99380620410395,1.5451464476179717,0.9705455639854912,1.4494257771436077,0.993617093208678,1.3605443948106886,1.022331356388884,1.2929692182138615,0.9793476482778973,1.2985937060013386,0.9897917139809266,1.1926493739322035,1.0015947280442103,1.1177909008689189,1.0128999741714073,1.0454512660431128,1.0156266395578488,1.2920917540737562,1.006901816955268,1.1558879851071968,1.002168003936936,1.0826863708025816,1.0,1.0,-0.6441760659217834,-0.6859970092773438,-0.644771933555603,-0.6636579036712646,-0.6389729976654053,-0.7123330235481262,-0.6350919604301453,-0.7319203615188599,-0.6660552620887756,-0.7109422087669373,-0.6642755270004272,-0.6973704099655151,-0.6570233702659607,-0.7317193746566772,-0.6519080996513367,-0.7444053292274475
R,0.0,0.0,0.9860747959379866,1.5307923623369764,0.9724332391190704,1.4361899233474014,0.9961679621905603,1.352758018546979,1.020025264249274,1.281115078817523,0.9720728800079717,1.2899947185360352,0.9861719524521531,1.1888884659488317,1.0005806279510847,1.1159642954003683,1.015227350243189,1.0462578924579744,1.0036230579697276,1.2871116815515133,0.9964297425512376,1.1510556980334874,0.9967195231881844,1.0800432033268466,1.0,1.0,-0.6944327354431152,-0.6602452397346497,-0.7009617686271667,-0.6359013319015503,-0.6957945227622986,-0.6829360723495483,-0.6904623508453369,-0.7031598687171936,-0.7144150733947754,-0.6848544478416443,-0.7174631357192993,-0.6689801812171936,-0.7116755247116089,-0.7018423676490784,-0.7056506872177124,-0.7140855193138123
R,0.0,0.0,0.960277494098821,1.8587607975022757,1.0120137911926854,1.679554756098903,0.9767809405329083,1.5217956359632567,0.9324378273233308,1.3883763538731388,0.9926254585974732,1.4822008294636793,0.9950198807669305,1.303447043437384,0.9786664077938305,1.1859325813196526,0.9570243810317145,1.0713283370243494,0.9277797077040738,1.4719866873014509,0.9575531909411482,1.242786090415411,0.9828293649097569,1.1168470819094436,1.0,1.0,-0.3382947146892547,-0.5932939052581787,-0.3485422134399414,-0.5540205836296082,-0.3545060455799103,-0.6227977871894836,-0.3549678027629852,-0.6614589095115662,-0.310939073562622,-0.6188719868659973,-0.3254736661911011,-0.5973166227340698,-0.3333307206630707,-0.6506088972091675,-0.3325302898883819,-0.6791239380836487
R,0.0,0.0,0.9514499435658798,2.3267205075638535,1.0365108441779785,2.0273083135787293,0.9598456072957836,1.7712071694872114,0.8831609552348024,1.5544251901196322,1.0224495510590177,1.704260402595299,1.0173323504315674,1.4260819692755708,0.9821495445139008,1.2252674333611462,0.9355906447660781,1.0416675497984222,0.909872338194,1.6975749817750774,0.9588562338035876,1.3406238533465895,0.986981622232261,1.169214007552089,1.0,1.0,-0.2365424335002899,-0.5410537719726562,-0.2412845343351364,-0.4906784892082214,-0.2478469461202621,-0.5805591344833374,-0.2492980659008026,-0.6231191158294678,-0.2002499848604202,-0.574533998966217,-0.2101152688264846,-0.5356495380401611,-0.2185165584087371,-0.6045033931732178,-0.2183099091053009,-0.6365193724632263
R,0.0,0.0,0.9368452098365803,3.1058445344844055,1.0340446159650922,2.6419775626752813,0.941251943277571,2.2356903525704426,0.8516216797256201,1.8904999567407168,1.0148265723631034,2.138825597253029,1.0035608435772863,1.6990346356475305,0.958980355524407,1.3823010308163761,0.9033061669504998,1.0855476499344883,0.8841407829994836,2.12822886161309,0.9411102372686199,1.5430186075863666,0.978823644041783,1.274358851717115,1.0,1.0,-0.2212055027484893,-0.5024254322052002,-0.2251999080181121,-0.4401355385780334,-0.2331874072551727,-0.5461825132369995,-0.2352265864610672,-0.5959799885749817,-0.1794441044330597,-0.5415613651275635,-0.1889182180166244,-0.4959761500358581,-0.1993947923183441,-0.5757752656936646,-0.1992407441139221,-0.6123489141464233
R,0.0,0.0,0.9183004339175265,3.2587303346541487,0.9866455536705312,2.772538632624299,0.946273278314577,2.3203715944765855,0.8952744210756051,1.9650804105272381,0.9715040440829174,2.279344948814486,0.9800911869404831,1.787664115407874,0.9644352276001517,1.450098119018425,0.945155170009023,1.1348636009687711,0.8921871303017049,2.244227706088499,0.937226099370756,1.6176921764453613,0.9737141273276834,1.2889130836117784,1.0,1.0,-0.3248082101345062,-0.4376390874385834,-0.3364715576171875,-0.3688419759273529,-0.3418758809566498,-0.4584327638149261,-0.3415572345256805,-0.5140801072120667,-0.2881630957126617,-0.4683979153633117,-0.3032981157302856,-0.4227818250656128,-0.31241175532341,-0.4887756705284118,-0.3118590712547302,-0.5297518968582153
R,0.0,0.0,0.9522406869895353,5.328247721508404,1.0503263905818978,4.412873825914881,0.9316759178428867,3.5543365199698993,0.8102767306964201,2.854067281696814,1.058304276674641,3.3687535884500686,1.0300252274054529,2.407356949747763,0.9730584912895263,1.7349654393935168,0.910362191220399,1.1284941051868778,0.901583037209517,3.375885894255693,0.9564777724111589,2.180385322890827,0.9842841551549465,1.6101191504779948,1.0,1.0,-0.1824422180652618,-0.3852793276309967,-0.1757845878601074,-0.3174180686473846,-0.1845090687274933,-0.4177998602390289,-0.1896671652793884,-0.4667174816131592,-0.1404300034046173,-0.425481379032135,-0.1409070789813995,-0.3730001747608185,-0.1521771848201751,-0.4470617175102234,-0.1560987681150436,-0.4849041104316711
R,0.0,0.0,0.9270772163064946,6.162514353542263,0.9932501124291666,5.0505701490257735,0.944529803847402,4.029373458508893,0.8884018839050933,3.177436458224001,0.9848093864850588,3.9263396959088968,0.990603043117883,2.758386252122302,0.970675283653258,1.9484048345764058,0.9465361510361913,1.2140793560407273,0.8986059686083022,3.887688609816935,0.944585397794628,2.4777092496266246,0.977416971304947,1.7029316270997668,1.0,1.0,-0.3204977214336395,-0.3527671694755554,-0.3282337486743927,-0.2827437222003937,-0.3351263701915741,-0.3755348920822143,-0.3361838757991791,-0.4305379986763,-0.2828612923622131,-0.3869774937629699,-0.2952851951122284,-0.3306171000003814,-0.3051657080650329,-0.4015012681484222,-0.305115133523941,-0.4437246322631836
R,0.0,0.0,0.9373052966074957,6.089009198972959,1.0166650630200949,4.969089812999413,0.8781005139948508,3.925603383669505,0.7463654897830024,3.1355116003955725,1.1021809030692509,3.861421157706613,1.0353701734759748,2.685096383792688,0.9519586874920468,1.8918176143781193,0.8738524984371479,1.1646562479999627,0.9066430918563128,3.838960853955384,0.9672857707032978,2.395793777015576,0.9763143410937767,1.7490389492236258,1.0,1.0,-0.130777508020401,-0.3500117063522339,-0.1101770997047424,-0.2837994694709778,-0.1143102645874023,-0.3777408003807068,-0.1268730014562606,-0.4209700226783752,-0.0931940376758575,-0.3826022446155548,-0.0769300386309623,-0.3384192585945129,-0.0850252211093902,-0.4063053429126739,-0.0962470173835754,-0.4403382539749145
R,0.0,0.0,1.0155478259013864,1.9470326254400798,1.093191955354105,1.7468843841427828,0.9437183193320116,1.5630132414737397,0.8082554702907122,1.4107336671758717,1.1641442603359455,1.497643401335089,1.0863076353023644,1.3153891674362446,1.0023311154606906,1.1835346072556265,0.9127851313900661,1.058944743607584,0.9690126861213698,1.497212541311405,1.002000852591066,1.2387135425209055,1.0002578081181335,1.132146115701452,1.0,1.0,-0.1336049139499664,-0.6231762766838074,-0.1139899045228958,-0.5804052352905273,-0.1211854591965675,-0.6645069718360901,-0.1319495141506195,-0.6994240880012512,-0.099528856575489,-0.6571398973464966,-0.0865778923034668,-0.6312099695205688,-0.0966188237071037,-0.6941590309143066,-0.1071322187781333,-0.7220200896263123
R,0.0,0.0,0.9082950364688283,2.295835011799311,0.9847274503582499,2.017887686578278,0.9347451309137003,1.7495216066789032,0.8824612851964392,1.529297397804005,0.9763428885372221,1.6869257388057919,0.9848234470248627,1.4197975489269783,0.9686201506825752,1.2254425657018722,0.9447811160442046,1.0427801548925024,0.8856083745411889,1.6750286743024054,0.935601672108404,1.3216505265378289,0.9731823448015372,1.1686232575081752,1.0,1.0,-0.2858758270740509,-0.528778076171875,-0.2960817217826843,-0.4740952849388122,-0.3003051877021789,-0.5658028721809387,-0.2988787889480591,-0.6098210215568542,-0.2500330805778503,-0.5588770508766174,-0.2641071081161499,-0.5180733799934387,-0.2716162204742431,-0.585457980632782,-0.2696076929569244,-0.6171086430549622
R,0.0,0.0,0.9085081271053782,5.916529468734544,0.973670465493153,4.849561471314344,0.9440459933574203,3.8298990021340726,0.9059973135273884,2.9798367295908887,0.9596363404565164,3.763578610829101,0.9736288015098921,2.6269374393367317,0.9648587301816787,1.8442442656222804,0.9529966524238054,1.1161189463127978,0.8925238122150387,3.668848552077042,0.9394066365336616,2.362876532840465,0.9748527631632558,1.6287865788104057,1.0,1.0,-0.3713477551937103,-0.3222291469573974,-0.3840257525444031,-0.2513477206230163,-0.3876578211784363,-0.3425706923007965,-0.3864763677120209,-0.4025006294250488,-0.3362334072589874,-0.3482406437397003,-0.3519445657730102,-0.3002271354198456,-0.3592098355293274,-0.3665435016155243,-0.3572131693363189,-0.4101154208183288
R,0.0,0.0,0.9034678468192027,6.030830581376226,0.9714976030833313,4.991796574569984,0.9453270013136642,4.034232751400433,0.902065422964575,3.2718012519199804,0.9542253628257568,3.8628842454113017,0.9753354431224066,2.7459321156801195,0.9723284436997824,2.031032442619278,0.9642905873247424,1.3521729237842293,0.8895173892600626,3.764797744224377,0.937472807522782,2.4106367882450215,0.9736120339422966,1.678198320273619,1.0,1.0,-0.4166271090507507,-0.3686303198337555,-0.4360753893852234,-0.2991078495979309,-0.4401103556156158,-0.4003978371620178,-0.4376154839992523,-0.4596912860870361,-0.3783131837844848,-0.3985937535762787,-0.4014192223548889,-0.3609977662563324,-0.408980131149292,-0.4354748725891113,-0.404869794845581,-0.4765794277191162
R,0.0,0.0,0.9318516262628513,1.7277724234880587,0.9941061434762551,1.5829934629340725,0.9670473618604382,1.4508943221283632,0.9245297500996581,1.346688374355984,0.9731917734844341,1.4062764007348092,0.9894430537707889,1.2675947367586784,0.9880147590228036,1.1786756536640175,0.9807062256236643,1.0885659052076313,0.9141030677628091,1.3826554025278157,0.947158252609611,1.1837755109125547,0.9772700512169565,1.0930767833092532,1.0,1.0,-0.369265079498291,-0.638835072517395,-0.3839366137981415,-0.6109049916267395,-0.3877680897712707,-0.6837811470031738,-0.3856832385063171,-0.7190330624580383,-0.3413874506950378,-0.6596111059188843,-0.3580561280250549,-0.6478147506713867,-0.3654502928256988,-0.7009003162384033,-0.3636237680912018,-0.7246787548065186
R,0.0,0.0,0.9465004268508065,4.629137089621729,0.9955144744780919,3.845454628520767,0.9765575169248902,3.097574110006419,0.9385394035537297,2.5475025297013336,0.968256484287327,3.0994130621308815,0.9848129161249373,2.2968526772095217,0.9838748443779087,1.7673470602851484,0.9822308911704586,1.2766774064143154,0.9199315935230864,3.0245504087755672,0.9500197189325086,2.051651593586571,0.9780531901968341,1.4879065096665105,1.0,1.0,-0.4493943452835083,-0.3167573809623718,-0.4674712121486664,-0.2575294971466064,-0.4724658727645874,-0.3334661722183227,-0.470510184764862,-0.3848174512386322,-0.4210283458232879,-0.3383651971817016,-0.4425402283668518,-0.3010403513908386,-0.4501917958259582,-0.3564989268779754,-0.4465292096138,-0.3947502672672272
R,0.0,0.0,0.941080760712589,3.107514186082466,0.9888682595997104,2.6663948741146224,0.979832867303115,2.2551793413665924,0.953878864446267,1.9372007057662939,0.9598923482013912,2.1469526814293,0.9790082538166811,1.723504847848795,0.9845619118978342,1.454237174448119,0.9873863583539955,1.1976591430191061,0.9174511968270551,2.0975580388073305,0.9485425623862008,1.5489471174256708,0.9766743603016315,1.257230382633634,1.0,1.0,-0.5268415212631226,-0.3930686116218567,-0.5551756620407104,-0.351014643907547,-0.5581287741661072,-0.4294064342975616,-0.5542265772819519,-0.4762900173664093,-0.498925507068634,-0.4174437820911407,-0.5287684798240662,-0.3955531716346741,-0.5344862341880798,-0.4552358388900757,-0.5295841097831726,-0.4911753237247467
R,0.0,0.0,0.8804812465245732,4.172185469214841,0.9787869559774428,3.4796235768199093,0.9013697912269311,2.767179464173824,0.8040735058212486,2.2548063490082058,1.0129819525274901,2.700221915888467,1.0002387308833334,1.976621300121857,0.9659106273090661,1.4724177714105438,0.9256129706564806,1.0059934600397797,0.8824536294372646,2.676226620446788,0.9424791328828499,1.8047125552900196,0.9738887805218887,1.4497496558621443,1.0,1.0,-0.191232144832611,-0.3434196710586548,-0.1850697249174118,-0.2787629961967468,-0.189648151397705,-0.365894079208374,-0.1941316425800323,-0.4092497229576111,-0.1544915437698364,-0.3735366761684418,-0.1531394124031067,-0.3275960683822632,-0.1617113351821899,-0.3906438648700714,-0.1667604297399521,-0.4242219030857086
R,0.0,0.0,0.9028371999768918,3.9398775517652593,0.9691626342930081,3.289094463537229,0.9460066888040952,2.649387346194355,0.9048298822349095,2.163932505504569,0.9515679269909243,2.675352471938415,0.9761786507740039,2.0204579424033255,0.9764873034797831,1.5668038890617557,0.972521478908492,1.1459337331717372,0.891102842323494,2.584921220428095,0.9395853662935821,1.8174467521740774,0.9749046333064696,1.3858051593869296,1.0,1.0,-0.3755743205547333,-0.3387376070022583,-0.3899224698543548,-0.2739022374153137,-0.3917647898197174,-0.3567645251750946,-0.3886061310768127,-0.4113394618034363,-0.3428928852081299,-0.3573807775974273,-0.360086977481842,-0.3141670525074005,-0.3658409416675567,-0.3754807114601135,-0.3627173900604248,-0.417704313993454
R,0.0,0.0,0.9120451246839634,4.492650041890282,0.9874526577451019,3.758979132795436,0.9490040287727552,3.0867758772603984,0.8939860533917399,2.561697779490433,0.9601949306591582,2.9438659424447047,0.981525450447259,2.202797015074007,0.9763961790169816,1.7081479300573048,0.9675421525721192,1.2308234524951238,0.8835236933942499,2.877346559260134,0.9322070802353803,1.9533755772090902,0.9715108935262313,1.454091392251056,1.0,1.0,-0.3781857490539551,-0.4150748252868652,-0.3972624540328979,-0.3486782312393188,-0.404484212398529,-0.4547462463378906,-0.4030297398567199,-0.5179263949394226,-0.3390595912933349,-0.4500149488449096,-0.3622523844242096,-0.4066791236400604,-0.3733074963092804,-0.4836920201778412,-0.3706956207752228,-0.5284785032272339
R,0.0,0.0,0.9384199450079901,1.7916953558478173,0.9944904040138693,1.6284544715129208,0.9752478344446058,1.478605581114836,0.9360986682575596,1.3676106423565006,0.9635775152325764,1.4368111956415248,0.9816038081738323,1.2749231370677667,0.9828523343237172,1.175054263601806,0.9792070738042518,1.0737354083747381,0.9086439301484122,1.4142395267399068,0.9447860632470108,1.200415522449236,0.9762962256975586,1.0995534911911669,1.0,1.0,-0.4049983620643616,-0.6290479302406311,-0.428398072719574,-0.5961480736732483,-0.4315537512302398,-0.6733900904655457,-0.4278504848480224,-0.7142031788825989,-0.3784025013446808,-0.6521396040916443,-0.4029470682144165,-0.6445299983024597,-0.4079512655735016,-0.7006125450134277,-0.4026070237159729,-0.7273467779159546
S,0.0,0.0,0.9835875197550596,1.1447528418511315,0.9609204340395917,1.0649164544106633,0.9769463957790202,0.9888883869236448,1.0095396465726785,0.9477379488435173,0.9671930745990786,0.956750011971871,0.9572380716882884,0.903594271934049,0.9635904511436306,0.9840232895810387,0.9711306746560585,1.0077133184129183,1.0049004174711125,0.9475461278451265,0.9959337740547577,0.8944080971411172,0.9945437905234488,0.9889012171552847,1.0,1.0,-0.6771054863929749,-0.6355473399162292,-0.6718387007713318,-0.6411308646202087,-0.6646063923835754,-0.6958073973655701,-0.6653809547424316,-0.6899163126945496,-0.6993341445922852,-0.6545363664627075,-0.6908516883850098,-0.6752018928527832,-0.6839932799339294,-0.709075391292572,-0.6842542886734009,-0.7012495994567871
S,0.0,0.0,0.9835093518212566,1.1404119676633133,0.9607444888851626,1.060677805976288,0.9764234957510983,0.9858636557123537,1.0090683358695411,0.9461879924636338,0.9713143657498509,0.948297941508746,0.9598932107624351,0.9017267546388346,0.9639999130547395,0.983791783636602,0.9720333994007718,1.0040224187137528,1.008212673952168,0.9422039201317607,0.9975672679588997,0.897873526987052,0.9937548278821761,0.9937842939685722,1.0,1.0,-0.6804901361465454,-0.6371265053749084,-0.6746194958686829,-0.6402149796485901,-0.666630744934082,-0.6963592171669006,-0.6685765981674194,-0.6908511519432068,-0.7023978233337402,-0.6571503281593323,-0.6931231617927551,-0.6740884184837341,-0.6858721971511841,-0.7089206576347351,-0.6874606609344482,-0.7022422552108765
S,0.0,0.0,0.9821944049591832,1.1452943295883382,0.9632190861838689,1.0556354137540838,0.9835303724461802,0.9820234607957755,1.0179195676620605,0.9485865724381626,0.9682725010829195,0.9550503012822558,0.9598930435656527,0.9089574939621572,0.9671229852599901,0.9924901808819473,0.9743847207351943,1.007809037154079,1.0038862059268816,0.9488382195916973,0.9974509291283393,0.9034592569934827,0.9956074287156939,1.0002801709173956,1.0,1.0,-0.688275158405304,-0.6134547591209412,-0.6860350370407104,-0.6119818687438965,-0.6786091327667236,-0.6679564118385315,-0.6790181994438171,-0.6606618165969849,-0.7097983360290527,-0.6304115653038025,-0.7044012546539307,-0.6417340040206909,-0.6969307661056519,-0.6773720383644104,-0.6962795257568359,-0.6718257665634155
S,0.0,0.0,0.9709962742426624,1.271926239046391,0.9358819098612877,1.124158102040457,0.9675520389085717,0.9902943819962202,1.0219902719037322,0.9148439579247283,0.9477645598975958,0.8987683849910475,0.9365448641491881,0.808411011023262,0.9461825835597442,0.9619824354874021,0.9560935308951094,1.0064761823826702,1.0052821840997554,0.8887545560530793,1.0000719773493478,0.8008652301688629,0.9951862883435495,0.9820188699904904,1.0,1.0,-0.6611475348472595,-0.4551290571689605,-0.6599511504173279,-0.4630728363990783,-0.6465680003166199,-0.5419175624847412,-0.6437382698059082,-0.5338090658187866,-0.6931100487709045,-0.4849416017532348,-0.686847448348999,-0.5124743580818176,-0.6735900640487671,-0.5632646083831787,-0.6687185764312744,-0.5532360076904297
S,0.0,0.0,0.9759440635098955,1.2917879511389474,0.9538250143205537,1.122016807320269,0.993133359368458,0.9816276469218284,1.03954334663002,0.9118481474436126,0.9449836934653072,0.894759365894331,0.9573064094574196,0.7961830636114582,0.9599752567510388,0.9578898937408998,0.960339291523492,1.0247022451834955,0.9964782183082257,0.9161821391555095,1.0104589135349795,0.7993075113823639,1.001500230833245,0.9806616615673438,1.0,1.0,-0.6722314357757568,-0.4077103435993194,-0.6804851293563843,-0.3898565769195556,-0.6678506135940552,-0.4620009958744049,-0.6634910106658936,-0.460257738828659,-0.7003136277198792,-0.440368503332138,-0.7025229930877686,-0.4311697483062744,-0.6904599666595459,-0.4789922833442688,-0.6851353049278259,-0.4809253215789795
S,0.0,0.0,0.9609134599149353,1.605378965496712,0.950466997809292,1.2349968887979625,0.9887808737589877,0.9326861638756718,1.0416087608969962,0.7837647074859292,0.9484670821878702,0.8902062651726553,0.9593838966439451,0.5868589872590521,0.9559875245107677,0.8891502952973723,0.9553272755724643,1.021538789340568,1.0014144608580584,0.9441553700478749,1.019727836985603,0.6112003016175036,1.0027298530245197,0.9536217439267911,1.0,1.0,-0.6978908777236938,-0.247073546051979,-0.707854688167572,-0.2112044245004654,-0.6888254880905151,-0.2855148017406463,-0.684619665145874,-0.2864075303077698,-0.7269169688224792,-0.2826241254806518,-0.7317215204238892,-0.2527984380722046,-0.7152476906776428,-0.301004946231842,-0.7078856825828552,-0.3102119266986847
S,0.0,0.0,0.9768623579343789,1.2723806540279774,0.9557710772702479,1.1105440623585077,0.9858688139341996,0.9773494417866061,1.03064731859313,0.9036005401599401,0.94623343968796,0.8834583161943336,0.9612897802419506,0.8233922645643724,0.9635114586524595,0.9741580908085367,0.9637133954524056,1.0044070324916543,0.9933429974071389,0.8944014694696161,1.007389373753073,0.8157149650229758,1.0008836836560089,1.0000371765759446,1.0,1.0,-0.662456750869751,-0.3749549984931946,-0.6712767481803894,-0.3693858087062835,-0.6610632538795471,-0.4368225038051605,-0.6569504737854004,-0.430359274148941,-0.68952476978302,-0.4013565480709076,-0.6931297183036804,-0.3987497687339782,-0.6826304197311401,-0.4439955055713653,-0.6761099100112915,-0.443056046962738
S,0.0,0.0,1.0006741726853878,1.2569220804525179,0.9249985535474101,1.1349484580785087,0.9181019867572466,1.0118010174223933,0.984591473463189,0.9405029349419595,0.9569464214100935,0.8752289358886673,0.9049254325555237,0.839761520610938,0.9159521676333297,0.9792181632076125,0.9419610401801359,1.0113706853149196,1.0403319307487489,0.8482786659093303,0.9862273881726651,0.8046364689988228,0.982328122705784,0.9693388656463762,1.0,1.0,-0.5022819638252258,-0.460024744272232,-0.4777106642723083,-0.5015900135040283,-0.4719860553741455,-0.576365053653717,-0.4771501123905182,-0.571540355682373,-0.5353104472160339,-0.488278329372406,-0.5089590549468994,-0.5423954725265503,-0.5021004676818848,-0.5920275449752808,-0.505957841873169,-0.584989607334137
S,0.0,0.0,1.0007954346516508,1.1637882203383842,0.9476148841452611,1.0899916465796538,0.9396082736928856,1.0157527618170585,0.9819599612099315,0.9670204472836321,0.971615132118303,0.9198800618435768,0.9308218204551691,0.9050897471993169,0.9387139866088321,0.9922199939822645,0.9602252114116745,1.0127044700468886,1.0325553802821892,0.9046213085115997,0.9894953854624309,0.880338462293754,0.985660534759852,0.9822400555803712,1.0,1.0,-0.5196045637130737,-0.5906001925468445,-0.4970650374889374,-0.6235924363136292,-0.493397444486618,-0.6806738376617432,-0.4998219013214111,-0.6772543787956238,-0.5444637537002563,-0.613054633140564,-0.5207448601722717,-0.6535646915435791,-0.5161504149436951,-0.6918947100639343,-0.5213852524757385,-0.6887818574905396
S,0.0,0.0,0.9872539415366852,1.517510011060773,0.9102141754965828,1.2306671903940742,0.9105226139873398,0.9406056431805925,0.9771415500292293,0.777189040673377,0.9453492187353536,0.8879317911530663,0.8949937660068847,0.6758237908258614,0.9055495333896605,0.9382772390066568,0.9321726152098312,1.0370471372797536,1.0244188194097983,0.8483673174900458,0.9768425920837162,0.6284350813890949,0.9753368248827103,0.9440577220694681,1.0,1.0,-0.4619729518890381,-0.2462405860424041,-0.4408691823482513,-0.2367546558380127,-0.4370155036449432,-0.3223999738693237,-0.4468152821063995,-0.3241051435470581,-0.4971514642238617,-0.2660438418388366,-0.4710379242897033,-0.2762007713317871,-0.4662143588066101,-0.3323357105255127,-0.4759204685688019,-0.3303591310977936
S,0.0,0.0,0.982282355946784,1.2137186671688884,0.9465687565635452,1.0846667573952258,0.957609077785854,0.9591049056110434,0.9963585535500514,0.8911947129539485,0.9637209607278145,0.9732836094392707,0.9430373007197431,0.8589276500463734,0.9477252970481144,0.9710190567480348,0.9606489106634366,1.0159195803839853,1.0066435230454625,0.9598597788330628,0.9888750097499381,0.8387578474399277,0.9869164308783084,0.9728796173112234,1.0,1.0,-0.5539003610610962,-0.4335614144802093,-0.5444211363792419,-0.4091317057609558,-0.5405387282371521,-0.4681606590747833,-0.546144425868988,-0.4721196889877319,-0.5786228179931641,-0.4460132420063019,-0.5656813383102417,-0.4348665773868561,-0.5605559945106506,-0.4717932939529419,-0.5652722716331482,-0.4738922715187073
S,0.0,0.0,0.9717977439022909,1.2692080085303543,0.9500799399386484,1.0898035304972966,0.9787871461581367,0.9438438016304189,1.0233992014913844,0.8775922669709633,0.9528685926692795,0.9175901001390024,0.9590027648988404,0.7953752381752629,0.9587478604628104,0.9522839430413832,0.960096973457457,0.9923842906697166,0.9977959269096396,0.9414858251637104,1.0064553896092385,0.8134945431372935,0.9981145349604629,0.9963501974536415,1.0,1.0,-0.6898247599601746,-0.4110516607761383,-0.6962222456932068,-0.3827723264694214,-0.6850279569625854,-0.4530643820762634,-0.683281421661377,-0.4503796398639679,-0.7178175449371338,-0.437698632478714,-0.719805896282196,-0.4160140752792358,-0.7085167169570923,-0.4618370234966278,-0.7044771313667297,-0.4671091139316559
S,0.0,0.0,0.9820961786810027,1.1893862639678747,0.9692899110462847,1.0729844702956732,0.9914062295228292,0.9740034999942854,1.023365403755792,0.9215651317301746,0.9633639727889615,0.9592926571811642,0.9694775483429475,0.8692633015031835,0.9727657613558198,0.9695030620518928,0.9729947514686891,1.0082154460213006,0.9989491780087317,0.9706271478078036,1.006306525846307,0.8738458822933329,1.0013835040694006,0.9883524008844778,1.0,1.0,-0.694725751876831,-0.4888839721679687,-0.7007120847702026,-0.4669472277164459,-0.6921352744102478,-0.5203059315681458,-0.6893310546875,-0.5194638967514038,-0.7150625586509705,-0.5095624327659607,-0.7164180874824524,-0.4944748282432556,-0.7092596888542175,-0.530032753944397,-0.7065926194190979,-0.5342957377433777
S,0.0,0.0,0.9914632391029106,1.2409476037092875,0.9720815761552988,1.1077990980905073,0.9940569243803659,0.9812031436487229,1.0249952380583,0.9035759586063237,0.9553948705484464,0.9710994221717716,0.9592031310736304,0.860556382735351,0.9664467123640692,0.974107434067038,0.9680100082655242,1.025257873472761,0.9963092150682488,0.9715360942249486,0.9998122803796797,0.8434337934761571,1.000103168221085,0.9815900180552225,1.0,1.0,-0.7156875133514404,-0.4577071070671081,-0.7205259799957275,-0.430595189332962,-0.7145932912826538,-0.4942348897457123,-0.7113434076309204,-0.4945087730884552,-0.7402309775352478,-0.4774548709392547,-0.740531325340271,-0.459622710943222,-0.7346744537353516,-0.5037455558776855,-0.7312344908714294,-0.5102571845054626
S,0.0,0.0,0.9862601869078473,1.2397317464501207,0.9678861776377343,1.1009559477914153,0.9850144213707293,0.9652072176803976,1.0088454515147278,0.868279471659669,0.9537817544387925,0.959854296260203,0.955932334627421,0.8454827207463219,0.962788346758149,0.9552542865646795,0.9646415950616752,1.0141599569642121,0.9942468517104541,0.9664813811414287,0.9995287083140654,0.8417606722337032,1.0003390581479132,0.9782913469999093,1.0,1.0,-0.7150075435638428,-0.4449203312397003,-0.7186345458030701,-0.42380091547966,-0.7130523324012756,-0.4831338822841644,-0.7098026275634766,-0.4834147691726684,-0.7386950850486755,-0.4666840434074402,-0.7385196685791016,-0.4523807168006897,-0.7317875027656555,-0.4933542609214782,-0.7271838188171387,-0.4994351267814636
S,0.0,0.0,0.9695021788312774,1.1257592907220908,0.9612050283454795,0.9919041096668801,0.9897211577022971,0.8902092190772275,1.0176163920679506,0.8242354497314167,0.9623557159990624,0.8767962667891446,0.9727910593636608,0.7724589911288984,0.9739228819966235,0.8390948812485873,0.969624251235541,0.9182888221401545,0.9970749785528297,0.8850425288731086,1.0101678530930538,0.7868050105253297,1.0072058090429161,0.9167124826985866,1.0,1.0,-0.7801331877708435,-0.3948905169963836,-0.7893887162208557,-0.3722504675388336,-0.7827746272087097,-0.4255045652389526,-0.7740941047668457,-0.4504117369651794,-0.8009482622146606,-0.4166131615638733,-0.8075315356254578,-0.3968858122825622,-0.8005227446556091,-0.4345488548278808,-0.7931646108627319,-0.4517205357551574
S,0.0,0.0,0.9985028252095121,1.1509059055454163,0.9647039856991593,1.0759993030712451,0.9667275086359356,0.9989986740948953,0.9990177661174939,0.9509292908009292,0.9650642727214268,0.9540742651280663,0.9475555752069631,0.9151066158424644,0.962272224959623,0.9912881128283957,0.9747725391634214,1.0139865306112625,1.0067017020306197,0.9338379648050978,0.9897034027186175,0.8960706845732672,0.9945359328511403,0.9874312120764941,1.0,1.0,-0.61772620677948,-0.6068515777587891,-0.6092404723167419,-0.6221657991409302,-0.6057189106941223,-0.675408661365509,-0.6048097610473633,-0.6716041564941406,-0.6401540040969849,-0.6230978965759277,-0.6301552653312683,-0.6629276871681213,-0.6248818039894104,-0.6963034868240356,-0.6226153373718262,-0.6876981854438782
S,0.0,0.0,0.9913607217575083,1.1609085711822396,0.951091235190793,1.0756275470701482,0.9491209062885686,1.0000783098475952,0.9865438864104302,0.9572167513046779,0.9903037236550384,0.9352010482977867,0.948481882328759,0.9052565673443042,0.9459898396698233,0.9919394506752436,0.9629647165287903,1.0101445136704335,1.0418429511314644,0.9304116293135596,0.9979562089757322,0.887881099297075,0.9866968420274267,0.9823928966944396,1.0,1.0,-0.5366593599319458,-0.6038182377815247,-0.5101727843284607,-0.622607409954071,-0.5048170685768127,-0.6778116822242737,-0.5125187635421753,-0.678329348564148,-0.5556603670120239,-0.6274533271789551,-0.5274096727371216,-0.656571090221405,-0.5236905813217163,-0.6907982230186462,-0.5318461656570435,-0.6874760389328003
S,0.0,0.0,0.9955323357275767,1.12039474830062,0.9619540565435575,1.0595091369726406,0.9595057835145798,1.0051350505247636,0.9936814832715307,0.9741294989860213,0.9870216091921874,0.9328762651287358,0.9530004033236861,0.9172984625305746,0.9544734901929532,0.985414695165548,0.9696907463947557,1.0057030214822353,1.0341805220398521,0.9299487897234681,1.0027676287141147,0.9055573890484946,0.9927003295367299,0.9821580842077904,1.0,1.0,-0.5314161777496338,-0.6346200108528137,-0.5113863945007324,-0.6594966650009155,-0.5058766603469849,-0.7032344341278076,-0.5109392404556274,-0.7018775343894958,-0.5493972301483154,-0.657439112663269,-0.5279250741004944,-0.6871170401573181,-0.523261308670044,-0.7159345149993896,-0.5282187461853027,-0.7138757109642029
S,0.0,0.0,0.9718884281072164,1.2156346196355365,0.9314315430476793,1.076559212391105,0.9297035658326653,0.9544590527199589,0.9725764075495663,0.8935998225892057,0.9856604905873,0.9365369988307861,0.9460277612075247,0.845193410468482,0.9391383186700377,0.9622723695067826,0.9580191953362671,1.0077220066168386,1.034419095326674,0.9311816144253465,0.9916060030013903,0.8210538925360877,0.9796506803849983,0.9617964259796896,1.0,1.0,-0.4673539698123932,-0.3980710208415985,-0.4418712556362152,-0.390991747379303,-0.4366481304168701,-0.4481455385684967,-0.4463370442390442,-0.4542665779590606,-0.4859135448932647,-0.4162369072437286,-0.4569119215011596,-0.4179882705211639,-0.4527569115161896,-0.4546060860157013,-0.4626124203205108,-0.458666980266571
S,0.0,0.0,0.9670774742730479,1.3218656474305688,0.9201792536651975,1.096349422392351,0.9208331028855415,0.8882948997454679,0.9631102048028433,0.7733848497200534,0.9730175683819404,0.9006528494734779,0.9403218032821035,0.7280562631806503,0.9316846439886887,0.9025025932033436,0.950146492967691,0.9883795907911259,1.0240608324708003,0.8917623693613157,0.9894758503882658,0.6895107457696603,0.9765767836479514,0.9221383097241443,1.0,1.0,-0.447396844625473,-0.2577923238277435,-0.4252340197563171,-0.2365568429231643,-0.4200243055820465,-0.3006053864955902,-0.4306736588478088,-0.3109595775604248,-0.4706582129001617,-0.2746159136295318,-0.4435421824455261,-0.2614351511001587,-0.438772588968277,-0.3034854829311371,-0.4495600461959839,-0.3114565312862396
S,0.0,0.0,1.0108741392925107,1.1205469234182597,0.9560341040823548,1.0593757070066256,0.9368569888536924,1.0032151809634884,0.9714091854647785,0.9710781595740048,1.028450267904827,0.9145711016584567,0.9543857186023965,0.902224539848866,0.9444561066648427,0.9742665593857612,0.9631885575543327,0.9976721137605615,1.0810678813975434,0.9151066345208685,0.9955930306570902,0.9004197427043679,0.9835341447688791,0.9786399124463735,1.0,1.0,-0.4459472298622131,-0.6203523874282837,-0.4084765017032623,-0.6495370864868164,-0.4080455303192138,-0.6940656900405884,-0.4181433320045471,-0.6963135004043579,-0.4582770466804504,-0.644879937171936,-0.4250484108924866,-0.6741874814033508,-0.4240529537200928,-0.7049222588539124,-0.4323791265487671,-0.7070592641830444
S,0.0,0.0,0.9757351571329803,1.195441280298728,0.9535478602508001,1.0594590536610589,0.9728125375185782,0.9407582691044644,1.0098680588042908,0.8810618197623473,0.968919506348661,0.9737973513386495,0.9558806360666868,0.8544682176160978,0.9582695086256505,0.9554313696312312,0.967026189520052,0.9983731571056249,1.0068745420145975,0.9744401530037915,0.9985674630610192,0.8574076953670104,0.9925983348996261,0.9772306897214362,1.0,1.0,-0.6007698774337769,-0.4450367987155914,-0.5962903499603271,-0.4141945242881775,-0.5894380807876587,-0.4677112102508545,-0.5929351449012756,-0.4728286564350128,-0.6224250793457031,-0.4609306156635284,-0.614253044128418,-0.4412612617015838,-0.6070926189422607,-0.4759925305843353,-0.6097666025161743,-0.4820724725723266
S,0.0,0.0,0.9824402522308849,1.2225800017065476,1.0373572710842114,1.1079279226954124,0.9938961699293881,0.9913264326169907,0.9437374625912047,0.9179175275556419,1.0517028437956075,0.9599133988765715,1.0767790464484723,0.884262099248637,1.0588836981379086,1.0047846122778812,1.0489150600985362,1.0322595800166192,0.9893001876897621,0.927157496066363,1.010823983125512,0.8427723616880738,1.0027902768088115,0.9822982128006543,1.0,1.0,-0.3980750441551208,-0.493888646364212,-0.4002617597579956,-0.5008013844490051,-0.4044778347015381,-0.5679347515106201,-0.4073069989681244,-0.5647280812263489,-0.3716861307621002,-0.504130482673645,-0.3764814436435699,-0.5403905510902405,-0.3851563930511474,-0.5850603580474854,-0.3896466493606567,-0.5769166946411133
S,0.0,0.0,0.998983963421686,1.5054042944440134,1.0876657031116026,1.2730176485669378,0.9571835589013743,1.0342694261467846,0.8393921095275632,0.8967183162347571,1.1225912231189406,0.9759029366460894,1.135898236488184,0.7874656478288717,1.1022385872231135,1.0325558042695864,1.102776141942362,1.0803012327975647,0.9868422889229497,0.9365909259211351,1.0093615943656953,0.6804425083898209,0.99592804377274,0.961251394311115,1.0,1.0,-0.304863303899765,-0.4168950319290161,-0.3041136860847473,-0.372009813785553,-0.3135904669761657,-0.4923969209194183,-0.3195872008800506,-0.4980434477329254,-0.2571606040000915,-0.4405846893787384,-0.2674862742424011,-0.4551717936992645,-0.2842536568641662,-0.5363860726356506,-0.2914216518402099,-0.5337879657745361
S,0.0,0.0,0.998953508682552,1.2574988330265566,1.0545756248089548,1.1336116015894884,1.0227604401682653,0.992119325325349,0.9822884674167772,0.8865156700108427,1.0709205106184774,0.9397754741927572,1.087834529337273,0.8344680124379116,1.0721147435990743,0.9608348071029957,1.0623302426456676,1.0149593213893304,0.9944144190040903,0.9109467653503844,1.0056628724472716,0.8244591797416913,1.0027207027554184,0.9764405599931738,1.0,1.0,-0.3761720061302185,-0.4692778289318084,-0.3754238188266754,-0.4903353154659271,-0.3815438449382782,-0.5610238909721375,-0.3846722841262817,-0.5579026937484741,-0.3475341200828552,-0.4840312898159027,-0.350639134645462,-0.5294530391693115,-0.3602720201015472,-0.5782600045204163,-0.3638828098773956,-0.5706422328948975
S,0.0,0.0,1.00196674170174,1.4745663681654055,1.0625035825030513,1.221993211320939,1.0175381031399098,0.96402530930286,0.9691794448015181,0.7668145539814668,1.0778781018561239,0.9123171378953719,1.0862333194650873,0.6856949029468549,1.079214017720978,0.911975086013457,1.0737899840732696,1.012660811262638,0.9869146953263859,0.9041992937751904,0.9927140951526549,0.6828925414482002,1.000456346966575,0.9543589013793587,1.0,1.0,-0.3505150377750397,-0.3103677332401275,-0.3506968021392822,-0.3020960390567779,-0.3609508275985718,-0.3897013068199157,-0.3638622164726257,-0.3884533941745758,-0.3173389732837677,-0.3310990035533905,-0.3243679404258728,-0.3410541713237762,-0.3371026217937469,-0.4024422764778137,-0.3393056690692901,-0.4026244282722473
S,0.0,0.0,1.017633582605601,1.6904975965950524,1.1016826336651462,1.3225905183318534,1.0211111049970008,0.9466459975494694,0.9356761991756957,0.6603112272991084,1.1275220245530433,0.8798788624379307,1.13957779624239,0.5404051312323588,1.1284049326194496,0.8615676450599983,1.1191902044619553,1.014046401341343,0.9755963550121333,0.8847880588722599,0.9796351527090704,0.5589700330871227,0.9994029571504823,0.9409953916136296,1.0,1.0,-0.2699959278106689,-0.2868724763393402,-0.2720445096492767,-0.2614614069461822,-0.2874750196933746,-0.3778242468833923,-0.2901130616664886,-0.3783012628555298,-0.2255380600690841,-0.3180596828460693,-0.2378346472978592,-0.3161956667900085,-0.2575364112854004,-0.3987387418746948,-0.2607861757278442,-0.4030346274375915
S,0.0,0.0,0.9940090675460568,1.3053731829760682,1.0572726534362238,1.1521189863037606,1.0314571623366717,0.983907028302958,0.9974854502391192,0.8578466120538434,1.0593231712074265,0.9518580884768112,1.0885540571067926,0.8100378124534715,1.073507659730058,0.961064024297513,1.0572587528543498,1.0199305990263514,0.9861366804187816,0.9283330550759654,1.012683152902325,0.78990864790694,1.01000485283141,0.9654229691296361,1.0,1.0,-0.3738667070865631,-0.4224420189857483,-0.3797734975814819,-0.4200321137905121,-0.3854182362556457,-0.4973475039005279,-0.3848079144954681,-0.5007768273353577,-0.3443956673145294,-0.4365175366401672,-0.3547117412090301,-0.4539095759391784,-0.3638124167919159,-0.5088374614715576,-0.3641943633556366,-0.5106436014175415
S,0.0,0.0,1.0234672338572912,1.3605297068373146,1.1023222093635874,1.1683304337674323,1.0060307569703786,0.9686316688915739,0.9181930178309854,0.8335950569221305,1.1419464023750483,0.9235282393079058,1.1166883928411584,0.7541030250817583,1.091966133307296,0.9382707792689693,1.099411498723832,1.015211574445218,1.0032306449878652,0.9197481704281825,0.983018108855218,0.7561168080663371,0.9878580906102838,0.9717888517631033,1.0,1.0,-0.2367947548627853,-0.3877949714660644,-0.2289823293685913,-0.3775686919689178,-0.2396422922611236,-0.4599207639694214,-0.2470083236694336,-0.4565304517745971,-0.2040646225214004,-0.4116004407405853,-0.2049630582332611,-0.4176257252693176,-0.2164323031902313,-0.4718000590801239,-0.2206997275352478,-0.4692011177539825
S,0.0,0.0,1.0718493083350988,1.6362238751047355,1.1617957900631442,1.2478822755707755,0.9496940783995617,0.8763428955197299,0.7771906777570321,0.6255794118499015,1.2400796522555162,0.8486324024336208,1.1294725363265805,0.5240994347227631,1.1136071757196324,0.8317522950642037,1.1485524119947752,0.9739219340227376,1.0112880506015907,0.8814736795803922,0.92101775858338,0.5557610751532277,0.9571742603215274,0.9463348170653861,1.0,1.0,-0.1599892079830169,-0.2667532563209533,-0.1427360624074936,-0.2283594012260437,-0.1588828712701797,-0.3328762054443359,-0.1697653532028198,-0.3316649198532104,-0.1207752376794815,-0.298518568277359,-0.1138739585876464,-0.279480904340744,-0.1322578340768814,-0.3512276709079742,-0.1417595893144607,-0.3562087118625641
S,0.0,0.0,0.9887522008148757,1.5114189362227768,1.0628798031308653,1.2606289567385878,1.029118992773905,0.977102965597141,0.9925274413056177,0.7612094042906532,1.0746028992459749,0.9305119291402584,1.100865684686232,0.7023071173191564,1.083550902661496,0.9447299767757655,1.069602885823607,1.0363153100742413,0.9883763019606162,0.8998017169813183,1.0163488068566968,0.672724465124795,1.0097560299624981,0.9615073670658411,1.0,1.0,-0.3704461753368377,-0.3040549159049988,-0.3763055801391601,-0.2955977022647857,-0.3804914653301239,-0.3918947875499725,-0.3799637258052826,-0.3906672894954681,-0.3351909518241882,-0.3206682503223419,-0.3458195924758911,-0.3353086411952972,-0.3558344841003418,-0.403067409992218,-0.3561374843120575,-0.4023018479347229
S,0.0,0.0,0.9972910822398982,1.2093819871350833,1.0749122252201408,1.1179605026371422,1.0430288019426828,1.0085425054392418,0.9813086879998929,0.9306439152947765,1.0798684136424161,0.9190436564371482,1.0998081655848824,0.8489069987580279,1.083538590775171,0.9592165899257566,1.071893048473733,1.0031292364949995,0.9893166622623384,0.8915298017298349,1.0073220805704541,0.8572047765139944,1.004580159886955,0.9886029864184932,1.0,1.0,-0.3411003947257995,-0.581163227558136,-0.3426527380943298,-0.623664140701294,-0.3490427136421203,-0.6939462423324585,-0.3517413139343261,-0.6842807531356812,-0.3106210231781006,-0.6007699370384216,-0.3152019679546356,-0.6659252047538757,-0.3250258862972259,-0.71455317735672,-0.3282032907009125,-0.7010533213615417
S,0.0,0.0,0.9937136220873356,1.3795146076757792,1.0491159459258455,1.1734301941963885,1.0445890947785146,0.9386396800824444,1.0278372054440295,0.7532688766456238,1.0477846873802181,0.8947700532719888,1.0834865586937992,0.7230326292891841,1.0723458640594519,0.9107106225582225,1.0520098171021242,0.994352672238296,0.9859526193241303,0.8628762845501656,1.0165164161856324,0.7133847636317078,1.0139444040801615,0.9525445664725999,1.0,1.0,-0.4814955294132232,-0.3195164799690246,-0.4979546368122101,-0.3185634016990661,-0.4996778964996338,-0.4017183184623718,-0.4919385910034179,-0.4065403938293457,-0.449440449476242,-0.3384329676628113,-0.4692598283290863,-0.3551573753356933,-0.4744654595851898,-0.4106993973255157,-0.4671531915664673,-0.4088060259819031
S,0.0,0.0,0.9988630550349971,1.1478461930963273,1.0405830581503581,1.0782222731135231,1.0246581087205024,0.9979941461611553,0.9988707126973941,0.9398302105493649,1.0375671843142684,0.9347750972793912,1.0534385923647627,0.8940075493227104,1.0497441126739728,0.9709590130837517,1.0400845630055342,0.9991576820083851,0.9895129247333344,0.9141871219563151,1.0030489947823926,0.9053621686122545,1.0054118505625238,0.9969637982052781,1.0,1.0,-0.4522467851638794,-0.5477239489555359,-0.4573434591293335,-0.5807413458824158,-0.4620532095432281,-0.6247243285179138,-0.4615225791931152,-0.6166308522224426,-0.4325896501541137,-0.5620147585868835,-0.4404597282409668,-0.6050946712493896,-0.4468640089035034,-0.6360488533973694,-0.4465916454792022,-0.6270382404327393
S,0.0,0.0,1.0077661074465099,1.324540754602143,1.0567083761083749,1.1630109950540828,1.0332377863867985,0.9876156086696171,0.9988079289409753,0.8554416173741145,1.0594249002098792,0.9439719366794577,1.0781644192948259,0.792030130884553,1.0674457354313565,0.9409354772932764,1.0554251935244492,1.0165510084512634,0.9892753427358779,0.9219570923214896,1.0023731565536307,0.779377531697926,1.0048648198834322,0.9585718687687,1.0,1.0,-0.3994356989860534,-0.3832210600376129,-0.4048619270324707,-0.3862296044826507,-0.4118489027023315,-0.4560453295707702,-0.4116395115852356,-0.4586311280727386,-0.3714923560619354,-0.4020320773124695,-0.3815393447875976,-0.427341103553772,-0.3919234573841095,-0.4738077819347381,-0.3928780853748321,-0.4701333343982696
S,0.0,0.0,0.9956170634263636,1.154201675436351,1.0362883219939354,1.0852127532873292,1.0317304195243406,1.0038198535142304,1.0086574051930806,0.9396350378532907,1.0493867813265603,0.9457425951715221,1.0642850456076407,0.8974359576742621,1.0535465818763403,0.9740897141069926,1.0428712775630902,1.007253196728227,0.9970539231537248,0.9245288588569387,1.006672823176931,0.8974452527158375,1.0041096545609072,0.9899809666148663,1.0,1.0,-0.4136705994606018,-0.5433986783027649,-0.4161019623279571,-0.5698757767677307,-0.4196653366088867,-0.6150625944137573,-0.4203641712665558,-0.6093655824661255,-0.3935945928096771,-0.5564162135124207,-0.3979180157184601,-0.5979843139648438,-0.4036377966403961,-0.6286988258361816,-0.404743492603302,-0.6192262768745422
S,0.0,0.0,1.0162815317311331,1.5019353863356304,1.1063861071051633,1.2720288895988316,1.0438258634719346,1.007906987357948,0.9807295300553492,0.808402885536945,1.110315740285689,0.8906948136780612,1.133601727346702,0.6859910547213727,1.1125481586516381,0.9369556815070056,1.0997124580046889,1.0242898116242982,0.9801523513345847,0.8630800454109808,1.0005102279227527,0.6650398914928574,1.0036934120737022,0.9584891007941215,1.0,1.0,-0.3165282905101776,-0.3751346468925476,-0.3156009614467621,-0.3942951560020447,-0.3300733864307403,-0.5053110122680664,-0.3359344601631164,-0.4997595548629761,-0.2736389338970184,-0.404493123292923,-0.2801405191421509,-0.4588750898838043,-0.298355221748352,-0.5356723666191101,-0.3037332892417907,-0.5266302227973938
S,0.0,0.0,1.0091233395309247,1.7128522270711055,1.0932007571514977,1.3619284259189413,1.0458404269617618,0.9669848454737813,1.0004132971931634,0.6592495630982963,1.0929318759660402,0.886513686894958,1.1190985444994512,0.5618139835725352,1.105444966510607,0.893638636350655,1.0872033276584308,1.0442467731906517,0.9804222855670797,0.844865673775991,0.998011567281199,0.5262750114284781,1.0067582211419994,0.921642494360605,1.0,1.0,-0.3710997700691223,-0.2696837484836578,-0.3775095343589782,-0.273123949766159,-0.3908696174621582,-0.3919417262077331,-0.3915204107761383,-0.3942758738994598,-0.3268813788890838,-0.2984571754932403,-0.3411993384361267,-0.3404849767684936,-0.3581512570381164,-0.4205329418182373,-0.3589007258415222,-0.413554310798645
S,0.0,0.0,1.0127965683510547,1.6948992434425565,1.0908994790323634,1.340405828443927,1.0391619266249443,0.9487640983875961,0.9914783399426959,0.6506557039795883,1.089423056894148,0.8575050886028619,1.1130800730058605,0.5439229907942821,1.1022666006807846,0.8794053612736427,1.0869809088669369,1.0174925392057619,0.9781669811530819,0.8266722031258011,0.9917232011963653,0.5242722621580359,1.0034666291246266,0.933707143586826,1.0,1.0,-0.361248254776001,-0.2606567144393921,-0.3654528856277466,-0.2627804577350616,-0.378781259059906,-0.3803459405899048,-0.3800259828567505,-0.3793647289276123,-0.3182381987571716,-0.2902329564094543,-0.3304434418678283,-0.3242177665233612,-0.3480547368526459,-0.402619332075119,-0.3499857485294342,-0.3954583406448364
T,0.0,0.0,0.9685649205019996,1.0815812458895508,0.9509312094719213,0.9656412142616297,0.9582377129777432,0.8644781022536006,0.9630934076932426,0.7902364625255962,0.9531283132531633,0.9056602953408044,0.9411090698160551,0.8183704833468335,0.9544091345848611,0.8637804188056809,0.9679740295741579,0.9253056860213065,0.9880740243126857,0.9074209037697728,0.9905339507574722,0.8383867962172555,0.9966142552101749,0.9263700929128225,1.0,1.0,-0.7283294200897217,-0.5585700273513794,-0.7309529185295105,-0.52790766954422,-0.7289348244667053,-0.5866128206253052,-0.7263137102127075,-0.6279815435409546,-0.7519451975822449,-0.5750617980957031,-0.7515593767166138,-0.5481006503105164,-0.7463303804397583,-0.5908780694007874,-0.7419951558113098,-0.621250569820404
T,0.0,0.0,0.9578944245046859,1.1070743956902844,0.9374780364815978,0.96173638446282,0.9484871435557255,0.8351752400189926,0.9621335772381406,0.7449362567279467,0.940605300622075,0.8786342182058297,0.9303159926642623,0.7666918752223367,0.9478797573678114,0.8239903604451132,0.964080544366772,0.9072510982576177,0.9828349874277257,0.8805902332487852,0.9885529395942041,0.788724196094572,0.9966585237664637,0.8990916442863028,1.0,1.0,-0.7874397039413452,-0.5403751134872437,-0.7928476333618164,-0.5029081702232361,-0.7908967733383179,-0.5780084729194641,-0.7862679958343506,-0.6342124342918396,-0.8169541358947754,-0.5621907711029053,-0.819646954536438,-0.5284005999565125,-0.813504695892334,-0.5818561911582947,-0.8073012232780457,-0.6220921277999878
T,0.0,0.0,0.958532259681711,1.1698929964618963,0.9381819646564834,0.9794025056990112,0.9505428652532288,0.8085026579836435,0.9592283452764981,0.6852617320847859,0.9378597995295646,0.8770025584647553,0.9238678934634508,0.7193848540545135,0.9417415292373755,0.7918417965854655,0.9575299945546101,0.8929943885860127,0.9816725949217882,0.8772902302514614,0.9861848851138265,0.7401872821080588,0.9958141483116562,0.8749849685012351,1.0,1.0,-0.7714195847511292,-0.4164988994598388,-0.7762836217880249,-0.3749337792396545,-0.7758690714836121,-0.447732537984848,-0.7723727822303772,-0.5003777742385864,-0.802054762840271,-0.4366068542003631,-0.8022693395614624,-0.4004125297069549,-0.7977690696716309,-0.4542736709117889,-0.793860912322998,-0.4938762784004211
T,0.0,0.0,0.9684348131707526,1.1655087948446992,0.9453262722582486,0.9719595238521683,0.9528371551441117,0.8049343303826937,0.95999700646643,0.6735803929189998,0.9488147240370808,0.8771765232354507,0.9307981284193062,0.744026498815351,0.9401956115178105,0.7749679143684549,0.95606842574788,0.8589316881466413,0.9923208604784347,0.8730153489748502,0.9883671320038553,0.7336124691941847,0.994099783357699,0.8678257102613337,1.0,1.0,-0.7141538262367249,-0.4011552333831787,-0.7140969038009644,-0.3620098829269409,-0.7121591567993164,-0.4333617985248565,-0.7107061743736267,-0.4876688122749328,-0.7436734437942505,-0.4216766357421875,-0.7417879700660706,-0.3831624388694763,-0.7350828051567078,-0.4337060451507568,-0.7297422885894775,-0.4738333225250244
T,0.0,0.0,0.9620274323213379,1.1544897241191994,0.9443710704619074,0.9840074648979056,0.9551816842620218,0.8296231302732302,0.9619150279534189,0.7179667753711029,0.9410215616870615,0.8912339908057962,0.9295328298518352,0.7412509672237322,0.944057579314203,0.8054981179434694,0.957571082212916,0.8993572861172194,0.9797246399329125,0.8920031113193245,0.9856158541844352,0.7632168114405055,0.995483873704306,0.8825778067818308,1.0,1.0,-0.7720758318901062,-0.4046162068843841,-0.7773993015289307,-0.3708179891109466,-0.7775717973709106,-0.4334667026996612,-0.7745876908302307,-0.4801687598228454,-0.7993679046630859,-0.4222847819328308,-0.8007636070251465,-0.3910478949546814,-0.7974342703819275,-0.4374552369117737,-0.7941995859146118,-0.4731225371360779
T,0.0,0.0,0.9639045698536421,1.0884001254066291,0.9411791226474111,0.9540558403079239,0.950416503260647,0.83864776532354,0.9595594006754125,0.7513830757359645,0.949758620249076,0.8796814060812671,0.9352144740121969,0.7824187827444676,0.9461891735926541,0.8349633491014196,0.9580400196974276,0.9067869895871459,0.9905296259352392,0.8827705702899862,0.9915721149726247,0.8089136054262704,0.997236712313472,0.911318711785694,1.0,1.0,-0.7546807527542114,-0.564428985118866,-0.7566927075386047,-0.5334060788154602,-0.7543745040893555,-0.603583812713623,-0.7507440447807312,-0.6542666554450989,-0.7832929491996765,-0.5846353769302368,-0.782194197177887,-0.556966245174408,-0.7751266956329346,-0.6088628768920898,-0.768770694732666,-0.6462014317512512
T,0.0,0.0,0.9735216162284924,1.1874539964484652,0.949290829371487,0.9952166980295041,0.9560835611174631,0.8234338880149793,0.9630711886747572,0.6991448151867243,0.9506285767620067,0.8944829158479976,0.9344287227743897,0.7346413193400826,0.9451644435506358,0.8012375677690883,0.9578900824555328,0.9025003332830558,0.9897788813853349,0.8883117871634899,0.9856743185235459,0.7474008890541747,0.9936786441697698,0.8778858981626848,1.0,1.0,-0.7305904626846313,-0.3685081005096435,-0.7299730181694031,-0.3286685049533844,-0.7302822470664978,-0.3926336765289306,-0.7291038036346436,-0.4397496879100799,-0.7583014965057373,-0.3836490213871002,-0.7564705014228821,-0.3489463925361633,-0.7513630390167236,-0.3947770297527313,-0.7468335032463074,-0.4306293725967407
T,0.0,0.0,0.9765347029408982,1.0984983572167615,0.9545455348958071,0.9587832076742353,0.9634242657709536,0.8451895225475569,0.9666398192174581,0.7573048819545151,0.9712543737974354,0.891598787078285,0.9535753424491852,0.7937643742854601,0.9519488652386131,0.8374951087925095,0.9556566787767053,0.9022040869697147,1.0093267982728193,0.8939464580707176,0.993816651304666,0.8096045015507966,0.9945234552955546,0.9110575119118483,1.0,1.0,-0.6714414358139038,-0.5017755627632141,-0.6625528931617737,-0.473091572523117,-0.6603036522865295,-0.5355911254882812,-0.6605026721954346,-0.5800023078918457,-0.6969503164291382,-0.5193012356758118,-0.687669575214386,-0.4878188967704773,-0.6811025142669678,-0.5328212380409241,-0.6782024502754211,-0.5664527416229248
T,0.0,0.0,0.9687454070610121,1.1527740778114768,0.9432194595495946,0.9477453622380101,0.9515896454880128,0.7909068548138858,0.9622220062022491,0.6704456334112991,0.9515598421593431,0.8516658582700105,0.9311890349004406,0.711031606642217,0.9385967868669265,0.7821336262063083,0.9511028577864075,0.8890390711275886,0.994110546580978,0.8470477837792756,0.9852896897473485,0.7337990900219526,0.9919906107444807,0.8754725880277746,1.0,1.0,-0.6657792329788208,-0.3678682148456573,-0.6613705158233643,-0.3374224007129669,-0.661049485206604,-0.4069238007068634,-0.6614961624145508,-0.4555287957191467,-0.6932439804077148,-0.3840746581554413,-0.686201274394989,-0.3533969223499298,-0.6811781525611877,-0.4040831923484802,-0.6792051792144775,-0.4405505657196045
T,0.0,0.0,0.97348162001146,1.081327610327398,0.9517413109742372,0.9534542325555878,0.961395730828759,0.8557638879865481,0.9685165719041152,0.7830825788561591,0.9631801557466069,0.8941339189163826,0.9413310321349745,0.8024475330966554,0.9469603663985958,0.8553194069672255,0.9555872739822628,0.9243039584124385,1.0034549585249801,0.8966085944226199,0.9930006174460798,0.8366077955502811,0.9972462058101236,0.9255156456260055,1.0,1.0,-0.649921178817749,-0.5657462477684021,-0.6429209113121033,-0.5434688329696655,-0.6412627696990967,-0.6061556935310364,-0.6391162872314453,-0.6485522985458374,-0.6750879287719727,-0.5808335542678833,-0.6649991869926453,-0.5597146153450012,-0.6588274836540222,-0.605152428150177,-0.6558257341384888,-0.6358270645141602
T,0.0,0.0,0.9698429746544384,1.1388837061029882,0.9422332166867137,0.9523968370908827,0.9487147252228603,0.8051383412905385,0.9623234458216682,0.6944858326918526,0.9510504802623535,0.8543569563530057,0.934238180573285,0.7297764954676981,0.9411869145607401,0.7913290007612476,0.9533848394879112,0.8890850795471751,0.9935770225948777,0.852286181650308,0.9869845933779982,0.7456244255992426,0.9922732393249546,0.8782339029185422,1.0,1.0,-0.6639468669891357,-0.3911448121070862,-0.6605987548828125,-0.3616605699062347,-0.6597259044647217,-0.4295196533203125,-0.6596628427505493,-0.4789561033248901,-0.6907119750976562,-0.4085124135017395,-0.6851145029067993,-0.3778841495513916,-0.6796886920928955,-0.4265723824501037,-0.6766833066940308,-0.4625774323940277
T,0.0,0.0,0.9758575057611705,1.0773737115377804,0.9519762941367524,0.958829592817781,0.9601313469539261,0.8640830889082277,0.9653039307422243,0.789689454123583,0.9694744961875744,0.8944631899443609,0.9433847069922824,0.8131779369457667,0.9470271007006202,0.8628920568984102,0.954983025813137,0.9269337001120106,1.0100344896917581,0.8934735607076321,0.9908611016595265,0.8443935173459294,0.9951139281129653,0.929887884864933,1.0,1.0,-0.6479718685150146,-0.5845984220504761,-0.6361218094825745,-0.5694147944450378,-0.6352123618125916,-0.6326561570167542,-0.6347767114639282,-0.675086259841919,-0.6730009317398071,-0.5990689396858215,-0.6588959693908691,-0.5829321146011353,-0.653253436088562,-0.6300091743469238,-0.6514914631843567,-0.6613834500312805
T,0.0,0.0,0.9715327893071766,1.1256271638832323,0.9507582248810612,0.9556993899783158,0.960115762195221,0.8214470066555727,0.9658662610582354,0.724065920762252,0.9552608897529875,0.8588408388158426,0.9415120771569986,0.7321023284378686,0.9477035344863974,0.8019033443428966,0.956524056724089,0.895663761629191,0.9955744509981409,0.8662259667194068,0.9925409561934957,0.7712752926394466,0.9954412344600247,0.894222870997913,1.0,1.0,-0.6847190856933594,-0.4196772575378418,-0.6829566955566406,-0.3898171186447143,-0.6804677844047546,-0.4540420174598694,-0.6793026924133301,-0.499901533126831,-0.7111895680427551,-0.4382206201553345,-0.7065211534500122,-0.4092285931110382,-0.7003620862960815,-0.4557029902935028,-0.6973561644554138,-0.4884975254535675
T,0.0,0.0,0.9699170660917252,1.1769168425814234,0.9531170255646377,0.9308468193900317,0.9664560212180725,0.7417107954727413,0.9761839269536123,0.6021576300746181,0.9612108538493666,0.8309807236568206,0.9451874654354252,0.6442920220545064,0.9488352544922863,0.7234162167607843,0.9555468070739435,0.849578288293818,1.0020227546953169,0.8388012298910085,0.9989552159002444,0.688208968716974,0.9993032431415411,0.8507123380071949,1.0,1.0,-0.707563579082489,-0.3144199252128601,-0.7065697908401489,-0.2766024470329284,-0.7015516757965088,-0.3435525000095367,-0.6977318525314331,-0.3931158185005188,-0.7349478006362915,-0.3345892131328583,-0.7315154671669006,-0.2990082204341888,-0.722508430480957,-0.3442479372024536,-0.7164488434791565,-0.3797352910041809
T,0.0,0.0,0.9696496457851226,1.0636276884666562,0.9528279398849592,0.9458642063409434,0.9654977914766022,0.8553262913809663,0.9763838199194315,0.7878777797655121,0.9657254902890926,0.8881700766722965,0.9476548162632052,0.7999862056026806,0.952643208276268,0.8550852642756316,0.9587382566572482,0.9192478604861645,1.0035418294851535,0.8932966819695138,0.9948864466204561,0.8400918227056342,0.9980279786740357,0.9306888698986853,1.0,1.0,-0.6800341010093689,-0.580374002456665,-0.6749560832977295,-0.5605319142341614,-0.6720790266990662,-0.6230543851852417,-0.6686788201332092,-0.662432849407196,-0.7040302753448486,-0.5972871780395508,-0.6973029971122742,-0.5770754218101501,-0.6895379424095154,-0.6206530332565308,-0.6843134760856628,-0.6479710340499878
T,0.0,0.0,0.967537208243886,1.1349759952453038,0.9490350350301625,0.9622947476820619,0.9596345976262626,0.8195131353153552,0.9714279192060832,0.7164947416818043,0.9561171881235416,0.8777400131775405,0.9450199461985985,0.7404428799529298,0.9541240369632228,0.8024671216703905,0.9641628081132305,0.8930114811473061,0.9923766101457931,0.8824478449966894,0.9928875497333135,0.7731166522518268,0.9969819483398785,0.8922128238505224,1.0,1.0,-0.7298879623413086,-0.4003430902957916,-0.731959342956543,-0.3674760162830353,-0.7292588353157043,-0.4275271296501159,-0.7261010408401489,-0.4730042517185211,-0.7546674013137817,-0.4183112680912018,-0.7562116980552673,-0.38518026471138,-0.7489317655563354,-0.4269295036792755,-0.7421612739562988,-0.4611622989177704
T,0.0,0.0,0.9642013398517524,1.1942140313339238,0.9495536310007059,0.9662430244449193,0.9632769996927312,0.763864105775548,0.9740055339099013,0.6163774659639024,0.953237632122905,0.8410036375730413,0.9462307974263127,0.6534678396025809,0.9537703235443926,0.7257237339795287,0.961760234193814,0.8451318300258351,0.9899951828971196,0.8505721230504346,0.9953161083643917,0.6829694519749405,0.9989114299547635,0.8430159487163381,1.0,1.0,-0.7956238389015198,-0.2931904196739197,-0.8006383180618286,-0.2560960054397583,-0.7974968552589417,-0.317531019449234,-0.793201208114624,-0.3648318350315094,-0.821406900882721,-0.3133006989955902,-0.8228213787078857,-0.278674453496933,-0.8172783255577087,-0.3219664096832275,-0.8129661679267883,-0.3563371896743774
T,0.0,0.0,0.9658765625759446,1.232974965954525,0.9426568979546729,0.9159327465034016,0.957749254899772,0.6622969232382664,0.9675233879324349,0.47020896534672024,0.9506005063373484,0.7702517948988816,0.930958634947922,0.5365298474900504,0.9348249136899773,0.6423156836538086,0.9432059629455979,0.8142810720937337,1.001140728258662,0.7752508724751043,0.9947204933933861,0.582245227318135,0.996861403318452,0.7952230217837456,1.0,1.0,-0.6782176494598389,-0.256308376789093,-0.6758577227592468,-0.2170305550098419,-0.6718244552612305,-0.29382985830307,-0.6688968539237976,-0.3515231013298034,-0.7105624675750732,-0.277734637260437,-0.706535816192627,-0.2380261719226837,-0.6965054273605347,-0.2904172539710998,-0.6892868280410767,-0.3324248194694519
T,0.0,0.0,0.9648112775702562,1.1662368562559147,0.9295772656456426,0.9078929444527244,0.9448195003751295,0.7100225998181251,0.9553635575538901,0.5565918171606188,0.9605825642956181,0.7873237176116578,0.9277269136247591,0.6182952610188908,0.9231175476688502,0.7079774666718834,0.928599343943005,0.8405785957506252,1.0175386330437457,0.7894530563579715,0.9886325577120719,0.6587410124468239,0.9894282168134046,0.8435075484628861,1.0,1.0,-0.580281138420105,-0.3248373568058014,-0.5638656616210938,-0.2898206710815429,-0.5610562562942505,-0.3698744177818298,-0.5629836320877075,-0.4249946177005768,-0.6122300624847412,-0.344917893409729,-0.5940035581588745,-0.3073675036430359,-0.5862246751785278,-0.3658885657787323,-0.5857588052749634,-0.4072767496109009
T,0.0,0.0,0.9871477620838285,1.056359746636403,0.9557207190872995,0.9423587627555023,0.9642141773032138,0.8533896816407579,0.9721004518985229,0.7793464079991881,0.9899167292700283,0.8435441069242962,0.9357086115602398,0.7996841310281555,0.9292375441075321,0.8548934624904577,0.9345788944022859,0.9181127419912951,1.045459426667085,0.8347604225552455,0.992789818390592,0.8400494141343825,0.9935860655235952,0.93363727400594,1.0,1.0,-0.5606446266174316,-0.6227425336837769,-0.5326447486877441,-0.6482111811637878,-0.5302010178565979,-0.7170798778533936,-0.5303454995155334,-0.7575740218162537,-0.5833446979522705,-0.6457939743995667,-0.5568573474884033,-0.664983868598938,-0.5508848428726196,-0.7144633531570435,-0.5523693561553955,-0.7391633987426758
T,0.0,0.0,0.9740499559167847,1.1682264491322554,0.9427503148561887,0.908591328057808,0.9579039340892859,0.7146242323301613,0.963501241005584,0.5550012805636197,0.9691941043471699,0.78014850019681,0.9328961143140623,0.6188169128378593,0.9258339251654766,0.7207804261501861,0.9300923258143674,0.8540868353918114,1.0275445861145351,0.7857426918825371,0.9941371221307118,0.6613286128065852,0.9907491110238402,0.8482528721938771,1.0,1.0,-0.5802959203720093,-0.3251051306724548,-0.5613636374473572,-0.2967292964458465,-0.5569126009941101,-0.3793149888515472,-0.5586641430854797,-0.4333119988441467,-0.6116449236869812,-0.3465969860553741,-0.590688943862915,-0.312827318906784,-0.5808743238449097,-0.3735332489013672,-0.5801190733909607,-0.4145071506500244
T,0.0,0.0,0.9707598474262623,1.0683673953255275,0.9427292487547784,0.9363548570557242,0.9488410102764875,0.8275295163330443,0.9566939076172809,0.7383091320906342,0.9513926797717727,0.8411560174882938,0.9261030563194542,0.7754665936032848,0.941472582999831,0.8397191611225012,0.9562535929940288,0.9147769987892612,0.9966804263794331,0.8239685787357689,0.9873329198171527,0.8197249275957725,0.9955110224569041,0.9211941050843512,1.0,1.0,-0.6504191756248474,-0.4947826564311981,-0.6447888612747192,-0.5058432817459106,-0.643619954586029,-0.5700303316116333,-0.6419745683670044,-0.6135568022727966,-0.6766113042831421,-0.5096686482429504,-0.6701712012290955,-0.5133988261222839,-0.6637143492698669,-0.5628299713134766,-0.6593876481056213,-0.5938530564308167
T,0.0,0.0,1.0063226921273585,1.210250927890019,1.0921817780698269,1.0818659827951405,1.0803570314662783,0.9223000148278016,1.0730590968074487,0.800964485750585,1.0993778535378542,0.9029478130529214,1.1275980607905127,0.8392851975260364,1.0984257464659994,0.9517864043656735,1.072489317023861,1.0026259165899027,1.022309136800999,0.8533730815731401,1.0234107952739233,0.8585432850162119,1.0004795278029004,1.0162539851317356,1.0,1.0,-0.3571169078350067,-0.3907763063907623,-0.3535294830799103,-0.414773941040039,-0.350862056016922,-0.4797771871089935,-0.352455735206604,-0.4669444561004638,-0.3275510966777801,-0.3911815881729126,-0.3275156021118164,-0.4240316748619079,-0.3291695117950439,-0.4709686636924743,-0.3289340138435364,-0.4604361355304718
T,0.0,0.0,1.0059385058160333,1.2462717393258984,1.1002674942978983,1.09701171797368,1.084985445103107,0.9192717870362747,1.0752700299728633,0.7817590689694964,1.1073330575761269,0.8975723912062412,1.1303964618732152,0.8234254895638695,1.0962350968309087,0.9519131164185606,1.0648334288349028,1.0068079853766037,1.0198609755413819,0.8482701869802165,1.0108441889235997,0.8532349194567228,0.9937961984245551,1.027238908946638,1.0,1.0,-0.3411981165409088,-0.3749707639217376,-0.3322670757770538,-0.3980623483657837,-0.3340896070003509,-0.4679562449455261,-0.3397925794124603,-0.451467216014862,-0.3109177947044372,-0.3760842978954315,-0.3063879609107971,-0.4073837399482727,-0.3115342557430267,-0.4575828909873962,-0.3153147399425506,-0.4473810791969299
T,0.0,0.0,1.0026390907721057,1.3622758460163786,1.1072209073255523,1.1521614330155283,1.0964752089225716,0.8979096667819576,1.0872559600991962,0.6977782896915354,1.1186774507442176,0.886024619169148,1.1609134444253049,0.7681556208254798,1.1184326304583239,0.9462243246016065,1.0787230415766293,1.0209952448051358,1.0202281535484068,0.8246213551779558,1.0255300326503316,0.7863795757892874,0.9974224411622328,1.0368768355096063,1.0,1.0,-0.336805135011673,-0.2902690172195434,-0.3323222696781158,-0.2977198958396911,-0.3307604491710663,-0.3817971348762512,-0.3349351584911346,-0.3651190400123596,-0.3012150228023529,-0.2903335094451904,-0.3005645871162414,-0.3069145977497101,-0.3049236536026001,-0.3667887449264526,-0.3072717785835266,-0.3589464128017425
T,0.0,0.0,1.0082393088637305,1.1944201520900897,1.086319195475239,1.0802807598302526,1.0769501783147204,0.9447207814660075,1.068333710576414,0.8417169023021634,1.0925448009840655,0.9278572844235189,1.1157775855634462,0.873332718857634,1.0872003275278317,0.9670302941013886,1.0584954131283286,1.0092243670175103,1.018552191580204,0.8866610399649847,1.0153426781833592,0.8880865091901091,0.9981876332981691,1.0200617940296248,1.0,1.0,-0.3350731134414673,-0.4262014031410217,-0.3295644521713257,-0.4478727877140045,-0.3296109437942505,-0.5038751363754272,-0.3327483534812927,-0.4902628660202026,-0.3095093071460724,-0.4279449582099914,-0.3064280748367309,-0.4570735394954681,-0.3100197613239288,-0.4971843957901001,-0.3128111958503723,-0.4878306090831756
T,0.0,0.0,1.0003619906786463,1.3180214490754212,1.118156852249097,1.1423590540538668,1.1191994041595918,0.9166984349440501,1.107789289164719,0.7319142716716114,1.154650764334878,0.8941259768335049,1.1767129708387438,0.8120031504017827,1.1191864625239305,0.9497292992689881,1.0688368414231375,1.0096118761307764,1.0382277161445403,0.826629588644142,1.0167452574063198,0.830504358204096,0.9849099590387855,1.0463916281405652,1.0,1.0,-0.2940551936626434,-0.3281223773956299,-0.2803046703338623,-0.3542778491973877,-0.2814502418041229,-0.4318195581436157,-0.2899727523326874,-0.4109762609004974,-0.2583996057510376,-0.3268011212348938,-0.2495452910661697,-0.3617118895053863,-0.2547776401042938,-0.4169351160526275,-0.261352002620697,-0.4037871956825256
T,0.0,0.0,1.0087367554122617,1.215002761569169,1.102268221740228,1.094301578297491,1.093747535461446,0.9394112346985095,1.0760826233961818,0.8192119284843872,1.1170057571620613,0.9114861974469028,1.1290525116416248,0.866580093912032,1.0923176979706426,0.9672393835256053,1.060204062891963,1.0051911896292025,1.026543732932789,0.8616021086308531,1.0047796292901876,0.8815908257372019,0.9887752085157165,1.0305814986696522,1.0,1.0,-0.3106406927108764,-0.4069381058216095,-0.298953652381897,-0.4351396262645721,-0.3018986880779266,-0.497330754995346,-0.3086830079555511,-0.4809874594211578,-0.2820743024349212,-0.4095343351364136,-0.2745962142944336,-0.4422411024570465,-0.2797748446464538,-0.4867452383041382,-0.2853436768054962,-0.4764260351657867
T,0.0,0.0,1.0210427972632918,1.3336054897638006,1.125413246239592,1.149984954394737,1.1157710783532098,0.9186884443313741,1.0915024036919534,0.7270110687636041,1.1561692316433263,0.8766238404034299,1.1662492508508684,0.7986369355711055,1.1164710173216108,0.9489965721165436,1.073519800446832,1.0096776604988902,1.0358015391692739,0.8258571734666265,1.0121790113614078,0.8067701209503068,0.9853837567973255,1.0459913819318376,1.0,1.0,-0.3003206551074981,-0.3181214332580566,-0.2857095003128052,-0.3352420926094055,-0.2888314425945282,-0.4184532463550567,-0.2983710169792175,-0.3988259434700012,-0.2647116780281067,-0.3175055384635925,-0.2549011707305908,-0.3446362316608429,-0.2613317370414734,-0.4016115963459015,-0.2687357664108276,-0.3900429308414459
T,0.0,0.0,1.0141126688046518,1.228069711418036,1.1055457897882681,1.0957847641955345,1.0927497350426811,0.9316539064612656,1.0703861485922994,0.805376439142768,1.1214605955623878,0.9002210199647601,1.123376776551361,0.8528500318269531,1.0878805754802388,0.9686128458155944,1.059832711911062,1.0079402889747928,1.0261333542352125,0.8543519669486976,0.9996687336990421,0.8761456937653633,0.9875907476495603,1.0362730849643167,1.0,1.0,-0.3001532554626465,-0.3871988952159881,-0.2874810695648193,-0.41483274102211,-0.2919473350048065,-0.4765017628669739,-0.2989084124565124,-0.4581223428249359,-0.2714474201202392,-0.3909003734588623,-0.2634967565536499,-0.4244982898235321,-0.2697954177856445,-0.4674700498580932,-0.2758936882019043,-0.4550729393959045
T,0.0,0.0,1.0019886851035094,1.4039003910630217,1.1408601495525197,1.178325839627209,1.1402521809587132,0.8810579462062936,1.139523274781002,0.6395590956921258,1.1713648283532574,0.8222081549600156,1.2217113234784363,0.709052834155444,1.1719714548530382,0.9214520030373463,1.1185422443107702,1.0260130881078975,1.0379767127300676,0.7388819545438116,1.0375620802367933,0.73600800481267,0.9984618111245728,1.045291246748364,1.0,1.0,-0.3628571927547455,-0.3177481889724731,-0.3532216548919678,-0.3537502884864807,-0.3511228561401367,-0.4735517501831054,-0.3560319542884826,-0.4473206400871277,-0.3094639182090759,-0.3196616172790527,-0.3043312132358551,-0.3654478192329407,-0.3106165528297424,-0.4524594247341156,-0.3136225938796997,-0.4370414316654205
T,0.0,0.0,1.0158001387064652,1.1106510722515874,1.1056759404160983,0.9219177897666608,1.1029089965126138,0.7220191858273749,1.1065481215981603,0.5568641409698795,1.1237321549271615,0.7041120874423159,1.1881891691313657,0.6108871208576487,1.150154010670324,0.7270206840847452,1.0974316761468201,0.8674137536214241,1.0285123854870348,0.6500989561504927,1.0419294358155027,0.6287936473887497,1.0141181202843588,0.8297511342405565,1.0,1.0,-0.3934130072593689,-0.2988745272159576,-0.3934177160263061,-0.3336200416088104,-0.3879247307777405,-0.4320875406265259,-0.3866122961044311,-0.5006548166275024,-0.3511431515216827,-0.3081861138343811,-0.3547542095184326,-0.3575256168842315,-0.3570467233657837,-0.4337798058986664,-0.3609034717082977,-0.4775479733943939
T,0.0,0.0,1.0253938496512287,1.093886240633396,1.083965445980433,0.9578922222720433,1.0747107661391324,0.8218022121652078,1.073068749199084,0.7097708258279385,1.08602099965902,0.7945493825347077,1.1187237409380235,0.7395845090711554,1.0969368960945967,0.8206275695508514,1.0638175669692125,0.9195699337875997,1.0179165517540074,0.7583379460910358,1.0226061045077366,0.7731006390344441,1.008504181729341,0.8944376842204002,1.0,1.0,-0.3797948360443115,-0.349565178155899,-0.3786723613739013,-0.3857150375843048,-0.3777731657028198,-0.4449250996112823,-0.3785497844219208,-0.4872996211051941,-0.3525070250034332,-0.3596344888210296,-0.3545684218406677,-0.399338036775589,-0.3579897284507751,-0.4478881359100342,-0.3617836534976959,-0.4756619930267334
T,0.0,0.0,1.0264609025837161,1.083069674360631,1.0780419746733343,0.9586824206762049,1.067362139001912,0.83099460383916,1.0646048780094783,0.7243912148986266,1.0814810907921433,0.8076913832117718,1.1084336899992666,0.7614274780199082,1.0880469677328102,0.8374691379430032,1.0576013903279669,0.9284206030057669,1.018943934723338,0.7742461722844867,1.017323745485414,0.7887740215111878,1.0058930485615878,0.9019478982393557,1.0,1.0,-0.381581574678421,-0.3587120473384857,-0.3777968287467956,-0.3952385187149048,-0.3777643740177154,-0.4497963190078735,-0.3795702457427978,-0.4876738786697387,-0.3566603064537048,-0.3679918944835663,-0.356289267539978,-0.408881276845932,-0.3601173758506775,-0.453725516796112,-0.3648567795753479,-0.477874219417572
T,0.0,0.0,1.062810187080678,1.095951043795143,1.1606494533544693,0.9456949408780051,1.1366558690175252,0.7808841920684599,1.1090212522379603,0.6474259494050075,1.145300058404224,0.7531946926301428,1.187675646429952,0.6867950871668099,1.1432392684387842,0.7815074172880643,1.0891083760034208,0.8943631654265569,1.028992492229547,0.7150823636214482,1.0301924445997035,0.7249123395716173,1.0096090275752312,0.8749143440971774,1.0,1.0,-0.2704203426837921,-0.3338095545768738,-0.267040342092514,-0.368556946516037,-0.2700906991958618,-0.4385097622871399,-0.2749296426773071,-0.4866433441638946,-0.2394255697727203,-0.3480100035667419,-0.2404838502407074,-0.3846282362937927,-0.2468160092830658,-0.4408958554267883,-0.2538658380508423,-0.4707183837890625
T,0.0,0.0,1.0093257393181045,1.1137652617621971,1.0809828115929088,0.9463806919672487,1.0933001250711145,0.7659373382903479,1.0995968229079032,0.6070790069632985,1.087838169067732,0.7371249202444891,1.1469512095483692,0.6686535308135801,1.1260756214977372,0.7786729153750056,1.086144140203263,0.8969669301186757,1.0168849764861794,0.6826102058022387,1.0353407088803501,0.6967519253460954,1.0152234238581648,0.8641777541920439,1.0,1.0,-0.4086945056915283,-0.3080071210861206,-0.4124888181686401,-0.3539029061794281,-0.4090105593204498,-0.430370569229126,-0.4078101813793182,-0.4836331605911255,-0.3725107312202453,-0.3187723457813263,-0.3791637420654297,-0.3733106851577759,-0.3822191953659057,-0.4354489147663116,-0.385721206665039,-0.4704415500164032
T,0.0,0.0,1.0343868327458403,1.0587392590799312,1.1040835939626585,0.9598792979459377,1.0941442263357906,0.8530053145971221,1.0845473126086194,0.7585680521582239,1.1016218914104068,0.8148934756521857,1.1395881237637113,0.7881810468183802,1.1217663339698973,0.8505650092624549,1.0874671871988733,0.9206623836884503,1.0185283199632162,0.7827122793115282,1.021241628275565,0.8260757457545899,1.0086575798585489,0.9219287238655266,1.0,1.0,-0.3257497549057007,-0.4785568416118622,-0.3231666982173919,-0.5331412553787231,-0.3241631388664245,-0.5932825207710266,-0.3267833590507507,-0.6349888443946838,-0.2970846593379974,-0.4939413964748382,-0.2978184223175049,-0.5462433099746704,-0.3028023242950439,-0.5950563549995422,-0.3081860542297363,-0.6211789846420288
T,0.0,0.0,1.0021521138591816,1.1628601626078225,1.0701691112743592,0.9634277375058882,1.0667505526993861,0.7461166865462582,1.0598413174447145,0.5647975819082519,1.0546326391302945,0.7415260998130562,1.103549701237885,0.6246833113992322,1.0911459887662853,0.738599997382157,1.0635313047715786,0.8788544219098228,0.9866858215204569,0.7005397064668843,1.0159229289388032,0.6260397849193349,1.0072253117303407,0.8273001438322539,1.0,1.0,-0.408569186925888,-0.2518762350082397,-0.4205394089221954,-0.2601743936538696,-0.419065773487091,-0.3371792435646057,-0.4176725149154663,-0.3905194401741028,-0.3749853670597076,-0.2635959386825561,-0.3884048461914062,-0.2858741879463196,-0.3935365080833435,-0.3461534082889557,-0.3961689174175262,-0.3820608556270599
T,0.0,0.0,0.9934839969059157,1.111536612107971,1.042503088939958,0.9606042623812335,1.0452754183982034,0.8040381009198094,1.0491491034357618,0.671068507857022,1.036928265507601,0.7863720161766046,1.0863894196908348,0.7090670663565107,1.077803639758048,0.8004958367790871,1.0545416536889098,0.9063057732834167,0.988826385206012,0.7482898801950564,1.0183096272975307,0.7217438286858602,1.0088763180022766,0.8758111078554038,1.0,1.0,-0.4780194163322449,-0.3160184323787689,-0.4928977787494659,-0.3373656868934631,-0.4886819422245025,-0.404430478811264,-0.4847179353237152,-0.4493067860603332,-0.4504002332687378,-0.3252186775207519,-0.4655107259750366,-0.3591376543045044,-0.4668974280357361,-0.4106935560703277,-0.4667341411113739,-0.4394567906856537
T,0.0,0.0,0.9926248901595817,1.061533729096162,1.03667446222749,0.9735560223878418,1.0455320315808134,0.8735062231410554,1.0496015329421453,0.7868991187693853,1.0327076132419664,0.8503889870933742,1.0727617623702053,0.8104921536773095,1.068008743511158,0.8697801035965517,1.0500789140139029,0.9330996961454463,0.9919996492710493,0.8229610037457461,1.016849009285763,0.8229465645311496,1.008758243674879,0.921870693303702,1.0,1.0,-0.475597083568573,-0.4576731622219085,-0.4881341755390167,-0.4851665198802948,-0.4848183095455169,-0.5391594171524048,-0.4818328022956848,-0.5759758949279785,-0.4526200294494629,-0.4661055505275726,-0.4650510549545288,-0.5020772814750671,-0.4664052724838257,-0.5437241196632385,-0.4668580591678619,-0.5675140619277954
U,0.0,0.0,0.994782213834409,1.6813798887705174,0.9784788254194222,1.5614915048363507,0.9998753998548044,1.4390829072281797,1.0187067710164819,1.3494439506327778,0.9618673042129383,1.408332182454898,0.9623065950520094,1.245491194449339,0.9638606406751591,1.1433945974171205,0.9674399260693989,1.0500553682246059,0.9958331620007487,1.3891362304842065,0.993323080555146,1.2220454896257062,0.9956860522987397,1.1038941384197212,1.0,1.0,-0.6928317546844482,-0.5991464853286743,-0.7034157514572144,-0.5832145810127258,-0.7020966410636902,-0.6387324333190918,-0.699174165725708,-0.6772177219390869,-0.7133468389511108,-0.6159570217132568,-0.7194737195968628,-0.6098204851150513,-0.7172134518623352,-0.6517363786697388,-0.7128852009773254,-0.6823258996009827
U,0.0,0.0,0.973737612035346,2.1900651137098985,0.9533683704530741,1.9758144441799366,0.9859791852725549,1.7662120626354283,1.0142038726028644,1.6218439969724112,0.9381434098024959,1.70249965364089,0.9436068599081215,1.4328671314173447,0.9498460262044647,1.2593229641633472,0.9563340262456695,1.1014883120814114,0.982412427535721,1.6792508223155682,0.9843580085160752,1.389103925490381,0.9921362794956012,1.1827508746412578,1.0,1.0,-0.7241579294204712,-0.5689775943756104,-0.7383425235748291,-0.5491703152656555,-0.734293520450592,-0.6253986358642578,-0.7279675006866455,-0.6786600947380066,-0.7513523697853088,-0.595050573348999,-0.7588867545127869,-0.5852217674255371,-0.7540765404701233,-0.6434943079948425,-0.7464301586151123,-0.6863248944282532
U,0.0,0.0,0.9669102354472253,2.7535144054110163,0.9244365360763805,2.397833085383853,0.9518959202691649,2.095953089632058,1.0017038425187315,1.9920658523645025,0.9435775319408415,2.0064477473727793,0.9405752919179768,1.587786080480382,0.9449323899752187,1.331563326485991,0.9532146630333342,1.1037169082921687,1.000115062666808,1.969003309097112,0.9888084521024393,1.5486310442179916,0.9918080637902752,1.2511909177997083,1.0,1.0,-0.6478630900382996,-0.5120339393615723,-0.6433626413345337,-0.5160970687866211,-0.6323093771934509,-0.5948936939239502,-0.6240152716636658,-0.6504347324371338,-0.6799558997154236,-0.5412296652793884,-0.669866144657135,-0.5585110783576965,-0.6574659943580627,-0.6176148653030396,-0.6483155488967896,-0.6577954292297363
U,0.0,0.0,0.9766718486510515,2.706591667184418,0.938630042166316,2.3685651628586077,0.9652909613187967,2.088773764775322,1.008746798193278,1.9635071634100125,0.9501538645681277,1.987373385587363,0.9441264084256225,1.5765619175300167,0.9452428828168616,1.3207402513940447,0.9503241821954469,1.0933840146937763,1.0026381353588523,1.9667534627840513,0.9926217651060208,1.548711722014259,0.9936274859904342,1.2505554093987359,1.0,1.0,-0.6686829924583435,-0.4993665814399719,-0.670258104801178,-0.491901695728302,-0.6614378094673157,-0.5718165040016174,-0.6545872092247009,-0.6277952194213867,-0.6986015439033508,-0.5296911001205444,-0.6950280666351318,-0.5357223749160767,-0.6851524114608765,-0.5961111783981323,-0.6769649982452393,-0.6377859115600586
U,0.0,0.0,1.014192513190822,4.206929936362325,0.9346260759943964,3.626759143245139,0.9625132929203478,3.0956862544748587,1.0358878488602346,2.8583421139436305,0.9526960648656898,2.867138325987555,0.932903947601041,2.1013308078600437,0.9292423828006403,1.632510000058705,0.9326909384600256,1.206493298996797,1.0370750900210806,2.7240726334833902,1.009249991805274,2.0096993151996605,1.000628387713177,1.4766821843228464,1.0,1.0,-0.6248782873153687,-0.5196956992149353,-0.6173701882362366,-0.5638453960418701,-0.6079497337341309,-0.6738266348838806,-0.6016371846199036,-0.7446954846382141,-0.6700276732444763,-0.5521335601806641,-0.6582046747207642,-0.6194581985473633,-0.6423654556274414,-0.7003965377807617,-0.6311442255973816,-0.7490595579147339
U,0.0,0.0,1.0104834344816902,4.314259912453106,0.9509448029146688,3.701669151302544,0.9805858064114203,3.135331635273674,1.0365993874602504,2.878972817788196,0.95516378826732,2.9489509583959044,0.9416874862386218,2.164926353432275,0.9381341367789636,1.6761828000869323,0.9389403512265098,1.230420274477967,1.0241176201730327,2.831143027377866,1.002193269758438,2.0782485946523748,0.9981273837150179,1.5033298016255903,1.0,1.0,-0.6417396664619446,-0.4571324586868286,-0.6466905474662781,-0.4594935774803161,-0.6392527222633362,-0.5574595928192139,-0.6311536431312561,-0.625630259513855,-0.6805984973907471,-0.486177533864975,-0.6815133094787598,-0.5200735926628113,-0.6688137054443359,-0.5936828255653381,-0.6561521291732788,-0.6402901411056519
U,0.0,0.0,0.9910124913448828,2.197886798878968,0.9623062652557368,1.9457285079801199,0.9869195825960456,1.7106735002888747,1.0221733611229622,1.6107112035718987,0.9679994090041195,1.7183067560750729,0.9615971576245462,1.4253341763568255,0.9606671259415719,1.241911737155539,0.9633857069919359,1.0781323714997484,1.008188527685884,1.7055752364265373,0.9991799495030739,1.3926082779992817,0.9968289049440827,1.1810488577579583,1.0,1.0,-0.7152077555656433,-0.5111208558082581,-0.720062255859375,-0.4811252951622009,-0.714435875415802,-0.5469285845756531,-0.7109488844871521,-0.5950701832771301,-0.7409072518348694,-0.5350565314292908,-0.7400745153427124,-0.5126783847808838,-0.7342357635498047,-0.5623615980148315,-0.7299696207046509,-0.6007090210914612
U,0.0,0.0,0.9691329103837446,2.079005911008539,0.9562466267816172,1.861238485812907,0.9818466235125227,1.6668205115696975,1.007986728104689,1.5647939010974223,0.9527560824805136,1.6098465223622507,0.9573284927682284,1.3651885500703131,0.9609375417477523,1.2075148363959336,0.9661937114565106,1.0628875209425317,0.9865200142457083,1.6178640846515635,0.9884666971991718,1.3464962892188856,0.9933987078903684,1.1634032623249746,1.0,1.0,-0.7735340595245361,-0.4769862592220306,-0.7859440445899963,-0.4514297544956207,-0.7794817090034485,-0.5084779858589172,-0.7732688784599304,-0.550150454044342,-0.795264720916748,-0.5056856870651245,-0.8020132184028625,-0.4855543076992035,-0.7948939204216003,-0.5274752378463745,-0.7878572940826416,-0.5597420334815979
U,0.0,0.0,0.9667992282505333,2.0542808443076797,0.9582022319040636,1.8487391037897616,0.9781941156413654,1.6605969817968782,0.9981442590319558,1.548038949720036,0.9542551556335416,1.5888535835054656,0.9602475088929285,1.3459893710037145,0.9650586330665208,1.1925899488466174,0.9704214722039971,1.0580190476899543,0.979959027796874,1.5966373386653587,0.9840041294914337,1.3220768049912819,0.9911005187090309,1.143404666390883,1.0,1.0,-0.7907748222351074,-0.4251652359962463,-0.8019247055053711,-0.4060805141925812,-0.7981628775596619,-0.4502073526382446,-0.7947482466697693,-0.4823064506053924,-0.8082166314125061,-0.4479085206985473,-0.8137825131416321,-0.4267446994781494,-0.8095932006835938,-0.4614366888999939,-0.8063425421714783,-0.4888839423656463
U,0.0,0.0,0.9640549120598746,2.152867142722917,0.9538085698152848,1.9434732923048017,0.9726796741078562,1.7543503946255758,0.9916966042177424,1.6270538147138969,0.9502091953408037,1.650066945410129,0.9574432258955419,1.3838154185849856,0.9643793871556158,1.2141547261110592,0.9711190414392582,1.0667203795922204,0.9764476483869872,1.6585073522503058,0.9822332533472339,1.3644003100629523,0.9907721249286957,1.1639767922578224,1.0,1.0,-0.8256278038024902,-0.4374837875366211,-0.8392589688301086,-0.4272966384887695,-0.8373597264289856,-0.4751628339290619,-0.8347426056861877,-0.508467972278595,-0.8433703780174255,-0.4610407948493957,-0.8510482311248779,-0.446975827217102,-0.8482478857040405,-0.4843620657920837,-0.8454498648643494,-0.5115309953689575
U,0.0,0.0,0.9233459752028393,6.310416117983514,0.9080788767095205,5.3601076321231815,0.9422118579456079,4.543837805218671,0.9749916580401645,4.017534059316566,0.9126702595164938,4.1196118760663,0.924255004694283,2.8627773458425905,0.935572966589579,2.066074293664192,0.9462096878070939,1.3709312895363228,0.9516604768206448,4.1216769727767915,0.9650008366871123,2.7150425589929186,0.982865019948627,1.7883916855446889,1.0,1.0,-0.8865143656730652,-0.3921926915645599,-0.907458484172821,-0.3767495453357696,-0.8982946276664734,-0.4565630555152893,-0.8887937068939209,-0.5118548274040222,-0.9152000546455384,-0.4284619688987732,-0.928017795085907,-0.4067344665527344,-0.91866135597229,-0.4682962894439697,-0.9088327288627625,-0.515458345413208
U,0.0,0.0,1.007859686764823,4.067635893521802,0.9499690747663946,3.4853401239839505,0.9723539854204738,2.9387570938924417,1.0225802384846414,2.7008258097157003,0.9643752550754622,2.7452316810395763,0.9512481408223322,2.0269090055212167,0.9494305681831641,1.5827257940801622,0.9511275916319389,1.1721741129573984,1.0268870866623212,2.6445696379796466,1.0052850933147093,1.96284924487161,1.0003696774922717,1.4487086312892625,1.0,1.0,-0.648754358291626,-0.4251447916030884,-0.6457819938659668,-0.4419653117656708,-0.639701247215271,-0.5309563279151917,-0.6341484785079956,-0.592231810092926,-0.6850619316101074,-0.4497993290424347,-0.6779146790504456,-0.4739247560501098,-0.667355477809906,-0.5407429337501526,-0.6582318544387817,-0.5852200984954834
U,0.0,0.0,0.9842542014930261,4.148451235680905,0.9216952753920633,3.5188559315063754,0.9483302451921264,2.9737300604782413,1.0122698408523865,2.7097779832574496,0.963859567812405,2.8038406034238688,0.95421212453529,2.0439052172763676,0.9589724230809691,1.5858657100895572,0.9695440137036059,1.171642399057305,1.0429747434047427,2.757654510187403,1.010320565432535,1.9839018847900256,1.002578171985812,1.472473798277751,1.0,1.0,-0.5402649641036987,-0.4414653182029724,-0.5193338394165039,-0.4351598620414734,-0.5083028674125671,-0.5250442624092102,-0.5015357732772827,-0.5874241590499878,-0.5750963091850281,-0.4742198884487152,-0.5497776865959167,-0.4887755513191223,-0.5346148014068604,-0.5544493198394775,-0.526268720626831,-0.6006753444671631
U,0.0,0.0,0.9729079802543665,2.240698308467593,0.9282348873833282,1.9649071205741475,0.9492818133680146,1.7370567857121388,1.0005270964935065,1.6513896010756912,0.9755396953442814,1.7038974424286497,0.9679542150598095,1.395640592948115,0.972956687064998,1.2119856084705092,0.9839933543458819,1.056142795785497,1.0327926002783419,1.6928773551612435,1.0046838594980736,1.3777395751252492,0.999105853287148,1.1745937046966626,1.0,1.0,-0.4827755987644195,-0.4637242555618286,-0.4627639651298523,-0.4498229622840881,-0.454900175333023,-0.5112144947052002,-0.4513631463050842,-0.5586340427398682,-0.5049508213996887,-0.4844520986080169,-0.4819929003715515,-0.4837701022624969,-0.4710958302021026,-0.5306960344314575,-0.4660088121891022,-0.5681310892105103
U,0.0,0.0,0.9968240363401921,2.6577819152726336,0.9342446608765661,2.324647998815172,0.946362619970033,2.026395498626091,1.0046889033772883,1.8901380815950626,1.0009496513169194,1.9411023473068632,0.9751769765204005,1.5527221741108743,0.9699685624585144,1.3225606877839413,0.9767511596747204,1.1134936158632722,1.0797636033581666,1.90806030852709,1.0270881989416683,1.5019962358848724,1.0079342762655146,1.2362328790276436,1.0,1.0,-0.4566876590251922,-0.479747861623764,-0.423201322555542,-0.4843651354312897,-0.4140969514846802,-0.5585284233093262,-0.4114348292350769,-0.6137839555740356,-0.4819731116294861,-0.5066328048706055,-0.4467710554599762,-0.5268720984458923,-0.4348133206367492,-0.5836371779441833,-0.4313174486160278,-0.6272021532058716
U,0.0,0.0,0.9909095792977707,1.7428102667541878,0.958873462573037,1.5680177376636162,0.9774677259998015,1.4236473270472776,1.0078983503576986,1.3626008722998593,0.9820836823654284,1.4393037126852455,0.9742466820671897,1.2601976830727968,0.9742050082430161,1.1458178811488047,0.9770624839854236,1.0478481494475789,1.0209053367477128,1.430205029840303,1.0053686276356484,1.2353611524433892,1.0004896950692017,1.1066329115218063,1.0,1.0,-0.5724890232086182,-0.5420421361923218,-0.5631793737411499,-0.5155120491981506,-0.559194028377533,-0.5658287405967712,-0.5577906370162964,-0.6052983999252319,-0.5937593579292297,-0.5577784180641174,-0.5817378759384155,-0.5408974885940552,-0.5748903751373291,-0.58045494556427,-0.570901095867157,-0.6124294996261597
U,0.0,0.0,0.9744577504192194,1.5720661444416968,0.9407559499663812,1.439243263590029,0.9638377032033365,1.341849164669199,1.0038109107758306,1.3054938966056246,0.9706139261635236,1.3032004334534584,0.9644096283469696,1.1656927756345117,0.9670413175308735,1.0844426242700704,0.9737711624057959,1.0105964340003795,1.0198534537995192,1.2917774274267915,1.004706307034893,1.169608539789001,1.0008166390036706,1.080787179803797,1.0,1.0,-0.5963929295539856,-0.7206497192382812,-0.5810872912406921,-0.7332924604415894,-0.5718560218811035,-0.7938779592514038,-0.5666813254356384,-0.8367486596107483,-0.6202110052108765,-0.7449072003364563,-0.6019577383995056,-0.767201840877533,-0.5910004377365112,-0.8107303380966187,-0.5861802101135254,-0.8411784172058105
U,0.0,0.0,0.9615939398455032,1.464507887691184,0.9397764776969774,1.3573777009498256,0.9621965651347162,1.2715936359950293,0.9933869401707681,1.2414050539913868,0.9547704779578005,1.2478716092025957,0.9582582448441834,1.1366211115709803,0.9626449614908509,1.0690164169787437,0.9686508123038379,1.0063621117355865,0.9902888799591095,1.2448912362668136,0.9894869973595036,1.139632091809286,0.9939682646108321,1.066034992245624,1.0,1.0,-0.6796987056732178,-0.7178464531898499,-0.6811628937721252,-0.7138634920120239,-0.6727177500724792,-0.768258273601532,-0.6664379239082336,-0.8064330816268921,-0.7000192403793335,-0.7399054765701294,-0.6972054839134216,-0.745369017124176,-0.687906801700592,-0.7842079401016235,-0.6814067363739014,-0.8103923201560974
U,0.0,0.0,0.937950240379663,1.507416758140424,0.9282458300506248,1.38491761143902,0.9572451762277445,1.2978673864058041,0.9875134917503973,1.2634861705668945,0.9376258946027102,1.2717543397201003,0.9478591378927542,1.152175617178605,0.9565163747133446,1.0778685766935008,0.9669302100558219,1.009098594683278,0.9693921744822511,1.2785533030150475,0.9778755589029163,1.1627269846437343,0.9883282238342757,1.0775715599408675,1.0,1.0,-0.7771342396736145,-0.7034032940864563,-0.7893344163894653,-0.6954952478408813,-0.7785528898239136,-0.7502204179763794,-0.7688204050064087,-0.7893529534339905,-0.7968267202377319,-0.7290710806846619,-0.803124725818634,-0.7281790971755981,-0.7927248477935791,-0.7672520875930786,-0.782943069934845,-0.7953813076019287
U,0.0,0.0,0.9730705845139878,1.4527209320979717,0.9599754384149608,1.354913542081789,0.9794318418470993,1.2717275645258574,1.0013236110801857,1.2302765396368618,0.9596324406769449,1.248368514874841,0.9632046925365002,1.1421471167209385,0.9677338998990163,1.0771818252423948,0.9738249339545167,1.016767249017625,0.9866865305197586,1.2471031669464083,0.9879902493683602,1.1395436159018537,0.9932138838935466,1.0657899899774537,1.0,1.0,-0.737561047077179,-0.6537173986434937,-0.747256338596344,-0.6420484185218811,-0.7429839968681335,-0.6887296438217163,-0.7387056350708008,-0.7223392724990845,-0.7543806433677673,-0.6723597049713135,-0.7596524357795715,-0.6688115000724792,-0.754675030708313,-0.7023483514785767,-0.7495071291923523,-0.7263518571853638
U,0.0,0.0,0.9773363111385134,1.8068116390292714,0.9487038142792898,1.631549560957576,0.970957304884558,1.483290684770461,1.0086532074806613,1.4348211924121586,0.9555616203709221,1.4679184684718323,0.9538213354524819,1.2728849070463077,0.9553987798169914,1.153046048002461,0.9598251890581183,1.0449761224379914,0.9962240121529073,1.4608472306338125,0.9931272975649653,1.2648100426066415,0.9951103144790576,1.1242224055413919,1.0,1.0,-0.7883623242378235,-0.6795156598091125,-0.7970561385154724,-0.6540505290031433,-0.7909308671951294,-0.729994535446167,-0.7851865291595459,-0.7862095832824707,-0.8169350624084473,-0.7059489488601685,-0.8197128176689148,-0.6893435120582581,-0.8132827281951904,-0.7429471611976624,-0.8076552748680115,-0.7841715216636658
U,0.0,0.0,1.013216780372063,2.323255585647665,1.1120513972506296,2.089216604588736,1.0363376100895973,1.8333094970660664,0.9385927755689526,1.6280536095551588,1.1479453641654636,1.7374151574917764,1.1785541514555204,1.445430493350435,1.186417915476566,1.2596732377508437,1.1930282776604533,1.0945873960978993,1.0181078984824519,1.7001527593823975,1.015223936132511,1.3934728009347586,1.0065664148031008,1.180461270399558,1.0,1.0,-0.2366690039634704,-0.5509423017501831,-0.2217149436473846,-0.5436670184135437,-0.2267495840787887,-0.6236275434494019,-0.2337612956762313,-0.6762726306915283,-0.2057058811187744,-0.5761178731918335,-0.1988273859024047,-0.5787656307220459,-0.2052349597215652,-0.6414836049079895,-0.2129293829202652,-0.6815138459205627
U,0.0,0.0,0.9423336818729369,2.359329247347778,1.0238080018292124,2.1331434566981704,0.9864141436053335,1.874664724462709,0.9384915312064459,1.6643574488741073,1.05335428507322,1.795468127419059,1.0734595349627665,1.5023913420163748,1.0719057825484262,1.3111167625246398,1.0693972900510984,1.1367052725176987,0.9645964030336379,1.7362818780276097,0.9812970379781518,1.41006511772236,0.9906858716865954,1.1833062560944148,1.0,1.0,-0.3055421710014343,-0.5115655660629272,-0.2974002361297607,-0.5057581067085266,-0.2972258627414703,-0.5807092189788818,-0.299549788236618,-0.632407009601593,-0.2748089134693146,-0.5243657827377319,-0.2738030254840851,-0.531528890132904,-0.2751370668411255,-0.5940234661102295,-0.2775837779045105,-0.6343079805374146
U,0.0,0.0,0.94409203034729,1.6240294727619642,0.9987900596354015,1.5139848694441977,0.9738777234835818,1.386376685485688,0.9451578108052069,1.2838363670021238,1.0247113479920698,1.369039976252606,1.0387049710263658,1.2292328939029877,1.0386677819489902,1.1370393794325961,1.038388905654152,1.0552057083810316,0.9651743929551686,1.342346246525141,0.9807853647859885,1.1872710177049477,0.9904960596710028,1.0838346141639867,1.0,1.0,-0.3231943547725677,-0.5636888742446899,-0.3190730512142181,-0.5529384016990662,-0.317049115896225,-0.6053350567817688,-0.317783772945404,-0.6405654549598694,-0.3019193112850189,-0.5722081661224365,-0.3033630549907684,-0.5699738264083862,-0.3038899898529053,-0.6119192242622375,-0.3058677315711975,-0.6386384963989258
U,0.0,0.0,0.9536117933268609,3.7227015775494503,1.068362838032015,3.225028871056701,1.015944677648075,2.7244036760182047,0.9222307385941317,2.2654985742858185,1.2232631040689776,2.585277797598504,1.2423470251225723,2.0329255606007384,1.22675459911263,1.6516535130203798,1.2150331721745848,1.3013873419365152,1.031006841727033,2.505960866434882,1.0224016096305306,1.8342997340892226,1.0024364796435152,1.383164782302586,1.0,1.0,-0.1718592345714569,-0.5017358660697937,-0.1417178362607956,-0.4734817147254944,-0.1434182375669479,-0.5749584436416626,-0.1544013321399688,-0.6384289264678955,-0.1326960921287536,-0.5251660346984863,-0.112554594874382,-0.512168824672699,-0.1160414963960647,-0.5925943851470947,-0.1288823783397674,-0.6388347744941711
U,0.0,0.0,0.9218259237034846,2.0306773363861517,0.9890570653575784,1.853296089258579,0.9685764628969435,1.639978360730708,0.9408757666291668,1.4635823515025967,1.0207199171683,1.603424993583177,1.0414562763808075,1.3775677703602585,1.0441399498532735,1.227057207019967,1.045013112907367,1.094081038987785,0.9545865459428428,1.5564739121118583,0.9798622669566501,1.3033033578724769,0.9911289891944094,1.1326985789102684,1.0,1.0,-0.350861132144928,-0.492186963558197,-0.3508380353450775,-0.4772582948207855,-0.3470471501350403,-0.5418365597724915,-0.3459683656692505,-0.5858264565467834,-0.323938637971878,-0.5012339353561401,-0.329470694065094,-0.4954482614994049,-0.3290264308452606,-0.5486656427383423,-0.3293435573577881,-0.5841884613037109
U,0.0,0.0,0.927663187069258,3.605740149902767,0.9997839021619531,3.145375934895719,0.969476468250468,2.621435416824729,0.9334614413518528,2.183553821642062,1.0260825100696602,2.5294225109711737,1.0483106484339968,1.9798242216356732,1.0495038309195244,1.609019023355921,1.0493272678546905,1.2810758738005579,0.9464987812926364,2.4475827480044243,0.9752440926796414,1.7840118356899561,0.988355128508356,1.3553106868613456,1.0,1.0,-0.3364197015762329,-0.3746921122074127,-0.3401820361614227,-0.3420864343643188,-0.3381306529045105,-0.4174014627933502,-0.3371908366680145,-0.46700119972229,-0.3047378361225128,-0.393231064081192,-0.3146339356899261,-0.3749542534351349,-0.316316157579422,-0.4360831975936889,-0.3164138197898865,-0.4754441380500793
U,0.0,0.0,0.9207679297490748,1.8296681924951252,0.9782083443269537,1.680065240343776,0.9660807236170025,1.5096572560537334,0.947408617645268,1.3708389075939487,0.9930942474613192,1.4977925927963933,1.017914459485972,1.3150170580972655,1.0245621832991685,1.1940396394413475,1.0308560140177114,1.0887611728817526,0.9394629024510698,1.4623764061753066,0.9695091094829278,1.2561454718661766,0.9861831503318382,1.1142055947807725,1.0,1.0,-0.3892541527748108,-0.5083973407745361,-0.3960886299610138,-0.4841268062591553,-0.3915592730045318,-0.5420079231262207,-0.3876185417175293,-0.5838738083839417,-0.3633552193641662,-0.5164396166801453,-0.3736266493797302,-0.5045600533485413,-0.3727079331874847,-0.5508710145950317,-0.3698393106460571,-0.5836025476455688
U,0.0,0.0,0.9402701650103331,2.639843132550977,1.0164100316042224,2.3497600074130305,0.9793830721951571,2.007317809080081,0.9290370475961556,1.7570028334659087,1.0584118105463047,1.9756670412501873,1.0751300296841868,1.6231989186299143,1.07327208613687,1.3823159437422643,1.0688233672697203,1.1769330122725725,0.9709209152606104,1.9143173950816765,0.9868663927949209,1.479680608687088,0.9946139001123293,1.2116231082454472,1.0,1.0,-0.2905380427837372,-0.409276932477951,-0.2853394448757171,-0.3805317282676697,-0.2835097014904022,-0.4441199600696563,-0.2833755612373352,-0.4875783324241638,-0.2622014880180359,-0.4264624118804931,-0.2659673690795898,-0.4062489867210388,-0.2663500010967254,-0.45769202709198,-0.2665185928344726,-0.4926318228244781
U,0.0,0.0,1.0562439331694402,3.4066663932944494,1.1382176515587303,2.9817708859743304,1.0448194958980261,2.52989777611701,0.9458247092387477,2.1613223360695586,1.207312071644418,2.4472101883900366,1.2034749878007724,1.9314426756748588,1.173583591527202,1.5749319986608614,1.1531345002984148,1.265908097265835,1.0461071140484706,2.4019314709754753,1.0288636887652545,1.7757828023078008,1.0077019908212548,1.3526150266547536,1.0,1.0,-0.1765095144510269,-0.386699765920639,-0.1589718610048294,-0.3510698676109314,-0.1620672047138214,-0.4174940288066864,-0.1687504649162292,-0.4639689922332763,-0.1490081846714019,-0.4134280979633331,-0.1397747695446014,-0.3865967988967895,-0.1443917006254196,-0.4370376169681549,-0.1513272225856781,-0.470853179693222
U,0.0,0.0,0.9855550753035299,4.358174952906124,1.0626717762118076,3.729150453262491,1.0053089431102455,3.0408771330974878,0.943642097044773,2.5593686023316984,1.1189135801259813,3.0062489561387435,1.1261792874190384,2.2634137355764428,1.1159223879580251,1.774289247220723,1.1065594399818608,1.3559407852868417,1.0072493443409622,2.9289069916575015,1.0098533912886092,2.0180224929937793,1.0043385198696888,1.4520025488486465,1.0,1.0,-0.2414429932832718,-0.3358351290225982,-0.2293953746557235,-0.2989896237850189,-0.2290579080581665,-0.365163117647171,-0.2311764359474182,-0.4126964211463928,-0.2126060724258422,-0.3586733341217041,-0.209682211279869,-0.3303181827068329,-0.2116533815860748,-0.3812744617462158,-0.2143382132053375,-0.4184896945953369
U,0.0,0.0,0.936848623054474,4.491467889564553,1.006524657263828,3.8407537271517174,0.9743258850955474,3.120797957584549,0.9366350012399055,2.534080747341002,1.0313324036516243,3.056237318116467,1.0516301688591734,2.297500381122931,1.0536180318326205,1.7889682706874823,1.0559193834140683,1.342165971327452,0.9526950908647331,2.9669277514842185,0.977481001426313,2.0688488127840587,0.9888923881513989,1.4758438666873777,1.0,1.0,-0.3245207071304321,-0.3164936006069183,-0.3261254727840423,-0.2812277376651764,-0.324048638343811,-0.3513738811016083,-0.323501855134964,-0.399276852607727,-0.2950796782970428,-0.3346898853778839,-0.3021309971809387,-0.31337970495224,-0.3031555116176605,-0.3701918721199035,-0.3036473989486694,-0.4081569612026214
U,0.0,0.0,1.0006719594353717,1.6676698342876268,1.0697079152759055,1.549422358255362,1.019496047004827,1.4193389733424102,0.9594633527169382,1.3143912807474614,1.1055599150702968,1.3777726027929533,1.1048841211964444,1.2385935590823396,1.0902927355423015,1.1426167432461558,1.078077354511041,1.0516001764420637,1.0157714600049412,1.3425097462334927,1.0129456861116224,1.197314565349736,1.0051601178602756,1.0924195498119598,1.0,1.0,-0.2673520147800445,-0.6154699921607971,-0.2531983852386474,-0.6168590784072876,-0.2543110251426697,-0.680044949054718,-0.258602499961853,-0.72099769115448,-0.2427840232849121,-0.6272040605545044,-0.2365588992834091,-0.6386433839797974,-0.2387341111898422,-0.6895062923431396,-0.2436552047729492,-0.7199289202690125
U,0.0,0.0,0.891329334071538,1.9521648373349776,0.9574576853527463,1.7779537077880254,0.9416392098136134,1.5681255179312652,0.9131900602515173,1.4006299151561685,0.9861382808619467,1.5722036325784075,1.019045589279167,1.3613830448913753,1.0309260486688385,1.2207063613494546,1.0412635605226188,1.099237660547157,0.9224847676582684,1.530845356106006,0.960407247158852,1.2795992757729058,0.9817763797044803,1.1225350163061836,1.0,1.0,-0.3341455161571502,-0.4986047148704529,-0.3387110233306885,-0.4654297828674316,-0.333966314792633,-0.5262832641601562,-0.3310670554637909,-0.5686162114143372,-0.3068269789218902,-0.5111803412437439,-0.3158261775970459,-0.4902771115303039,-0.3150858581066131,-0.5400943756103516,-0.3135146498680115,-0.5740438103675842
U,0.0,0.0,0.9102127664924656,2.399589566969749,0.9821594457272835,2.1349009115875273,0.9452052370969295,1.8321011103987248,0.8989171464740444,1.629259859415601,1.022608482927383,1.821236090760884,1.0521971932884921,1.5118712087757773,1.059349490400739,1.3010554608102356,1.0615353860036583,1.1247430636263582,0.937144814416206,1.7712388930872458,0.9707644994748101,1.3987781857061647,0.9880417859898639,1.1728138620922846,1.0,1.0,-0.2832186818122864,-0.4371164441108703,-0.281053364276886,-0.4037482142448425,-0.2783609926700592,-0.4635057151317596,-0.2770934998989105,-0.5071504712104797,-0.2543135583400726,-0.4565334618091583,-0.259988784790039,-0.4301476776599884,-0.259134829044342,-0.4791189432144165,-0.2570596039295196,-0.5160571932792664
U,0.0,0.0,0.9152536165264503,2.714212875205619,0.9916736820105646,2.389024285934905,0.9439541540932576,2.0190484385796794,0.883770914410817,1.791864541151129,1.0512995092790456,2.0450820784063857,1.0764977870125623,1.6692444223846696,1.076205106900639,1.4070592611764292,1.071974500524727,1.1819510082256202,0.9516588063229553,1.9781744249580637,0.9761282051746142,1.5301933194809185,0.9886535085893468,1.2379322716105403,1.0,1.0,-0.2387485057115554,-0.4080307483673095,-0.2281440496444702,-0.3752639293670654,-0.2265257984399795,-0.4357408285140991,-0.2283949106931686,-0.4810131788253784,-0.2106815725564956,-0.4296368956565857,-0.2068953663110733,-0.4062511920928955,-0.2077342271804809,-0.4531557261943817,-0.2106126844882965,-0.4898135662078857
U,0.0,0.0,0.990897924119773,3.060932067534309,1.0684974726919871,2.678616544320823,0.980211593821142,2.2674404910510884,0.881079040683746,1.9673562251535621,1.1391212184293056,2.246372853922999,1.142347423086885,1.7845239774101618,1.1286525778233654,1.4725524560610572,1.1200405663236919,1.2066799286206558,0.9931215238530559,2.2055704193312256,0.9929952092163193,1.6549913632853503,0.9941699213341292,1.2962338309722108,1.0,1.0,-0.1825404167175293,-0.4117705523967743,-0.1643630266189575,-0.3722723126411438,-0.1675510704517364,-0.4393514692783355,-0.1743765622377395,-0.4869261384010315,-0.154257670044899,-0.4404031038284302,-0.144336998462677,-0.4099629521369934,-0.1488382816314697,-0.460127979516983,-0.1561309248208999,-0.495247334241867
U,0.0,0.0,0.9174416057527611,1.9418099729507847,0.9752813919900777,1.7695932692985747,0.9659893991805185,1.5778478505580913,0.937500622308595,1.4299226829478509,0.9795038355910476,1.5654032962259075,1.0103447474729166,1.3598109776110503,1.0197167787417851,1.2275935078400937,1.025929524796221,1.1072187538904465,0.9261596704713231,1.5236141303638107,0.9633792773663236,1.2864592864474462,0.9845119836849194,1.1314705039929587,1.0,1.0,-0.4057952165603637,-0.5226382613182068,-0.41874960064888,-0.5033500790596008,-0.4167049527168274,-0.5665452480316162,-0.4129925966262817,-0.6094679236412048,-0.3779473602771759,-0.5321225523948669,-0.3945669829845428,-0.5286734700202942,-0.395947515964508,-0.5779640078544617,-0.3923495709896087,-0.6100927591323853
U,0.0,0.0,0.932201351144809,1.9578202998428302,0.9881675577915309,1.788802780007007,0.97665002056442,1.5964270624985444,0.9469664022252086,1.4655299502545738,0.9772830920430147,1.5636472427623398,1.0018728973766278,1.3460647398516545,1.014602706315903,1.2095969254759524,1.0245246874821108,1.0903515979878933,0.9342541379920375,1.5308763754672057,0.9640813754959613,1.2786753310461978,0.9856920672398612,1.1254739426870206,1.0,1.0,-0.4713875353336334,-0.5016883015632629,-0.4938378930091858,-0.4759161472320556,-0.4967887103557586,-0.5299073457717896,-0.4934810400009155,-0.5685680508613586,-0.4462324678897857,-0.5113826394081116,-0.4711227416992187,-0.4964261353015899,-0.4734035134315491,-0.5423526763916016,-0.4678473770618438,-0.577141284942627
U,0.0,0.0,0.9387268286973064,2.3091763224412323,0.9954930185192209,2.06232297681321,0.9706525746821939,1.7996453129514847,0.9405477529019017,1.5914268994601168,1.0049766077900049,1.7858050885812446,1.0287289523775835,1.4799954247580773,1.0337688790518855,1.2868327546882712,1.0366606214458225,1.1171572277419533,0.9449185785301999,1.7494202773499425,0.9735819843868322,1.4069628316844673,0.9888192891192908,1.183488596103709,1.0,1.0,-0.390468955039978,-0.4508192539215088,-0.3990346491336822,-0.4181762933731079,-0.3981119990348816,-0.4826972484588623,-0.3956514596939087,-0.5273604989051819,-0.3624230623245239,-0.4665098488330841,-0.3758604228496551,-0.4448029398918152,-0.3788869082927704,-0.4956266283988952,-0.3774702847003937,-0.5314734578132629
V,0.0,0.0,0.9404666741854786,1.6190171326502303,0.9324939305380502,1.515064195483456,0.9656307030023144,1.4296312344589883,0.9916547783698293,1.3590062013377349,0.9275307727162103,1.3454485682786197,0.9118962608420937,1.2065321865846195,0.902502197933382,1.114712928355222,0.8964581284621985,1.0335246832569076,0.9631430645226181,1.3403193200557373,0.97467116740107,1.1846647557651764,0.9866269027045957,1.0886889750647617,1.0,1.0,-0.7179983854293823,-0.6348363161087036,-0.7301670908927917,-0.6269597411155701,-0.7198435068130493,-0.6709314584732056,-0.7126704454421997,-0.6880806684494019,-0.7358901500701904,-0.664145290851593,-0.7443508505821228,-0.6572039127349854,-0.734575629234314,-0.6881083250045776,-0.7248200178146362,-0.7012174129486084
V,0.0,0.0,0.9495572820420071,1.9393135255883387,0.9433205026382215,1.76683203040525,0.9757142398435678,1.6238916876936216,0.9988383240674483,1.5134310956562753,0.9309852112805269,1.5277369948119868,0.9137880333781556,1.3233258902811487,0.9022733364001185,1.190937323098511,0.8948335974176096,1.0725811138660921,0.9666963843389506,1.5257262676586332,0.9784301139952871,1.2877617330962707,0.9880913882314086,1.1348346799822806,1.0,1.0,-0.7258917689323425,-0.5124093890190125,-0.7391014695167542,-0.496654063463211,-0.7288787364959717,-0.542069137096405,-0.7221329808235168,-0.562311589717865,-0.745140016078949,-0.5429313778877258,-0.7537981271743774,-0.5253586769104004,-0.7445911169052124,-0.5576748251914978,-0.7359572649002075,-0.5741737484931946
V,0.0,0.0,0.9573129439160908,1.9420237278752688,0.9537616951797374,1.7751255411774776,0.9877282902764288,1.633783204890419,1.0127973258927436,1.5195284742025366,0.9412927294109403,1.525350229391932,0.9261922432139841,1.323513418116416,0.9166873974824498,1.1894262330905394,0.9110823181632822,1.0735412928805996,0.9743218383559501,1.5173947574114734,0.9831638045875709,1.2785004586124735,0.9907794397448374,1.1292574953122312,1.0,1.0,-0.7472758293151855,-0.4942292273044586,-0.7624691128730774,-0.4754534363746643,-0.7533672451972961,-0.5204012989997864,-0.745470404624939,-0.5398210287094116,-0.7657510042190552,-0.5224376916885376,-0.7759426832199097,-0.5052768588066101,-0.7668287754058838,-0.5381672382354736,-0.7569553852081299,-0.5536031126976013
V,0.0,0.0,0.9497758325567404,1.5225434304280507,0.9449859028804886,1.4354288471954326,0.974842687698808,1.3634594616408717,0.995054143274567,1.3022744100063497,0.9411978977918475,1.2888074746751799,0.9321059392061366,1.1746571696050871,0.9271526187509822,1.0992252044184914,0.9241069302596396,1.0323027367638964,0.9716009951747798,1.2865763574236386,0.9813382418714102,1.1497478312635907,0.989958038424741,1.0724618864314959,1.0,1.0,-0.7331321835517883,-0.6565892696380615,-0.7457877397537231,-0.6512742042541504,-0.7358070611953735,-0.692122220993042,-0.7289189696311951,-0.7082415819168091,-0.7491697669029236,-0.6832724809646606,-0.7575079798698425,-0.6812493205070496,-0.7488433718681335,-0.709858775138855,-0.7409247159957886,-0.7203725576400757
V,0.0,0.0,0.943397302788039,3.4615814296005323,0.9388036337260616,2.978563872185197,0.9699241930669713,2.5864250177187382,0.9920579239427307,2.3109111394548933,0.9363399886385884,2.4272334617171825,0.9251052695767714,1.8451579902383648,0.9167227783465616,1.4771011610335145,0.9111015273716947,1.1662470888154495,0.9710210186115328,2.4409884091909166,0.9794330366742516,1.7672191379569655,0.9880840776555695,1.3628223340011707,1.0,1.0,-0.7443097829818726,-0.3358248174190521,-0.7589279413223267,-0.3055596351623535,-0.7466553449630737,-0.3478355407714844,-0.7383163571357727,-0.3725794851779938,-0.7637194991111755,-0.3701419234275818,-0.774622917175293,-0.3461751639842987,-0.7626191973686218,-0.3726350665092468,-0.7517884969711304,-0.3886466026306152
V,0.0,0.0,0.8386983792678229,8.299985994514206,0.8072428160382646,7.08163663374632,0.8730002583533165,6.194919270205477,0.9356905603754305,5.517447062141514,0.8235555569156866,5.194944531241511,0.807164778518405,3.5724771099839954,0.7968614904087137,2.4990474351095164,0.7922945640142822,1.522971554794386,0.9034181400107465,5.261303034585881,0.9361186795246299,3.309525393096897,0.9651012023415444,2.178109169883986,1.0,1.0,-0.7198733687400818,-0.5444411635398865,-0.7428577542304993,-0.5157045125961304,-0.7101686000823975,-0.6238918304443359,-0.6902937889099121,-0.6640413999557495,-0.7621907591819763,-0.6213647127151489,-0.7764847278594971,-0.6052291989326477,-0.7487185001373291,-0.6781162023544312,-0.7251077890396118,-0.7052772045135498
V,0.0,0.0,0.95217565915539,1.7487486142277782,0.9238578828113044,1.6096690628024226,0.9505802886437009,1.490513922520718,0.9849196391637236,1.4180941353133503,0.9293996803029415,1.4154248598028156,0.912252411367663,1.237014169741074,0.903354889959324,1.132688799579655,0.898461971593804,1.0398641767139556,0.9757886096895598,1.4106607615513889,0.9808007940078053,1.2200504864817656,0.9877848353793255,1.1094446627872088,1.0,1.0,-0.6039103269577026,-0.6153327226638794,-0.6049976944923401,-0.604988694190979,-0.5946444272994995,-0.6555191874504089,-0.5918399095535278,-0.6756614446640015,-0.6250094771385193,-0.6426977515220642,-0.6219826340675354,-0.6382274627685547,-0.6118302941322327,-0.672533392906189,-0.6072576642036438,-0.6850194334983826
V,0.0,0.0,0.9025927761566267,2.919457044194423,0.828552483826307,2.598167649092288,0.866739255188559,2.331753499207652,0.9346247808316225,2.1663038658149234,0.8579619011977888,2.078200865569037,0.8229184341535813,1.6246582851551497,0.8056821812057205,1.3574295712785784,0.7979082008933731,1.1151030061767049,0.9562651361152152,2.013200642434117,0.9592488216940198,1.5853414260820122,0.975563801778564,1.2996838095538108,1.0,1.0,-0.5569099187850952,-0.6400222182273865,-0.5448144674301147,-0.6764957904815674,-0.5250990986824036,-0.7541165351867676,-0.5186831951141357,-0.775436282157898,-0.5948296785354614,-0.6862868070602417,-0.5749905705451965,-0.7514185905456543,-0.5580206513404846,-0.8050136566162109,-0.5532965064048767,-0.8115553259849548
V,0.0,0.0,0.9552820384126018,1.7313286099500573,0.9317760484859345,1.597264984330754,0.9580783221833307,1.4815452552648765,0.9880103298201224,1.406263465167763,0.9323029453481049,1.4092799376336382,0.9184864494960344,1.2366093953351953,0.9107603244877904,1.1336999501217544,0.9065269438045398,1.0433268638678497,0.974207131331274,1.408555885282509,0.9808169025371993,1.2172638105632752,0.9885092932951214,1.1100019420766367,1.0,1.0,-0.6758773922920227,-0.6306217908859253,-0.6815322041511536,-0.6148937940597534,-0.6713220477104187,-0.6668861508369446,-0.6672408580780029,-0.6875455975532532,-0.6972895860671997,-0.6590734124183655,-0.698648989200592,-0.6474074721336365,-0.6889929175376892,-0.6831316947937012,-0.6831153631210327,-0.6979732513427734
V,0.0,0.0,0.8435564055883088,3.5781120081280178,0.8454489274686967,3.102797818624218,0.906407168048648,2.7804735223697827,0.9533511693340747,2.5137811899579985,0.8512573575811656,2.4609695354779113,0.8465714333016968,1.8576652434931293,0.845419707226364,1.4610538923523917,0.846563715991645,1.098953004984495,0.9068014764203529,2.497520638540358,0.9395512338032956,1.798117393683437,0.9680064730422159,1.4068466961929011,1.0,1.0,-0.861015260219574,-0.60804283618927,-0.8973841071128845,-0.590059220790863,-0.8658811450004578,-0.6799046397209167,-0.8443784117698669,-0.7089644074440002,-0.8969413042068481,-0.6741301417350769,-0.9268844127655028,-0.6553916931152344,-0.9006221890449524,-0.7134526371955872,-0.8751935958862305,-0.7295197248458862
V,0.0,0.0,1.0092619099125582,1.7503223191510997,0.9660864499272862,1.6200801751880851,0.9786382855146507,1.4953637888290383,1.002161856640006,1.408508051175774,0.9745226293743836,1.4302894069356265,0.9460686593287044,1.265320865456639,0.9319822103465952,1.1660681216978577,0.9230880334536031,1.0810017172213382,1.0217650688721118,1.4141645696706344,1.0057567201215591,1.2238908597707603,0.9983592904601726,1.1095515603225912,1.0,1.0,-0.5405024886131287,-0.5990927815437317,-0.5291204452514648,-0.5894204378128052,-0.5233964920043945,-0.6371370553970337,-0.5255728960037231,-0.6567169427871704,-0.5635002851486206,-0.6182577610015869,-0.5497764348983765,-0.613493800163269,-0.5437628626823425,-0.646139919757843,-0.5457813739776611,-0.658052384853363
V,0.0,0.0,0.9132621577518101,2.367528882229067,0.8447463997797818,2.1641668696084517,0.8892602942939788,2.0032666266050807,0.9515481394656815,1.8753491983157928,0.8578490155589003,1.77260784312931,0.8173890787755687,1.4414854609263792,0.7955132556109803,1.240428272674338,0.7823253064618413,1.0536438957204746,0.955168966595692,1.7195361014187558,0.9614942507605582,1.423770729946144,0.97841646883043,1.2215014828594897,1.0,1.0,-0.5232447385787964,-0.6530959010124207,-0.5130966305732727,-0.7091588377952576,-0.4930684268474579,-0.7785026431083679,-0.4850463569164276,-0.7945718169212341,-0.5563935041427612,-0.6960698366165161,-0.5385721921920776,-0.7709282636642456,-0.5202661156654358,-0.8192902207374573,-0.5121678113937378,-0.8269802927970886
V,0.0,0.0,0.9428907747915651,1.6581956546753145,0.9163069417844261,1.53513347939799,0.9404156599561105,1.4350548058791222,0.9714294431770292,1.368472282577249,0.9209782270833903,1.3596767703288142,0.8986154273506175,1.200810960674971,0.8861833333015509,1.106138340179867,0.8792361034744837,1.0212218159598505,0.9717849833639822,1.343911488139463,0.978442462770514,1.1893241524276033,0.9870093285862998,1.0935492591258449,1.0,1.0,-0.5713050365447998,-0.6246722936630249,-0.564581573009491,-0.6396923661231995,-0.550941526889801,-0.6828737854957581,-0.5463650822639465,-0.6971995830535889,-0.5900023579597473,-0.6531696319580078,-0.5784546732902527,-0.6798235774040222,-0.5672221779823303,-0.708068311214447,-0.5635344386100769,-0.7136135101318359
V,0.0,0.0,0.8705092865834895,2.5451591628992793,0.8183197232685108,2.2893197477796017,0.8622041149615152,2.094168544049357,0.920381237706045,1.965095876312132,0.8373401025887572,1.8501140337916504,0.8014501137848499,1.4813935966746583,0.7824219009412386,1.2586204087954964,0.7733147285204788,1.0551559458898443,0.931189746175136,1.8214025341879894,0.9485036450436478,1.4782669912064283,0.9711020153901841,1.2504602362106088,1.0,1.0,-0.5147783756256104,-0.598869800567627,-0.4999937713146209,-0.6422228217124939,-0.4761670529842376,-0.7036145925521851,-0.4684227406978607,-0.7130454182624817,-0.5440750122070312,-0.6469935774803162,-0.5202672481536865,-0.7101296186447144,-0.501592755317688,-0.7520387172698975,-0.4966982305049896,-0.7533553242683411
V,0.0,0.0,0.9276810612060735,1.7254302004821098,0.9140861614263519,1.5922227230314303,0.9473057568336206,1.4855922910702795,0.9743477953033962,1.4022809221672448,0.9109764941130839,1.4007231865930039,0.8977761516239867,1.2235415260791649,0.8898644248025784,1.11559955405602,0.8852825996804666,1.0182887783198455,0.9519209161539371,1.3971199778496748,0.9684445638651135,1.2123830380453502,0.9832679915617863,1.1028160011377635,1.0,1.0,-0.6687605977058411,-0.593623697757721,-0.6767860651016235,-0.5877348184585571,-0.6636678576469421,-0.6353134512901306,-0.6561133861541748,-0.6532008647918701,-0.6881393194198608,-0.6244480609893799,-0.6909264326095581,-0.6275450587272644,-0.6786186099052429,-0.661239504814148,-0.668911337852478,-0.6730414032936096
V,0.0,0.0,0.869103124178668,2.8992053547509924,0.8420640259936699,2.574597189493942,0.8969397422675333,2.3506407266493934,0.9516443095585124,2.1888626782443867,0.8483540449520588,2.0601008715615627,0.8282310654119117,1.5979014570196568,0.8182551501332801,1.3061100783640827,0.812186096898171,1.048692267915913,0.9200307507617848,2.032226445295937,0.9484088433664941,1.5552474063096826,0.9737926876800489,1.2675709931271661,1.0,1.0,-0.645392656326294,-0.5592116713523865,-0.6496361494064331,-0.5620726943016052,-0.626552402973175,-0.6344903707504272,-0.6135775446891785,-0.6621350646018982,-0.6761800050735474,-0.6083918809890747,-0.6702485084533691,-0.6355080604553223,-0.6480183005332947,-0.686979353427887,-0.6327383518218994,-0.703873872756958
V,0.0,0.0,0.8698617388229769,7.104862454001817,0.8429464449095068,6.044108760913936,0.8962611921948219,5.208012844088413,0.9450750087283994,4.596391845062513,0.846945596769965,4.497269153220955,0.8243180885924677,3.074995342608703,0.8123635580489904,2.16414623315004,0.8052223674231526,1.3807175063605186,0.9186879518114643,4.535638495693546,0.9468549176274074,2.939475911147286,0.9717735497026608,1.956246988163008,1.0,1.0,-0.6298840641975403,-0.4350787401199341,-0.6386184692382812,-0.4234404861927032,-0.6148257851600647,-0.4991360604763031,-0.6026691794395447,-0.5233078598976135,-0.658949077129364,-0.4930249154567718,-0.6580296158790588,-0.4987421631813049,-0.6385738849639893,-0.5528955459594727,-0.6255357265472412,-0.5672783851623535
V,0.0,0.0,0.8725500818227653,2.0234573061682504,0.8408965484218957,1.84338338534909,0.8869565217391304,1.735801662166427,0.937633214315557,1.6618565767787636,0.8610557436952344,1.5527752568643265,0.8413436396531053,1.3039594627765894,0.8323346856231346,1.146479783988498,0.8289102409429288,1.0047488164954237,0.9287271607453523,1.5400653645194096,0.9519210745962612,1.312396675667146,0.9745884685763966,1.1545314724550269,1.0,1.0,-0.6242212653160095,-0.6826299428939819,-0.6212172508239746,-0.7180352210998535,-0.5986972451210022,-0.774019181728363,-0.5873822569847107,-0.7924469709396362,-0.6498598456382751,-0.7291251420974731,-0.6385790705680847,-0.7842992544174194,-0.6181405782699585,-0.8227306604385376,-0.6062389016151428,-0.8299969434738159
V,0.0,0.0,0.8819923670508824,2.480903371329707,0.8768752874758206,2.1886439721639266,0.9289342623802133,2.0041477607573532,0.9673941105969679,1.8630558700578168,0.8789519326470522,1.8124028195350923,0.8693300715719583,1.4488337903920152,0.8642762396683175,1.2185265179525326,0.8625485334157068,1.0196662550680238,0.929950372511238,1.8396487931295242,0.9568596645831624,1.4585598171559802,0.9777380160218395,1.2072230388396044,1.0,1.0,-0.72524094581604,-0.5363542437553406,-0.7363477945327759,-0.5222646594047546,-0.715472936630249,-0.5820120573043823,-0.7029919624328613,-0.6132860779762268,-0.7486235499382019,-0.5876413583755493,-0.7535404562950134,-0.5713770389556885,-0.7355488538742065,-0.6125288009643555,-0.721201479434967,-0.6369473934173584
V,0.0,0.0,0.8678748864974705,1.7609877100663267,0.8792269394290411,1.6060825284878897,0.9281327875058187,1.5103644265081024,0.964650486977428,1.4285258151208913,0.8775791277744255,1.385641844730773,0.8800601220718147,1.1871303840191014,0.8814470752139275,1.0621956099065162,0.8837437101114243,0.9501596282209269,0.918383269830993,1.4082486250552637,0.9504379903039278,1.2070811146684615,0.9755931138891096,1.0993525242528424,1.0,1.0,-0.8156275153160095,-0.7061547040939331,-0.8381533622741699,-0.6987207531929016,-0.8182731866836548,-0.7545320391654968,-0.804523229598999,-0.7774739265441895,-0.8341146111488342,-0.7543280720710754,-0.8534442186355591,-0.7433561086654663,-0.8363426923751831,-0.780190110206604,-0.8211877942085266,-0.7957360148429871
V,0.0,0.0,0.8830645613517303,4.454029219170625,0.8784852062274036,3.857591119051905,0.922336456873017,3.4118289438581666,0.9576586733564525,3.0373975278446457,0.8825795026931307,3.014773296273454,0.8721094960525345,2.1831223347532003,0.8656422194348115,1.6525325941811415,0.8622248210728252,1.1855350939492377,0.9269879731424777,3.0401798950955503,0.9540815317641851,2.105193520497547,0.9770772522688703,1.5151514134631772,1.0,1.0,-0.77790367603302,-0.4098186194896698,-0.7913148403167725,-0.392179936170578,-0.7713033556938171,-0.4497349262237549,-0.7582076191902161,-0.477851927280426,-0.8019633889198303,-0.4538154602050781,-0.8130987286567688,-0.4309704303741455,-0.7945230603218079,-0.469709038734436,-0.7776063680648804,-0.491295576095581
V,0.0,0.0,0.9014402920002411,2.459874723663571,0.8728483483871469,2.1815642413265164,0.9028357274022643,1.9991286560046269,0.9430290802826709,1.8911353130727515,0.8929626313799265,1.8196267483345294,0.8824503794993186,1.4404517781035384,0.878713061494917,1.2202883735882795,0.8806754532230631,1.0159543085552913,0.947028427700233,1.7998596218963248,0.962247666857341,1.4572692904668776,0.9792354989984109,1.2316448521111405,1.0,1.0,-0.7003994584083557,-0.4914837777614593,-0.6886340379714966,-0.5119467973709106,-0.6694087386131287,-0.5609538555145264,-0.6631792783737183,-0.5735771656036377,-0.7255821824073792,-0.5287535786628723,-0.708466649055481,-0.5730460286140442,-0.6901599168777466,-0.6087190508842468,-0.6830258965492249,-0.6153144836425781
V,0.0,0.0,0.9203462878311311,2.174901310366533,0.886850311127033,1.9504694439309997,0.9064585932897612,1.8014069829597399,0.9397097039734842,1.694182532109725,0.9128784540381574,1.6286516163518554,0.905990716321868,1.3204019523112507,0.9045403423235885,1.135502290518701,0.9096088459344034,0.9733369635265493,0.9656314260604527,1.628597363280762,0.9716869761249832,1.3616740519450674,0.9828951495297323,1.1859371643528347,1.0,1.0,-0.6760237812995911,-0.5112805962562561,-0.6514747142791748,-0.5408865809440613,-0.635049045085907,-0.5856550335884094,-0.633538544178009,-0.5939649939537048,-0.6987195014953613,-0.5504094362258911,-0.6681432127952576,-0.5943230390548706,-0.6547861099243164,-0.6255578994750977,-0.6557824611663818,-0.6287751197814941
V,0.0,0.0,0.9335402863229006,2.2162019814019374,0.9238860935019803,2.016748562642732,0.9614496562950765,1.8470503267783265,0.9921521441234943,1.7066421025342147,0.9178423397673555,1.6988943743636102,0.9022675385376284,1.4296185275980982,0.8936592333024417,1.2575258280907524,0.8873756621373128,1.103679267102584,0.9570858575684824,1.6819205162302633,0.971438915371727,1.3704731684655018,0.9856585785823615,1.1772156752932736,1.0,1.0,-0.7667350172996521,-0.5235680341720581,-0.7798952460289001,-0.5119085907936096,-0.7681654691696167,-0.5694407820701599,-0.7592344880104065,-0.5955067276954651,-0.7903924584388733,-0.5574911832809448,-0.7998783588409424,-0.5435177087783813,-0.7879852056503296,-0.5836523771286011,-0.7756056785583496,-0.6044833064079285
V,0.0,0.0,0.9091189676239964,2.0950032729228614,0.88627412453738,1.8745621432246609,0.9081694811907886,1.7343744437733253,0.9428168924592403,1.6589184473215044,0.9173658444909375,1.597216994299376,0.9158076204857377,1.3033449952486695,0.9164027783983161,1.1260935112480583,0.9221097560045356,0.9739351815377971,0.9632841215976352,1.614009568800924,0.9733249385331805,1.3553199829204976,0.9837661877713155,1.1811549673048138,1.0,1.0,-0.7125327587127686,-0.5211184024810791,-0.689422607421875,-0.538442075252533,-0.672532320022583,-0.5810567736625671,-0.6717029809951782,-0.5917195677757263,-0.7331061363220215,-0.5576825737953186,-0.7036410570144653,-0.5869798064231873,-0.6900742053985596,-0.6178996562957764,-0.6914304494857788,-0.6232588291168213
V,0.0,0.0,1.023992786402143,2.0812975773016773,1.07132058706089,1.8844278969634047,1.0397176048905494,1.68899356511034,1.0010718416607771,1.5498967386317122,1.0728990302509949,1.637073254222993,1.110137991927819,1.3864779676430532,1.1299985565305743,1.2347622204648259,1.1442013958536807,1.1064126186113794,1.006110487274036,1.60573799141946,1.005822843184856,1.3343645378912,1.0027943318517463,1.1491362235518405,1.0,1.0,-0.3745871782302856,-0.4728572964668274,-0.3730325698852539,-0.4704864621162414,-0.3789835572242737,-0.5247370004653931,-0.3830660581588745,-0.5633493065834045,-0.350943773984909,-0.4916034936904907,-0.3540138900279999,-0.5022602081298828,-0.3611564040184021,-0.5443817377090454,-0.3654691278934479,-0.5731184482574463
V,0.0,0.0,1.0611712663817259,2.696480625898858,1.1246081417577025,2.4026348556373978,1.0653676457483259,2.0936097361374255,0.9879866608057408,1.8796595438365964,1.135445707704147,1.9867190276530153,1.1895984212910424,1.6100735624187226,1.2167771707645207,1.377041703969827,1.2326749026673978,1.167836197193931,1.0339365781239824,1.9473726343177684,1.022656795794674,1.5357011980409494,1.0118785214302892,1.2458763775359658,1.0,1.0,-0.318411648273468,-0.4763515293598175,-0.3128945827484131,-0.4800706505775451,-0.3221857249736786,-0.5498135685920715,-0.3287253975868225,-0.5976123809814453,-0.2912513613700866,-0.50191330909729,-0.294338971376419,-0.5120282173156738,-0.3037379384040832,-0.5678845047950745,-0.3096897602081299,-0.6065497398376465
V,0.0,0.0,1.0237048409066756,1.837726061488743,1.0669066242460739,1.6834260691471656,1.0276600352288425,1.5213565319058107,0.9812072318953051,1.4130512419143797,1.0762230269111002,1.4895655095028484,1.1102866449196724,1.2920990429268284,1.124924567126402,1.169395034957122,1.1318983644671718,1.0645421301138631,1.0108645074241405,1.4713758281276819,1.0054876006710867,1.2543628055408114,1.0037255950099986,1.114600389775732,1.0,1.0,-0.352374792098999,-0.5072388052940369,-0.348964512348175,-0.4997998774051666,-0.3548021018505096,-0.5477765798568726,-0.3584838807582855,-0.5802134871482849,-0.3328064680099487,-0.5261572599411011,-0.3355759680271148,-0.522491455078125,-0.3422865867614746,-0.5611178874969482,-0.3463274538516998,-0.5888814926147461
V,0.0,0.0,1.364806638809119,2.7973428681379113,1.416194704641155,2.4458970591291838,1.2400251483819231,2.131980875805476,1.059277754278521,1.9239920968781163,1.4470316358670976,2.018677518238338,1.5019802033867957,1.6090500444975748,1.5212181385196382,1.3394451313103577,1.5325618388429718,1.0944953383043812,1.2263334264172019,2.014422630590776,1.1409424120938856,1.5780518943118058,1.0621734378040926,1.2721567372728437,1.0,1.0,-0.1774356365203857,-0.5035218000411987,-0.1535106003284454,-0.4903146028518677,-0.1675247251987457,-0.5641554594039917,-0.181607961654663,-0.6133891940116882,-0.1506794095039367,-0.5455214381217957,-0.1367303133010864,-0.5296598672866821,-0.149810329079628,-0.5861424207687378,-0.1628483086824417,-0.6252020001411438
V,0.0,0.0,1.062995386918643,1.8101310297175488,1.1062397995198374,1.6467278130741834,1.050466038313781,1.4940930201932192,0.9828232632520358,1.3991837163873835,1.1090035277393993,1.4572348613810022,1.1455756957496541,1.2666332503540274,1.1622857467968286,1.1486495062671749,1.172715860329608,1.0473058608367112,1.0297011708821011,1.4509466735881311,1.0181195590547847,1.2493938189009401,1.0094401312088077,1.1140221075110308,1.0,1.0,-0.3024718463420868,-0.5230344533920288,-0.2974657714366913,-0.5142635107040405,-0.3054730296134949,-0.5618976950645447,-0.3106184601783752,-0.5950914025306702,-0.2826558351516723,-0.5470353960990906,-0.2847529649734497,-0.5419949293136597,-0.2935320436954498,-0.579020082950592,-0.2988386750221252,-0.6062109470367432
V,0.0,0.0,1.1493475443665255,2.855110526175805,1.2173151675614644,2.512994204959933,1.11126261792924,2.1767564650540314,0.9947282621790448,1.9470898515583912,1.231167935995452,2.0627885705857185,1.2792624788525684,1.6388559974661236,1.2973988087595123,1.3659336310308983,1.3050953605425455,1.133320365806479,1.0851119338458632,2.0515745996565435,1.0516503307493335,1.5851855751009039,1.0246900740430775,1.2666839952825237,1.0,1.0,-0.2338965535163879,-0.4635351002216339,-0.2219862937927246,-0.4471914768218994,-0.2346445322036743,-0.5160393118858337,-0.2442631721496582,-0.5634419322013855,-0.2063633352518081,-0.4993301630020141,-0.2052787542343139,-0.4870039224624634,-0.2173416912555694,-0.5400811433792114,-0.225154846906662,-0.5777180790901184
V,0.0,0.0,1.0337333706181848,1.798357795845361,1.0729134594135628,1.645404560565718,1.0345848144148038,1.4938503467855937,0.9863809255318657,1.3970930084562398,1.0742849767497653,1.4579436556139895,1.1136187478078627,1.2738322396053416,1.1324068032547214,1.1619462418691633,1.1444977153912368,1.0629534219516044,1.0113759059789695,1.4420585505091903,1.0086960003032623,1.2413208568582428,1.0054037965368392,1.1094248127765078,1.0,1.0,-0.3740736544132232,-0.5185186266899109,-0.3729331195354461,-0.5110164880752563,-0.3805521130561828,-0.5629535913467407,-0.3846936821937561,-0.5991665124893188,-0.3534165322780609,-0.5397369265556335,-0.3570764660835266,-0.5398414731025696,-0.3651766777038574,-0.5800838470458984,-0.3687260746955871,-0.6088919043540955
V,0.0,0.0,1.1009099660315262,2.221957643459088,1.1613630745251708,1.997552377403915,1.0915251282953642,1.7830018412020094,0.9989904792846918,1.6373640470470103,1.1592058571875234,1.6656070778058565,1.2070071824810966,1.392229297348689,1.2315292230092025,1.2246542187047544,1.247162314585262,1.070086051239377,1.051453655589335,1.64159228889181,1.0338661517660543,1.373108666497338,1.01714512028061,1.1741259231952907,1.0,1.0,-0.310032457113266,-0.5121712684631348,-0.3039251863956451,-0.5295340418815613,-0.3172869980335235,-0.5974893569946289,-0.3271202743053436,-0.6421715617179871,-0.283432275056839,-0.5417836308479309,-0.2853860259056091,-0.5678133964538574,-0.2975891530513763,-0.6199159026145935,-0.306056261062622,-0.6523285508155823
V,0.0,0.0,1.3856706673698753,3.749590019179281,1.4525281495268334,3.223216042232394,1.267129658416861,2.738610356810544,1.0769760566724589,2.4235612692504898,1.4430234052897175,2.561637644556694,1.4993802899669482,1.9381753100017096,1.5203608655127745,1.5353957387820214,1.531348596639487,1.1729029072748334,1.2304716433124963,2.5616587227739704,1.136246963871888,1.8666591975085933,1.0621214605890517,1.406623022730294,1.0,1.0,-0.1954646706581115,-0.4321230947971344,-0.1799573302268982,-0.4098165929317474,-0.1976617574691772,-0.4851565062999725,-0.2114015817642212,-0.535338282585144,-0.1685270369052887,-0.4781640470027923,-0.1626887917518615,-0.464058369398117,-0.1795555502176284,-0.5205996632575989,-0.1925323158502578,-0.5594322681427002
V,0.0,0.0,0.9926075489385909,1.7170293431073964,1.0387653617602488,1.5840179440966722,1.0100012024214562,1.4479421437970823,0.9688045610001322,1.3514300299829416,1.0444578247106846,1.403844210060389,1.0809581128487182,1.2318917133102574,1.1000578378990176,1.1250317561777043,1.1134265714412963,1.0337765173065778,0.9851636513626679,1.384606233775607,0.9940621709723145,1.2134673019552225,0.9980143147485743,1.0954131225228783,1.0,1.0,-0.3683804273605346,-0.5256064534187317,-0.3694654405117035,-0.521347165107727,-0.3745905756950378,-0.5702161192893982,-0.3772942423820495,-0.6056467294692993,-0.347295194864273,-0.5435247421264648,-0.3519093096256256,-0.5435112118721008,-0.3579876720905304,-0.5823190212249756,-0.3605776727199554,-0.6117829084396362
V,0.0,0.0,1.1546156079455423,1.8658810642691233,1.2023542266866463,1.695960020144994,1.1191834613668785,1.5400016292238354,1.0254773954474419,1.4413125054542282,1.1960461846766095,1.4764297933464479,1.2341779026247828,1.2653282382232647,1.2538188639902996,1.1364565474560968,1.265148239477473,1.0230335362235035,1.0914249390063548,1.4718040955681526,1.0610290508958535,1.2639020696436831,1.0307232574392091,1.1215666541258558,1.0,1.0,-0.2739970088005066,-0.53143709897995,-0.2680260837078094,-0.5260232090950012,-0.2795628607273102,-0.5796327590942383,-0.2872082591056824,-0.6163684129714966,-0.2529037296772003,-0.5588783025741577,-0.2558654844760895,-0.5561184883117676,-0.2675690948963165,-0.5974282026290894,-0.2750634253025055,-0.6273504495620728
V,0.0,0.0,1.5795670818901826,2.866989389865378,1.5894670190987688,2.4908943024036505,1.3662918983667143,2.180553196014484,1.1412107328104708,1.9908855003414203,1.601558066446171,2.0266088488061906,1.6475391422453625,1.607161958946896,1.673132168323162,1.322572394814999,1.687909033752261,1.0691984498638112,1.364869207532618,2.046286825001693,1.2314592485345806,1.583207611737171,1.107750025698456,1.2718519066626461,1.0,1.0,-0.1738584637641906,-0.4584146440029144,-0.1510080844163894,-0.4438773691654205,-0.167946457862854,-0.5079017281532288,-0.1827035993337631,-0.5498114824295044,-0.153067260980606,-0.5067430138587952,-0.1386440396308899,-0.4875873923301697,-0.1542174369096756,-0.5356681942939758,-0.1684150993824005,-0.5697906017303467
V,0.0,0.0,1.0991464664518915,1.7355691799230295,1.1449572579852394,1.5920936625400544,1.0775225738086895,1.4556483147375197,1.0042650443467398,1.3606586879004587,1.150514101038676,1.4030620469072506,1.1900756715467402,1.22532550178577,1.2116730332639403,1.116305277182992,1.2246766518644556,1.0179760624905307,1.0623819287171434,1.3918821580840668,1.0463030986042652,1.2199422335833172,1.0241327480822249,1.1011051539189094,1.0,1.0,-0.2962683439254761,-0.5610613822937012,-0.2900132536888122,-0.5598894953727722,-0.2980712950229645,-0.6131161451339722,-0.303650438785553,-0.6494032740592957,-0.2758270502090454,-0.58333820104599,-0.2776105999946594,-0.5835235118865967,-0.2864003479480743,-0.626593828201294,-0.2922323644161224,-0.6582260727882385
V,0.0,0.0,1.5071532458821408,3.1834741088695275,1.5459088763182676,2.7469609630571905,1.319789709965834,2.380465699891407,1.1018434147785332,2.1521191109111166,1.544022605830331,2.2007254191023966,1.5833648050413565,1.6872159254216064,1.6020996878567781,1.3546691957453896,1.6072205048652213,1.0659038197906232,1.311886029551571,2.2235549884381296,1.1858534745007556,1.6839549819155832,1.0891871919776122,1.3208215475925962,1.0,1.0,-0.1741174012422561,-0.4327489137649536,-0.1561553478240966,-0.4140559732913971,-0.173501119017601,-0.4777002930641174,-0.1860813945531845,-0.5205130577087402,-0.1521918773651123,-0.4776966869831085,-0.1456538885831833,-0.4578768312931061,-0.1619573235511779,-0.5061194896697998,-0.1741945743560791,-0.5415298938751221
V,0.0,0.0,1.1203265771057491,1.7108022085728825,1.1602186060062385,1.5596653224794348,1.0852253590000656,1.4318113223949513,1.0088287625695878,1.3484204932740644,1.1514965574131804,1.3802051543570586,1.1797784896758774,1.2104371842960893,1.1924335950554241,1.1031395607954437,1.199324629878842,1.0102672069536132,1.064618748655338,1.3851841773225189,1.0410270775599402,1.2109981891122672,1.0203504361681153,1.0954164276535658,1.0,1.0,-0.2916695177555084,-0.5576062202453613,-0.2888783514499664,-0.5469461679458618,-0.29885333776474,-0.5951366424560547,-0.304507166147232,-0.628740131855011,-0.272368848323822,-0.5839280486106873,-0.2768903970718384,-0.572555422782898,-0.2873550951480865,-0.6113539934158325,-0.2933158576488495,-0.6416513919830322
W,0.0,0.0,0.9860687347794791,1.8601177649579639,0.9695188181684972,1.795917800757472,1.0002048183076975,1.7349305379951707,1.0358345151340638,1.6694656578403155,0.9575792593903945,1.508672288785946,0.9464071130873106,1.325095739330874,0.9400210900406804,1.2089172434703441,0.9342699765956844,1.0994997404332714,0.9928764319293187,1.4680855502713173,0.9913740086382099,1.250522197927444,0.9963223212041615,1.1162452241954344,1.0,1.0,-0.6746764183044434,-0.5498258471488953,-0.6927534937858582,-0.4938952028751373,-0.7082337141036987,-0.4526302814483642,-0.7208574414253235,-0.4142088592052459,-0.6929730772972107,-0.5780230760574341,-0.6949874758720398,-0.5673624277114868,-0.6922966241836548,-0.6020904779434204,-0.6907565593719482,-0.633732795715332
W,0.0,0.0,0.9913359300708592,1.9005294033188052,0.9763748389272805,1.8329199779627268,1.0084028486061407,1.7669940787205953,1.043690665507885,1.6964471469943143,0.9608289129706342,1.5422432571458522,0.9506195358683394,1.3515070554955833,0.9443192115391744,1.2305338131635999,0.9383824133363624,1.118546632614857,0.9959723103562556,1.4969189986801197,0.9933377093486588,1.2692948635978494,0.9974412788779393,1.1253111262449957,1.0,1.0,-0.6675128936767578,-0.5315245985984802,-0.6844559907913208,-0.4753093123435974,-0.6995669007301331,-0.4320819973945617,-0.711391270160675,-0.3919333219528198,-0.6858513951301575,-0.5577394366264343,-0.6888103485107422,-0.5478994250297546,-0.6867019534111023,-0.5817834138870239,-0.6852337121963501,-0.6129874587059021
W,0.0,0.0,0.9960209730699531,2.0940906778337154,0.9819976788318532,1.9908067575286097,1.0143468867488867,1.9054078504735008,1.0492629977860817,1.820447604515312,0.9680279174094614,1.640983853016722,0.9532559930033255,1.4118547502944498,0.9454402019099329,1.2704587787229307,0.9390786421940309,1.1395106406214763,1.0034680234947329,1.600855379008253,0.9960825219871529,1.323227175997113,0.9986064882878307,1.1521010245623873,1.0,1.0,-0.6702052354812622,-0.4821386337280273,-0.6850857138633728,-0.4161604046821594,-0.6990500092506409,-0.3721839189529419,-0.7097066044807434,-0.3311426639556885,-0.6893871426582336,-0.5101866126060486,-0.6914127469062805,-0.4821890592575073,-0.6883912086486816,-0.5130696892738342,-0.6862457394599915,-0.545257031917572
W,0.0,0.0,0.9817748587795545,1.9115565540039063,0.9525934669547822,1.8358810949051974,0.981370618737279,1.7855273396501001,1.0229702927748168,1.73505480947751,0.9458850502373178,1.5497187449545404,0.9261085148556207,1.3714900131277956,0.9161553338047793,1.2508899210693163,0.9095771454367515,1.1399604827931173,0.9905786767494401,1.505052566215235,0.9927226751654136,1.284490157478912,0.9960643326038069,1.1354570130214525,1.0,1.0,-0.610538125038147,-0.5785840749740601,-0.6220274567604065,-0.5195587873458862,-0.6286365985870361,-0.472036212682724,-0.6346441507339478,-0.4256621599197387,-0.6303305625915527,-0.609530508518219,-0.6271341443061829,-0.6137183308601379,-0.6227938532829285,-0.6503645181655884,-0.6203885674476624,-0.6786868572235107
W,0.0,0.0,0.979247253218644,3.5488881565528816,0.9353573846501037,3.3275047550286376,0.9665166373539884,3.123533812078499,1.0127335300360145,2.919668840948127,0.9288664759322084,2.4696782601311997,0.8966912265257667,1.9613341332827388,0.8814744145080039,1.6095788524098158,0.869683560623157,1.28152875601104,0.9883981009860623,2.362372657116446,0.9894467364078385,1.7613643477525849,0.9962299947964556,1.358617485100237,1.0,1.0,-0.5310847163200378,-0.3789920210838318,-0.5430139899253845,-0.3049588203430176,-0.5513749122619629,-0.2466405034065246,-0.5576270818710327,-0.1924948394298553,-0.5540940761566162,-0.4122449159622192,-0.5476870536804199,-0.3977043032646179,-0.5404233932495117,-0.4388563632965088,-0.5345010757446289,-0.4761717319488525
W,0.0,0.0,0.9805192223975902,1.7492151028465148,0.9373900586100351,1.6963659505354407,0.9536387602157368,1.6741332898796855,0.9927845705146661,1.6479926875477517,0.9341555661530763,1.455913081927134,0.9108388391373284,1.3118054954672078,0.8985138648635684,1.214754716978409,0.8896337359115836,1.1250097514518207,0.9845576711799298,1.4137902740372659,0.9863868711781415,1.2282945311548874,0.9931023350376224,1.1081507270992794,1.0,1.0,-0.5075320601463318,-0.5938210487365723,-0.5159528851509094,-0.5498372316360474,-0.5215274691581726,-0.5110563635826111,-0.5270329713821411,-0.4731255173683166,-0.5262079238891602,-0.6206331849098206,-0.5165761709213257,-0.6379724144935608,-0.5099136233329773,-0.672882080078125,-0.5059879422187805,-0.6994587779045105
W,0.0,0.0,1.0016854723723354,1.7341355687898257,0.9758860211297326,1.6668667754147113,1.000057773438752,1.6114960160868914,1.0288099890275602,1.5494648762849528,0.9582911880611189,1.4486296666105951,0.9365620561205767,1.3271463206482905,0.9273402530566889,1.239618291277059,0.919573336384493,1.1567493491321503,0.9977273147853514,1.3974363445841775,0.9937503131275245,1.2220988732694322,0.9977460460174467,1.104152436568356,1.0,1.0,-0.5465137958526611,-0.5444740056991577,-0.5514079928398132,-0.5097856521606445,-0.5541952848434448,-0.4787726104259491,-0.555757999420166,-0.4471343457698822,-0.5650372505187988,-0.5652369260787964,-0.560590386390686,-0.5808606743812561,-0.5546599626541138,-0.616914689540863,-0.5490058660507202,-0.6457419395446777
W,0.0,0.0,0.9722998230796278,2.6257237403832114,0.9634297154652117,2.455132503701302,1.0091859412591055,2.289855699103645,1.0462426651204764,2.125341996405829,0.9333135995132237,1.9671155842008312,0.9175578029596566,1.6283768385061475,0.9080739708963163,1.4055351268158256,0.8999970161353719,1.2053347643102519,0.9786946117650115,1.8855242915409576,0.9842899031671493,1.4861162424244765,0.9934847662806247,1.2212538677877702,1.0,1.0,-0.6119453310966492,-0.4487369954586029,-0.6321947574615479,-0.3861641883850097,-0.6499651670455933,-0.3370160758495331,-0.6638315320014954,-0.2920395731925964,-0.6316892504692078,-0.481552392244339,-0.639135479927063,-0.4838620126247406,-0.6357095837593079,-0.5283048152923584,-0.6318226456642151,-0.5678686499595642
W,0.0,0.0,0.9313129368196263,7.476220996608805,0.8846032476858007,6.994921116667039,0.9685516307018196,6.651397470213175,1.0543948712244144,6.22423998119215,0.8502400122911833,5.1773943599357874,0.7996697243313052,3.915979145541017,0.77114804341222,3.0392624791561773,0.7509078964368039,2.19738615604734,0.9439660715452621,4.787631656318167,0.9595243950557917,3.1400121203724254,0.9805855172547961,2.0327241873432107,1.0,1.0,-0.6128806471824646,-0.5495561361312866,-0.645219087600708,-0.4495532810688019,-0.6758342981338501,-0.3514150381088257,-0.704710841178894,-0.2523714303970337,-0.6522777080535889,-0.61441570520401,-0.641260027885437,-0.6643180847167969,-0.6254009008407593,-0.7512091994285583,-0.6155585050582886,-0.8143264055252075
W,0.0,0.0,1.0362648584190695,4.807523694292111,0.9109564431110339,4.633654154618454,0.9482852905840877,4.482247713983238,1.0435563675853146,4.214901950566635,0.878285610860807,3.424294879832698,0.7623405971596668,2.7571333475550657,0.6967379443746372,2.278722063388757,0.6455878902627684,1.8142625516284154,1.0056899021219448,3.1648372923486905,0.9904969428469917,2.220379850519826,0.9963137639292442,1.5695242758270542,1.0,1.0,-0.4502790570259094,-0.5381912589073181,-0.4508916735649109,-0.4623774886131286,-0.4468589127063751,-0.3881712257862091,-0.4440849721431732,-0.3135346472263336,-0.4921826124191284,-0.5891422033309937,-0.4658074975013733,-0.6515807509422302,-0.4444681406021118,-0.73358154296875,-0.4279292523860931,-0.7973162531852722
W,0.0,0.0,0.9628380657616973,2.615083106175626,0.965260530292517,2.4882692197785006,1.0121170417408467,2.3524347910356163,1.0456070895364564,2.1884021598411683,0.9383370917072362,1.9610109159943054,0.92817593664259,1.661546155050356,0.9193599834727095,1.4556452314275283,0.9132015752661128,1.2618299261747803,0.9747577797640666,1.8868985704594763,0.9817268222054355,1.4864734107450364,0.9922538812740695,1.2235945005056696,1.0,1.0,-0.6868487596511841,-0.4655210077762604,-0.7158946394920349,-0.4092755913734436,-0.7382424473762512,-0.3657135665416717,-0.7559596300125122,-0.3255427479743957,-0.7040122151374817,-0.4986785054206848,-0.7153409123420715,-0.4962330758571625,-0.7157352566719055,-0.5417890548706055,-0.7172824144363403,-0.5837491154670715
W,0.0,0.0,0.9364616810916712,3.141096851323202,0.9465274062437946,2.896363487491851,0.9998053794326376,2.7656819311522387,1.038886881024384,2.641624917785478,0.9390628932726737,2.2272903537236886,0.9390262932228407,1.7879930093770602,0.9384754743303219,1.4996650031096048,0.9387976812485059,1.2440723620951082,0.973740689516481,2.1679656856663096,0.9838687849479093,1.638979959758872,0.9934814757898971,1.2963497746239145,1.0,1.0,-0.7548036575317383,-0.3914519846439361,-0.7864953279495239,-0.3282610177993774,-0.8093056082725525,-0.2823476195335388,-0.8266406655311584,-0.2408066838979721,-0.7686254978179932,-0.4307511746883392,-0.7887058854103088,-0.4211109578609466,-0.7909135222434998,-0.4586700201034546,-0.791619598865509,-0.4964282512664795
W,0.0,0.0,0.9700777759596684,1.6430265971289566,0.9654707050789463,1.5904073364674611,0.9999623029969118,1.5422585272846518,1.0295870935403493,1.4884610911690823,0.9507948060986294,1.3808707173057637,0.9423061866581607,1.2638769024292114,0.9365291830728029,1.189794738153317,0.932308361485262,1.120346818866737,0.979964498536652,1.3473285053498163,0.9855244336646665,1.1862689439168639,0.9933958164611628,1.087940180175508,1.0,1.0,-0.7227593660354614,-0.6186637282371521,-0.74343341588974,-0.5794011354446411,-0.7601057887077332,-0.5493359565734863,-0.7729517817497253,-0.5185198783874512,-0.7380430698394775,-0.6470884680747986,-0.7483281493186951,-0.6507946252822876,-0.7484102249145508,-0.687899112701416,-0.746648371219635,-0.7195344567298889
W,0.0,0.0,0.9538659737433843,2.127355845368637,0.9624316748669829,2.000361066784123,1.0035079853075053,1.9148296795665642,1.0333122072503922,1.852532324452561,0.9443244342194815,1.6351619143473684,0.9455513073924616,1.4126594322696668,0.9454388695143893,1.2664864683555224,0.9458115972557815,1.147116968918202,0.9713818064498956,1.6006294665987069,0.9803597033047404,1.3104211156778993,0.9911984087975068,1.136582230036674,1.0,1.0,-0.7765482068061829,-0.481363445520401,-0.8054521679878235,-0.4276952743530273,-0.8260775208473206,-0.3926624655723572,-0.8399351239204407,-0.3629397749900818,-0.7912560105323792,-0.5167506337165833,-0.8103302717208862,-0.5097757577896118,-0.8108006715774536,-0.5441607236862183,-0.8085200190544128,-0.5762273669242859
W,0.0,0.0,0.9159511149847743,6.133871537187961,0.9013499408958923,5.5704394670324895,0.9382372833938208,5.234113267316449,0.9753396756883054,4.943369226813399,0.9019997017894172,4.036705978916863,0.8893602614415254,3.0227672780422985,0.8830183676198645,2.322347468938057,0.8798578734511111,1.6864327838417672,0.9460497857956458,3.872385028527617,0.968428337998638,2.5993374510039393,0.9855570773518285,1.7400441843582612,1.0,1.0,-0.7592233419418335,-0.340396374464035,-0.7885068655014038,-0.2722121775150299,-0.8089637756347656,-0.2149911522865295,-0.8259984850883484,-0.1628539860248565,-0.7795583009719849,-0.3833670616149902,-0.7797077298164368,-0.3810201287269592,-0.7666221857070923,-0.4235219061374664,-0.7554734945297241,-0.4604964256286621
W,0.0,0.0,1.0246017976324415,2.138878351411693,1.0101407753310194,2.0478365242131473,1.0485784080562024,1.9235224151897736,1.0825811481709542,1.7948833303696683,0.9812419583639498,1.6909706992274716,0.957247250906694,1.4465965265840792,0.9442653346006232,1.2949363799814277,0.933754223068699,1.1496730089107543,1.0179893841308978,1.622576116807935,1.0045052285034994,1.3419572046707369,1.0026440325638395,1.160592239148045,1.0,1.0,-0.6734004616737366,-0.4957882761955261,-0.6876339912414551,-0.4277204573154449,-0.6994839310646057,-0.3757637441158294,-0.7080947756767273,-0.3282803893089294,-0.6955713033676147,-0.5216820240020752,-0.7021364569664001,-0.5036451816558838,-0.7007637023925781,-0.5376791954040527,-0.699268639087677,-0.5712639093399048
W,0.0,0.0,0.9893864764800625,2.497890470800274,0.9687650811532585,2.3485771972936518,1.0114157853598456,2.201061140922776,1.055613556828006,2.0562061831052296,0.949464443266737,1.8727547271317069,0.9366584161347244,1.5733004195829536,0.9271750538850532,1.3798590426131168,0.917920962173877,1.1988153744411425,0.9921739917277561,1.7963326967850555,0.9910074691493267,1.4291192149387606,0.9964034687762764,1.1999580022155687,1.0,1.0,-0.6642170548439026,-0.4720704257488251,-0.6837860345840454,-0.4079850912094116,-0.6990220546722412,-0.3571310043334961,-0.7102243304252625,-0.308465838432312,-0.6874167919158936,-0.5030222535133362,-0.691565752029419,-0.4990773797035217,-0.6870856881141663,-0.5441441535949707,-0.6818514466285706,-0.5820866823196411
W,0.0,0.0,0.9974271507691195,4.087883673207142,0.942486125499196,3.8096224100299128,0.9814735708702258,3.5722589800811764,1.0432482939540153,3.326019046250934,0.9249704861744956,2.858759103812787,0.8754554619218433,2.2605944840952987,0.8456629393284703,1.8551881889526662,0.8220725121423808,1.4685445814439249,1.001434454571304,2.695656898883686,0.9972355651022009,1.948059284182238,0.9990698997511052,1.4438141583005213,1.0,1.0,-0.5359693169593811,-0.4435793161392212,-0.5517099499702454,-0.3621939122676849,-0.5609930157661438,-0.2910083532333374,-0.5685766935348511,-0.2249294817447662,-0.5665512681007385,-0.4837155640125274,-0.5580475330352783,-0.4888069629669189,-0.5475212931632996,-0.5442692041397095,-0.5380982160568237,-0.5913594365119934
W,0.0,0.0,1.0107025812494668,2.48741853034419,0.9653545821376955,2.354005607953226,0.979922877527438,2.2224663726358505,1.0133035158571742,2.0972238904806844,0.9553902244155259,1.8916790572931563,0.9132761337153472,1.6194803209290949,0.890005801030316,1.4305818853305026,0.870994885306081,1.251698084052246,1.0079496739102904,1.8083822856033,0.9981954467690917,1.4465222157200406,0.9987987268718035,1.204309656723034,1.0,1.0,-0.5127463340759277,-0.4364764392375946,-0.5192683935165405,-0.3809566497802734,-0.5215339064598083,-0.3338152170181274,-0.523709774017334,-0.2908588349819183,-0.5357920527458191,-0.4636410772800445,-0.5272493362426758,-0.469852477312088,-0.5180510878562927,-0.5082994699478149,-0.5105665922164917,-0.5420147180557251
W,0.0,0.0,1.0403790307614051,5.702866562531159,0.9459445752227217,5.405293894778824,0.9722856578264226,5.080345907142147,1.046879266312576,4.665755059988701,0.899427088459796,3.8472220412775444,0.8173754865991294,3.0316059689587562,0.7633265986486051,2.4874701053541166,0.7193510358616327,1.9587743029013924,1.0027188691139446,3.571762703978199,0.9924259215986525,2.4188491475289973,0.9968986889529884,1.6750347303001094,1.0,1.0,-0.4373025000095367,-0.4178634583950043,-0.4443447589874267,-0.333487719297409,-0.448272168636322,-0.26929771900177,-0.451141744852066,-0.2026154547929763,-0.474518358707428,-0.4613755643367767,-0.4563727974891662,-0.4847158789634704,-0.4423865079879761,-0.5439887642860413,-0.4304956793785095,-0.5878807902336121
W,0.0,0.0,0.8906227398084406,2.4087445868303794,0.9816814597330287,2.3641864983140013,0.9126210606021172,2.2958789304318556,0.815274250649487,2.2050619554736492,1.0278615916921139,1.885520734080004,1.1179831314089497,1.6308790659393957,1.1607064578137145,1.473332561891286,1.200171069858067,1.3133925667695574,0.9274362096180127,1.7796791823332405,0.9673042652183275,1.4298513125688237,0.9836604951904552,1.1998139802415744,1.0,1.0,-0.3045738339424133,-0.601770281791687,-0.2929203808307647,-0.5052793025970459,-0.2897657454013824,-0.4321663975715637,-0.2905214726924896,-0.3657211065292358,-0.2733365893363952,-0.63700932264328,-0.2667260766029358,-0.6447874307632446,-0.2691058218479156,-0.7026177644729614,-0.27403324842453,-0.7552191019058228
W,0.0,0.0,1.0155691625728547,2.647356183747695,1.1225739640150245,2.533629722274522,0.9942121803484731,2.4622279676998065,0.8448788159413358,2.401394455053779,1.132779982255563,1.9934773139556081,1.2232949517908274,1.6784178120265023,1.2588199701410956,1.4876322804689623,1.288485418563598,1.2944520839123637,0.991494301463587,1.8949287381466837,1.0132269746080627,1.4912464585742848,1.003624629744298,1.2394364276727303,1.0,1.0,-0.2401379942893982,-0.6220868229866028,-0.2129925638437271,-0.5267314314842224,-0.1941697895526886,-0.4509572982788086,-0.1855186969041824,-0.3729515671730041,-0.2085184156894683,-0.6741101145744324,-0.1857021600008011,-0.6808931827545166,-0.1871077120304107,-0.7476194500923157,-0.1978846490383148,-0.8065465092658997
W,0.0,0.0,0.9289975877666188,2.4178975660897724,1.0179522755528212,2.375771641718073,0.9501135350245615,2.325178900706227,0.8465224624886389,2.2446403255953933,1.051754176684657,1.88642714349149,1.1390127653484423,1.60956050761717,1.1810362392273126,1.439144547677424,1.2182511569205545,1.27655264839691,0.9485135326181857,1.784331535091774,0.9797967340731567,1.4335727130713336,0.991700615826385,1.1966130984205556,1.0,1.0,-0.3229263722896576,-0.6176056265830994,-0.3052950203418731,-0.5232295393943787,-0.2966152429580688,-0.4493995308876037,-0.29209765791893,-0.3845680356025696,-0.2930685877799988,-0.6552625298500061,-0.2866406440734863,-0.6755409836769104,-0.2895120978355407,-0.7372162342071533,-0.294996052980423,-0.7918421030044556
W,0.0,0.0,0.95301810717777,2.207137168054942,1.0161158696699464,2.160677445884012,0.9484283647918547,2.1223466236396953,0.8655191201761464,2.0815080805679087,1.0319961704923366,1.7460495393793274,1.099980173640631,1.5046147911354877,1.1319026307455697,1.3554822144881058,1.1593053208506015,1.210663035699611,0.9535429225728335,1.6677303883560344,0.981368903955194,1.359506335607695,0.9904412576072065,1.165196690745639,1.0,1.0,-0.3531524837017059,-0.564609944820404,-0.3390674293041229,-0.4840078949928283,-0.3304799795150757,-0.4228774011135101,-0.3275127708911896,-0.3673962950706482,-0.3293463885784149,-0.5978583097457886,-0.3206413090229034,-0.5960087776184082,-0.321164458990097,-0.6460630893707275,-0.3261511027812958,-0.6942479610443115
W,0.0,0.0,0.9643528607935117,2.1629510845802105,1.022128413639798,2.1134090612541305,0.9854224247129687,2.075764145556658,0.9288288819858925,2.0146991957739884,1.0423123629342563,1.7036570530515849,1.097184270280819,1.4793035468885902,1.1205052035440248,1.3363388980137323,1.1389340656374176,1.204893268409841,0.969856612583476,1.6309886706155292,0.9898994735013157,1.3350749688969854,0.9961111399988914,1.1488951205975562,1.0,1.0,-0.3926566243171692,-0.5442668199539185,-0.3763449788093567,-0.4655381441116333,-0.3688284158706665,-0.4118648171424866,-0.3638148009777069,-0.368979811668396,-0.3693570792675018,-0.5772191882133484,-0.3665085732936859,-0.577609121799469,-0.3717230260372162,-0.6149806380271912,-0.3770682513713836,-0.6496255397796631
W,0.0,0.0,0.907196071531407,5.356883546782123,0.9993356699308729,5.244334372823885,0.9315409450034955,5.0686822691170415,0.8268852285098739,4.77815011050895,1.0473007450775806,3.7025022455014303,1.146907553045836,2.842107844621395,1.1989924263834086,2.2989546560093665,1.2515102881060554,1.7801719700868939,0.9399408181526191,3.4184847659127855,0.9762333538364076,2.323998506363096,0.988397256437371,1.5941703755285765,1.0,1.0,-0.3961099982261657,-0.5207011699676514,-0.3686978816986084,-0.381147027015686,-0.3552547991275787,-0.2789769172668457,-0.3500669598579407,-0.1909259855747223,-0.3539505004882812,-0.5706864595413208,-0.3426489233970642,-0.5898521542549133,-0.3467724919319153,-0.6730551719665527,-0.3567060828208923,-0.7490959167480469
W,0.0,0.0,0.8928213605851117,3.2591355210191764,0.9683706095523403,3.2562877608268046,0.9402671091671687,3.183839264494247,0.8779333222749781,3.0047949233488827,1.0143638057537536,2.437245313066513,1.088441274936903,2.007300560754241,1.127394954978775,1.723835413289531,1.162527890128173,1.447475540265287,0.9446761086728684,2.266522696705733,0.9771088927884142,1.6935676455186623,0.9894856243460085,1.3224595865134479,1.0,1.0,-0.50110924243927,-0.5500717759132385,-0.4951749145984649,-0.4412121176719665,-0.4920953214168548,-0.3612040281295776,-0.4928662478923797,-0.2882963418960571,-0.4633950591087341,-0.5860782265663147,-0.4641071259975433,-0.6287844181060791,-0.4663639366626739,-0.7019215822219849,-0.472090482711792,-0.7617911100387573
W,0.0,0.0,1.3510972396831253,8.000637392277001,1.2398551283628307,7.471369376532523,0.8340559193678072,6.948229220492964,0.4992102198927113,6.36307346405508,1.22827481411522,5.19878071304333,1.3117513094808704,3.7680751850142267,1.3522969166651029,2.853387324906118,1.384281121584178,1.965088690911883,0.9571174985006207,4.838068268566867,0.9889034657026163,3.1270115284992914,0.9788504158301065,2.061749970872656,1.0,1.0,-0.1227891743183136,-0.5069445371627808,-0.0856025367975235,-0.3660549223423004,-0.0575636848807334,-0.2666652798652649,-0.0470427945256233,-0.1593571603298187,-0.0916955173015594,-0.5699173212051392,-0.0382291972637176,-0.5666496753692627,-0.0350055545568466,-0.6397491097450256,-0.0544530749320983,-0.6903892755508423
W,0.0,0.0,1.1393395122388,7.120070096964243,1.1193764135953264,6.510584168895642,0.8635192549097388,6.096242083977965,0.6335685792727626,5.728542273031323,1.1038367756508072,4.64605190581105,1.1709746595178314,3.470871288521509,1.2150670784825373,2.7153279017867953,1.2526517378828164,2.0003177941667687,0.9321271028383332,4.3428255831138545,0.9675194780086274,2.876989452707758,0.9773008761133374,1.9099981860673463,1.0,1.0,-0.1864480972290039,-0.4696612060070038,-0.1571759283542633,-0.338904321193695,-0.1353384554386139,-0.2485691457986831,-0.1268551051616668,-0.1580469310283661,-0.1584282666444778,-0.5223561525344849,-0.1267593950033188,-0.5043951869010925,-0.1288939118385315,-0.5589655637741089,-0.1429672390222549,-0.6004185080528259
W,0.0,0.0,1.0216775443264454,4.440412164410176,1.0997869987937228,4.223917421766774,1.0147210464124599,4.1199053576176645,0.9043146479971319,3.9843513028956754,1.1050320067183883,3.1025026779589973,1.1746327204239206,2.3970437833352913,1.2069453208956749,1.943762763407525,1.231779901749515,1.507072292877968,0.9987693682433221,2.9408725408736753,1.0095215583807848,2.049759340230613,1.0054404970192443,1.4818963524860234,1.0,1.0,-0.3752735257148742,-0.4652761220932007,-0.3524280786514282,-0.3556815385818481,-0.3418974280357361,-0.2750772535800934,-0.3350467979907989,-0.2014769613742828,-0.3464422523975372,-0.508901059627533,-0.3481075763702392,-0.507696270942688,-0.3592840433120727,-0.5670262575149536,-0.3703210055828094,-0.6186907887458801
W,0.0,0.0,0.9548075737134062,2.771374707601263,1.0308879140269962,2.6853458155595304,1.0263412689464715,2.555251504761293,0.9727131032471419,2.444738005597898,1.050665133714777,2.029727865239808,1.100684931580888,1.7037995487668984,1.122905995969948,1.4813118121613327,1.137062091793998,1.2802650129636337,0.985957297359409,1.96250176594219,0.9978597982466106,1.519609825534955,0.9999379526336458,1.2426893341109062,1.0,1.0,-0.509979784488678,-0.5407474040985107,-0.5113043785095215,-0.4511744379997253,-0.514995813369751,-0.3826504945755005,-0.5154659748077393,-0.3199735879898071,-0.4799258708953857,-0.5808984637260437,-0.5046994686126709,-0.5773297548294067,-0.5157054662704468,-0.6254227161407471,-0.5202746391296387,-0.6689575910568237
W,0.0,0.0,0.9195609215089307,2.5496546280927386,0.9921919350478818,2.507936279905487,0.9965571123265203,2.460344746509384,0.9491378308167109,2.394278595886951,1.0276925420977308,1.9717691758912854,1.08703276089213,1.6972214233155416,1.1178685549686773,1.4945412725726253,1.1396719073999362,1.3080622789019776,0.967744283468567,1.8792418951835073,0.9878779541764813,1.4652552212342593,0.9966276370274668,1.2126597003281088,1.0,1.0,-0.575636088848114,-0.5939342975616455,-0.5805075168609619,-0.4972598552703857,-0.5819196105003357,-0.4271937608718872,-0.5793718099594116,-0.364316314458847,-0.5453649759292603,-0.6303604245185852,-0.5674698352813721,-0.6569083333015442,-0.5716245174407959,-0.7142320871353149,-0.5711367726325989,-0.7607095241546631
W,0.0,0.0,1.022392086019062,3.2713701494760907,1.088528843036747,3.0970166525232266,0.9716882325906079,2.994347359793052,0.85002037055417,2.900571504750058,1.083958556037355,2.334823893920348,1.1384954921375607,1.8684082462076614,1.16210221476724,1.5890107926111359,1.181674296059871,1.3174026987303833,0.9769465109047285,2.232244892593728,0.9948196698137124,1.679703196222739,0.9951407104080072,1.3203091524545119,1.0,1.0,-0.3207733631134033,-0.5156956315040588,-0.3018587827682495,-0.4112513065338135,-0.2898651957511902,-0.3377909660339355,-0.2850687205791473,-0.2697610855102539,-0.2934513986110687,-0.5597798824310303,-0.2814279496669769,-0.5394253134727478,-0.2856588661670685,-0.5912601947784424,-0.2955412268638611,-0.6405583620071411
W,0.0,0.0,1.0410303360114894,3.849754788430407,1.104886886176168,3.680956269409598,0.9573591481326433,3.5800523054344486,0.7977292683620344,3.450136812297348,1.1096439232211293,2.715082779796668,1.1847414273719943,2.1287195992569634,1.2158822275793475,1.7704873828659111,1.243152515814014,1.4134723900208999,0.9835198489369535,2.556811405959254,1.0030770781327287,1.8754298166444616,0.9990646771043334,1.410743784551273,1.0,1.0,-0.2779334485530853,-0.4962013065814972,-0.2454776018857956,-0.3895339369773865,-0.2240374684333801,-0.3123074173927307,-0.2137182652950287,-0.2425574958324432,-0.2470040172338485,-0.5453376770019531,-0.227908968925476,-0.5389172434806824,-0.2328419983386993,-0.5954082012176514,-0.2466869056224823,-0.6470792293548584
W,0.0,0.0,1.0768573657505447,4.02020759685928,1.1594850743674923,3.8339084679127082,0.9920151100908556,3.7286624346526023,0.8072841052178891,3.5959985413612867,1.1531566455464304,2.8386319894986047,1.240512120023132,2.204148392579803,1.2736098310227537,1.8229649991915964,1.3050574668362318,1.4395655584033158,1.0034717322292912,2.684954101535233,1.015691521992837,1.9339730232093097,1.0040356806513036,1.4437376597141682,1.0,1.0,-0.251403272151947,-0.4953352510929107,-0.217775821685791,-0.3866749703884125,-0.1952998042106628,-0.3101509809494018,-0.1846910119056701,-0.236228346824646,-0.2213823646306991,-0.54253089427948,-0.2031153589487075,-0.5335122346878052,-0.2088382840156555,-0.593636155128479,-0.2236867249011993,-0.648171603679657
W,0.0,0.0,1.0028439793389419,2.9141950383206305,1.0604118701319545,2.697004297490774,0.9220590683272242,2.5103988485582924,0.7919465872295303,2.357771818357252,1.0844085261018808,2.0752141089524017,1.1539958250785012,1.6941619066645868,1.1897808123579041,1.4582721471947708,1.2191555244000218,1.2337412571266362,0.9706498262565288,1.985914671403094,0.9951891670706643,1.5347777879855948,0.9951024777144402,1.2503671168313775,1.0,1.0,-0.2744031250476837,-0.4978183805942535,-0.2584950029850006,-0.4018021821975708,-0.2464229464530944,-0.3366520702838897,-0.2409706264734268,-0.2759292721748352,-0.2459670007228851,-0.5344870686531067,-0.2367081493139267,-0.5084213018417358,-0.2406531870365142,-0.5604748129844666,-0.2486586272716522,-0.6087082624435425
W,0.0,0.0,1.0230872102475865,3.0209856137000726,1.101485309910202,2.8009286818301833,1.027051056365878,2.624293879182922,0.9327660892497737,2.4924368635296665,1.1027004140552064,2.1294555049360757,1.1600831613665559,1.7325314167997425,1.1829279217999809,1.4861828094430818,1.1985152379553874,1.242751966959734,1.0060052241684654,2.0508494644222917,1.015657535547796,1.5556161151887837,1.006693297049713,1.2580676813646905,1.0,1.0,-0.3581457436084747,-0.48269984126091,-0.3432270884513855,-0.3873752951622009,-0.3316793143749237,-0.3190946578979492,-0.3233787417411804,-0.2555940151214599,-0.3328192234039306,-0.5239821672439575,-0.337689071893692,-0.4997296333312988,-0.3417015671730041,-0.5556075572967529,-0.3454865217208862,-0.6092103719711304
W,0.0,0.0,1.0275634444447566,3.625179219074949,1.1241370123608614,3.441068652120559,1.074843558972161,3.313190402856368,0.9816263877229319,3.1790802596115832,1.1215476048979247,2.5443549303724056,1.1771515457237687,2.00511222453327,1.2024264386350925,1.650668781896758,1.220645130697943,1.3150671001328025,1.0233323693714689,2.454421154166135,1.0198006501907178,1.8035534305211076,1.0104635096759622,1.3819499976931366,1.0,1.0,-0.450212150812149,-0.5676423907279968,-0.4322430491447449,-0.4562771022319793,-0.4209015071392059,-0.3745671510696411,-0.4106494784355163,-0.2959600985050201,-0.4188063442707062,-0.6199972629547119,-0.4323219358921051,-0.6299652457237244,-0.4437481760978699,-0.6961362361907959,-0.4515921771526336,-0.7472720146179199
W,0.0,0.0,1.2531175582416654,6.9613707626880075,1.2919610731226516,6.169330894983252,1.0497010047314799,5.74000459351215,0.8041039858135436,5.42032495562966,1.2962348140900677,4.292031880126618,1.380180441392319,3.085014805827214,1.4136076591372841,2.339751243246896,1.434762488323125,1.6049857153295244,1.090540378019241,4.133883856423677,1.071711399389895,2.675486698849187,1.0314039490548448,1.805197896831393,1.0,1.0,-0.2188498973846435,-0.4962306320667267,-0.1826874613761901,-0.3647242784500122,-0.1563363373279571,-0.2740465104579925,-0.1388432383537292,-0.1831588149070739,-0.1886329799890518,-0.5594195127487183,-0.1663487553596496,-0.5253444910049438,-0.1760853230953216,-0.6005125045776367,-0.1914166808128357,-0.667522668838501
W,0.0,0.0,0.9486449219066,3.7687604538400694,1.033375876814958,3.5180443091860956,0.9760400230454577,3.2605800409398045,0.8918658503394994,3.0438871075847334,1.054560228395184,2.589166953486828,1.1281057621803146,2.0769130904721367,1.1657011790462424,1.7448234999305592,1.1952392876350268,1.4283239437470185,0.9652456713709903,2.4350391584998405,0.9913575739045677,1.777399175165601,0.9958919681874523,1.3518498390787943,1.0,1.0,-0.4178885221481323,-0.4927679598331451,-0.4071767926216125,-0.3742331266403198,-0.401145339012146,-0.2910912930965423,-0.3973937034606933,-0.2194702923297882,-0.385515809059143,-0.5345592498779297,-0.3929149508476257,-0.5207728147506714,-0.3963897824287414,-0.5849273800849915,-0.3995445370674133,-0.6441583633422852
X,0.0,0.0,0.9793560274854873,1.1745928585581236,0.9685854900797773,1.0962699500458482,1.0005295044898204,1.0409583087368313,1.035243951153276,1.005834964424882,0.973401865704674,0.9259394498541105,0.9668962636899282,0.8180728868810064,0.9664704317050192,0.7592321488272268,0.96984557671378,0.7167274475460925,1.0130944205825525,0.9373242043404869,1.030389884349012,0.8696986623428021,1.0140635104206537,0.9531678161531566,1.0,1.0,-0.7165970802307129,-0.5677413940429688,-0.7223793268203735,-0.5653784871101379,-0.7077622413635254,-0.6120521426200867,-0.7005462050437927,-0.622305691242218,-0.7343335151672363,-0.5990372896194458,-0.7364364266395569,-0.6036596298217773,-0.7229364514350891,-0.6372163891792297,-0.7153079509735107,-0.6439424157142639
X,0.0,0.0,0.9719205339863071,1.1706596826418365,0.9634237198060209,1.0970280000836559,0.9975337371599888,1.0429156812768374,1.032723132989477,1.008305435955925,0.9708896727229155,0.9118556761870803,0.9683413968019042,0.7908770865053723,0.9752190137745718,0.7475651268391096,0.9839431336835666,0.7517748405723637,1.0114131993406494,0.9296620612439839,1.0304888376743577,0.864309413338187,1.0141706517829903,0.9533217705977276,1.0,1.0,-0.7211445569992065,-0.5590254068374634,-0.727425217628479,-0.5609307885169983,-0.7119671106338501,-0.6071155667304993,-0.7040441036224365,-0.6144270896911621,-0.7392323017120361,-0.5907595753669739,-0.7407196164131165,-0.6017863750457764,-0.7260249853134155,-0.6343001127243042,-0.717170238494873,-0.6371801495552063
X,0.0,0.0,0.9669950618814018,1.1768925555315255,0.9653639216984988,1.1044890466670534,1.0008388503255339,1.0514184737600025,1.031872756843627,1.0152839215727647,0.9664771401646175,0.9119904840777099,0.9622502115538363,0.7976568887576024,0.9753380205333357,0.7539039018446331,0.9871654799673163,0.770131503294176,1.0048179925902825,0.9353394135364522,1.0276416801184092,0.873523845192191,1.0173979538452005,0.9501481719828883,1.0,1.0,-0.7290886640548706,-0.5536292195320129,-0.7399745583534241,-0.5543320775032043,-0.728166937828064,-0.6003362536430359,-0.7167366743087769,-0.6146970391273499,-0.7454099655151367,-0.5864313244819641,-0.7531781196594238,-0.5891506671905518,-0.7413343787193298,-0.6219629049301147,-0.7295120358467102,-0.6309431195259094
X,0.0,0.0,0.9655496873374906,1.1786225482595127,0.9714836094289412,1.1112387500027299,1.009611743050045,1.0618565853296322,1.0390743695065001,1.0259125028118168,0.9622446333870334,0.9225862599887745,0.96161805194197,0.8145521076068654,0.9796257415974857,0.7743788341716006,0.9981143814637627,0.781982423687837,0.9963873663558072,0.9455597317253744,1.021837587152339,0.8817910563477175,1.0149875344558605,0.9544553374289402,1.0,1.0,-0.747776210308075,-0.53956139087677,-0.7619354724884033,-0.5307500958442688,-0.7526842355728149,-0.5743122696876526,-0.7406086921691895,-0.5885983109474182,-0.7611262202262878,-0.5720665454864502,-0.7737492918968201,-0.5653063654899597,-0.7654252052307129,-0.5924711227416992,-0.7531753778457642,-0.6014305949211121
X,0.0,0.0,0.9844693181396034,1.1450816904020429,0.9590381338925605,1.0630400915450922,0.9736319852102966,1.0147511091465538,1.010509182742141,1.0041294338861197,0.9998819970470125,0.8771891715896213,1.001326713756158,0.7617724954835964,0.9953474422131526,0.7175072612812625,0.9888655655000157,0.7171172357765553,1.0444403127223938,0.8895474956021371,1.0271014359211186,0.8742039986702359,1.0063300935938237,0.9553792488307928,1.0,1.0,-0.7062488198280334,-0.5315696001052856,-0.6835331320762634,-0.558971643447876,-0.669338583946228,-0.5918606519699097,-0.6680036187171936,-0.5934858918190002,-0.7232680916786194,-0.5698763728141785,-0.6987637281417847,-0.6046268939971924,-0.6830395460128784,-0.6250820755958557,-0.6783707737922668,-0.6204816699028015
X,0.0,0.0,0.9920535497819373,1.1264276248820486,0.9638806713364583,1.05351614045318,0.9720765654635759,1.0143154578068232,1.010561410299102,1.005387745476539,1.0069794816514495,0.8669340939236605,1.0073090239414808,0.7524557903758364,0.9931336643132866,0.7144950043443867,0.9801544591786256,0.7362034968707025,1.0552012275777045,0.8788123149120468,1.0249735175894832,0.884878783251997,1.001967171426499,0.9669777817128042,1.0,1.0,-0.6964978575706482,-0.5345233678817749,-0.6659821271896362,-0.569136381149292,-0.6515429615974426,-0.6023228168487549,-0.6526108384132385,-0.5995206236839294,-0.7106325626373291,-0.5732460021972656,-0.6774305701255798,-0.6150426268577576,-0.6649291515350342,-0.6369646191596985,-0.6666006445884705,-0.6295793652534485
X,0.0,0.0,0.9624811323541927,1.253793333923236,0.9538584804197602,1.139279621134566,0.9853449047544924,1.0551786246623593,1.0207930165788344,1.004809119064766,0.9635019585310862,0.8982734054533226,0.966964389261526,0.7644599933336946,0.9720656979915521,0.682778942242398,0.9805745818250609,0.6401771401631317,1.006939236810066,0.9333507885448932,1.0302221873372577,0.8210149459745076,1.012400723000691,0.9260721400109528,1.0,1.0,-0.7038177847862244,-0.4438121318817138,-0.7091068029403687,-0.4308126270771026,-0.6926969885826111,-0.4775137901306152,-0.6857388019561768,-0.4908817708492279,-0.7211446166038513,-0.4818575978279114,-0.7236413955688477,-0.4745490550994873,-0.7079389691352844,-0.5063304305076599,-0.6983740329742432,-0.5153681039810181
X,0.0,0.0,0.9665298436863011,1.2813721317170828,0.9479228967472443,1.149507875278094,0.9852544761605052,1.0575602719304145,1.0251730009876483,1.0011942535529115,0.9583320755130583,0.8442381305021385,0.9573128463282345,0.6971091963971721,0.9588195369877649,0.6074763361854221,0.9669726273848388,0.5431547921673574,1.011105631916986,0.8650682678101193,1.0325988932358126,0.7808044467556997,1.012070430380739,0.932273125660005,1.0,1.0,-0.6766394972801208,-0.3915279507637024,-0.6820811629295349,-0.3890074789524078,-0.6645135879516602,-0.4477733373641968,-0.6575062870979309,-0.4558857083320617,-0.6986292004585266,-0.4306073784828186,-0.6987572908401489,-0.4411519169807434,-0.6814415454864502,-0.4835092425346374,-0.6723105907440186,-0.4887308478355407
X,0.0,0.0,0.9818493770899959,1.2772815399686681,0.9351471474081962,1.1473048227762916,0.9695220168052242,1.0553285187320356,1.0335762339647412,1.0140749053922655,0.9706538813670864,0.880434114932529,0.961827321556637,0.7110647709780735,0.9505518062634817,0.6187561397769273,0.9414712567586168,0.5599714868645743,1.0409341337519316,0.8932720785127032,1.0338370219791915,0.7833888975087804,1.0091773977033938,0.9137743264843871,1.0,1.0,-0.5905000567436218,-0.4979020357131958,-0.5817528963088989,-0.486931562423706,-0.5635258555412292,-0.5458809733390808,-0.5570703744888306,-0.5672289133071899,-0.6209050416946411,-0.5422041416168213,-0.6106796860694885,-0.5519756078720093,-0.588329017162323,-0.5905821919441223,-0.5756906867027283,-0.6028370261192322
X,0.0,0.0,1.0058850166153108,1.2836507806864013,0.9280501267312761,1.1601577869547917,0.93028800465382,1.05554442926545,0.9956083987699338,1.005469845826914,1.0044526849386697,0.8514864661423261,0.9816433004061951,0.6607648224250314,0.9364826204461961,0.5823481593946105,0.8943532098482423,0.5381813873700569,1.1013634208920684,0.8556690810094616,1.0327437323198858,0.7653449877181918,0.996362616120014,0.9208186686964998,1.0,1.0,-0.4545561969280243,-0.4354675710201263,-0.4154422283172607,-0.4536810219287872,-0.4039932489395141,-0.5199766159057617,-0.4099596738815307,-0.5325056910514832,-0.4784308671951294,-0.4754986763000488,-0.4383710324764251,-0.5023264288902283,-0.4283244907855987,-0.5456496477127075,-0.4347380101680755,-0.5479453802108765
X,0.0,0.0,0.9673514218441032,1.2568603767329776,0.9440365095859189,1.142958817079284,0.9768609372211295,1.0626004051096705,1.0247512184650847,1.0213925484959856,0.9741696316842762,0.9118410771255355,0.9733902344518236,0.7617953822424954,0.9704003890518136,0.6736521863250939,0.9701578380458635,0.5962552261485597,1.029204252808488,0.9354775574229771,1.0327870343551266,0.8227872724547012,1.0095221482419197,0.9325900163482614,1.0,1.0,-0.6348298192024231,-0.4964653551578522,-0.6301210522651672,-0.4793283343315124,-0.6118069291114807,-0.5309817790985107,-0.6064895391464233,-0.5480400323867798,-0.6587194800376892,-0.5382731556892395,-0.6562396883964539,-0.5261940360069275,-0.6349637508392334,-0.5595956444740295,-0.6226745247840881,-0.573200523853302
X,0.0,0.0,0.9672716073359132,1.4301836486026631,0.9330660622728165,1.2368029018845417,0.9672683264213636,1.0989017511890953,1.0239231588645283,1.0340336382149766,0.9772169060234945,0.8621389364228872,0.9769851252859555,0.6009867285618278,0.9713565576221201,0.45464191348094013,0.9668805434887869,0.32563502101727754,1.0423259144094064,0.9015631943334866,1.0470313808893077,0.7109132504188614,1.015001717188341,0.8833673829901332,1.0,1.0,-0.6177844405174255,-0.3654696345329284,-0.6107240319252014,-0.3489282727241516,-0.5870397686958313,-0.4070009887218475,-0.5788736939430237,-0.4253639578819275,-0.6440309286117554,-0.4136013388633728,-0.6348984241485596,-0.4146901667118072,-0.6103714108467102,-0.4506536722183227,-0.5979382395744324,-0.4597629010677337
X,0.0,0.0,0.9773014151678313,1.3631786513058302,0.910538660034463,1.1880903007123038,0.9336499738511216,1.0424734751817624,1.0100847610593495,0.9935395139267003,0.9829305418145023,0.8062042270501476,0.9892885988900635,0.5481006133174922,0.9738028235300252,0.42166091259757393,0.9573346214648846,0.3164567786116627,1.0714563810432534,0.8246665248544964,1.0421718326051919,0.6954216021431364,1.0043566370847832,0.8885798246403883,1.0,1.0,-0.4974901378154754,-0.3556088805198669,-0.4728830754756927,-0.3601203560829162,-0.453844279050827,-0.4234514832496643,-0.4533148407936096,-0.4399883449077606,-0.5237594246864319,-0.4002244472503662,-0.4979285895824432,-0.4269360899925232,-0.4790367186069488,-0.4655941724777221,-0.4761289954185486,-0.4707968831062317
X,0.0,0.0,0.971008888744937,1.2437360390910244,0.8911002095328736,1.100790006521348,0.8988408006929617,1.008863665483281,0.9815406770328549,0.9879003272176657,0.9959523530716125,0.7777750796316988,1.0129073246812783,0.5566192002418107,0.9652190378429824,0.47049110767381486,0.9068699044187933,0.43780752341822154,1.1069095188384421,0.8063708554212978,1.0259922913827424,0.7961470047969131,0.9875624840649542,0.9327320869815552,1.0,1.0,-0.4266287386417389,-0.4163103401660919,-0.3823891878128052,-0.4515859186649322,-0.3711422979831695,-0.5035620331764221,-0.3792963027954101,-0.5129683017730713,-0.4470002949237823,-0.4689720869064331,-0.4044345021247864,-0.5070844888687134,-0.3932633399963379,-0.5367628335952759,-0.4001394808292389,-0.5324901938438416
X,0.0,0.0,0.9726230576781844,1.181109097697996,0.9422446627984614,1.0896274732978182,0.970794640507557,1.0311565981620459,1.0191126259936552,1.0083805377406774,0.978939057209429,0.893535073709929,0.9830000054215483,0.7688073221665863,0.9784502837763502,0.7026844647426155,0.9759946351694171,0.6503726270372499,1.0332195989805821,0.90827900479489,1.0309724714628463,0.8427712627669974,1.0074996694940737,0.9370118967699582,1.0,1.0,-0.6167656779289246,-0.5557520389556885,-0.6097521781921387,-0.549806535243988,-0.5924758911132812,-0.5976318120956421,-0.5873718857765198,-0.6174041032791138,-0.6395691633224487,-0.5945249199867249,-0.6314682364463806,-0.5969780087471008,-0.6123914122581482,-0.6288530826568604,-0.6028152704238892,-0.6430151462554932
X,0.0,0.0,0.956338572817999,1.2462425537010393,0.9331723835913224,1.1292595234368665,0.9696375615292552,1.058557044448677,1.0188184391998802,1.0298589752534901,0.9695728053377659,0.8856037866516311,0.9778024474167644,0.7260535134085239,0.9820304468148218,0.6383656234148034,0.9909374193265916,0.5560041118467575,1.0268242374885963,0.910323248104364,1.039742807737611,0.8120134212526188,1.012005894553144,0.9334348252017265,1.0,1.0,-0.6613900661468506,-0.4919249713420868,-0.6577668786048889,-0.4951598942279815,-0.6360210180282593,-0.5459499955177307,-0.62973952293396,-0.5548285245895386,-0.6840413808822632,-0.5352049469947815,-0.6764750480651855,-0.5549695491790771,-0.6557099223136902,-0.5874779224395752,-0.6469547748565674,-0.5886307954788208
X,0.0,0.0,0.9624845854373862,1.1659922954354447,0.9554389090406574,1.089929114963816,0.9923523524757042,1.0456919467145318,1.0300771674349376,1.0258784572617232,0.9762777253078732,0.918173037066333,0.9794723356462145,0.816827305189743,0.9872821166427985,0.7661869060431015,0.9951726122941534,0.7542794368746696,1.018264573308183,0.9426295154034249,1.0433679752064298,0.8902546385205411,1.019805809518696,0.9632873315814893,1.0,1.0,-0.7126853466033936,-0.6191248893737793,-0.7203398942947388,-0.619327187538147,-0.7014209628105164,-0.6638631224632263,-0.691302478313446,-0.6714571118354797,-0.7304078936576843,-0.654754102230072,-0.7330796122550964,-0.6617149710655212,-0.7161689400672913,-0.6921696662902832,-0.7055345773696899,-0.6952730417251587
X,0.0,0.0,0.9574105319567335,1.1258984219366774,0.9529270155388112,1.0695389548731107,0.9869643009922581,1.0413876987936794,1.0230159811854969,1.0311085232268946,0.9795258470605324,0.9088062462593177,0.9848758732249483,0.8063169922193808,0.9999020906993294,0.7716827936512394,1.0130487977964853,0.7823060681106944,1.017331106870862,0.9383953284692031,1.041909906199408,0.9070802230455868,1.0189475637247782,0.9724267177300882,1.0,1.0,-0.7519637942314148,-0.6672771573066711,-0.7584618330001831,-0.6792750954627991,-0.7377279996871948,-0.7170071601867676,-0.7260413765907288,-0.7201433181762695,-0.7669137716293335,-0.7024412155151367,-0.7697703838348389,-0.7185378074645996,-0.750862717628479,-0.743373692035675,-0.7378137707710266,-0.7412474751472473
X,0.0,0.0,0.9752583875689754,1.2407065398072852,0.9395586194509273,1.1240811168136429,0.9672460982649203,1.0376086405726328,1.0188037969182646,1.0165138790774126,0.9766302602249846,0.8787292272513119,0.9837968775402445,0.7192064977647107,0.9811625519596366,0.6366659738741334,0.978090868960923,0.5674092995460327,1.0330411151338847,0.8925529984745608,1.028370575158763,0.821154096121972,1.0070658782873207,0.9321744388673514,1.0,1.0,-0.6008334159851074,-0.4557016789913177,-0.5909448862075806,-0.4623280465602875,-0.5753059387207031,-0.5082651972770691,-0.5705804824829102,-0.5216841697692871,-0.6229386329650879,-0.4921354055404663,-0.6092766523361206,-0.5166815519332886,-0.5930356979370117,-0.5462474822998047,-0.5865757465362549,-0.5505478382110596
X,0.0,0.0,0.9830046938911059,1.257127514749816,0.9383613363284228,1.11347374157705,0.9568890941932974,1.0082574008331384,1.012040549550721,0.984253234037765,1.0005481611047549,0.8409820652389757,1.0115533716031804,0.6494408970359158,1.0032060520285053,0.5574818081928221,0.9919112964987982,0.489875670471244,1.064467007518361,0.8650864855502554,1.0363952605839672,0.7678973900438192,1.0051054649344033,0.9092931837538006,1.0,1.0,-0.5331711769104004,-0.4023147523403168,-0.5095906853675842,-0.4033928513526916,-0.4943002164363861,-0.4550576210021972,-0.4947591125965118,-0.472961276769638,-0.553895890712738,-0.4419171214103699,-0.5300066471099854,-0.4549013972282409,-0.5148064494132996,-0.4852253794670105,-0.5138625502586365,-0.4924453198909759
X,0.0,0.0,0.9734419583993904,1.1651827505866508,0.9582418894734106,1.0904234760675788,0.9863348610229037,1.0433809904253584,1.0249027820139547,1.0201512952327572,0.9795813146612757,0.9219138616884666,0.9832712720805794,0.8212096193985837,0.9859974109133528,0.763013920667255,0.9924005108374834,0.7059055126344276,1.0231468236065664,0.9335242126750017,1.0325470766986928,0.8795539153968102,1.0111388527677816,0.9604870351237509,1.0,1.0,-0.6936428546905518,-0.5541263818740845,-0.6930851936340332,-0.5597730278968811,-0.6761917471885681,-0.6018763780593872,-0.6708295941352844,-0.6100295186042786,-0.7119592428207397,-0.5852542519569397,-0.7104278206825256,-0.5959309935569763,-0.6953170299530029,-0.6253312826156616,-0.688683807849884,-0.6305950880050659
X,0.0,0.0,0.9686560744189235,1.208640187517602,0.9562397966899806,1.1149788223272097,0.9880837659277877,1.0595575423754295,1.0287071126188307,1.0343213033868899,0.9776624847268401,0.9019723249947036,0.9829534304994669,0.7632080714098317,0.9887112979512048,0.7008629330703826,0.9970385738015691,0.6682518073840564,1.021650078001811,0.9288468411147767,1.037392927181109,0.8514029849581484,1.014557957300682,0.9482404272397227,1.0,1.0,-0.7061973214149475,-0.5103297233581543,-0.7087173461914062,-0.511945366859436,-0.6900098919868469,-0.5586624145507812,-0.6823372840881348,-0.5683383941650391,-0.7248974442481995,-0.5472310185432434,-0.723611056804657,-0.5606815218925476,-0.7058927416801453,-0.5927780866622925,-0.6971679329872131,-0.5974146127700806
X,0.0,0.0,1.0025160682548062,1.2656484470787435,1.0691455528286453,1.1665302501628587,1.0096017844726373,1.0732042268138717,0.9341430035341959,1.0116126320611603,1.0749936142098977,0.9566749247315404,1.0795476952403016,0.8429450745137749,1.080423125967284,0.7658712302538607,1.0735836351030648,0.7124018193318848,0.991513176153066,0.9248882099666381,0.996692612670278,0.8262898509585912,1.000650128669904,0.9317958427960275,1.0,1.0,-0.3251999914646148,-0.4428620636463165,-0.3256138861179352,-0.426849901676178,-0.3320431411266327,-0.4852700531482696,-0.3346483707427978,-0.5087911486625671,-0.2996520102024078,-0.4613696038722992,-0.3068450689315796,-0.473900556564331,-0.3145466148853302,-0.5171250104904175,-0.3168573081493377,-0.5274544358253479
X,0.0,0.0,1.018016547139093,1.2458630463237912,1.0826251281927477,1.1574811022101126,1.0044556637920743,1.081497375951464,0.9177728012589451,1.0266426762064544,1.0905795838706307,0.92111591439324,1.1165432593747566,0.7879809363623251,1.1075443797960434,0.7161967666455119,1.0860599470009826,0.6844193375026075,0.9932260871501198,0.9069056615732912,0.9870091440167371,0.8213182113008086,0.9895982218302634,0.9342556811985618,1.0,1.0,-0.2878805696964264,-0.4526014924049377,-0.2826401591300964,-0.4412498474121094,-0.290303111076355,-0.4967826306819916,-0.2968359589576721,-0.5179064273834229,-0.2631543576717376,-0.4747166335582733,-0.2607980668544769,-0.4745611846446991,-0.2689201533794403,-0.51570063829422,-0.275392472743988,-0.529952347278595
X,0.0,0.0,1.013917933753548,1.2735255373525014,1.1361075914253296,1.1703072653834363,1.0218422602109665,1.080276820531917,0.8729067563649638,1.0194066306287763,1.1305694553316084,0.882746496683639,1.1848138160791177,0.7224513229033626,1.1735735653104542,0.6288297525821656,1.1314310699367534,0.5803580889249549,0.9746127376235322,0.8683929505037876,0.965809123562447,0.7685393317219916,0.9835318973015347,0.9145976565923656,1.0,1.0,-0.2221719324588775,-0.4897806644439697,-0.2186759114265442,-0.476864606142044,-0.2317369133234024,-0.5572915077209473,-0.2389863729476928,-0.5873615741729736,-0.1872242987155914,-0.5170036554336548,-0.1911284476518631,-0.5168456435203552,-0.2035204470157623,-0.5754150748252869,-0.2096086144447326,-0.5938855409622192
X,0.0,0.0,0.9963442676297712,1.2410374013261691,1.0715011783701627,1.1556541605800974,1.0143492025636804,1.0723482753865168,0.9300292874440762,1.0208975184650109,1.07169540924554,0.932757301763063,1.0897061059723991,0.8034730488277859,1.0916854071069964,0.7236867180906449,1.0854172444116663,0.6481598142274196,0.9756554227364859,0.9042663000666341,0.9823663249422422,0.8217484331129002,0.995021393370214,0.9358486763971438,1.0,1.0,-0.3164702355861664,-0.4917781352996826,-0.3172478675842285,-0.4952936768531799,-0.3282970786094665,-0.5566333532333374,-0.3339506983757019,-0.5760133266448975,-0.2883273065090179,-0.5152404308319092,-0.294844388961792,-0.5447034239768982,-0.3055549561977386,-0.5875653028488159,-0.3104240894317627,-0.5926278829574585
X,0.0,0.0,0.9756900659133313,1.3269024136889718,1.04006664730115,1.238201317695828,1.0117638457093383,1.1403616864813573,0.9574322086936492,1.0731651806018325,1.0328441705418874,1.0216545673224056,1.0527177498511595,0.8851400148443854,1.0621226582474659,0.7967776506459918,1.0659169304018572,0.7157885639431979,0.9685424682113349,0.9943231060324291,0.9880093998976396,0.8492843102803515,0.9983487791678983,0.9382862477552524,1.0,1.0,-0.3823574185371399,-0.4726828932762146,-0.3915810883045196,-0.4550818502902984,-0.396875649690628,-0.5152249336242676,-0.3964116275310516,-0.5384899973869324,-0.3560213446617126,-0.4890456795692444,-0.3696483671665191,-0.49232017993927,-0.3767454028129577,-0.5372458696365356,-0.3761661052703857,-0.5509541034698486
X,0.0,0.0,1.0338955807234385,1.2666109698592845,1.1622670929636745,1.1468827687719532,1.0501837938183636,1.068028864361693,0.8846537531124297,1.0347819402159966,1.075587119279461,0.7955234915793437,1.0448437319523118,0.6287877126361283,1.037609167015475,0.5493736935462172,1.0258797967939832,0.551077156659141,0.9095114228904786,0.800313096701038,0.9234208424634736,0.7314691295357758,0.9802058526397096,0.9153572264346544,1.0,1.0,-0.2341977059841156,-0.4504541456699371,-0.244046151638031,-0.4759706258773803,-0.2688970267772674,-0.5529156923294067,-0.2751327455043793,-0.5665208697319031,-0.19944529235363,-0.4952048361301422,-0.2192727029323578,-0.5490463972091675,-0.2393761277198791,-0.6038188338279724,-0.2422472983598709,-0.5998185276985168
X,0.0,0.0,1.0122976714716438,1.242445775305636,1.0935840099553815,1.1348725128097858,1.04797231919786,1.0491051093995698,0.955748417556003,1.034392568808949,1.0375494577026563,0.8467482614761712,1.024837106016546,0.7020521405620924,1.0380753917207455,0.6303710582579511,1.0463809924710363,0.6276862269538355,0.9369051102096531,0.8440154084286304,0.9822998713322253,0.7794385249907886,1.0093857407008515,0.9321619673716464,1.0,1.0,-0.3342938423156738,-0.4628395140171051,-0.3554382026195526,-0.4838965535163879,-0.3705083727836609,-0.5447349548339844,-0.3669267892837524,-0.5535736083984375,-0.307187020778656,-0.5005976557731628,-0.333518385887146,-0.5468521118164062,-0.3467348217964172,-0.589016854763031,-0.3414870500564575,-0.5842093825340271
X,0.0,0.0,0.9953924645916953,1.1668428265361934,1.0350293500219387,1.1049072684058818,1.015069520373264,1.0481089892942645,0.9802887884017993,1.011324806763447,1.0255361717875546,0.9599374582229278,1.0306928575456162,0.8882941510790867,1.0322252676565156,0.845872302993914,1.0311034402749575,0.8104943095604138,0.9834725382697453,0.9502046301706181,0.9960125838583628,0.8877649321791136,1.0014636447950618,0.9600184390647031,1.0,1.0,-0.4343527555465698,-0.5053715109825134,-0.4411687850952148,-0.4961011409759521,-0.4460731148719787,-0.5358031988143921,-0.4453030824661255,-0.5505193471908569,-0.4169553518295288,-0.5207164883613586,-0.4270493984222412,-0.5239098072052002,-0.4325308799743652,-0.5547502040863037,-0.4317793548107147,-0.5644202828407288
X,0.0,0.0,0.9843222467799432,1.429068803441211,1.1202230070060049,1.28518871555104,1.03773765115727,1.1442541701828342,0.8883868153870785,1.0524893723529813,1.0970731940720402,0.8690797921858475,1.1092526376034937,0.6794689787466847,1.101806250011502,0.5598782086985943,1.0847530599513058,0.44967647137386274,0.9276746394401086,0.8266258420252334,0.9401372124308279,0.6729328645329921,0.9765609846316925,0.8857452510716685,1.0,1.0,-0.2494769841432571,-0.4150453209877014,-0.2556490302085876,-0.4249708652496338,-0.275241881608963,-0.5248475670814514,-0.2851254940032959,-0.5509032607078552,-0.2040031999349594,-0.4547644853591919,-0.2201387286186218,-0.5163221955299377,-0.2410567700862884,-0.5884679555892944,-0.2510815560817718,-0.5917866826057434
X,0.0,0.0,1.0623963582666776,1.3122935677454426,1.1986498858941659,1.1899989352005873,1.0089447510562142,1.105645805938524,0.8049985595363971,1.0384840924571954,1.1780244833562352,0.8523155693543596,1.1857305111307865,0.6845492255749533,1.1400650999048239,0.6096343458437924,1.0641062866054989,0.5848846373899473,0.9606406518437183,0.8439535823877082,0.9233409403889403,0.7479945216324954,0.9650502804756093,0.9139566290386594,1.0,1.0,-0.1511764526367187,-0.4170348644256592,-0.1436569839715957,-0.4181452989578247,-0.1604297310113906,-0.4926590919494629,-0.1715040206909179,-0.5097107291221619,-0.1160410568118095,-0.4519859850406647,-0.1162104308605194,-0.4727078676223755,-0.132714033126831,-0.5263090133666992,-0.1436639279127121,-0.5308763384819031
X,0.0,0.0,0.9920623692918497,1.3339577650913237,1.1027492443949942,1.2160514361019426,1.024844603538044,1.100245113541684,0.9077796390342665,1.0246787846512122,1.0881955856000356,0.8791223493210248,1.0958107823499326,0.739158404463633,1.0894372315524852,0.6487838807587822,1.0726042282979205,0.5571067439931305,0.9531246303331846,0.8418978612886928,0.9684943686073897,0.7461988139700925,0.992254245983988,0.925883021729132,1.0,1.0,-0.2558347582817077,-0.3978338539600372,-0.2610410153865814,-0.4122929871082306,-0.2739090621471405,-0.4866088330745697,-0.2772700488567352,-0.4975606799125671,-0.221167653799057,-0.4272818565368652,-0.2341789454221725,-0.4777218103408813,-0.2471961677074432,-0.5297409892082214,-0.2494503706693649,-0.5239701271057129
X,0.0,0.0,0.9737048717866486,1.4639887536507035,1.0649147977395579,1.2962435026333976,1.0334959158221877,1.1217627408362127,0.9606265925691501,1.017942411101691,1.0534213725427313,0.8679197457915218,1.0711311499415768,0.6577776018539946,1.085659268412081,0.5381478278029054,1.0964617356802657,0.42988520437647976,0.9679217014190392,0.8268627346154129,1.0049295896095658,0.6623379747164202,1.0095315887660452,0.8833167162709258,1.0,1.0,-0.3494294881820678,-0.2852174043655395,-0.3640013039112091,-0.2728018164634704,-0.3690522015094757,-0.3448420464992523,-0.3641763627529144,-0.3712792694568634,-0.317378431558609,-0.3095637559890747,-0.33664470911026,-0.3236883878707886,-0.3444316387176513,-0.3796710968017578,-0.3409363031387329,-0.3966636657714844
X,0.0,0.0,1.0734165669807885,1.6511546472907872,1.161913573501479,1.38218233917902,0.9741617107112709,1.1787319295042669,0.8064801453862112,1.0223067418410872,1.1726790262640578,0.8212309265623782,1.1589216493535677,0.5594330777697065,1.1197113177149463,0.38406565354500133,1.0667454753601182,0.25128945693676014,0.9768549746553538,0.8161241090746357,0.9595760891299919,0.5684982022781759,0.9799820942114316,0.8672009156007413,1.0,1.0,-0.1729964017868042,-0.2413598448038101,-0.1664495915174484,-0.2100988030433654,-0.1782579869031906,-0.2873821556568146,-0.1846596002578735,-0.3065302073955536,-0.1371236592531204,-0.2794495522975921,-0.1367039978504181,-0.2768416106700897,-0.1530427932739257,-0.3338154554367065,-0.1626552045345306,-0.3436364531517029
X,0.0,0.0,0.9773921883289364,1.290344289564443,1.044294935072972,1.1703505579574665,1.0325240160609754,1.043945749778196,0.9851912422862916,0.9860252001645845,1.0314442320898674,0.8859552610179787,1.0420066726467745,0.747972366383158,1.060450238433268,0.66985369311517,1.0741887050463017,0.6173917148277043,0.9781147279481521,0.8537048630668691,1.0152729470616262,0.7781148356216456,1.0145178432919353,0.9332302223976576,1.0,1.0,-0.4619829952716827,-0.3630609810352325,-0.4804299771785736,-0.3656752109527588,-0.4815117120742798,-0.4220554828643799,-0.4724148213863373,-0.4361489713191986,-0.4386681914329529,-0.3823306560516357,-0.4601470232009887,-0.4084883034229278,-0.4629151523113251,-0.4518845379352569,-0.4548434615135193,-0.4575764834880829
X,0.0,0.0,0.9695187737686405,1.2676256689427219,1.029618374129721,1.1554878168424105,1.0314104594515854,1.030896638665583,0.9930970807468941,0.9720421286922182,1.011109310443594,0.8698391425083626,1.035973444274485,0.7370460198491631,1.0628009431035959,0.6627371687560463,1.0830286426331506,0.6071449111231606,0.9665023255928306,0.8449030580258038,1.0134307032341947,0.7694110272857316,1.0147527938460605,0.9281073740096698,1.0,1.0,-0.5390586256980896,-0.3797493577003479,-0.5650027990341187,-0.3829450905323028,-0.5667169094085693,-0.4479255676269531,-0.5570606589317322,-0.4674227833747864,-0.5165609121322632,-0.4012713134288788,-0.5426826477050781,-0.4211313724517822,-0.5462738871574402,-0.4679004848003387,-0.5372464060783386,-0.4782242774963379
X,0.0,0.0,0.9784363548668719,1.3417306772332993,1.0355571538359936,1.2327957620108436,1.0083168780573515,1.1153377431496487,0.9611142194498679,1.028386566850849,1.0431516593130756,0.9476777128508448,1.0519664679448018,0.807770525139476,1.054745279607667,0.7182494389946131,1.0535168328728202,0.6265126472611843,0.9808599953840708,0.9110396280753387,0.9960786193571544,0.7815015407084491,1.0000045036466274,0.932101970062825,1.0,1.0,-0.4448605179786682,-0.3796172142028808,-0.4501199722290039,-0.367366760969162,-0.4558151960372925,-0.4310107827186584,-0.4567035436630249,-0.4476591050624847,-0.4167966544628143,-0.3993488252162933,-0.427265852689743,-0.4161131083965301,-0.4354952275753021,-0.4629164636135101,-0.4372491240501404,-0.4689529836177826
X,0.0,0.0,1.102151431837615,1.4951450295183966,1.151323357193581,1.2862282515780181,0.9543744414483422,1.1261586646353792,0.8003626112165639,0.9988423863756934,1.1859499959459063,0.8400115911506868,1.167366430974821,0.6198767214059923,1.1002918205019532,0.4805430323971659,1.03494510044203,0.37519683935946374,1.0027627238401804,0.8504780598936177,0.9612229641692358,0.6417024677739983,0.960449790568188,0.8812733849963665,1.0,1.0,-0.1683018505573272,-0.2746587693691253,-0.1569746136665344,-0.2365471422672271,-0.1650343686342239,-0.3019482493400574,-0.1751327216625213,-0.3249707818031311,-0.1390228271484375,-0.3101321756839752,-0.1282802522182464,-0.2864767014980316,-0.1399087905883789,-0.3339802026748657,-0.1504870057106018,-0.3561141788959503
X,0.0,0.0,1.2549921959365318,1.5727291254282665,1.3045111849979523,1.3173394722585312,0.948422342131332,1.141035463398309,0.6458401713919091,0.9748718464348262,1.3328780136625649,0.7366482729020376,1.2678441101136493,0.46306094854197993,1.1367121688850894,0.2811018850482254,1.0023473547001378,0.16035218781749475,0.9951816477580914,0.7614293410810249,0.8955780113818346,0.5295081106147079,0.9256802401509643,0.8642132576172546,1.0,1.0,-0.0846512764692306,-0.2123941481113433,-0.0684312283992767,-0.1821027845144271,-0.0806172415614128,-0.2555113434791565,-0.0925889462232589,-0.2706129550933838,-0.0541912578046321,-0.2474660575389862,-0.0426482707262039,-0.2368194609880447,-0.0572013407945632,-0.2845543622970581,-0.0695541054010391,-0.291610449552536
Y,0.0,0.0,0.9637269561928765,1.0822447584640233,0.920673013086403,0.989948951823365,0.8870029686298786,0.9265018190085413,0.8519695446715442,0.8967829177790035,0.9621437094055904,0.9045184368877541,0.9857726138940781,0.8687243073801951,0.9861773619146191,0.9430941954578795,0.9759995636376266,0.9839257735540868,1.0016398997074702,0.9058458861910021,1.02247932231642,0.8814583681312593,1.0144126883656905,0.9643891770449713,1.0,1.0,-0.7337629199028015,-0.6276771426200867,-0.7475036978721619,-0.6105546951293945,-0.7379573583602905,-0.6635257601737976,-0.7240864634513855,-0.6907984018325806,-0.7556514739990234,-0.6397770047187805,-0.7653829455375671,-0.5903863906860352,-0.7751942873001099,-0.5630893707275391,-0.7817186117172241,-0.5317717790603638
Y,0.0,0.0,0.9555907972440548,1.1161350771116536,0.9089032177144781,1.0073089512027382,0.8737743800018088,0.9261730057463216,0.8354774176709178,0.8896153491689056,0.951205576892415,0.8717986933488114,0.9851074847316916,0.8246247524093513,0.9876406624599118,0.9227569951107841,0.9733700356334419,0.9784433534780849,0.9924874425287218,0.8751397438905814,1.022714767541083,0.8429322160402677,1.0165419101220867,0.9521221964851633,1.0,1.0,-0.7620238065719604,-0.5421947836875916,-0.7821800708770752,-0.5246697068214417,-0.7740351557731628,-0.588229238986969,-0.7592928409576416,-0.6216715574264526,-0.7871125936508179,-0.5552855134010315,-0.7983289361000061,-0.4980149567127228,-0.8093996047973633,-0.4689030647277832,-0.8171461224555969,-0.4366382360458374
Y,0.0,0.0,0.9516547617725059,1.1516621725765939,0.8992468790064676,1.0156582803499115,0.861015932078843,0.9135407442071752,0.8211469316048106,0.851313560220807,0.9482068968328381,0.8394536587284332,0.9774166005357662,0.7608564644193565,0.978583259116733,0.8773107886443138,0.9654780315000214,0.9579399347406862,0.9967159803772454,0.845607236854897,1.0243723505512916,0.7808707973408421,1.0160826566854764,0.9224531390578407,1.0,1.0,-0.7759861350059509,-0.465550422668457,-0.7960811853408813,-0.4354788362979889,-0.7852157354354858,-0.5072247385978699,-0.7689570188522339,-0.5502207279205322,-0.8051648139953613,-0.4801828265190124,-0.8179991245269775,-0.4103529155254364,-0.8297582864761353,-0.3732253313064575,-0.8373232483863831,-0.3322760462760925
Y,0.0,0.0,0.9555743059145158,1.059964754088152,0.8993808625579646,0.9527216483422568,0.8616269905935839,0.8778109870873787,0.8239044604086571,0.8483697316337534,0.9520110012486527,0.8147689797324196,0.9607181452711362,0.7823043147575454,0.9648999529683931,0.8828019211534307,0.9665121135030706,0.963380670020189,0.9986722826842918,0.8165685847995509,1.0049418695210475,0.7858603640030457,1.002993281970059,0.908773127042895,1.0,1.0,-0.6555051207542419,-0.4598652124404907,-0.6585920453071594,-0.4432685375213623,-0.6534935832023621,-0.5071858167648315,-0.6476975679397583,-0.5520515441894531,-0.679318904876709,-0.4713352918624878,-0.6874526143074036,-0.4140954613685608,-0.6937215328216553,-0.3809505999088287,-0.6973932385444641,-0.3456917405128479
Y,0.0,0.0,0.9488797541793845,1.0764461617082761,0.8837147021020373,0.9270694035471985,0.8420569963622196,0.8224597785989416,0.7955330727487526,0.7765733208958145,0.9615696186285824,0.7826869320966806,0.9659184454168547,0.7320898424551955,0.9640036464225712,0.8538627735214481,0.9618093161785515,0.9495219785468461,1.022171775032376,0.7902560357549084,1.0253603583960151,0.7484507824518233,1.0114558144436996,0.8960895417832249,1.0,1.0,-0.647303581237793,-0.4625334739685058,-0.648580014705658,-0.4390667080879211,-0.6352748274803162,-0.5156969428062439,-0.6237154006958008,-0.5673850178718567,-0.6778258085250854,-0.4780471920967102,-0.6931132674217224,-0.4031415283679962,-0.7031195759773254,-0.3589506149291992,-0.7092989683151245,-0.3111507296562195
Y,0.0,0.0,0.9467082643513905,1.1004254206542847,0.885620699659132,0.9296660557316099,0.8468595530717473,0.8076355590373729,0.8068067209191427,0.7589043672419613,0.9509424461290539,0.733287041356924,0.9630985389723995,0.6840485782032542,0.9639853838032841,0.8230383010665294,0.9621310365893134,0.9371997324718362,1.0079550088097264,0.7350607178623477,1.0190262527229204,0.7051040083609277,1.0094177155626467,0.8776479950124022,1.0,1.0,-0.6523621082305908,-0.3682199120521545,-0.6584848165512085,-0.3488454520702362,-0.6479536294937134,-0.4277303516864776,-0.6379756331443787,-0.4811353385448456,-0.682692289352417,-0.3827715814113617,-0.6989350914955139,-0.3079279065132141,-0.7087368965148926,-0.2612974643707275,-0.7143754959106445,-0.211795836687088
Y,0.0,0.0,0.9604935082549684,1.0618141457609431,0.9114161964348063,0.9697128185522796,0.87087402235275,0.9080401091384139,0.8306256888434302,0.8877930322431096,0.956911747273003,0.8570611132176591,0.9676510940457125,0.8006427067727476,0.9713999672970822,0.8840589876075912,0.9716652063081014,0.956713181888393,0.9977912938644973,0.8587362532104591,1.009551662425301,0.8125449870768661,1.005748464195072,0.9194952025249671,1.0,1.0,-0.6857838034629822,-0.4950329661369324,-0.6926707625389099,-0.4743984043598175,-0.6870005130767822,-0.530945360660553,-0.6801910996437073,-0.5703736543655396,-0.7075992822647095,-0.5021053552627563,-0.7192213535308838,-0.4467266798019409,-0.7275125980377197,-0.414011687040329,-0.7323018312454224,-0.3795340359210968
Y,0.0,0.0,0.9583924559704975,1.0672223284258722,0.9137562423815057,0.9536085407341436,0.877324185304581,0.8726937735321891,0.8408279639149024,0.8296940290603023,0.9620994107143003,0.8214279929662637,0.9786160213729046,0.7685268537882628,0.9794587886787445,0.860514150695094,0.9738681879362949,0.940708313699866,1.0002389062101773,0.8279063978570589,1.018046864376348,0.8027251039641382,1.0113372152199704,0.9168567143687998,1.0,1.0,-0.7574983239173889,-0.4719188809394836,-0.7704212069511414,-0.4579570889472961,-0.7617143392562866,-0.5162071585655212,-0.7501392364501953,-0.5572108030319214,-0.7794320583343506,-0.4841637909412384,-0.7925259470939636,-0.4234432876110077,-0.8052143454551697,-0.3877184391021728,-0.8147162199020386,-0.3526149988174438
Y,0.0,0.0,0.9516829811348573,1.0485749282472694,0.9128940590939222,0.9387602126926512,0.8819162718133627,0.8604646870765735,0.8498810961184499,0.817673303779857,0.9589906430560398,0.8245827949185023,0.978996951702145,0.7864607549252804,0.9809704595002836,0.8685606235936776,0.9774037101770385,0.9502939441494767,0.9953603696608163,0.839772680954016,1.015841074983898,0.8098325889695862,1.009482793813885,0.9122771609042586,1.0,1.0,-0.8336413502693176,-0.5207077264785767,-0.848605751991272,-0.5071735978126526,-0.8405448794364929,-0.5614956617355347,-0.8308257460594177,-0.6037783622741699,-0.8562403917312622,-0.5375820994377136,-0.8718616962432861,-0.4852746129035949,-0.8827306032180786,-0.4578097462654114,-0.8908646702766418,-0.4321509301662445
Y,0.0,0.0,0.9572880464581652,1.1165807588253844,0.9077675045646069,0.9608175822552341,0.8690260720537836,0.8502225290096274,0.8307915973186026,0.7960915693380771,0.962983373797233,0.7908172407201385,0.9707127888892036,0.6959447092470379,0.9712703071634842,0.8169565116018901,0.9693586468387217,0.9284965261460089,1.0041670982205326,0.801900660631549,1.013055515512054,0.7234731509564444,1.0072214427243822,0.8777406319739739,1.0,1.0,-0.7344852685928345,-0.3435129821300506,-0.7403960824012756,-0.3160916864871979,-0.7333176136016846,-0.3751462399959564,-0.7254917621612549,-0.4186679720878601,-0.7583489418029785,-0.3543854057788849,-0.7713788151741028,-0.2917327284812927,-0.7807180881500244,-0.2532097995281219,-0.786645770072937,-0.2126586735248565
Y,0.0,0.0,0.9612648302208443,1.124152677383069,0.8894566126359602,0.9686827637934217,0.8412666715070849,0.8510270784396062,0.792871420291041,0.8020941846169721,0.9708006025987265,0.800008233039431,0.9578873597589783,0.6979746722999796,0.9563099244994809,0.8318791005241929,0.9588345769983988,0.9413085847445841,1.027121612619838,0.7988874292997896,1.0140363607333256,0.7147661457960245,1.0041752499774008,0.8768570209478044,1.0,1.0,-0.579685628414154,-0.3543277978897095,-0.5732070803642273,-0.3198974132537842,-0.5649537444114685,-0.3876610696315765,-0.5601481199264526,-0.4372252523899078,-0.608051598072052,-0.3586490452289581,-0.6188433766365051,-0.2861499190330505,-0.6239970922470093,-0.2404743432998657,-0.6254023909568787,-0.1939450651407241
Y,0.0,0.0,0.9650984922332708,1.0508202948756606,0.9069180374284039,0.9484572839658333,0.8722789911138945,0.8796828072831955,0.833869588376847,0.8468673147563281,0.9811463956337895,0.8495449213290753,0.9596087257243088,0.8225707752205845,0.9600645168858553,0.9039101507391699,0.9636121028156437,0.9684621699485652,1.0323578696353,0.8528344642255827,1.007961197844684,0.8375147514861531,1.0022346522690415,0.932862547621825,1.0,1.0,-0.5657220482826233,-0.5886993408203125,-0.5535995364189148,-0.574485719203949,-0.5465404391288757,-0.6362347602844238,-0.5422616600990295,-0.6786007881164551,-0.5890488624572754,-0.6039813756942749,-0.5957485437393188,-0.5484352707862854,-0.5995705127716064,-0.5172122120857239,-0.5999959111213684,-0.4852363169193268
Y,0.0,0.0,0.9751048887729612,1.1321224892619526,0.9016960687397199,0.9901323613732381,0.8583532294235607,0.88082167875751,0.8151853539206004,0.8339519533787638,0.9781278240831409,0.8080595112923638,0.9513580572231805,0.7040809712562013,0.9503875330120547,0.8332005466908924,0.9556090770716509,0.9468365103875669,1.0330597857357824,0.8021605875167358,1.005936814091633,0.7152153988511865,0.9990808786157142,0.8740851212970417,1.0,1.0,-0.5343122482299805,-0.3274042010307312,-0.5220354199409485,-0.2947648763656616,-0.5159764885902405,-0.3586093485355377,-0.5143560767173767,-0.4062477946281433,-0.5612325668334961,-0.329935222864151,-0.5674054622650146,-0.2591370344161987,-0.5685238838195801,-0.2129030227661132,-0.5663717985153198,-0.1689897626638412
Y,0.0,0.0,0.9646931568539627,1.1510564792251456,0.8995895757730875,0.9463507802814998,0.8624205583841412,0.7974335203830253,0.8228395140723406,0.7152049640559464,0.9949005627717499,0.7494219689321328,0.9734146869106055,0.6200694787757928,0.9620907564663906,0.7812745778876752,0.9585733568557909,0.9273338207574303,1.0514373988793315,0.7616731262864703,1.0290137935447308,0.6520948259404103,1.0101847975453766,0.8452406538374644,1.0,1.0,-0.5428950190544128,-0.2809352874755859,-0.5328298807144165,-0.2364490628242492,-0.5220429301261902,-0.3041804730892181,-0.5171730518341064,-0.3566990196704864,-0.5715667605400085,-0.2916586995124817,-0.5873432159423828,-0.2167239189147949,-0.5959605574607849,-0.1674427241086959,-0.6008233428001404,-0.1179936826229095
Y,0.0,0.0,0.9710356223775294,1.154357010322341,0.9045337571401023,0.9869770485429479,0.8733503232856551,0.8558822763651892,0.838311525128062,0.7857292377228017,0.9877577862302698,0.7729213422688321,0.9635489051289041,0.6501439347784957,0.9519442994443078,0.8002260778402059,0.950713968666671,0.9422112929569593,1.0479026884687763,0.7711821484424495,1.0184366750231078,0.6596770862081236,1.0035059093558891,0.8475445603328421,1.0,1.0,-0.4778569936752319,-0.2693409025669098,-0.4654284417629242,-0.2303323745727539,-0.4569158852100372,-0.2941291630268097,-0.4544907212257385,-0.343675285577774,-0.5051665902137756,-0.2760171592235565,-0.5154524445533752,-0.2087436020374298,-0.5186865329742432,-0.1622191667556762,-0.5188239216804504,-0.1162680685520172
Y,0.0,0.0,0.9754196520401055,1.0581939521515202,0.931071998898434,0.9506844506508602,0.9152730023747008,0.8728332970633152,0.8942944889781216,0.824574076105025,0.9910409548735819,0.8539394885946583,0.9709411707704967,0.8052728759023722,0.9634420805242141,0.8841633234131484,0.9634471032345213,0.9518554267507365,1.0364189986589978,0.864809105822515,1.0118858764265033,0.8266626166741408,1.0022478466201479,0.926672933053968,1.0,1.0,-0.5277352929115295,-0.5493830442428589,-0.5155903697013855,-0.5236581563949585,-0.5084888339042664,-0.5814486742019653,-0.5067173838615417,-0.6242988705635071,-0.5512353777885437,-0.5599827766418457,-0.5609490275382996,-0.499403715133667,-0.5647023320198059,-0.4602895081043243,-0.5662592649459839,-0.4239234924316406
Y,0.0,0.0,0.9640364585959004,1.0447359115243169,0.9266257925134121,0.9493192112312723,0.9043323913762809,0.8802598202562458,0.8835507350656422,0.8351037010856059,0.9792998292378214,0.886167142496559,0.9792178853904386,0.8449037815048086,0.9757877012734294,0.910031705124145,0.9733523007980818,0.9654152149615585,1.0165292839262652,0.89736217380083,1.0149285374489798,0.8607867071976607,1.0062868529621234,0.9382331160736395,1.0,1.0,-0.6838399171829224,-0.6121629476547241,-0.6831172108650208,-0.587666928768158,-0.6749240159988403,-0.635374903678894,-0.6685082912445068,-0.672069251537323,-0.7046529650688171,-0.6235187649726868,-0.7176522016525269,-0.5721244812011719,-0.7263538241386414,-0.5409874320030212,-0.731903612613678,-0.5092710256576538
Y,0.0,0.0,0.9630061516524606,1.0382254718738757,0.9311135730550878,0.9416212442972213,0.9106934539324704,0.8679891698723573,0.8931821429117239,0.8136564194596909,0.977132222321142,0.8736631817621486,0.985279278488154,0.8348886691150951,0.9819922840939956,0.8961508213511961,0.9764995668687461,0.9531249912580549,1.0096023901179607,0.8854822914768693,1.0186112614449465,0.859776124148861,1.0099274508181948,0.9372786189834205,1.0,1.0,-0.7657729387283325,-0.575545608997345,-0.7715900540351868,-0.5609418749809265,-0.7632274031639099,-0.606301486492157,-0.7544981241226196,-0.639641284942627,-0.7844656705856323,-0.5863834619522095,-0.798508882522583,-0.5407169461250305,-0.8090525269508362,-0.5149224996566772,-0.816612958908081,-0.4896883368492126
Y,0.0,0.0,0.9504313723629018,1.1132636961778615,0.912325772155343,0.9286912569404862,0.8894010619978627,0.7823227147149481,0.868440169875362,0.6813195618431165,0.9759838667448175,0.7981601904204533,0.98266853659289,0.6796736305363056,0.9775922880572305,0.7943662197542884,0.9732687560165509,0.913349725616479,1.01452878887473,0.8205717606171932,1.0228191115319236,0.7169626846732153,1.0097501939929807,0.8679430396667674,1.0,1.0,-0.7909935116767883,-0.3277529776096344,-0.7990989089012146,-0.2943944633007049,-0.7860639691352844,-0.3492392301559448,-0.7759159803390503,-0.3937346935272217,-0.8153863549232483,-0.3413852155208587,-0.8348640203475952,-0.2846330404281616,-0.8484437465667725,-0.2492712438106537,-0.8599687814712524,-0.2129255533218383
Y,0.0,0.0,0.9640900815859914,1.1128134596245896,0.9194841184131075,0.9506397071472001,0.8947767918018441,0.8308320763061399,0.867648983004857,0.7586856936206982,0.976771867163305,0.8062469520520531,0.9759297004584333,0.7196936751993125,0.9720002328164753,0.8322923236845498,0.9684542871011489,0.9412029196715627,1.0190353214407515,0.8207191340449896,1.017726326440145,0.7442066989850865,1.0081565762516713,0.8839457804478292,1.0,1.0,-0.6870039701461792,-0.354239284992218,-0.685738742351532,-0.3236633539199829,-0.6771178245544434,-0.3797578513622284,-0.6707011461257935,-0.4235632717609405,-0.7123280763626099,-0.3666395545005798,-0.727756142616272,-0.3040788173675537,-0.7374659776687622,-0.2648378312587738,-0.7437673807144165,-0.2255270332098007
Y,0.0,0.0,0.9423061598611758,1.133953659344188,0.8905260120032055,0.8550102970494347,0.8668792703391837,0.6532530483708238,0.8363914690426902,0.5242999957170124,0.9832358258072639,0.6690455127439546,0.9819715988486666,0.5429454146325454,0.9743417923828809,0.7311967502055874,0.9665650442518594,0.8958556173847346,1.0407621661531377,0.6981064982777067,1.0391292634375264,0.6076664049991604,1.0186118603950411,0.8306832446103289,1.0,1.0,-0.6676104068756104,-0.2785338461399078,-0.6701698899269104,-0.2374414503574371,-0.6516380906105042,-0.312522143125534,-0.6356601119041443,-0.3690457344055176,-0.6988083720207214,-0.2965352237224579,-0.7237282991409302,-0.2138240486383438,-0.7408776879310608,-0.1616638898849487,-0.7533949613571167,-0.1088448762893676
Y,0.0,0.0,0.9476154821118555,1.1371678997252843,0.8742186518122462,0.9498353111453042,0.8194846041602317,0.8168170927920522,0.7631213454185262,0.7640018548574078,0.9744235213922824,0.7359662472159574,0.9684874692455985,0.6329830182183532,0.9630081266176016,0.7981916545468597,0.9602614789804983,0.9383804424959072,1.039924485296467,0.7517226988175283,1.0321320921513701,0.6631014058976034,1.0128785054692242,0.8537783585917136,1.0,1.0,-0.6174049377441406,-0.3285468220710754,-0.6143571734428406,-0.2872853279113769,-0.5990414023399353,-0.3627566397190094,-0.5883259177207947,-0.4185592532157898,-0.6506336331367493,-0.3414680659770965,-0.672012448310852,-0.2554782032966614,-0.6851578950881958,-0.2025554031133651,-0.6934888958930969,-0.1482672691345214
Y,0.0,0.0,0.9696057020441261,1.1220115411405707,0.890246085227016,0.9450678154222767,0.8399161368519026,0.8193206960473599,0.7913569063455399,0.7464010547093964,0.9753016021639089,0.7368067005839464,0.9474613194177514,0.6273607674886811,0.9461508942575882,0.7788853227214209,0.9487954827843417,0.9175652628280999,1.0416029204848787,0.7427314629171853,1.0127695048083196,0.6650784686910362,1.0044713514122836,0.8511694065082465,1.0,1.0,-0.5202952027320862,-0.3037533164024353,-0.5074748396873474,-0.2748278677463531,-0.4992602169513702,-0.3463277816772461,-0.494378387928009,-0.4005809724330902,-0.5504411458969116,-0.3124680519104004,-0.5620272159576416,-0.2334597408771515,-0.5683802962303162,-0.1815691739320755,-0.5692611932754517,-0.1323575973510742
Y,0.0,0.0,0.9604394425562894,1.0478757379195311,0.9090013872957677,0.932901872080833,0.8753354121352342,0.8564042965213771,0.8370140902988188,0.8126327295211806,0.9986593012789604,0.8433179739372103,0.9814798529231825,0.809970541331974,0.9693915509609105,0.8944712975356465,0.9640018258890733,0.9638088937679123,1.0525456011326324,0.8588806945898829,1.031428422969327,0.8320210220057981,1.0114357198210093,0.9286578850558365,1.0,1.0,-0.5889883637428284,-0.611413300037384,-0.5800207257270813,-0.5872014164924622,-0.5651347041130066,-0.6493332386016846,-0.5555906891822815,-0.6936410069465637,-0.614306628704071,-0.6306656002998352,-0.6305751800537109,-0.5672158002853394,-0.6414085030555725,-0.5291548371315002,-0.6488499045372009,-0.4897074103355407
Y,0.0,0.0,0.9580830305346686,1.0244200041196405,0.9143079881708287,0.9237792781481058,0.8877398658450635,0.8586326856008634,0.8548481744890393,0.8157432106804915,1.017337550362402,0.842508385604971,0.9654543571969905,0.8495954311411419,0.9547317487469795,0.9145042190204313,0.9564332133492467,0.9624895297486041,1.0670190949817593,0.8597736364373626,1.0100825383724266,0.8782470192414896,0.9990565861933683,0.9499163508350849,1.0,1.0,-0.5360949635505676,-0.7094663381576538,-0.5137481689453125,-0.7125712633132935,-0.5031394958496094,-0.764758825302124,-0.4993882775306701,-0.802108883857727,-0.5541524887084961,-0.7417246103286743,-0.5622738003730774,-0.6926541328430176,-0.5669799447059631,-0.6605161428451538,-0.5694575309753418,-0.6321394443511963
Y,0.0,0.0,0.9614773907680219,1.0706924663965605,0.8968037105446618,0.9438233084089939,0.8529160029734795,0.854689311115964,0.8085172050750096,0.8077558004921932,0.990218450768984,0.8223319683742275,0.967045694451753,0.7568872583903349,0.9598419519568812,0.8635828615167174,0.9595028577478443,0.9533829346686044,1.0511987043084683,0.8311766684025381,1.0274679496316996,0.7884202253321335,1.0098599176704377,0.9093152610315529,1.0,1.0,-0.5281978845596313,-0.4925554096698761,-0.5181044340133667,-0.4613790810108185,-0.5060010552406311,-0.5266183018684387,-0.4993840754032135,-0.5754037499427795,-0.5561246871948242,-0.5075553059577942,-0.5749155282974243,-0.4362537860870361,-0.5865476727485657,-0.3903648853302002,-0.5939050316810608,-0.344680905342102
Y,0.0,0.0,1.0446592204179583,1.0399945967410429,1.1179727834817939,0.9633310964434085,1.1743779303267876,0.9101326032158495,1.2286884207141529,0.8923544626800906,1.0735462537496698,0.82570980497771,1.067439205614105,0.8565244193111036,1.0494737382033859,0.9285237976822518,1.036959954527353,0.9861818850873758,1.013786060910658,0.8106008468422747,1.0130948866533658,0.8562009012983172,1.0055687995765632,0.937724793939881,1.0,1.0,-0.388751745223999,-0.4610106945037842,-0.3876731693744659,-0.4766216874122619,-0.3885187208652496,-0.5216746926307678,-0.3894700706005096,-0.555559515953064,-0.3669136464595794,-0.4715219438076019,-0.3605409264564514,-0.4267581105232239,-0.3546164631843567,-0.3945837616920471,-0.3501201272010803,-0.3651335835456848
Y,0.0,0.0,1.0762260609289962,1.0600912154706732,1.1754894535688027,0.9695192916435522,1.2568049266762291,0.9052055610626817,1.338396940167047,0.8835103240330743,1.129903341642591,0.7896110148752142,1.0980650191592753,0.823260404533869,1.0686466398100167,0.90718261233379,1.05317717886044,0.9803939926590627,1.0423775943678548,0.7658596330358489,1.0130767232035998,0.8268958353604522,1.002988774388676,0.9250784875569263,1.0,1.0,-0.298776775598526,-0.4023297429084778,-0.2900972366333008,-0.4234910011291504,-0.2929830849170685,-0.4733888804912567,-0.2964860200881958,-0.512110710144043,-0.2727419435977936,-0.4156002998352051,-0.2599381506443023,-0.3678460419178009,-0.2503294944763183,-0.3329797387123108,-0.2429647445678711,-0.2998396158218384
Y,0.0,0.0,1.10498673140011,1.0709356934561942,1.2238821959936776,0.9553695229503332,1.325684419150965,0.8647520744452393,1.4280371303877613,0.8222936099351855,1.145367477907986,0.7471147114881483,1.11169296887053,0.7697775897081388,1.0822103147786903,0.8808284325202713,1.0642625662129588,0.9735413958325473,1.0354697376538053,0.728208329609245,1.008704440581707,0.7742213887529109,1.00381434894658,0.9036581673327091,1.0,1.0,-0.2510592937469482,-0.3392490148544311,-0.2424499094486236,-0.3503839671611786,-0.2478458881378173,-0.4084164202213287,-0.2534804344177246,-0.4519523084163666,-0.2234906107187271,-0.3530571460723877,-0.209073469042778,-0.2969916760921478,-0.1956159025430679,-0.2597125470638275,-0.183799147605896,-0.2224763482809066
Y,0.0,0.0,1.0429286709265986,1.025889304080352,1.099443472551969,0.9726843167362339,1.141873369246012,0.9285524261743258,1.1909983897429168,0.9074819510616245,1.0699536114281791,0.8668045938577017,1.0491013619906329,0.8964338886636393,1.037532196775579,0.9493190185313114,1.0325740275828608,0.9919809624896312,1.01520549319386,0.8541232070304746,0.9996167944576213,0.9021168955635387,0.9987132574253271,0.9581466855132065,1.0,1.0,-0.3687309622764587,-0.5677249431610107,-0.3634565472602844,-0.5883824229240417,-0.3661634922027588,-0.6247209310531616,-0.369146853685379,-0.6527955532073975,-0.3502051830291748,-0.5814898610115051,-0.3423128128051758,-0.5517544746398926,-0.3346823751926422,-0.5300750136375427,-0.3274327516555786,-0.511134922504425
Y,0.0,0.0,1.0730740377974064,1.0792007020402739,1.1662461946644789,0.9768482228506555,1.2419691219126918,0.8998360997993172,1.3090748824196448,0.8681198291137001,1.1231514770883129,0.828884745721915,1.1053223918968633,0.8058999460007825,1.0704128044432069,0.8967794832088233,1.0461482439207679,0.9771947172290942,1.0506835062446125,0.806312597167783,1.0345261783331205,0.8011006961812902,1.0152988655391697,0.9126221603477686,1.0,1.0,-0.3129964768886566,-0.3319826424121856,-0.3046311736106872,-0.3278732895851135,-0.3047843873500824,-0.3744854032993316,-0.3062271773815155,-0.4110602736473083,-0.2909730076789856,-0.3345996737480163,-0.2810756266117096,-0.2867040038108825,-0.2719074487686157,-0.2563585638999939,-0.2649692296981811,-0.22517029941082
Y,0.0,0.0,1.0349243542363435,1.1582674510965252,1.1123393061793896,1.0131721525722583,1.175769590520062,0.8864322469965583,1.2299919943502884,0.8117107632488297,1.0650128278388045,0.7782677752189109,1.0804801545370608,0.7015095547152308,1.0609020313493722,0.8463346841452517,1.0434504243845635,0.9750766997375516,1.0064521209296484,0.7424206446230562,1.0226195606717936,0.6652689475957517,1.0113507130774435,0.851789100207066,1.0,1.0,-0.398810863494873,-0.2156275808811187,-0.4021268188953399,-0.1948890686035156,-0.4039395153522491,-0.2486346065998077,-0.4044455885887146,-0.2909021973609924,-0.3754381239414215,-0.2156062126159668,-0.3690322935581207,-0.1557162702083587,-0.3637545704841614,-0.1168587952852249,-0.359292209148407,-0.0787522792816162
Y,0.0,0.0,1.063005460817617,1.0617560857632307,1.1386888139874884,0.9785550580799314,1.1986837183966217,0.9095641452817671,1.2601257925915015,0.8769862355805025,1.1022631237107623,0.8523901893728809,1.0761942859780402,0.8470111249289568,1.051933906779627,0.9254341625457165,1.042242759663581,0.9873546996861757,1.0286730473281849,0.8384990435521681,1.0097875823637608,0.8407502588788527,1.0010610624691598,0.9331552236108078,1.0,1.0,-0.312279611825943,-0.4377228915691376,-0.3053069710731506,-0.4342350959777832,-0.3077311813831329,-0.4806322157382965,-0.3117212653160095,-0.5155935287475586,-0.2909443378448486,-0.4455266892910003,-0.2812300622463226,-0.4011154174804687,-0.271243155002594,-0.3721538782119751,-0.2628304362297058,-0.3426345884799957
Y,0.0,0.0,1.059276584907732,1.0278129425116422,1.1169238867555815,0.9667740283739006,1.1550297563328378,0.9134256172503483,1.207432213489065,0.8816165658610963,1.0822245170260796,0.8785055575290189,1.0605227157796424,0.8946472520250516,1.0411672546010358,0.9466843474860239,1.030807582101782,0.9900054453462334,1.0208960223264956,0.8702573634687818,1.004247920831694,0.8989016329592936,1.0000594034399954,0.9563634128890736,1.0,1.0,-0.2994219660758972,-0.5941438674926758,-0.2936087250709533,-0.6048343181610107,-0.2962176501750946,-0.6403050422668457,-0.3000631332397461,-0.6689736247062683,-0.2821730375289917,-0.6062459349632263,-0.2732011675834656,-0.5767660140991211,-0.2636435031890869,-0.5573415756225586,-0.2549449205398559,-0.539037823677063
Y,0.0,0.0,1.087826479646852,1.0731826811194805,1.181315217921288,0.964684551846972,1.2488633383144776,0.8750022129281425,1.3088779966798,0.8204936947612155,1.1095516343064746,0.8520326089222903,1.1060649069070532,0.8237506660094105,1.0735232918651358,0.9070055469420741,1.0507341454832304,0.9809017416629653,1.021771271607138,0.8405382339561397,1.0180797145195852,0.8129262017642316,1.0063592959273893,0.9165136631756823,1.0,1.0,-0.2543840408325195,-0.382076621055603,-0.2497868835926056,-0.3698925375938415,-0.2530353963375091,-0.4159128367900848,-0.2568156123161316,-0.4524922370910644,-0.2326676845550537,-0.3859167397022247,-0.2228676378726959,-0.3371835052967071,-0.2130898535251617,-0.3076187670230865,-0.2043488323688507,-0.2786553502082824
Y,0.0,0.0,1.341492292112227,1.1033746893606107,1.659238352476154,0.9407692261289422,1.8652869094220035,0.7979441442282793,2.101150468469459,0.7131605646213712,1.3627258661750334,0.7428747037712845,1.3235227085423356,0.7282256952814985,1.229472934270024,0.8599473530049829,1.1615765734294987,0.9735468064271159,1.0260955316386182,0.7313157794197257,0.9934942899384942,0.728189780307602,0.9936663526127187,0.8828368092846741,1.0,1.0,-0.0941772758960723,-0.3987569212913513,-0.0842854529619216,-0.3945378065109253,-0.0956866070628166,-0.4745255410671234,-0.1064012572169303,-0.5345388054847717,-0.0557882189750671,-0.4143175184726715,-0.0330620929598808,-0.3367449045181274,-0.0100407972931861,-0.2918175160884857,0.0127269774675369,-0.2463035434484481
Y,0.0,0.0,1.141795814022804,1.1027967376724421,1.3103552132597238,0.9411798033334747,1.4352108357389217,0.7925070902427164,1.5493952951298846,0.6888415734627472,1.1709471746970972,0.7293950856214121,1.1870836863360719,0.689794619574618,1.1399072819428053,0.8284804198337505,1.0960371532633397,0.9510132601409237,1.0016183665529574,0.7118889581504338,1.0169851565931298,0.6800210177965909,1.0104096903871789,0.8567581680575183,1.0,1.0,-0.2006420344114303,-0.3282166421413421,-0.1989548802375793,-0.307555079460144,-0.208593875169754,-0.3848145008087158,-0.2160812020301818,-0.4483157098293304,-0.1648313552141189,-0.3403275609016418,-0.1420480608940124,-0.2623031139373779,-0.1242214441299438,-0.2137936502695083,-0.1086078733205795,-0.1634335070848465
Y,0.0,0.0,1.0260419938423921,1.0573058248309637,1.077792239327505,0.9828121607811651,1.1169294052286647,0.9188368977325606,1.1553134929687603,0.8800809948550937,1.035948767664122,0.877364237844598,1.0558795016165468,0.8579971306716853,1.0436547777054088,0.9271619654448007,1.0298547122427122,0.9867453008360392,0.9941460724279962,0.8708901574651817,1.0123768089641527,0.847383600764381,1.0070319744742016,0.933479555552597,1.0,1.0,-0.4644439220428467,-0.4860093593597412,-0.4710101187229156,-0.4731150269508362,-0.4728716611862182,-0.5191912651062012,-0.4725934267044067,-0.5540199875831604,-0.4458362460136413,-0.4927763342857361,-0.439538836479187,-0.4490532577037811,-0.4345862865447998,-0.4233613610267639,-0.4302559792995453,-0.3977857232093811
Y,0.0,0.0,1.0369713493192192,1.0582009431624797,1.0967747139744772,0.9820185588575151,1.1433842320253687,0.9209893059634122,1.186451358375508,0.8923270208214147,1.0591907772275013,0.8854267875900436,1.0666374054546515,0.8569238892973117,1.0472567444269254,0.9243301449169014,1.031971817046701,0.9861848121941641,1.0119329482151111,0.8748671115683032,1.0191165644670823,0.8468973523777686,1.0084860000352491,0.9297280084649988,1.0,1.0,-0.4251435399055481,-0.4595901668071747,-0.4255869090557098,-0.4460673034191131,-0.4261843562126159,-0.4869064688682556,-0.4268175661563873,-0.5203478336334229,-0.4059354066848755,-0.4620476961135864,-0.3997635245323181,-0.4193518459796905,-0.3940070867538452,-0.393231064081192,-0.3893149197101593,-0.3677793145179748
Y,0.0,0.0,1.067033629631485,1.0638282028293307,1.150516834299886,0.96864785082153,1.2158221160336407,0.893541234306212,1.2815350860712031,0.8540141940713518,1.1048855793679622,0.8392688477400189,1.0980030666649967,0.8358647192664471,1.0694683647097627,0.9161977160745497,1.0484263596800703,0.9845268480442386,1.0272519668546887,0.8258070719359093,1.0268260121664559,0.8239824656446944,1.0119198596306642,0.9217040595149196,1.0,1.0,-0.3262207508087158,-0.4513551592826843,-0.3232166767120361,-0.4468005299568176,-0.3246561884880066,-0.4979903399944305,-0.3263472318649292,-0.5386451482772827,-0.301308274269104,-0.4593451023101806,-0.2889876365661621,-0.4063118994235992,-0.2787217199802398,-0.3731438517570495,-0.2704380750656128,-0.3401862978935241
O,0.0,0.0,1.1236518632811003,1.3173574241558388,1.0626751363196985,1.2163921560592088,1.0172914618146607,1.1428067353017264,0.9992218075983692,1.0476748395852729,1.1181213449358918,0.9572451379900373,1.064118589948237,0.870905260506225,1.0209759940747223,0.9203813523124597,0.9983431208868817,0.9909602163642082,1.140606641396882,0.9319201841343663,1.0709343250252485,0.8236541607788798,1.0210319599666204,0.9029499375275619,1.0,1.0,-0.6227737665176392,-0.3683346211910248,-0.5870229601860046,-0.3231504261493683,-0.5555053949356079,-0.3519977927207947,-0.5400465726852417,-0.3895944952964782,-0.628009021282196,-0.3814439177513122,-0.5924214720726013,-0.356331467628479,-0.5641063451766968,-0.3701169490814209,-0.5464297533035278,-0.3920674920082092
O,0.0,0.0,1.126673956161432,1.3666752408255758,1.0636390348416516,1.2425822939222213,1.016823873438497,1.152615200729583,0.993777485263054,1.0443843399231367,1.1100493652164436,0.9730838029229439,1.0557561310417227,0.8519049642276326,1.013431035837057,0.9104294650283143,0.9961560074216784,0.9941290611312177,1.1351811143304142,0.9408422683000776,1.0674508020644815,0.7985124171433228,1.0180016654242747,0.8888220181811546,1.0,1.0,-0.618220865726471,-0.3439395427703857,-0.5825895667076111,-0.2889135777950287,-0.550893247127533,-0.3204655647277832,-0.5367762446403503,-0.3609813153743744,-0.6280180811882019,-0.3534337282180786,-0.5911875367164612,-0.3232962489128113,-0.5613824725151062,-0.3391414582729339,-0.5440667867660522,-0.3646265566349029
O,0.0,0.0,1.1547101565583227,1.19519445263777,1.0842823969606046,1.129731498342397,1.026530862250958,1.0853337681192696,1.0100385164441943,1.0261487533094658,1.1632664814881255,0.9081771180139142,1.0779773886426764,0.8689457088659239,1.0293616485925612,0.9244336817508243,1.0040490889933325,0.9922746384094077,1.1817279622114925,0.8985478753185829,1.0709476300986256,0.8491538784554001,1.0204136210083858,0.9250802308103974,1.0,1.0,-0.6032638549804688,-0.4924271702766418,-0.5525124073028564,-0.4608507752418518,-0.5228872299194336,-0.4950637817382812,-0.5083919763565063,-0.5350956320762634,-0.6020488739013672,-0.5163859724998474,-0.5577300786972046,-0.5069265365600586,-0.5328812599182129,-0.5247431993484497,-0.5178330540657043,-0.5477895140647888
O,0.0,0.0,1.1476925259851702,1.4510257412208665,1.0745391768992905,1.3239841955223541,1.0211286012019216,1.22557260451979,1.0015173520286667,1.0846559223236227,1.1177721152125761,0.9935276262178491,1.0682616069970163,0.850752731112271,1.0220964276824738,0.9099150496008482,0.9971822060379861,0.9992628707337486,1.142363728030213,0.9489549821385255,1.0769715659626595,0.7754096261466222,1.0237427872899312,0.8717770941618516,1.0,1.0,-0.581028401851654,-0.2810719013214111,-0.5475596785545349,-0.2239519357681274,-0.5177890062332153,-0.2530370354652405,-0.5032221078872681,-0.2920377850532532,-0.5921345949172974,-0.2871915102005005,-0.5549283623695374,-0.2556853890419006,-0.5264862179756165,-0.2711734473705292,-0.509691059589386,-0.295281171798706
O,0.0,0.0,1.2113420047548398,1.7106714923917332,1.1139761080700619,1.5108609517676184,1.0405959785146064,1.3569794520359402,1.0030725746013582,1.1530182674214646,1.2122927194999065,0.9407970859874668,1.1084424830238553,0.7537809469312587,1.030278160018837,0.8716009345495571,1.0045210378868055,1.0478443861066609,1.2458096867831663,0.8571299706705705,1.1085603729181752,0.6111149735796566,1.0209870121731999,0.7882585724509182,1.0,1.0,-0.4777855277061462,-0.1753081679344177,-0.4232846200466156,-0.1196637749671936,-0.3865729868412018,-0.1608404368162155,-0.3769550621509552,-0.2091871947050094,-0.4771267473697662,-0.1850480437278747,-0.4231102764606476,-0.1551289558410644,-0.3908732533454895,-0.1814833134412765,-0.3783454895019531,-0.2197835594415664
O,0.0,0.0,1.1902283678492738,1.2655240014517526,1.1126773246359831,1.1882972928147275,1.0475796949532274,1.134653581463647,1.0217373290100065,1.059477160921766,1.2171053920505102,0.8945010364208056,1.1035981784674114,0.8636841897076857,1.0389779326600665,0.9358361490530648,1.0106897997454825,1.0176346288766893,1.2378555907609134,0.8770396879426129,1.0896996973158388,0.8116055535777857,1.0232720104152262,0.9061757772462089,1.0,1.0,-0.5117959380149841,-0.3830311000347137,-0.4533394575119018,-0.3541173338890075,-0.4244976639747619,-0.3914340436458587,-0.4125861525535583,-0.4306507408618927,-0.5059706568717957,-0.4064029157161712,-0.4565558433532715,-0.3960044384002685,-0.4308286607265472,-0.4144589006900787,-0.4154058694839477,-0.4367148876190185
O,0.0,0.0,1.1615397138846857,1.1890689032258064,1.081945187926507,1.1338579612903226,1.0191415750251847,1.0969780645161291,0.9984481495024173,1.034202735483871,1.1343473257828338,0.9232994064516129,1.0576193402867053,0.8661095225806451,1.0082877760308875,0.9196697806451613,0.9878388214603346,0.9813817806451612,1.1661180120296568,0.9069324387096774,1.0657129621238626,0.8481209806451612,1.0135388961715006,0.9253249032258064,1.0,1.0,-0.5418699383735657,-0.5259209275245667,-0.4988828599452972,-0.4918322563171386,-0.4716495871543884,-0.5329951643943787,-0.461759090423584,-0.5754414796829224,-0.551745593547821,-0.545293390750885,-0.5127431154251099,-0.5340398550033569,-0.4866753816604614,-0.5573334097862244,-0.4728781580924988,-0.5836365818977356
O,0.0,0.0,1.1067643520891277,1.2129864972411006,1.0481008369334603,1.1517078736273858,0.9991506379218649,1.1071065615242779,0.9991649110695067,1.0472228637444048,1.079979692604709,0.9773816444664597,1.034201316379469,0.901305785220497,1.0001274701877862,0.942920807139319,0.9869182210124449,1.0004891849978312,1.1116879292649153,0.9602928739008071,1.0551506739341143,0.8812696405334419,1.0155849597036104,0.9368248421457245,1.0,1.0,-0.6224822998046875,-0.5406997799873352,-0.5935313701629639,-0.4939038753509521,-0.5687025785446167,-0.5254321694374084,-0.5566901564598083,-0.5614826083183289,-0.6388939619064331,-0.5582548975944519,-0.6075153946876526,-0.5402801036834717,-0.5840722322463989,-0.5572987794876099,-0.5704768300056458,-0.5758185982704163
O,0.0,0.0,1.1191979261378455,1.174257700849768,1.0629019929408325,1.1246367700087132,1.0203741091433334,1.0872959959966653,1.006594096149361,1.025763761774839,1.0904808804515729,0.9558658633556054,1.0436464259893246,0.9133222726403776,1.0123609797989856,0.953067903143504,0.9982153766031755,1.002108867180236,1.1096220926848763,0.9320073344610087,1.0489155809974147,0.8821871887621968,1.0139559101665547,0.9388695950646389,1.0,1.0,-0.6240414381027222,-0.4858633279800415,-0.5903013944625854,-0.4574064016342163,-0.5669342279434204,-0.4867798984050751,-0.5561301708221436,-0.5210668444633484,-0.6311171650886536,-0.4950086772441864,-0.5978223085403442,-0.4863514006137848,-0.5756941437721252,-0.503734290599823,-0.5622490048408508,-0.5249567627906799
O,0.0,0.0,1.1561211186446618,1.1572630183328891,1.0846826763235133,1.1035663142895564,1.0295398257291508,1.0719619328918593,1.0090539678773227,1.0278475900189439,1.1588548583313447,0.9028527211518272,1.0714456328250097,0.8686919739645138,1.0205816937861014,0.920314615117851,0.9952594356263401,0.9775910805576067,1.1768019065620987,0.906064362099919,1.0660509573032375,0.8641284505394177,1.0175078657371144,0.9338843973454939,1.0,1.0,-0.6298432350158691,-0.5862531661987305,-0.5768448114395142,-0.5604687929153442,-0.5500488877296448,-0.5977087020874023,-0.5380749106407166,-0.6374686360359192,-0.6295929551124573,-0.6155327558517456,-0.5848522782325745,-0.6069895029067993,-0.5598355531692505,-0.6273366212844849,-0.5445259809494019,-0.6518431901931763
O,0.0,0.0,1.10781874951952,1.351162315130454,1.0489857112137846,1.2577906436456607,1.008311290821301,1.1738270065712402,0.998430773749405,1.0536039618349333,1.0738566026916474,0.997978902504967,1.0369033588759553,0.8801063543610274,1.0072647067850216,0.931062501418879,0.9910331071049651,1.0110054184310802,1.0972582377380269,0.9546931614100278,1.0518296526278716,0.8125914601837746,1.0172938789779367,0.8918030901632295,1.0,1.0,-0.6704250574111938,-0.3171679973602295,-0.6452447175979614,-0.2639800608158111,-0.6210974454879761,-0.2894178032875061,-0.607487142086029,-0.3264097869396209,-0.6876400709152222,-0.3209815323352813,-0.6594533324241638,-0.2931670546531677,-0.635566234588623,-0.3061816394329071,-0.6187742948532104,-0.3266659379005432
O,0.0,0.0,1.0995907029657666,1.1493803390221624,1.0513781610663497,1.1042489544004963,1.0128018836833022,1.0745582856911287,0.996894561467253,1.0239354152187123,1.0921660031252696,0.9299382568402099,1.0415001922736902,0.895413236138462,1.0093320234309815,0.9373704712482608,0.9960368156256808,0.9868521429521073,1.1108593058257112,0.9221448727257658,1.0474365749620485,0.8838033973312647,1.0123601990614373,0.942932850365339,1.0,1.0,-0.6843130588531494,-0.5477898716926575,-0.6479214429855347,-0.5242802500724792,-0.6246335506439209,-0.5567020773887634,-0.6150815486907959,-0.5900461077690125,-0.6897746920585632,-0.5686149597167969,-0.6570289134979248,-0.5600033402442932,-0.6367344856262207,-0.5798424482345581,-0.6260015964508057,-0.6021891236305237
O,0.0,0.0,1.103210029205685,1.3893553880736698,1.047221365992097,1.2890217143933982,1.0070942784755927,1.202371238193373,0.9986856493135031,1.058163211072563,1.0768421354289452,0.9707103268074474,1.0387608138369984,0.838990994767152,1.0085935548987297,0.9046363403206331,0.99461548577305,1.0047853404800797,1.0977622088680279,0.9166537028658029,1.0493138626103626,0.7592431900156845,1.0146402869903646,0.8649852751705535,1.0,1.0,-0.6692818403244019,-0.245426058769226,-0.6412393450737,-0.1950443238019943,-0.6167428493499756,-0.223195344209671,-0.604491114616394,-0.2611644268035888,-0.6830261945724487,-0.2493041157722473,-0.6518754363059998,-0.2253997027873993,-0.6272037625312805,-0.2405374944210052,-0.6112093329429626,-0.2625191211700439
O,0.0,0.0,1.1727820783004992,1.2846891758049066,1.0953129981029275,1.187129089273436,1.0326239718346477,1.1255111093425039,1.0062955490264085,1.0296560749202266,1.1878507790835473,0.8589903983360782,1.0854361648818793,0.8050831998904003,1.0274757957375469,0.9020170678358915,1.0064850135578391,1.0152768932632215,1.2163688994443633,0.8333339661841963,1.0804241874870881,0.7557269079428302,1.0167527100844755,0.8820161960205426,1.0,1.0,-0.5452502369880676,-0.3305990993976593,-0.4878453016281128,-0.2912190854549408,-0.4544485807418823,-0.3337255716323852,-0.4423916339874267,-0.3814603686332702,-0.5433936715126038,-0.3518092036247253,-0.4902690351009369,-0.3332610130310058,-0.4618184268474579,-0.356203019618988,-0.4477835595607757,-0.3871890604496002
O,0.0,0.0,1.1469210344451317,1.1687522467564104,1.0736942130724185,1.1189501601380514,1.0174233311336394,1.0778343166438011,1.0064086442782838,1.0172534797564465,1.12852933993588,0.9472881715215856,1.061196486378351,0.902374723892158,1.016693729832529,0.9442830919230947,0.9981575829691715,0.9946230272922502,1.1542790112807937,0.9296227607820876,1.0653159115826887,0.8804923933833906,1.0168267507053745,0.9388323673799513,1.0,1.0,-0.5410610437393188,-0.5821542739868164,-0.5018506646156311,-0.5505945682525635,-0.4752109348773956,-0.5848525762557983,-0.4635269343852997,-0.6249293684959412,-0.5482303500175476,-0.5942663550376892,-0.5103805065155029,-0.584581196308136,-0.4859877526760101,-0.6043359041213989,-0.4717466235160827,-0.6289507746696472
O,0.0,0.0,1.193339886394911,1.151572728429804,1.1059244524673002,1.1059187930645271,1.0327405731306996,1.0769976087131556,0.9984420401161478,1.0412595362092332,1.2367026359500564,0.9310592150987461,1.1050422461401825,0.9116764216614397,1.0385616508042672,0.9534151043773739,1.009785152253147,0.9986053708207022,1.2512540933961334,0.9288760523728536,1.0807315254864462,0.8935032673346067,1.0174725497791104,0.9498746891928094,1.0,1.0,-0.4517951607704162,-0.6853525638580322,-0.3938852548599243,-0.6627600193023682,-0.368968516588211,-0.6986648440361023,-0.3593783378601074,-0.7339388132095337,-0.4431096017360687,-0.7128081321716309,-0.3980332911014557,-0.7000378966331482,-0.3752160966396332,-0.7153404355049133,-0.3617689609527588,-0.7335503697395325
O,0.0,0.0,1.209915335508752,1.389945791168989,1.1103475492764094,1.3012263948794514,1.0365655595962913,1.223325090549657,1.001891763102349,1.1102714243253704,1.170765914453994,1.0267910342015039,1.095884928879443,0.9141941771731916,1.0290259924326164,0.9556898535998672,1.0058383794699122,1.0326330423302368,1.1968711855942873,0.9706532708471577,1.1033677870270964,0.8234696416721963,1.0274585883445337,0.8916886992645432,1.0,1.0,-0.4407217502593994,-0.3226802349090576,-0.4025596082210541,-0.2715877294540405,-0.3727782666683197,-0.300286591053009,-0.3614685535430908,-0.3390510380268097,-0.4478393495082855,-0.3228717148303985,-0.4055490791797638,-0.300995260477066,-0.3782697916030884,-0.3197225630283355,-0.3641923069953918,-0.3457936942577362
O,0.0,0.0,1.134801163705093,1.3772284972539541,1.0645463314079822,1.2826310287733136,1.0134913791012696,1.1986487647982573,1.0003694696235752,1.0861803012476527,1.1016366806319007,1.0206513463207552,1.061573893274032,0.899413409327878,1.020087293261752,0.9472718652646337,0.9978754609349463,1.0140586517309733,1.1241183689341707,0.9814109705285768,1.0701575847689075,0.8385708105885608,1.0218168086082282,0.9063528245812695,1.0,1.0,-0.5792530179023743,-0.3423363864421844,-0.5493533611297607,-0.2887736856937408,-0.5227980613708496,-0.3161450028419494,-0.5102710723876953,-0.352151095867157,-0.5921357870101929,-0.342901736497879,-0.5574989914894104,-0.3141180276870727,-0.5311592221260071,-0.3305274844169616,-0.5157238841056824,-0.3549010753631592
O,0.0,0.0,1.1164829701499825,1.1439033281531141,1.0564388989827722,1.0958570549036812,1.0105720916565775,1.0687954511067166,0.9982197252255969,1.0234318158886493,1.103102178258168,0.9229445583075849,1.0427316462048029,0.8863864319662994,1.0060776240214593,0.9347892940069221,0.9912359670230303,0.9877477342535886,1.1290707630807468,0.9162540946268682,1.051854870350195,0.8780096339745646,1.0119085606421618,0.940505260399635,1.0,1.0,-0.6523363590240479,-0.6184325814247131,-0.6117542386054993,-0.5941132307052612,-0.5864322781562805,-0.6326260566711426,-0.57660311460495,-0.6724217534065247,-0.6599633693695068,-0.6423194408416748,-0.6233277916908264,-0.6368567943572998,-0.5995556116104126,-0.6598743200302124,-0.5860810875892639,-0.6850032806396484
O,0.0,0.0,1.0736518112543931,1.3755690345182876,1.026833438782982,1.2661763595250046,0.9945762913222296,1.1697240317301891,0.9965069917385968,1.0638872723018669,1.0545816827874748,1.0468111772060735,1.0249716757338831,0.8813110035360887,0.99600190517815,0.9179207350773386,0.9846657500449137,0.9941639974470264,1.0780626220141447,1.0192865824593478,1.0448838573390684,0.8336177374725201,1.0124380630906793,0.8989503126141996,1.0,1.0,-0.7256330847740173,-0.3658289313316345,-0.7058730125427246,-0.2967709302902221,-0.6827204823493958,-0.3167202472686767,-0.6715106964111328,-0.3513601422309875,-0.7462276816368103,-0.3719572424888611,-0.7236526608467102,-0.3298562169075012,-0.7019168734550476,-0.3378336429595947,-0.6880339980125427,-0.357551246881485
O,0.0,0.0,1.0839034818719857,1.141030335467058,1.0350157258413109,1.0938153872507823,0.99667006745557,1.063237664273817,0.9948303959734862,1.0263652873180418,1.0657872823147938,0.9439981009083728,1.023976368392079,0.894321724729973,0.9951871134552335,0.933131888174459,0.9855259438185624,0.9804455300261256,1.0945403815292276,0.9367247712764131,1.0417329086633382,0.8896272119656685,1.0088288288459273,0.9458722365238623,1.0,1.0,-0.7053290605545044,-0.6506471633911133,-0.6733382344245911,-0.6209014058113098,-0.6495649814605713,-0.6594821810722351,-0.6401269435882568,-0.696899950504303,-0.7197551131248474,-0.6741037964820862,-0.689456045627594,-0.6664256453514099,-0.6661326289176941,-0.6866466999053955,-0.6525933742523193,-0.7068673968315125
O,0.0,0.0,1.0802778912620496,1.3330381773090691,1.029636351794037,1.2365573869020043,0.9936434664139154,1.155474183321249,1.0000338207391188,1.0676191632644756,1.0544985903534518,1.0258590438885697,1.0216731472715723,0.8790991940348581,0.9945540247748064,0.9197225087566171,0.9856002628354583,0.9960905826172781,1.0779444460910892,0.9951123923858225,1.041279512892159,0.826422977284865,1.010340598071456,0.8972581397129656,1.0,1.0,-0.7090701460838318,-0.3586024641990661,-0.6880514025688171,-0.2940298318862915,-0.6654502153396606,-0.3173549473285675,-0.6557174921035767,-0.3534910082817077,-0.7285465598106384,-0.3635632395744324,-0.7062498331069946,-0.323641300201416,-0.6839023232460022,-0.334874153137207,-0.6703781485557556,-0.3573549389839172
O,0.0,0.0,1.143362684055931,1.5477842331582299,1.067135233573352,1.405470054521248,1.0118981471094035,1.27925985334455,0.9922831520245207,1.1098705947800407,1.112714141751428,1.033147292415291,1.061366794924849,0.8522123255633502,1.0152579203697023,0.9126370648043141,0.993576812309234,1.0187649405184886,1.1405407960726095,0.9727989955850807,1.077116766938737,0.753940373385284,1.0229228155624621,0.8540823973567472,1.0,1.0,-0.5823864340782166,-0.256310373544693,-0.5511530041694641,-0.1910435855388641,-0.5203831195831299,-0.2187418639659881,-0.5053503513336182,-0.257205069065094,-0.5980637073516846,-0.2594500780105591,-0.5619370937347412,-0.2207581549882888,-0.531999945640564,-0.2343824505805969,-0.5137826204299927,-0.2580299079418182
O,0.0,0.0,0.8732071271830351,1.2486765568071547,0.9373647908638265,1.160193030269201,0.991539231192996,1.1006189209634494,1.0411057467909401,1.027774312437985,0.8864151878629628,0.9239248707393561,0.9517624684287408,0.8420369744382833,0.9949359108365842,0.9137468685081804,1.0072512329390297,0.9888089909043287,0.8673941368506444,0.8985394308394078,0.9532114922670959,0.8139797445467739,0.9954360548054711,0.9086881576718331,1.0,1.0,-0.3856652975082397,-0.3428865075111389,-0.4268860518932342,-0.3123700618743896,-0.4459653794765472,-0.3498798608779907,-0.4486127495765686,-0.3848817944526672,-0.3811941146850586,-0.3542486131191253,-0.4209113717079162,-0.3393937349319458,-0.4386303424835205,-0.3631408512592315,-0.4426825642585754,-0.3881711959838867
O,0.0,0.0,0.8796941570324077,1.2115441344042581,0.9289031274206424,1.1263296663686173,0.9748172214949719,1.0701064679432668,1.0097924598183952,1.0114041470357487,0.8734079737161741,0.8881673102587464,0.9451410849981617,0.8230668985241297,0.9901811576192784,0.89334215357805,1.007580287628809,0.9762161305533696,0.8572705076582464,0.8707763762170061,0.9512476291078245,0.8019843290701757,0.9927900873126937,0.9025087767531984,1.0,1.0,-0.4474449753761291,-0.373842179775238,-0.4972599446773529,-0.3447436690330505,-0.5177527666091919,-0.3898285031318664,-0.5214677453041077,-0.4309475421905517,-0.4488581120967865,-0.3928560614585876,-0.4931939542293548,-0.378161072731018,-0.5130974054336548,-0.4061505198478699,-0.5199910402297974,-0.4359736740589142
O,0.0,0.0,0.8218819539907605,1.251314964508479,0.9059982586762533,1.1713187456499792,0.9794535149425783,1.1079802583277565,1.0431192171081083,1.0427670489296474,0.8891531271366878,0.9528282875028413,0.9590647403887594,0.839849075539783,1.0075044923655327,0.9072262981490652,1.0209451505722869,0.9789136557883481,0.8568925506382016,0.9254153638175894,0.9470719312006846,0.804997065882094,0.9966617438891909,0.9073932375185878,1.0,1.0,-0.3230867385864258,-0.3882820308208465,-0.3589305579662323,-0.3475999236106872,-0.3783226311206817,-0.395716518163681,-0.3811293244361877,-0.436418205499649,-0.3076995611190796,-0.3964383006095886,-0.3434815406799316,-0.3832025527954101,-0.3644331693649292,-0.4144924879074096,-0.3722552955150604,-0.4441447854042053
O,0.0,0.0,0.8604195236704186,1.1812980972204923,0.916073490713709,1.1161056886279066,0.9653721328572932,1.0798508148937358,1.006754239471303,1.0235647240919301,0.869700579065701,0.8405217824674219,0.9504362477399302,0.8111852592488087,0.9914516861205692,0.9033408054258172,1.0045730305191958,0.9901088336841697,0.8562007864060861,0.8138453585402802,0.9578557612961837,0.7808512272246672,0.9949498188672015,0.898978012125213,1.0,1.0,-0.426443338394165,-0.3227427005767822,-0.4788194596767425,-0.3053241372108459,-0.4964249730110168,-0.3525598645210266,-0.4979799687862396,-0.3937739431858063,-0.4286018013954162,-0.3381267786026001,-0.4736201763153076,-0.334678590297699,-0.4894747138023376,-0.3644114434719085,-0.4924976527690887,-0.392973929643631
O,0.0,0.0,0.8642270671562228,1.2640718178227914,0.9257395265469293,1.2118288160215909,0.9764083447771507,1.1689731456826256,1.0036784687983424,1.0768905749053541,0.8862802579358836,0.9039477740596413,0.95577529922803,0.8516616075951566,0.9936982432114352,0.9324974641743121,0.9999821891823513,1.019832865480275,0.8685515714427768,0.8706843297412312,0.9609163948891135,0.802526540174547,0.9970298730837637,0.9051199816459762,1.0,1.0,-0.4058815538883209,-0.330518901348114,-0.4526543021202087,-0.3000510334968567,-0.471771240234375,-0.3396612107753753,-0.4741946160793304,-0.3776621520519256,-0.4046425223350525,-0.3478534519672394,-0.4481054246425628,-0.3445961773395538,-0.4660578072071075,-0.3721249401569366,-0.4703545272350311,-0.4002260565757751
O,0.0,0.0,0.8346839463529865,1.2337940444843916,0.9096407979095216,1.1823452631582065,0.9688848065787714,1.1425028603307759,0.9945959167739893,1.0704994617742738,0.8755573527277218,0.8904810428065134,0.9537808181752644,0.819795125452838,0.9990158667450904,0.9029735666264358,1.0081646049193294,0.9931874107384642,0.852890721716559,0.8639517756857927,0.9557079384176153,0.7906582940854706,0.9994276740283795,0.9003791090666655,1.0,1.0,-0.3610833585262298,-0.3489608764648437,-0.4065682291984558,-0.3225575089454651,-0.4260721802711487,-0.3681471645832062,-0.4282765686511993,-0.408710777759552,-0.3560104072093963,-0.3658400774002075,-0.3979681134223938,-0.3624642491340637,-0.418082594871521,-0.3931748867034912,-0.4251871109008789,-0.4234168827533722
O,0.0,0.0,0.82003625992021,1.2616570866890644,0.8986951597626317,1.2106938845731006,0.9616744225820393,1.177250449684312,0.9971858770078089,1.090075858876055,0.8565445217070817,0.8574768234244263,0.9464321654470328,0.7792029048347707,0.9955445676122023,0.8831736068178576,1.005485332435438,0.9951783071728494,0.8360735468851253,0.8205437019019618,0.9530439670751196,0.7457044832756599,1.0004910456827698,0.8735175453810496,1.0,1.0,-0.3336659371852875,-0.2798242270946502,-0.3828455507755279,-0.2563307285308838,-0.4033161699771881,-0.3009498119354248,-0.40557461977005,-0.3430914580821991,-0.3300386667251587,-0.2946541905403137,-0.3742154240608215,-0.2898721396923065,-0.3943275809288025,-0.3192908763885498,-0.4007644951343536,-0.3506201803684234
O,0.0,0.0,0.737395477686902,1.3666214258380665,0.8534248175119145,1.2649574041979226,0.9602207248037365,1.1946972455683553,0.9964198384769382,1.051333178252952,0.7579564949994524,0.6963020531402104,0.9191221915418956,0.6343555291200572,0.990927750662829,0.8132571261593194,0.9986896362965177,0.9891894454910322,0.7280242186971785,0.6497503294457774,0.942016062639449,0.5919287692313893,1.0049489532312024,0.8137332566562882,1.0,1.0,-0.2946911156177521,-0.236295461654663,-0.3832129240036011,-0.2070841789245605,-0.408982515335083,-0.2860925793647766,-0.4068926572799682,-0.3511227071285248,-0.2962298393249511,-0.2759234011173248,-0.3720119893550873,-0.275974303483963,-0.395603209733963,-0.3282289206981659,-0.3977301716804504,-0.3773460984230041
O,0.0,0.0,0.8400936328659775,1.2822035345025942,0.8985673481772218,1.1883558847761062,0.9476556822257755,1.1242854498209889,0.9830342503164178,1.04109025186626,0.8243700357532808,0.777001542182448,0.9364781019723101,0.7301723337181644,0.9811989693656152,0.8584630189318551,0.9856842390792504,0.9991672603911758,0.8189645417012807,0.7596718244974612,0.9602219042606002,0.7032694974096507,1.0015736252768028,0.8637306950659025,1.0,1.0,-0.4694468080997467,-0.3324370086193084,-0.5482502579689026,-0.3008427917957306,-0.5694186091423035,-0.3672881126403808,-0.5654887557029724,-0.4232454299926758,-0.4817445576190948,-0.370937317609787,-0.5468757152557373,-0.3641315698623657,-0.569506824016571,-0.4039026796817779,-0.573307454586029,-0.4431519210338592
O,0.0,0.0,0.901004851055737,1.2118969323101496,0.9397839255405349,1.1450535362230827,0.97132083604254,1.0964238975516638,0.9930579751275546,1.0604460162545015,0.8876043281711854,0.8003049146620332,0.9667158576617346,0.77805276147737,0.9944351271800471,0.8881438987892634,0.9932206193182381,0.9923381642866523,0.8896110380701221,0.7904333267046534,0.9867274263264038,0.7714887071450824,1.0076992565728629,0.9005322855358444,1.0,1.0,-0.5862637162208557,-0.3592817187309265,-0.6474820971488953,-0.3450831174850464,-0.6583695411682129,-0.4009363055229187,-0.6522146463394165,-0.4462243020534515,-0.5997125506401062,-0.3942104578018188,-0.6507236957550049,-0.4009707570075989,-0.6679148077964783,-0.4369460940361023,-0.6726605892181396,-0.4697668552398681
O,0.0,0.0,0.8855205874149633,1.1819235159244112,0.930010339239089,1.1535363900957936,0.9741841308242054,1.1261694459923228,1.0002467843239544,1.0483779027410125,0.8975491645979152,0.9135038399785984,0.9536836626568732,0.8664042988876579,0.9866070810032898,0.9311985043475747,0.9912928707442505,1.0029072748334895,0.8966158419471906,0.8798957991964055,0.9700321703145165,0.8262396010774727,1.0008590263123494,0.9124740628647647,1.0,1.0,-0.5329355001449585,-0.4015582203865051,-0.5827330946922302,-0.3857177495956421,-0.5991494059562683,-0.4329705834388733,-0.5954022407531738,-0.4766310155391693,-0.5357940196990967,-0.4038915038108825,-0.5797253847122192,-0.4038897454738617,-0.5959028005599976,-0.4356138706207275,-0.5956840515136719,-0.4690788388252258
O,0.0,0.0,0.8550450948397541,1.2155364405028564,0.9069923464851708,1.2034063379643551,0.9563970405309384,1.1861040825756175,0.9872614693639252,1.0881867484083945,0.9051938405719676,0.9152017708464281,0.96194840559146,0.861755897620297,0.9917438689037781,0.9365519338868191,0.9988773625703438,1.0149839002671444,0.9022304554488865,0.8642429055456967,0.971942612007062,0.7724707828045927,1.0003635774871786,0.8799377114319281,1.0,1.0,-0.537171483039856,-0.3048394620418548,-0.58383709192276,-0.2742857933044433,-0.6019629836082458,-0.3234360814094543,-0.6004681587219238,-0.3722829520702362,-0.532757043838501,-0.297025203704834,-0.577711820602417,-0.2897385954856872,-0.5963724255561829,-0.328427791595459,-0.5991203188896179,-0.3698980510234833
O,0.0,0.0,0.7862928792526228,1.2255040161017416,0.8780580299626886,1.1959922565528944,0.9546406090630246,1.1642644557715873,0.9814279291875697,1.0479821613473772,0.892572336292211,0.8791804296836175,0.9780889849580426,0.7949706946751943,1.0141159543157736,0.9095746872492617,1.0137191242449344,1.021579031544406,0.8707129349663209,0.8146513674556929,0.9710533075723543,0.7145221922814763,1.0064577361085985,0.867228068263555,1.0,1.0,-0.3796663582324981,-0.2733514010906219,-0.4258632957935333,-0.2363684773445129,-0.4417509734630584,-0.2966214716434479,-0.4396978318691253,-0.3484135568141937,-0.3647611737251282,-0.2723627686500549,-0.408566802740097,-0.2760899662971496,-0.4291532039642334,-0.3172140419483185,-0.4361861944198608,-0.3546743988990783
O,0.0,0.0,0.7395055099706296,1.2344709935864377,0.8575540628015523,1.201659781165994,0.9491839927517277,1.1675911316982157,0.9941674058548156,1.077216478484279,0.8821286455403472,0.8962075139863678,0.9941831532863737,0.7830588906452111,1.0330109908323704,0.9059448134417275,1.0256881965603952,1.0206854973049004,0.8457026094368949,0.8380464616572667,0.9750435818121619,0.7041065934956668,1.0158276798330836,0.8625793167281037,1.0,1.0,-0.3002208173274994,-0.2928486764431,-0.3469629883766174,-0.2493430525064468,-0.363283634185791,-0.3105397522449493,-0.3601042032241821,-0.3613408803939819,-0.2807814478874206,-0.2905164361000061,-0.3238478004932403,-0.2892314791679382,-0.344273954629898,-0.3323118984699249,-0.3499878346920013,-0.3702297806739807
O,0.0,0.0,0.8373394471524258,1.143727862451675,0.8962935143623273,1.1256949345414484,0.9506846465059476,1.1096821786830846,0.9899293942580596,1.0481678946463255,0.8714998441553619,0.8417801775807693,0.9540744929635309,0.8085532239396385,0.9936266761677326,0.9058644742731508,1.0004348568124215,1.0023553308162576,0.8593371949460447,0.8079292116961883,0.9659010900874817,0.7780240384045499,1.0020167636753348,0.8948615621004825,1.0,1.0,-0.3943188786506653,-0.3469542860984802,-0.4482137858867645,-0.3379239737987518,-0.4639430344104767,-0.3885444402694702,-0.461763322353363,-0.4334943294525146,-0.3945921063423157,-0.362131267786026,-0.4424188733100891,-0.3691300451755523,-0.4583550095558166,-0.4015677571296692,-0.4596316516399383,-0.4339701533317566
O,0.0,0.0,0.8397885096854937,1.0865069925478403,0.9011479269955162,1.0610685492316505,0.9493760791714533,1.0492300031205595,0.9894240715995143,1.0323398218692388,0.8601248034294616,0.8573367742639975,0.9532732004605321,0.8523757906711744,0.9912952240663342,0.9183878144740304,0.998343317308032,0.9863647082135668,0.8513684648523209,0.8475725765419588,0.9773921888053199,0.8517256976427303,1.0058944513330197,0.9338641892969987,1.0,1.0,-0.3957854211330414,-0.5501296520233154,-0.4541645050048828,-0.5485934019088745,-0.465646743774414,-0.5976256132125854,-0.4614802300930023,-0.6367123126983643,-0.3991700708866119,-0.5792942047119141,-0.4462010860443115,-0.5919466614723206,-0.4602397084236145,-0.6225190758705139,-0.462276816368103,-0.649467945098877
O,0.0,0.0,0.8422691725494406,1.0809967950547614,0.9017968446736185,1.0613887280526493,0.9503432683541394,1.0521795258638265,0.9834625602242509,1.033614819405821,0.8603007013450625,0.8887424871353661,0.9586846919084961,0.8869639464048343,0.9939055721466328,0.9381169111830571,0.9979762765578656,0.9915440822684162,0.854396602897289,0.8816301183301665,0.9794985855600451,0.8830270830105282,1.0070646809029071,0.9466419024163493,1.0,1.0,-0.4014905393123626,-0.6600140333175659,-0.458992063999176,-0.6587895154953003,-0.4704984128475189,-0.7048362493515015,-0.4661519825458526,-0.7418640851974487,-0.4059823751449585,-0.691233217716217,-0.4503499567508697,-0.7029989361763,-0.4644476473331451,-0.7334300875663757,-0.4664123058319092,-0.7615745663642883
