label,x_0,y_0,x_1,y_1,x_2,y_2,x_3,y_3,x_4,y_4,x_5,y_5,x_6,y_6,x_7,y_7,x_8,y_8,x_9,y_9,x_10,y_10,x_11,y_11,x_12,y_12,x_13,y_13,x_14,y_14,x_15,y_15,x_16,y_16,x_17,y_17,x_18,y_18,x_19,y_19,x_20,y_20
A,0.0,0.0,0.9839801670921936,1.1372391943187896,0.935021797326758,0.9892981759064333,0.914881402577644,0.8490637526955368,0.8889729863248461,0.7578639089491302,0.9541583054992072,0.8518633883340365,0.9377656811054375,0.77276007565978,0.956467372137894,0.8952710703557636,0.9732481805808152,0.9897978641796855,0.99243123076385,0.8286540939525838,0.9743800349165268,0.7533523488836646,0.987869567244917,0.9025457995209207,1.0,1.0,-0.674634575843811,-0.3547586500644684,-0.6622801423072815,-0.3233839869499206,-0.6670290231704712,-0.3912536203861236,-0.6720591187477112,-0.4344021677970886,-0.7007456421852112,-0.3570261001586914,-0.6869093775749207,-0.3287019729614258,-0.6861364245414734,-0.3764773905277252,-0.6881589293479919,-0.4084782898426056
A,0.0,0.0,0.989676667124824,1.0912938855710708,0.9458805154307058,0.9676123191617326,0.9273866484269507,0.8597869352066727,0.9075881150357525,0.774621874834547,0.9703542386596118,0.8452845375138831,0.9498697317758867,0.7979545993999968,0.9585590299761217,0.8927026973969521,0.9708904091057164,0.9706618298372804,1.006840073839103,0.8365875843475663,0.9864722708338068,0.7954212723328085,0.9917222317821999,0.9165324502034812,1.0,1.0,-0.6908996105194092,-0.4198442101478576,-0.6751936674118042,-0.4043518304824829,-0.6762397885322571,-0.4656332731246948,-0.6804910898208618,-0.5036771297454834,-0.7185294032096863,-0.4256448745727539,-0.7008622884750366,-0.4046123027801513,-0.6982032060623169,-0.4466630816459656,-0.7009655237197876,-0.4725378155708313
A,0.0,0.0,0.9790033826321285,1.1370406385009497,0.9416176233980446,0.9714949596454099,0.9281702778133026,0.8212503665627527,0.9063131212567156,0.7184099488399807,0.9593110870636485,0.826670751000693,0.9531184210869735,0.6991060164855177,0.9598762763380686,0.826951225206816,0.9661074186291201,0.9421310137304599,0.9973499333231571,0.8252401382945538,0.9890813144283569,0.7183264939416748,0.9941824149435606,0.8798508719990885,1.0,1.0,-0.7322180867195129,-0.3340557217597961,-0.7253162264823914,-0.2970302999019623,-0.7256346940994263,-0.3632968962192535,-0.7272177934646606,-0.4098699688911438,-0.7584592700004578,-0.3439557552337646,-0.7482883334159851,-0.3149047195911407,-0.7452946901321411,-0.3628317415714264,-0.7453504204750061,-0.397243469953537
A,0.0,0.0,0.9860539115270248,1.1202839915544969,0.9412510853282637,0.9763396922354396,0.9224967538107889,0.8442816939640181,0.8964262465899274,0.7571298484659369,0.956995774384853,0.8404228218164994,0.9431902139645262,0.731004451244939,0.9554573620190183,0.8506052516315331,0.9665070405346828,0.9495577636516718,0.995589567570704,0.8261055639417249,0.9822273396974227,0.7469673461820129,0.9917257505241406,0.8980292748896548,1.0,1.0,-0.6993467211723328,-0.3664090633392334,-0.6893844604492188,-0.3401197493076324,-0.6928086280822754,-0.4077902436256408,-0.6960514783859253,-0.451539933681488,-0.7248908281326294,-0.3715104162693023,-0.7124958634376526,-0.3553521037101745,-0.7121056914329529,-0.4045338630676269,-0.7135845422744751,-0.4348019659519195
A,0.0,0.0,0.9917097930533311,1.0643164260415887,0.936138002913846,0.9626216778600509,0.9055659485457955,0.8793109817050786,0.8705833243114751,0.8287399748774013,0.957617452453855,0.8270817712988525,0.9270397802532424,0.8395774418736403,0.948781554008652,0.9350918253188729,0.9688550219281145,0.9985241043926364,0.9954601247673003,0.8011263353773546,0.9617265637117914,0.8244418854690897,0.9826266147578938,0.9338311299006032,1.0,1.0,-0.6480674147605896,-0.4575086534023285,-0.6262049674987793,-0.4703752994537353,-0.635906457901001,-0.5341389179229736,-0.644544243812561,-0.5727571249008179,-0.6731317639350891,-0.4627270400524139,-0.6514876484870911,-0.4744670391082763,-0.6541915535926819,-0.5217638611793518,-0.659879207611084,-0.5470319986343384
A,0.0,0.0,0.985075690383098,1.1180392441155285,0.937844857972351,0.9960460751906792,0.9191157366242271,0.8832593839886437,0.8929952991644647,0.810915826377344,0.9574927048651405,0.8827599331884411,0.9383751521016623,0.8215318029989008,0.956231600007561,0.9221082526975665,0.9735614601907836,0.991872649738039,0.9953277964560081,0.8699188654360214,0.9739699988621332,0.8082944239777617,0.9866534150274775,0.9309197076955087,1.0,1.0,-0.6649487018585205,-0.4631943106651306,-0.6503359079360962,-0.4322872161865234,-0.6551706790924072,-0.5007697939872742,-0.6612780094146729,-0.5379419922828674,-0.6907686591148376,-0.4684296548366546,-0.6749355792999268,-0.4470790028572082,-0.6743566393852234,-0.495783120393753,-0.6774619221687317,-0.5224840641021729
A,0.0,0.0,0.9878612425420977,1.084993888487085,0.944315362534743,0.9655537844008131,0.9281451822798732,0.8615099343754877,0.9039570209332324,0.7875634491288139,0.9685797372197881,0.837871281595223,0.9444589664851845,0.8146855897530123,0.9569796353642279,0.9103587642246235,0.9701747735163905,0.9792996319040349,1.0077606202864702,0.8259495732586339,0.9792046462354225,0.8096003447400004,0.9891843699207729,0.925240793183039,1.0,1.0,-0.6648896932601929,-0.4649394750595093,-0.6458706855773926,-0.4655022025108337,-0.6494370102882385,-0.532330334186554,-0.653964102268219,-0.5734747052192688,-0.6895713806152344,-0.4735341668128967,-0.6687170267105103,-0.4766581058502197,-0.6679643392562866,-0.5275129675865173,-0.67143714427948,-0.5563368797302246
A,0.0,0.0,0.9787818848899316,1.1170111121936124,0.9337703503504932,0.9968448017972068,0.9174403305973715,0.8837956250393998,0.8988934329784427,0.7994896070329468,0.9586383360312627,0.8883363229470523,0.9441895871811511,0.8151277128595417,0.9583048683957185,0.9136540147742316,0.9719355028488708,0.9862123982050855,0.9950267772461153,0.8759836784283609,0.9794285856907531,0.8017935963047227,0.9891848984889219,0.9248693643871101,1.0,1.0,-0.6903436779975891,-0.4555585980415344,-0.6792997121810913,-0.4215236008167267,-0.682234525680542,-0.4882736802101135,-0.687067985534668,-0.5274174809455872,-0.7166529297828674,-0.4609871804714203,-0.7035638689994812,-0.4304288625717163,-0.7015373706817627,-0.4766881763935089,-0.703427255153656,-0.5060742497444153
A,0.0,0.0,0.9742032432325979,1.1220114331872606,0.9323932231007054,0.9967179633028963,0.916444310617645,0.8787391750127121,0.8962575686785862,0.795336916839335,0.9546400570157447,0.8919782496983453,0.9458710617368536,0.8108392954637751,0.9591041078925018,0.9131790658559129,0.9709083053493376,0.9842034926005704,0.9911897165045672,0.8785343039543861,0.9816352085871198,0.7978289290350784,0.9906934805128688,0.9279270879248248,1.0,1.0,-0.708928108215332,-0.4472471475601196,-0.702296793460846,-0.410310298204422,-0.7041967511177063,-0.4764311015605926,-0.7075273394584656,-0.5126119256019592,-0.734549880027771,-0.4525451362133026,-0.7275596261024475,-0.4193028807640075,-0.7247289419174194,-0.4629647135734558,-0.7245180606842041,-0.4885309636592865
A,0.0,0.0,0.9790303269557922,1.1264296645246468,0.9409744096035976,0.9935401858092648,0.9282057213547076,0.8723245390234138,0.9062136320619699,0.7962398406401305,0.958586900096321,0.8900343359597522,0.9523655255815024,0.800068924790665,0.9630874908343021,0.9030848077674596,0.9731121197400839,0.978915301036737,0.9947420925366621,0.8809470976132557,0.9881409855119888,0.7931900752477297,0.9935892318550118,0.9238296386111527,1.0,1.0,-0.7143215537071228,-0.4550307095050812,-0.709119439125061,-0.417748212814331,-0.7090916037559509,-0.4837448298931122,-0.7115399837493896,-0.5211588740348816,-0.7388376593589783,-0.4616049528121948,-0.7319843769073486,-0.4290875494480133,-0.7293672561645508,-0.4731936454772949,-0.7298844456672668,-0.4998551905155182
A,0.0,0.0,0.9795615361438093,1.0919274465389215,0.9325505161456935,0.9649872861064381,0.9127452638347338,0.8556622588994087,0.8858705133096744,0.7878367787890805,0.9560006045666847,0.8578617457818015,0.934878578261273,0.8105243943980763,0.9535329654752036,0.9120618234026188,0.9712773890903469,0.9881030949140854,0.9941755746697234,0.8389070832278785,0.971469896786874,0.7970585995697792,0.9859205172728065,0.917592335422383,1.0,1.0,-0.6912816762924194,-0.4329057931900024,-0.6763700842857361,-0.4197038412094116,-0.6824827194213867,-0.483475387096405,-0.6887682676315308,-0.5240908265113831,-0.7158653736114502,-0.4363113045692444,-0.6994304060935974,-0.4289286434650421,-0.7007260322570801,-0.4750789999961853,-0.7051377296447754,-0.5012773871421814
A,0.0,0.0,0.9756135962042335,1.1059426834679693,0.9278483439025076,0.9762294699236468,0.9100263504225674,0.8548498149866313,0.8999409517073312,0.7566965560774253,0.9519429212255683,0.8621085320254775,0.938005413070615,0.801859801986275,0.9554679011724772,0.9092816813178666,0.9718384792807196,0.9901834693178946,0.9902875005222275,0.8463713217979872,0.9735859787757888,0.7865699229335238,0.9867187022538849,0.9137494186582833,1.0,1.0,-0.6910527348518372,-0.41914764046669,-0.6791414618492126,-0.3957316875457763,-0.6841544508934021,-0.4617246687412262,-0.6897720098495483,-0.5044569373130798,-0.7167072296142578,-0.4225704669952392,-0.702267050743103,-0.4033784866333008,-0.7024933695793152,-0.4542537629604339,-0.7058366537094116,-0.4870885610580444
A,0.0,0.0,0.9778419181532109,1.1224831667808444,0.9294061785752638,1.0074202756206843,0.9098666566959256,0.8878483636300084,0.9010853458813456,0.7835606787304685,0.953650939240265,0.8786527648646903,0.9413054133681411,0.7913400969058954,0.9561736312411198,0.896096309452347,0.9701330526876877,0.9822004115854245,0.9915725677977906,0.8612821023554421,0.9783207263708499,0.7779255802088964,0.9896420066848857,0.9050328545716213,1.0,1.0,-0.692439079284668,-0.4111178517341614,-0.6827998757362366,-0.3762663900852203,-0.6866932511329651,-0.4393419623374939,-0.6912528872489929,-0.4848641753196716,-0.7190172672271729,-0.4135563671588897,-0.7069778442382812,-0.3794851303100586,-0.7050148248672485,-0.4235258996486664,-0.7060451507568359,-0.4601835906505584
A,0.0,0.0,0.9822171774163626,1.1112418114511067,0.9339830400183908,0.9998687825535314,0.917905407469664,0.880170970711734,0.913814580773947,0.7782693512793187,0.9589749307133718,0.8645118517580116,0.9486363748665828,0.7892273679823145,0.9611506951066908,0.8958634531064749,0.972308549779975,0.9796246685414666,0.9976826382414015,0.8493863060965161,0.984841466296949,0.7794406981759385,0.9924786029910074,0.9099792107080206,1.0,1.0,-0.6975188255310059,-0.4179734289646148,-0.6881212592124939,-0.3874567449092865,-0.6894924640655518,-0.4534702003002167,-0.6919137239456177,-0.4976184070110321,-0.7244108319282532,-0.423167884349823,-0.7123077511787415,-0.3959368765354156,-0.7089554667472839,-0.4435360133647918,-0.708267092704773,-0.478451520204544
A,0.0,0.0,0.9787123440800815,1.1119177500617903,0.9324000145485137,1.0044748758739677,0.9163982307742181,0.8874277118981795,0.9141692157314415,0.7840818614211074,0.9568051463786061,0.8717717621094357,0.9466393723897674,0.7896860760122141,0.9588010864998754,0.8937857629450366,0.9704214483045447,0.9791137110264263,0.9946587802476867,0.8549355590639389,0.9822684717366129,0.779113566417083,0.9909941537113733,0.9080071880484233,1.0,1.0,-0.7006902694702148,-0.4215582311153412,-0.6912637948989868,-0.3885529637336731,-0.6933020353317261,-0.4537933766841888,-0.6968184113502502,-0.4993391931056976,-0.7278748154640198,-0.4271382987499237,-0.7158529758453369,-0.3956178724765777,-0.7120591402053833,-0.442395955324173,-0.7114953398704529,-0.479184478521347
A,0.0,0.0,0.9831786403644104,1.1071743456220613,0.937192619163738,0.979566119214237,0.9216728406258777,0.8606197825227375,0.9018438960630881,0.7724534660683661,0.9614539361429367,0.8591168450035329,0.9470139671981419,0.7912333257197643,0.9603766446367044,0.8999321073943196,0.9735380549919588,0.9822619283899297,1.00012113796301,0.8467187833873113,0.9842910951546343,0.7846122525723708,0.9918434670890098,0.914828809317393,1.0,1.0,-0.6881713271141052,-0.4256682097911834,-0.6767732501029968,-0.3973907828330993,-0.678320050239563,-0.4647717177867889,-0.6808844208717346,-0.506546139717102,-0.7145168781280518,-0.4320084452629089,-0.700697124004364,-0.4090644717216491,-0.6988350749015808,-0.4581807553768158,-0.6997678279876709,-0.4890106320381164
A,0.0,0.0,0.9691365391649601,1.1913819219006443,0.9429670928927929,0.9870785765412727,0.9413364003871134,0.7845096377005444,0.9368065112228047,0.648023385703234,0.9635598665169753,0.8204853554670272,0.9739772878893974,0.692032810116332,0.979382442102847,0.8547564908069496,0.9806275701801542,0.9615871116541707,0.9918594224771529,0.8180991569723305,0.999861785432269,0.6878390005133359,1.0017242672181168,0.894300525627029,1.0,1.0,-0.860720157623291,-0.2751981019973755,-0.8681025505065918,-0.2373552471399307,-0.8646010756492615,-0.3025292754173279,-0.8593156337738037,-0.3359490633010864,-0.8807990550994873,-0.2839533388614654,-0.8875647187232971,-0.2533621490001678,-0.8825168013572693,-0.2960393726825714,-0.8748033046722412,-0.3190511167049408
A,0.0,0.0,0.9798050287721415,1.2189762639355692,0.9476545071191826,1.0548638033992748,0.9378542395897144,0.869910073943339,0.9329702593826169,0.7363061661112309,0.9552369428175124,0.8711620091774308,0.9660470658611524,0.7391180784216911,0.9790090788157155,0.8815458115838801,0.9845406765390228,0.9837844114871684,0.9816290530954163,0.8488643006984793,0.990603350129837,0.7182302264838862,0.9993937621451334,0.9031203530558416,1.0,1.0,-0.8119720816612244,-0.2836775183677673,-0.819473147392273,-0.2473901510238647,-0.8221046924591064,-0.3077243864536285,-0.8194743394851685,-0.3380251824855804,-0.8297051191329956,-0.2856151759624481,-0.8354080319404602,-0.2548073530197143,-0.8355708718299866,-0.295327365398407,-0.8309929370880127,-0.3191784024238586
A,0.0,0.0,0.9771161317262563,1.150495366618071,0.9432394216173665,0.9981064085130259,0.934766868026722,0.8350098220780343,0.9263788298215193,0.7104286194463295,0.9635124928002603,0.8408073651113585,0.9629615495964201,0.7277765480771791,0.971526432831663,0.8632303312337933,0.9771996608459793,0.9666177891778255,0.9949463744568711,0.826152245817085,0.9929905336698978,0.717945513362496,0.9977216503229792,0.8907119142673199,1.0,1.0,-0.805210530757904,-0.2986001670360565,-0.8035260438919067,-0.2616210579872131,-0.8028184771537781,-0.3238747119903564,-0.8018820881843567,-0.3633919358253479,-0.8287943005561829,-0.3063604831695556,-0.8264903426170349,-0.2754557728767395,-0.8216597437858582,-0.3163150250911712,-0.8171188831329346,-0.3444170355796814
A,0.0,0.0,0.9845672141136669,1.1252487742618407,0.9529477904312122,0.9547055298084662,0.9455125301063368,0.807122050043492,0.9367614669692552,0.6893742213729446,0.982505889247029,0.791317082945205,0.964467587471929,0.7254144106308549,0.9692172552796549,0.8731442893464637,0.9776711940478311,0.9700572564256078,1.013957065567985,0.783529772847043,0.9935541064575947,0.7294110392183647,0.9939401873950271,0.9042990216611605,1.0,1.0,-0.7929753065109253,-0.3028230667114258,-0.775741696357727,-0.2848376035690307,-0.7734421491622925,-0.3519282042980194,-0.7763669490814209,-0.3865642249584198,-0.8172568082809448,-0.3147753477096557,-0.798209011554718,-0.3010839223861694,-0.7937850952148438,-0.3488256931304931,-0.7963449358940125,-0.3725196421146393
A,0.0,0.0,0.9818160568973446,1.1090129871816328,0.9468741071528682,0.9816168346815789,0.9366340942938235,0.8548023165678671,0.9261817009540426,0.7518608495408677,0.9708718738432118,0.7796500712713317,0.9597126095161024,0.7892113279283435,0.9696583178631135,0.9124100922467528,0.9765817578507324,0.9912944042527242,1.0062263082207943,0.7534238130514957,0.9917967937012941,0.7853267139695791,0.9964565605803659,0.934163679079405,1.0,1.0,-0.7583245038986206,-0.3260315656661987,-0.7482413053512573,-0.3415194153785705,-0.7466219663619995,-0.4027797281742096,-0.7464797496795654,-0.4284818768501282,-0.7829097509384155,-0.340655118227005,-0.7716014385223389,-0.346941590309143,-0.7660747170448303,-0.3914768993854522,-0.7640451192855835,-0.4100744724273681
A,0.0,0.0,0.9788345540584712,1.1158932980890897,0.9431115135906717,0.9955812399893756,0.932320164987902,0.8699821290146923,0.9198823458050215,0.7700592720550135,0.9570734387262965,0.805546666474237,0.9567506061087491,0.7962181037327574,0.9696449301588745,0.9188751909148009,0.9768849584311611,0.9978398838538605,0.992218417386794,0.7706561279938897,0.9895192879364065,0.7868849615339463,0.9969917686163242,0.934882892174318,1.0,1.0,-0.7586108446121216,-0.3305579125881195,-0.7560375928878784,-0.3388367295265198,-0.7562370896339417,-0.4005695879459381,-0.7547792792320251,-0.4258218705654144,-0.7839803695678711,-0.3394263982772827,-0.7794204950332642,-0.3424728512763977,-0.7765046954154968,-0.387034922838211,-0.773750901222229,-0.4030711948871612
A,0.0,0.0,0.9822935443644666,1.1397560094294963,0.9406269079710413,1.0246778364221494,0.9259972631375172,0.8917661378751085,0.9130077821605358,0.7872879695433361,0.9565674245229563,0.8748664635576529,0.9511489179495861,0.791289797931641,0.9647821291324085,0.9055834432432648,0.9745178421201215,0.987191523534532,0.9892213536627433,0.8487865164295544,0.9816611968974045,0.7701368251403251,0.9929290588162258,0.9164740215324945,1.0,1.0,-0.754301130771637,-0.3566130995750427,-0.7489241361618042,-0.3249359428882599,-0.7525028586387634,-0.3881450593471527,-0.7544170022010803,-0.4244845509529114,-0.7788017988204956,-0.3583671748638153,-0.7726526260375977,-0.3319604694843292,-0.7713488936424255,-0.3756201565265655,-0.7693861722946167,-0.4021641910076141
A,0.0,0.0,0.9879396639003637,1.1589365249421106,0.9410900216321035,1.059987428404259,0.9200426375190686,0.9303684541357783,0.9056756509275957,0.8295778236763616,0.9516478487064574,0.912281672748209,0.9412078097673721,0.8129729667564312,0.9596282992854457,0.9185896811565868,0.9730304135297085,0.9978733230235225,0.9820980705150727,0.8736142043937332,0.9706778979128364,0.781413229933336,0.9892044860475855,0.9176638826823572,1.0,1.0,-0.7433963418006897,-0.3531568050384521,-0.7356390357017517,-0.3181966841220855,-0.7449474930763245,-0.3760623931884765,-0.7503945231437683,-0.4118105471134186,-0.7665358185768127,-0.3494729399681091,-0.7586549520492554,-0.3154540359973907,-0.7612954378128052,-0.3540517091751098,-0.7625859379768372,-0.381240576505661
A,0.0,0.0,0.9869499084720422,1.1583687100414555,0.9410185861595601,1.0510015708741585,0.9214653989003565,0.9169057393426,0.9068002427665445,0.8154949333584465,0.9524358732041849,0.9045531590928758,0.941637029353693,0.8060842322048353,0.959281503896887,0.917521978774407,0.9728186654249298,0.9964889688173776,0.9836438329645837,0.8699736958857324,0.9720032850656065,0.7774076789236323,0.988823795437794,0.9199687927539055,1.0,1.0,-0.739888608455658,-0.3526982963085174,-0.7317661046981812,-0.316287100315094,-0.7400528192520142,-0.3770558536052704,-0.7455345392227173,-0.412049800157547,-0.7636597156524658,-0.3503993153572082,-0.7553541660308838,-0.3174891471862793,-0.7574472427368164,-0.3589307367801666,-0.7588312029838562,-0.3859304785728454
A,0.0,0.0,0.9808124435029464,1.1294804894806252,0.943836307121158,0.9966602723413909,0.934034050392812,0.8579709359739006,0.9223499989146012,0.7517453311075555,0.9655366641559141,0.8585899515495828,0.9586844803131191,0.7716804334919677,0.9673600521646742,0.8961872261835667,0.9755232338821356,0.9836332904200124,0.999693712755975,0.8420259802647763,0.9908234244617753,0.7652256117977353,0.9947746036348981,0.918550154053682,1.0,1.0,-0.7518623471260071,-0.3553734123706817,-0.7449318170547485,-0.3237790763378143,-0.74361652135849,-0.3891471624374389,-0.744384229183197,-0.4238331317901611,-0.7768245339393616,-0.3612470626831054,-0.7685081958770752,-0.3360562324523926,-0.7646538615226746,-0.3811514675617218,-0.7631611227989197,-0.4049957692623138
A,0.0,0.0,0.9895528294748236,1.113603409621981,0.9518629377109017,0.9753041726921617,0.9381858822759123,0.8532658505427353,0.9214432913646929,0.7558233976959093,0.9759380991906432,0.8154436289206134,0.9495500281582048,0.7830364996208345,0.9601444750038435,0.9095427586039663,0.9742950192507638,0.9847830987064289,1.0069372368326723,0.8027075599389807,0.9779968182678995,0.778762209894451,0.9865783782282999,0.9294403261042086,1.0,1.0,-0.74787437915802,-0.3486873507499695,-0.7255451083183289,-0.339701235294342,-0.7290225028991699,-0.4044140875339508,-0.7373120784759521,-0.4323335886001587,-0.7733617424964905,-0.3560317456722259,-0.7500088214874268,-0.3472887277603149,-0.7487548589706421,-0.3928412199020386,-0.7548673748970032,-0.4124102592468261
A,0.0,0.0,0.9916294394185727,1.1082773255918337,0.9610499687358584,0.9664081393050801,0.9477072976678624,0.8517211766302779,0.9310667115228873,0.7511325373454221,0.990499065990536,0.7898035696434235,0.954257649677859,0.7727958266766398,0.9589827955181872,0.9003681501723528,0.9710585754329565,0.9739556404855233,1.018026836602776,0.7799858591324527,0.9769394991590291,0.7909142585730495,0.9846753647642837,0.9392820125049086,1.0,1.0,-0.749214768409729,-0.3373543620109558,-0.7174831032752991,-0.3411213159561157,-0.7223990559577942,-0.4026248157024383,-0.7337312698364258,-0.4279178977012634,-0.7707149982452393,-0.3504506349563598,-0.7395565509796143,-0.3504728972911834,-0.7388935685157776,-0.3926630020141601,-0.7479710578918457,-0.4106676578521728
A,0.0,0.0,0.983158872410044,1.126416535214641,0.944650740818651,0.9896525850288874,0.9336852887063468,0.8557818283550865,0.9209104955538946,0.7544301310107296,0.9668654372430516,0.8519546975174058,0.9546720699905828,0.7779668781139627,0.9641420598771704,0.9058802803366225,0.9747240112568696,0.9895490609211619,1.0012408449249683,0.8375919765208433,0.9871753940227594,0.7697966611671219,0.9918633527296682,0.9235849843416316,1.0,1.0,-0.7450191378593445,-0.360706478357315,-0.7342722415924072,-0.3324010372161865,-0.7336320281028748,-0.3991762399673462,-0.7365951538085938,-0.4321223199367523,-0.7709935903549194,-0.3669287264347076,-0.7583431601524353,-0.3427299261093139,-0.7544896006584167,-0.3895469605922699,-0.7551429271697998,-0.4137974381446838
A,0.0,0.0,0.98171226421526,1.148831150584463,0.9403725788145451,1.030056097900592,0.927148131688615,0.8908832496922903,0.9138150117274401,0.7905863429607239,0.955454098545768,0.882729801746078,0.9553390572047763,0.7944531554527894,0.9687864020318473,0.9074660472020111,0.9768508082001207,0.9884661113067149,0.9871610924142851,0.8551959934979115,0.9851256200005699,0.7727970781662591,0.9960436882760136,0.9178480064903568,1.0,1.0,-0.7431046962738037,-0.3606854379177093,-0.7416749596595764,-0.3267800211906433,-0.7450656890869141,-0.3877661824226379,-0.7449567914009094,-0.4228109121322632,-0.7656140327453613,-0.3616618812084198,-0.7637815475463867,-0.3298477530479431,-0.7628742456436157,-0.3706797361373901,-0.75928795337677,-0.3969723880290985
A,0.0,0.0,0.9788721935033475,1.1272686791121866,0.9436926120047876,0.9854775972637999,0.9358108727952312,0.8476029131601948,0.9214867926614764,0.7515630955183489,0.9652932165885961,0.8587633668642795,0.9596880479051143,0.7766132622255388,0.9675915383172755,0.9037498837423992,0.9755344631616403,0.9891690693237519,1.0004173408224992,0.8444739622991435,0.9916727762363297,0.7693365023476447,0.9946011356618355,0.9219775576603204,1.0,1.0,-0.743345320224762,-0.3662404716014862,-0.7367086410522461,-0.3352379202842712,-0.7344784736633301,-0.401574045419693,-0.7347630858421326,-0.4348005652427673,-0.768989086151123,-0.3724498748779297,-0.7609315514564514,-0.3460851013660431,-0.7564061284065247,-0.3917077481746673,-0.7545328736305237,-0.4145489931106567
A,0.0,0.0,0.9852751774501878,1.128450361831549,0.9425110313234613,1.0062432573999045,0.9279508779751623,0.8801223193650389,0.9112390974950948,0.7855766042934726,0.9612490247195454,0.8787267379891839,0.9491893383122441,0.7981362536724376,0.9621841675816356,0.9114824139515642,0.9742507467273362,0.9907381436150662,0.995527873645682,0.857515313240779,0.9818958023055033,0.7852664463085305,0.9910196024436607,0.9257113973472294,1.0,1.0,-0.7303189635276794,-0.3913912773132324,-0.7199762463569641,-0.3598178029060364,-0.7226948142051697,-0.4262222349643707,-0.726581871509552,-0.4611776769161224,-0.7556145787239075,-0.3928385972976684,-0.743798553943634,-0.3667752146720886,-0.7426545023918152,-0.411798745393753,-0.744171142578125,-0.4361215233802795
A,0.0,0.0,1.0307886464971165,1.1813645345979567,1.1025730109816154,1.033567840036134,1.117035327816134,0.8816938479967616,1.1400306007293126,0.7756922771880459,1.060292327304483,0.8962367597714136,1.0736156010594653,0.7922239743863873,1.0549758141979764,0.9219264572594652,1.0426518064597763,0.9934763632212368,1.0006204271578845,0.8868184383632606,1.014148825630265,0.7773290478529777,1.0053729838592658,0.932857527806227,1.0,1.0,-0.4111440181732178,-0.4076188504695892,-0.4158081114292145,-0.3646095097064972,-0.4166605472564697,-0.4373371601104736,-0.416596382856369,-0.4671518802642822,-0.3838100135326385,-0.4172553122043609,-0.39183309674263,-0.383033275604248,-0.3958974182605743,-0.4360217154026031,-0.3960634768009186,-0.4613232016563415
A,0.0,0.0,1.0310039107542315,1.1756183482790135,1.101518224050218,1.0298706798816668,1.1214698835105061,0.8843301583362526,1.135082877271279,0.7752150998114262,1.059152055816701,0.8975599113214191,1.0748761016675161,0.8003130305623376,1.0570503428813536,0.9247890145715352,1.0436588684948924,0.995462497529099,1.0010156162760369,0.8852379833085844,1.0187238629646347,0.7783213291559583,1.0085455281103852,0.9299637272363975,1.0,1.0,-0.4180423021316528,-0.4095999598503113,-0.4251758754253387,-0.3670489192008972,-0.4251460134983063,-0.4396155178546905,-0.4235312938690185,-0.470640480518341,-0.3901704549789428,-0.4204550385475158,-0.4005085229873657,-0.3858450055122375,-0.404080182313919,-0.4395336210727691,-0.4031925797462463,-0.4652225375175476
A,0.0,0.0,1.021798633833197,1.1650471049949218,1.093067181160145,1.052262920773184,1.1203154898331666,0.9139281477618377,1.1366356828678206,0.8053936660602713,1.0612036070284345,0.9137183921975103,1.0815417295771848,0.803105530268067,1.0627300375713562,0.914337614625285,1.0439283710591127,0.9983116503301693,1.0078943226481667,0.8896796609890915,1.0330615223259878,0.779148914188842,1.0157427770250285,0.9168664866699555,1.0,1.0,-0.4333030879497528,-0.4046495854854584,-0.4445510506629944,-0.3555595278739929,-0.4400570690631866,-0.4230096936225891,-0.434649258852005,-0.4625478386878967,-0.4047836661338806,-0.4116105437278747,-0.4200546145439148,-0.3695460855960846,-0.4207095503807068,-0.4195658564567566,-0.4170249104499817,-0.4518483281135559
A,0.0,0.0,1.039123468404059,1.1157489960287599,1.1083074635696382,0.9642285075494426,1.1319036163982967,0.826901334184863,1.1682963425384105,0.7356541801310361,1.0617559981857614,0.857262864723459,1.079441632389022,0.7834317725195324,1.0569137907109774,0.8920795393164636,1.042108044378971,0.9801910291513926,1.002666585028137,0.8490529571419076,1.0253497617563643,0.7633579598401415,1.0083361812535085,0.8977923667791992,1.0,1.0,-0.4227305054664612,-0.4040393829345703,-0.4330887198448181,-0.372109979391098,-0.4306388199329376,-0.4415175318717956,-0.4300724267959595,-0.4886632561683655,-0.3957504034042358,-0.4118108451366424,-0.4091268181800842,-0.3844102621078491,-0.41215980052948,-0.4357408881187439,-0.4131269752979278,-0.4707086980342865
A,0.0,0.0,1.0491477068554451,1.1499239937690697,1.1160180234660735,0.9951492545448403,1.1282737098986837,0.8316187419538044,1.1473624030175413,0.7116639995901278,1.0709178484557518,0.8603200192073114,1.0673537586140984,0.764442205832177,1.0484818230482846,0.8922925076224248,1.0437465374006059,0.9832384322822363,1.005988493936436,0.8530274816075278,1.0051419668449433,0.7449174069257509,0.995473054834769,0.9015401821969372,1.0,1.0,-0.391883373260498,-0.3769713938236236,-0.390714555978775,-0.3381520509719848,-0.3918736577033996,-0.4098414182662964,-0.3970130980014801,-0.4511756300926208,-0.3670260906219482,-0.3878238499164581,-0.3687418103218078,-0.3559781014919281,-0.3734356164932251,-0.4075393676757812,-0.3794822692871094,-0.4386042952537536
A,0.0,0.0,1.0458828596747818,1.1580156881762254,1.1227220393474715,1.0127875368076658,1.1386644244220117,0.8467206886819926,1.1503567005011797,0.7265253577230646,1.073672487521664,0.8710540119862055,1.0751789542014802,0.7744008156533783,1.0536204653235555,0.9027398149858745,1.0439547642204146,0.9912916830774386,1.0120500281654272,0.8541867107258174,1.0160123723247816,0.7533783953961164,1.0012479046456755,0.9088762071192141,1.0,1.0,-0.4004550278186798,-0.3729576766490936,-0.4005757868289947,-0.3292590379714966,-0.3986212015151977,-0.3997698426246643,-0.4006893932819366,-0.4392925202846527,-0.375369518995285,-0.3802242279052734,-0.3782327175140381,-0.3440921604633331,-0.3792954385280609,-0.3961069881916046,-0.3823694586753845,-0.4274743497371673
A,0.0,0.0,1.040675751000607,1.1566842365368386,1.1163963735601865,1.01355917173248,1.1338361151222858,0.8521496733171832,1.1453584602507225,0.7300298957222997,1.069309760460996,0.8739188429800545,1.0740659567372839,0.7790177222106173,1.0523999296957065,0.9047911230731333,1.0426249616899854,0.9921014072374058,1.0073764804857988,0.8571945334244532,1.016238615158873,0.7553514114027856,1.0010644393978554,0.9090500001170437,1.0,1.0,-0.3979953825473785,-0.3704235553741455,-0.3998814523220062,-0.3277584314346313,-0.3982785940170288,-0.3977304697036743,-0.4005498886108398,-0.4366756677627563,-0.3721222579479217,-0.378206729888916,-0.3764927089214325,-0.3428898751735687,-0.378554105758667,-0.3949861526489258,-0.3820042908191681,-0.4257336258888244
A,0.0,0.0,1.0424089655983801,1.158082174690528,1.1182793425340243,1.012228129028681,1.1372271675283578,0.8474612900095648,1.1382835271123601,0.7212629091060315,1.0671261940388546,0.872707620011367,1.072220478846342,0.7752523600271699,1.053628893049021,0.9040185613884307,1.0445371144167865,0.990880660946229,1.0053303013117845,0.8572464270366932,1.0146626681965831,0.7535331790016497,1.0017496223485913,0.9110991973828304,1.0,1.0,-0.3949737846851349,-0.3684276640415191,-0.3967015147209167,-0.3263523876667022,-0.3957619667053222,-0.3959886431694031,-0.3975324630737304,-0.4335344731807709,-0.3694412410259247,-0.3760384917259216,-0.3741112053394317,-0.3389938473701477,-0.3762698173522949,-0.3905563652515411,-0.3788554668426513,-0.4211434721946716
B,0.0,0.0,1.0307662976288046,2.8540679245094522,1.066153717929128,2.4840207468193074,0.9941488282932115,2.2199257445448755,0.9235344288710775,2.147807506532164,1.0554459709122228,1.9886186281161056,1.0600481323535542,1.5773364758068775,1.0538115545430553,1.3304661228218448,1.0438960118907055,1.108584709882651,0.9956184278153608,1.9588365209208753,1.002900651488422,1.5212029546078252,1.0026689494228285,1.2399430127471243,1.0,1.0,-0.4044811129570007,-0.3857055008411407,-0.4046820402145386,-0.3073984384536743,-0.4068545401096344,-0.2573360800743103,-0.4072964191436767,-0.2164530605077743,-0.3813421130180359,-0.409034252166748,-0.3823881149291992,-0.34479820728302,-0.3845613598823547,-0.3026768863201141,-0.3868206739425659,-0.2648256123065948
B,0.0,0.0,1.0194977341666334,2.430138985105811,1.0511930053873917,2.1285086534316457,0.9816200843314834,1.9014377187564602,0.9116204754332142,1.8682163685954902,1.0412376006585986,1.7799070640768533,1.049515413899645,1.4567028927343506,1.0484620649977907,1.2594353109046346,1.0433324133920419,1.0839538769599646,0.9832518630193137,1.7507978689991042,0.9934419978858394,1.409952699556716,0.9981983753661741,1.1874882059803402,1.0,1.0,-0.4013238847255707,-0.4200038015842438,-0.4017244279384613,-0.3449331820011139,-0.4051246047019958,-0.2967472672462463,-0.4066154062747955,-0.2579950094223022,-0.3771952092647552,-0.4394766986370086,-0.3784184455871582,-0.3775756061077118,-0.3816515207290649,-0.3368781208992004,-0.3848305344581604,-0.3008496165275574
B,0.0,0.0,1.0641374099359204,2.5416594645692268,1.1007847767057144,2.2121201252438834,1.0208281595473456,2.0094326706052765,0.9390791629650883,1.9823200919436812,1.0705237667168326,1.8312964484625334,1.0928507830728502,1.492137200884988,1.103799107700439,1.2794975114347014,1.1121229587906654,1.0880240517970117,0.9990962290882367,1.798427865717104,1.0001359255523112,1.4294458218209536,1.0002268233723643,1.1953902523621696,1.0,1.0,-0.3656129837036133,-0.4099104106426239,-0.3538231253623962,-0.339341253042221,-0.3479628562927246,-0.2899254560470581,-0.3430808186531067,-0.2492160052061081,-0.3440242409706116,-0.4380983412265777,-0.3347855508327484,-0.3801366686820984,-0.3301384449005127,-0.3406991362571716,-0.3262965977191925,-0.3043679594993591
B,0.0,0.0,1.0378901266234486,2.7087271493891354,1.074128013128035,2.3505990757490363,0.9954885684084475,2.1050356849047343,0.9141068722603727,2.0486947540178897,1.0544673757974026,1.913469787424551,1.0683912982414643,1.537665158443022,1.071718102052734,1.3018681027743437,1.0711227574787667,1.0855070625545415,0.9862067665560342,1.8818871411624607,0.9944653060621068,1.4834585893753178,0.9986192648004552,1.2236236512344556,1.0,1.0,-0.3737706840038299,-0.4080833494663238,-0.3706833124160766,-0.3320571184158325,-0.3719435632228851,-0.2811015844345093,-0.3720244169235229,-0.2381041795015335,-0.350311815738678,-0.4348785877227783,-0.3484057486057281,-0.3735211789608001,-0.3494844138622284,-0.3319648504257202,-0.3507333099842071,-0.2933745384216308
B,0.0,0.0,1.0469210806124494,2.7258733893752445,1.0824823409216775,2.369019450122333,1.0023576538445218,2.1307768877835414,0.920730581678277,2.074886730348106,1.0537140619586307,1.9150779715512232,1.0612189527260008,1.5412356889036185,1.0592938205092264,1.3045114256931536,1.0534822878283705,1.0880271798656584,0.985611935908603,1.8882873109313114,0.9947853042168747,1.488161703850633,0.9993779863596851,1.2260412411817163,1.0,1.0,-0.3727150559425354,-0.4097267389297485,-0.3651222884654999,-0.3335693180561065,-0.3627326190471649,-0.2806735038757324,-0.3596753180027008,-0.2346171885728836,-0.3491484522819519,-0.4390582740306854,-0.343694806098938,-0.3765550553798675,-0.3425298035144806,-0.333583265542984,-0.3418188393115997,-0.2922614216804504
B,0.0,0.0,1.0662419590826449,2.7523415830166202,1.0995052597288892,2.3808098544642005,1.0202297784367247,2.134222906318022,0.9383029382368419,2.0808334269238147,1.0698145414206934,1.92586036755178,1.0694481977436592,1.539077903748428,1.0626154342699317,1.2973953629988175,1.0532995163783307,1.078730127570783,1.0030845492397262,1.9055488495485409,1.0051099803781436,1.49642721514875,1.003606418299208,1.2296809136908946,1.0,1.0,-0.3755157589912414,-0.4058219194412231,-0.3719417452812195,-0.3289637863636017,-0.3726045489311218,-0.2779868543148041,-0.3721714913845062,-0.2348445206880569,-0.3523484170436859,-0.4337689280509949,-0.349807858467102,-0.3704311847686767,-0.3506127893924713,-0.3278078138828277,-0.3517074584960937,-0.2879968881607055
B,0.0,0.0,1.072088028517839,2.814349667584809,1.1091485612775602,2.42126258359197,1.0320482937988014,2.1632654667613944,0.9496018335215691,2.1038155940154746,1.073752310730554,1.9543644247742467,1.068229181777771,1.5534901948852693,1.0607213463022374,1.3092319926603078,1.0523958012163646,1.0877155139627546,1.008738270839193,1.9369968370207007,1.0056749603171442,1.5101704493979697,1.0031620760729254,1.2347278642726083,1.0,1.0,-0.3778745532035827,-0.395783931016922,-0.3737863898277282,-0.3176153302192688,-0.3748112916946411,-0.2668278217315674,-0.3748278319835663,-0.22443887591362,-0.3552073240280151,-0.4233975112438202,-0.3516392707824707,-0.3603000342845917,-0.3522256910800934,-0.3176006972789764,-0.3530467450618744,-0.2778424024581909
B,0.0,0.0,1.0623290829539405,2.8336921637781134,1.1036713645249154,2.4576094137732283,1.0525354240938518,2.180921526651557,0.9838321354399954,2.0879779792493025,1.0605984391053467,1.9433971941616683,1.0606574954071706,1.5530518498798338,1.0563136640208775,1.3182072969381975,1.0504692428608968,1.1031333499824152,1.0000014351470676,1.9253010878485324,1.0014197192364387,1.5017002212821668,1.0013720005964473,1.2335752640243074,1.0,1.0,-0.3933809995651245,-0.3911490440368652,-0.3911208212375641,-0.3135692775249481,-0.3929244875907898,-0.264706939458847,-0.3937768042087555,-0.222269982099533,-0.3707800209522247,-0.4207030832767486,-0.3688322901725769,-0.3567216694355011,-0.3707131445407867,-0.3146014809608459,-0.3727472722530365,-0.2744900584220886
B,0.0,0.0,1.0768695909980437,2.6216011008905906,1.1047124818082599,2.2974091260994824,1.0264077851339013,2.1211795005091316,0.954560607343298,2.1252480207963766,1.0689258908112698,1.8489695404549185,1.0668692362086147,1.5015216649571281,1.0593720789150045,1.2827507023453346,1.0486566653517209,1.0834913307797056,1.006417262578251,1.8346218046734561,1.0070198425648254,1.4606312907819599,1.004222204970635,1.2137654489661034,1.0,1.0,-0.4046509563922882,-0.4262822866439819,-0.4004510939121246,-0.3473815321922302,-0.4002179205417633,-0.2943525314331054,-0.3994802832603454,-0.2493958473205566,-0.3831875920295715,-0.4561054110527038,-0.380091518163681,-0.390531450510025,-0.3807309567928314,-0.3461491465568542,-0.3821524679660797,-0.3049461841583252
B,0.0,0.0,1.0475253231681514,2.1843123109724836,1.0822076850424114,1.9436345924067213,1.02324368844445,1.7865962087369334,0.959134686698769,1.7709560248471132,1.0407482623820128,1.6239453779186173,1.042830876804457,1.3675501391852387,1.0405796987170095,1.2050980154568238,1.0361222626905722,1.0609540267425037,0.9870924700322824,1.6092024352802685,0.9941358846771169,1.3314247689541086,0.9986044376323812,1.1544965177610638,1.0,1.0,-0.4334323108196258,-0.4914587438106537,-0.4304260015487671,-0.4140669107437134,-0.4316441714763641,-0.3631105422973633,-0.4321405291557312,-0.3178365230560303,-0.4108364880084991,-0.5194568037986755,-0.4076107144355774,-0.4541868865489959,-0.4088989496231079,-0.4108321070671081,-0.4104617536067962,-0.3709369599819183
B,0.0,0.0,1.0684744189137396,1.899846339847999,1.099672147987508,1.7081431067855248,1.0429664199064117,1.6069103460703766,0.9828314938998007,1.6251765010126253,1.0539164848207938,1.447494433940949,1.0496221675038129,1.2538685876743376,1.0457669822583584,1.1342867870046633,1.0400883278622362,1.0280645156879067,1.0039728794564207,1.4501039063531551,1.0020629957351366,1.2464106079444712,1.0019313656532751,1.1161283597868965,1.0,1.0,-0.4713160693645477,-0.5888615846633911,-0.4656507968902588,-0.5117623209953308,-0.4642980396747589,-0.4621979892253876,-0.462608277797699,-0.4165998995304107,-0.4517809152603149,-0.6233701705932617,-0.4479784369468689,-0.5589457750320435,-0.447746217250824,-0.516055703163147,-0.4474975168704986,-0.4730961322784424
B,0.0,0.0,1.0567987955122466,1.941264947834189,1.0939112018727923,1.752103861402027,1.0318485783032825,1.633749762091061,0.9646132953211839,1.6260988905046656,1.0574967598305378,1.4870229226040237,1.058530203528359,1.2813619182737699,1.0545258165515679,1.1560339771283987,1.0472321259194248,1.0390193984418052,1.0004380606929706,1.4753495239955268,1.0022867803275581,1.2612098649174814,1.0023520714093337,1.1235327393799315,1.0,1.0,-0.4274733364582062,-0.580646276473999,-0.4232525527477264,-0.5036934614181519,-0.4229524731636047,-0.4520705044269562,-0.4221750795841217,-0.405875563621521,-0.4058395028114319,-0.6105614900588989,-0.4018972516059875,-0.5449947118759155,-0.4019592702388763,-0.5014553070068359,-0.4022112786769867,-0.4605520367622375
B,0.0,0.0,1.0898221507367796,1.7633599967063949,1.118912320845161,1.604280940650313,1.0419842196506142,1.513581907497497,0.9677826928101194,1.5008052339585611,1.0745471334197152,1.39289987702861,1.066977732180175,1.2220943985364456,1.0588862475324836,1.117268507152746,1.0494221081825001,1.019222620767479,1.0123278836622425,1.3901174438253123,1.0083916128101311,1.212736360033041,1.0046917709486518,1.1010135848778209,1.0,1.0,-0.3893982172012329,-0.6169477701187134,-0.3825449049472809,-0.5457024574279785,-0.3802477419376373,-0.4970569014549255,-0.3776767253875732,-0.4530541002750397,-0.368573248386383,-0.6481977105140686,-0.3623732030391693,-0.5885454416275024,-0.3610323965549469,-0.5477803349494934,-0.3599908351898193,-0.5084011554718018
B,0.0,0.0,1.0131936108457793,1.8802484178040548,1.0444913560326683,1.6835622122793512,0.9826625220706706,1.5482318099044807,0.9134781873642942,1.5264366276901615,1.0326436819625748,1.441214248288566,1.037453478873453,1.2553754956405434,1.0384239118624619,1.1435982277225487,1.0366873691459848,1.0429837229816055,0.9779287826146735,1.4270937966396489,0.9872218008956603,1.2303601777882969,0.9946462521988668,1.1082404984549796,1.0,1.0,-0.4045396447181701,-0.558308482170105,-0.4049277901649475,-0.4862916469573974,-0.4080758094787597,-0.4423408806324005,-0.4098791778087616,-0.4041998982429504,-0.3812667429447174,-0.5824500322341919,-0.3821679055690765,-0.5198655724525452,-0.3849353790283203,-0.480245292186737,-0.387570708990097,-0.4428295493125915
B,0.0,0.0,1.0824991826788322,2.14151526795588,1.10976302241745,1.8471986759445411,1.0437392552846443,1.677849004046203,0.9723319656192068,1.7139831858403622,1.058750989771092,1.565926797777032,1.0543080053568346,1.327052682725087,1.0465613000919949,1.1705946874385558,1.0363365530920856,1.0380717738754695,1.0061305006324421,1.5646927274283766,1.006270397606571,1.3149177879298775,1.0047090756332546,1.1434873569355966,1.0,1.0,-0.3992161154747009,-0.492680013179779,-0.3933787643909454,-0.4188507795333862,-0.3912843763828277,-0.368715226650238,-0.3875102996826172,-0.3272328376770019,-0.3807299137115478,-0.518905758857727,-0.3783405423164367,-0.4543594717979431,-0.3774546086788177,-0.4118862748146057,-0.3760073184967041,-0.3728675544261932
B,0.0,0.0,1.1193476823639636,2.1590954832528957,1.1404239679941728,1.8495159621786335,1.0741830129662748,1.6883704127101693,1.0084630878324488,1.7473223953532373,1.0731371946880892,1.5587211338359546,1.0646402804452617,1.3135220644766556,1.0561611269102804,1.1573390599401847,1.0463765981965585,1.0246610728934795,1.0186700413485492,1.5660906851399383,1.0109885720530913,1.3169623557446537,1.0065094836652708,1.1454532646891895,1.0,1.0,-0.393791139125824,-0.4824720025062561,-0.3858313262462616,-0.411859393119812,-0.3835926055908203,-0.3626976609230041,-0.3802821338176727,-0.3211076855659485,-0.3765890598297119,-0.5119025111198425,-0.3693939745426178,-0.4523313641548157,-0.3663190305233001,-0.4110539555549621,-0.3633916676044464,-0.3721828460693359
B,0.0,0.0,1.0669673399788617,2.3448215681910543,1.0936005580901071,2.0314449090382913,1.0170065689324053,1.8457108900854304,0.9439236507034297,1.8741131439315966,1.0598631515826444,1.6846533489629956,1.0569298792946369,1.4022466517564456,1.0514755209014641,1.2284083574906919,1.0440297613328409,1.0764032406407111,1.0024176958900906,1.6733833058591974,1.001731876541809,1.3696711760144873,1.0015632976746822,1.1706996749287115,1.0,1.0,-0.3926475048065185,-0.4447237849235534,-0.3881654441356659,-0.3713417649269104,-0.3884018957614898,-0.3227611780166626,-0.3876929879188537,-0.28179731965065,-0.3719263672828674,-0.4722735583782196,-0.3686712682247162,-0.4098128080368042,-0.3686725199222564,-0.3690654635429382,-0.3686005175113678,-0.3315881192684173
B,0.0,0.0,1.0411154048734035,2.4210384828092795,1.0761835905519326,2.1192177478966174,1.0002071405785964,1.9054993460715133,0.9266628067091262,1.8501543095719648,1.059073064482005,1.7517643832904048,1.0582122168084722,1.4315890317007154,1.05177100194755,1.2351920871285011,1.043283095314523,1.0558026597520753,0.999471791524579,1.7362689695035045,1.0026856133153963,1.405089153723283,1.0019994780057417,1.1902157244046312,1.0,1.0,-0.3950007259845733,-0.4310153424739837,-0.3936530351638794,-0.355120837688446,-0.3955849409103393,-0.3060186505317688,-0.3960775434970855,-0.2641446590423584,-0.3717201948165893,-0.4537610709667206,-0.3716501295566559,-0.3905994296073913,-0.3740919232368469,-0.3487136960029602,-0.3765011727809906,-0.3097489774227142
B,0.0,0.0,1.046897995169032,2.3185470190643804,1.069992104779637,2.021190842503758,0.9916504057359393,1.8267004055153073,0.9169777419726978,1.8179486814272965,1.056112566288489,1.7118745678834775,1.057530973845643,1.4268887446911402,1.052061178910385,1.247418275251191,1.0435972938397327,1.0805109114602731,0.9970841540087929,1.68864750943272,1.001175235628235,1.3843116221803122,1.0011930443959707,1.183814926054808,1.0,1.0,-0.3933801651000976,-0.4424279928207397,-0.3918489813804626,-0.3682114779949188,-0.3931142091751098,-0.3196501433849334,-0.3930630385875702,-0.2773973345756531,-0.3702595233917236,-0.4647585749626159,-0.3693984746932983,-0.4011017084121704,-0.3713803291320801,-0.3591811060905456,-0.3739957809448242,-0.3201122879981994
B,0.0,0.0,1.0448976031667905,2.3934391441438745,1.0662238315739851,2.077278944752501,0.9920820758702668,1.8585561124748846,0.9194916845715599,1.8216484861276956,1.0562037765863141,1.757525757299521,1.0579251405413483,1.4546193461830983,1.0533931319452492,1.2664913861119285,1.0465290445799207,1.092401837570474,0.9969554692341289,1.7305533218045452,0.9997769804272977,1.4063924424400545,1.000327017581425,1.1947284388961055,1.0,1.0,-0.3853076100349426,-0.4189400374889374,-0.3828776776790619,-0.3463249802589416,-0.3840241730213165,-0.2981456518173218,-0.383803129196167,-0.2558739781379699,-0.3620250821113586,-0.4405895471572876,-0.360323816537857,-0.3792143762111664,-0.3616912364959717,-0.3388553857803345,-0.3636059463024139,-0.3012301325798034
B,0.0,0.0,1.0023879367645274,2.753791492998785,0.9728131311364473,2.4286758562861865,1.0038031986375267,2.151122242315458,1.048536163676374,2.066040970528333,0.9739801207716108,1.9678781822267604,0.9644564112811314,1.584182366894417,0.9649909885902347,1.3518084826912737,0.969110732213361,1.1353022623236793,1.0119902530911418,1.906683599518387,1.0013441091333943,1.4945402677173125,1.0004130247122782,1.2392978089375535,1.0,1.0,-0.7390093207359314,-0.4250432252883911,-0.7336601614952087,-0.3402129113674164,-0.7318422794342041,-0.2882271409034729,-0.7288970351219177,-0.2395067662000656,-0.7670537829399109,-0.4470908939838409,-0.7617006897926331,-0.3779985904693603,-0.7579245567321777,-0.3340164422988891,-0.7533901333808899,-0.2932069599628448
B,0.0,0.0,1.0036572834299526,2.626475993097214,0.9716354417235946,2.343829983261732,0.9972599695442127,2.082594884743217,1.0444273450156971,1.982138443719837,0.9763548029721846,1.894043695648294,0.9664405997468736,1.5399016451828724,0.9666153104620703,1.3298820258324227,0.9709451128608632,1.1312814564719653,1.0134892136332392,1.8400802748686276,1.0019766375893362,1.4525375673777232,1.000505887864043,1.2184010787882351,1.0,1.0,-0.7218995094299316,-0.4341954588890075,-0.7159810066223145,-0.3492060303688049,-0.7140333652496338,-0.298134982585907,-0.7110258340835571,-0.2507235407829284,-0.7505584955215454,-0.4568419456481933,-0.7438885569572449,-0.3870238363742828,-0.7393043637275696,-0.3431389331817627,-0.7340683937072754,-0.3031248152256012
B,0.0,0.0,1.0059055782492363,2.53639521307392,0.9733836615537086,2.206197679798838,1.00310012352724,1.9378964314589504,1.0504927329739846,1.919326295775703,0.9815666272563366,1.7939173388485612,0.975270147687486,1.4883269200019054,0.9762299631702936,1.301192330806632,0.9799581942418687,1.117016096234602,1.0154450589363573,1.7426301489128926,1.004646074639392,1.4062227338607276,1.0026246725974282,1.2023541816717036,1.0,1.0,-0.723192036151886,-0.4242751598358154,-0.7174510359764099,-0.3464757800102234,-0.7134134769439697,-0.3003628551959991,-0.708483099937439,-0.2563658952713012,-0.7498726844787598,-0.4486176669597626,-0.742674708366394,-0.3815325498580932,-0.7374675869941711,-0.3400464057922363,-0.7316946983337402,-0.3005690574645996
B,0.0,0.0,0.9918780229065428,2.575803573102854,0.9550710260137872,2.266874105349039,0.9826037043475033,2.009473293432557,1.0327145971027087,1.9800710842766267,0.9735919974026562,1.834849387144039,0.969182676043845,1.5138243411845922,0.9714032551582114,1.313028547655316,0.9763052818729205,1.1193345781066386,1.0084538807186552,1.7902559680621017,1.000234094631776,1.4402957054075,0.9999405825261892,1.2178507992729224,1.0,1.0,-0.7303805351257324,-0.4369383156299591,-0.7264426350593567,-0.3565214872360229,-0.7244707345962524,-0.3055881857872009,-0.7215712666511536,-0.2573121190071106,-0.756911039352417,-0.4609960317611694,-0.752208411693573,-0.3915426433086395,-0.7485967874526978,-0.3465760052204132,-0.744450569152832,-0.3046346306800842
B,0.0,0.0,1.0060076087546401,2.5526755066382143,0.9725529324642904,2.238444172933716,1.0057993358684454,1.9921457151885482,1.0569659246927292,1.948112429715328,0.9804338007152383,1.8315435483991818,0.9732985100839715,1.5069364344754557,0.973464222487062,1.3067438174907935,0.9764178174591135,1.1167170625172955,1.0160376959395334,1.779391444018684,1.0049736795887871,1.4305357428475944,1.0024793617978642,1.210152833459253,1.0,1.0,-0.7342036962509155,-0.4353237748146057,-0.7283048033714294,-0.3556622564792633,-0.7251386642456055,-0.3058909177780151,-0.7204272150993347,-0.2586470544338226,-0.7614344954490662,-0.4575695395469665,-0.7553629875183105,-0.3895024955272674,-0.7505902051925659,-0.3456449806690216,-0.7451289296150208,-0.3045871257781982
B,0.0,0.0,1.014624854658096,2.6029270279841414,0.9844192802273102,2.3047882910651,1.0153987992399087,2.048650968102149,1.0610672806576271,1.9866011072474643,0.9804626143579026,1.8826281426640037,0.9695237860039425,1.534707375640402,0.9694911401063816,1.3248677277252414,0.9728849602548884,1.124663966828354,1.0165348933900007,1.8193624801684818,1.0039336615063594,1.4495826154895832,1.0018376426481945,1.2183806062214586,1.0,1.0,-0.7428017854690552,-0.4259015023708343,-0.7361266613006592,-0.345565915107727,-0.7332956790924072,-0.2954939603805542,-0.729105532169342,-0.248332142829895,-0.7711308002471924,-0.4448187947273254,-0.7648897171020508,-0.3774700760841369,-0.7608268857002258,-0.3348060250282287,-0.7558557391166687,-0.2952304482460022
B,0.0,0.0,1.0216048554605452,2.6847880305630087,0.9915868619610197,2.3645703760445955,1.0249720343926767,2.100038721687585,1.0733043155880608,2.0734444001190795,0.9845154318347076,1.9218634978734708,0.9736827140062932,1.5609892156095313,0.9725349808446769,1.344696585996372,0.9740423140015009,1.1376960844922974,1.0203623708220124,1.8559697258729326,1.0068529870508565,1.470462177297676,1.0035775221484742,1.2265205262299557,1.0,1.0,-0.7476468682289124,-0.4157747030258178,-0.7404136061668396,-0.3352283835411072,-0.7368952035903931,-0.2843120396137237,-0.731809139251709,-0.2375616133213043,-0.7757567167282104,-0.4348096251487732,-0.7682545781135559,-0.3667600452899933,-0.7629928588867188,-0.32335364818573,-0.757488489151001,-0.2847792208194732
B,0.0,0.0,1.022624220708496,2.727223372067332,0.9930974817479792,2.4160774360847417,1.0238626171489589,2.127857365096114,1.0687509169494611,2.056628709637922,0.9897941109199206,1.9560651641330191,0.9745406933978127,1.577985825167352,0.9709381848761696,1.357674947285759,0.9703258769061835,1.1481047673653493,1.0266136756006323,1.8794161769852695,1.010922223023284,1.473152694921292,1.0053885958291804,1.2258931937841075,1.0,1.0,-0.7550408840179443,-0.4074995219707489,-0.7468137741088867,-0.3260733485221863,-0.7430450916290283,-0.275421142578125,-0.7382561564445496,-0.2291226983070373,-0.783846378326416,-0.42657271027565,-0.7777459025382996,-0.3578028380870819,-0.773698091506958,-0.3143296837806701,-0.7688957452774048,-0.2749524116516113
B,0.0,0.0,1.0340554119599994,2.714765376232123,1.0065853625027839,2.3984080662128413,1.0410710805635806,2.118002793651218,1.0878771729652432,2.0673740137081493,0.9998190238038822,1.9672527554062909,0.9799243631444267,1.5930750908047804,0.9721769875960916,1.3695395032925375,0.9681213907588161,1.157088900384367,1.0365576156462486,1.88365983593517,1.0171797632994182,1.4818933024205951,1.008179377770933,1.2307418904429093,1.0,1.0,-0.7558073401451111,-0.4068693816661834,-0.746528148651123,-0.3249316811561584,-0.7416591048240662,-0.2740970551967621,-0.7357420921325684,-0.2275067567825317,-0.784935712814331,-0.4248087108135223,-0.7788039445877075,-0.3566300570964813,-0.77400803565979,-0.3129629790782928,-0.7688774466514587,-0.2733182907104492
B,0.0,0.0,1.016798389746203,2.5237980769670867,0.9869778943684435,2.2587362140197214,1.0201784447155609,2.029745818809771,1.0655127061864114,1.9683164652820104,0.9884664557969062,1.834959722153313,0.9752337932099445,1.5040528665922996,0.9725474115528823,1.309753273816553,0.9726782869863653,1.1250078800568986,1.0255188662132164,1.7729299891500847,1.011380465190947,1.4184314790224495,1.0056852053701157,1.2021344900066844,1.0,1.0,-0.7561314105987549,-0.4379080832004547,-0.7493538856506348,-0.3557190299034118,-0.7456610798835754,-0.305337905883789,-0.7407935857772827,-0.2589380443096161,-0.7842509150505066,-0.4582043886184692,-0.779466450214386,-0.3903789520263672,-0.7753877639770508,-0.3469898998737335,-0.7704709768295288,-0.3073555827140808
B,0.0,0.0,1.02139189520425,2.4498342534187714,0.9917246628586517,2.206910981604391,1.0252686583993436,2.0050977877783143,1.0702758199984954,1.9411198260947025,0.9896432000662128,1.7962297040569268,0.9765957532362067,1.4872803324069754,0.9737102545488175,1.3018371670322493,0.973618357551864,1.1244423467409503,1.0266290187763072,1.7335002365670922,1.0123180510665832,1.401122724055967,1.00616555968622,1.194554594977688,1.0,1.0,-0.7572047710418701,-0.4529720246791839,-0.7499983906745911,-0.3713626265525818,-0.7464056611061096,-0.3212131857872009,-0.7415487170219421,-0.2741705477237701,-0.7855469584465027,-0.4724990427494049,-0.7794725298881531,-0.4057820737361908,-0.7746049165725708,-0.3633095622062683,-0.7689872980117798,-0.3235719203948974
B,0.0,0.0,1.0063585614610762,2.5964790508813547,0.9775222089772869,2.3272793386163433,1.0093849905658785,2.09937667882555,1.0539151025015723,2.0177375888546263,0.9812224093717236,1.8744984005445318,0.9725048212777403,1.5301163081677385,0.9719060696983562,1.3216837243022683,0.9735699853666073,1.1263092061259075,1.017795055746179,1.817009035225186,1.0072130582930443,1.4464556903059451,1.0036753041069115,1.2155359315282133,1.0,1.0,-0.7598516941070557,-0.43770831823349,-0.7550179958343506,-0.3548820316791534,-0.7526392936706543,-0.3029781579971313,-0.7489162087440491,-0.2550655603408813,-0.7879831790924072,-0.4594462811946869,-0.7840151786804199,-0.3906547427177429,-0.779953122138977,-0.3468838930130005,-0.7748574614524841,-0.3066762387752533
B,0.0,0.0,1.0415898934075143,2.6192852593965985,1.0096513036752717,2.3532574766516405,1.0409473756633059,2.094865164591432,1.0867239589031976,2.0084146643702616,1.0007089200980903,1.8990301711742525,0.9815967804026176,1.5545174149331213,0.9761123743742435,1.3478886086353645,0.9736985845502886,1.1478285057572233,1.0375832182144997,1.8160776114033912,1.017305567267598,1.446816142184744,1.0086220243498716,1.2185252024256572,1.0,1.0,-0.7487040162086487,-0.4156917929649353,-0.7376549243927002,-0.3359169065952301,-0.7317017912864685,-0.2867281436920166,-0.7247180342674255,-0.2400880306959152,-0.7777435183525085,-0.4323374629020691,-0.7678539156913757,-0.3664850294589996,-0.7606213688850403,-0.3246545493602752,-0.753099799156189,-0.2856292724609375
B,0.0,0.0,1.0270620767227507,2.5685070780957258,0.9970819451507973,2.278628833619725,1.0305390935509688,2.0256232493743287,1.0782090680451322,1.9575627536362032,0.9910826826083595,1.8647410989198314,0.9780774893845852,1.5224151113018698,0.9753778380085091,1.3202331613972234,0.9748513221500694,1.129487321931468,1.0278156315851161,1.8006294515547565,1.0127634822015004,1.4340160297826423,1.0065692075751882,1.2077771030211342,1.0,1.0,-0.7576790452003479,-0.4278327524662018,-0.7497268915176392,-0.3472176790237427,-0.7452704310417175,-0.2966065108776092,-0.7392420172691345,-0.2504051327705383,-0.7860387563705444,-0.4474641978740692,-0.7799778580665588,-0.3801726102828979,-0.7743042707443237,-0.3367385268211365,-0.7678495645523071,-0.2981078028678894
B,0.0,0.0,1.0306181513965735,2.48068424612907,0.9985885318125453,2.2214459802789976,1.0262757366342015,1.9729749396674423,1.0704864784467374,1.8941721932614246,0.9924852388167917,1.8234540814299238,0.9774203032700446,1.4978774094125973,0.9736391030988135,1.3068051199733444,0.9727813452809534,1.1253576747657432,1.028533495514457,1.7547589833395492,1.0120440226303713,1.4079592778572212,1.005958267590591,1.195535893383837,1.0,1.0,-0.753639817237854,-0.4397523403167724,-0.7446547746658325,-0.359347939491272,-0.7400670051574707,-0.3101245760917663,-0.734082043170929,-0.2649275064468384,-0.7823348641395569,-0.4577775001525879,-0.7746986150741577,-0.3902065753936767,-0.7688779830932617,-0.3483165204524994,-0.7622018456459045,-0.3107229471206665
B,0.0,0.0,1.0221722293908695,2.5202296877447252,0.99137892726154,2.2325892724297436,1.025213879129894,1.9941265310505956,1.0744233464488233,1.9537473657682185,0.987996172702394,1.8341832145630383,0.9748848157509706,1.506084893258583,0.9728305309035641,1.3083019523654236,0.9737651364743826,1.1204198900250706,1.0237139832338535,1.7736123848478385,1.0089307216859282,1.4235395282635666,1.0042085128245926,1.20378205209059,1.0,1.0,-0.7598605751991272,-0.4361158013343811,-0.7521294355392456,-0.3558923304080963,-0.7483009696006775,-0.3054719567298889,-0.7431640028953552,-0.2591685950756073,-0.7879641652107239,-0.455007255077362,-0.7819775342941284,-0.3883318901062011,-0.7769927382469177,-0.3455380797386169,-0.7712742686271667,-0.3070966601371765
B,0.0,0.0,1.003380234806348,2.51948739295582,0.9766586027607248,2.2237934315530445,1.01093881091765,1.9961582124938126,1.0568999176555502,1.989827021890693,0.9796165915485388,1.8262760464787064,0.9720954152954735,1.5022699168577216,0.9716082457135067,1.3076564650585905,0.9732866250659354,1.1225283838041804,1.0154045320856784,1.7735766404375881,1.0064962420428158,1.422781652183505,1.0036190434249592,1.2038446932341773,1.0,1.0,-0.7740147113800049,-0.4396957457065582,-0.7701926827430725,-0.3591834902763366,-0.7680672407150269,-0.3086316585540771,-0.7641696929931641,-0.262187123298645,-0.8009620904922485,-0.4610075950622558,-0.7978212833404541,-0.394055962562561,-0.7945714592933655,-0.3506140410900116,-0.7903423309326172,-0.3114472925662994
B,0.0,0.0,1.0174033851221722,2.6373558670120048,0.9875739935776716,2.343597439791766,1.0204238189187722,2.1018413859257814,1.0661431215101822,2.0525314427608583,0.9869156315303306,1.8927544275515074,0.974029909625296,1.5463172119352304,0.9720035332536329,1.3385899580447576,0.9730112790678306,1.1394276880218184,1.0233083583448792,1.8280383049363325,1.0094169521300536,1.4539643142101575,1.0045359693762697,1.2198013596655723,1.0,1.0,-0.7663629055023193,-0.4250902235507965,-0.7599186301231384,-0.3437031507492065,-0.7571820020675659,-0.2926650643348694,-0.7534062266349792,-0.2450725138187408,-0.7940343022346497,-0.4446135461330414,-0.7886629104614258,-0.376849889755249,-0.7846421003341675,-0.3334369957447052,-0.7802841663360596,-0.2932534217834472
B,0.0,0.0,1.0052874491976451,2.6505322510105187,0.9794379869440715,2.350865122447238,1.0152154762106294,2.1136620117963822,1.0617688107072678,2.0774341416622546,0.980469416363795,1.9111421711477603,0.971763185172549,1.5542413458053956,0.9719742241124482,1.3394308674933026,0.9741463055733162,1.132065871170031,1.0168504786262236,1.8526853705586435,1.0063882211460204,1.4700073403294562,1.0036502493075514,1.2306964530580256,1.0,1.0,-0.7713742256164551,-0.4271638989448547,-0.7662515044212341,-0.3451353907585144,-0.7638204097747803,-0.2939321994781494,-0.7600165605545044,-0.2462019920349121,-0.799679160118103,-0.4482554197311401,-0.7947549819946289,-0.379626989364624,-0.7908583879470825,-0.3354258239269256,-0.7862911224365234,-0.2950116991996765
B,0.0,0.0,1.01951843392524,2.702700080557338,0.9922835383857171,2.3900351586542006,1.0280975691528969,2.1328733382798726,1.0757174496012,2.08988600834489,0.9871182213463582,1.9381914541553884,0.974043646648492,1.573651058662822,0.9722760608361029,1.3531378329444521,0.9733776464495086,1.1448596476769803,1.0236571553401534,1.8632509141936295,1.0097426762664852,1.471735462668635,1.0050186369509417,1.2265289027726551,1.0,1.0,-0.7665231823921204,-0.4127168953418731,-0.7596574425697327,-0.3320481181144714,-0.756108820438385,-0.2813137173652649,-0.7512843012809753,-0.2349942624568939,-0.7946183085441589,-0.4316208362579345,-0.7889662981033325,-0.3654043972492218,-0.784015953540802,-0.3223183453083038,-0.7786162495613098,-0.2835692763328552
C,0.0,0.0,0.987737946671977,2.8786928954210222,1.0394186768999805,2.719372446543217,1.0683473113106712,2.569373109778745,1.1038982479876798,2.423918926089033,1.0352382619845326,1.9187965922958563,1.046135027774587,1.533142210961957,1.0482922369521273,1.2975962686369185,1.0511630759958477,1.0568207970764576,0.9722123292590424,1.8488877540192077,0.9821696641114097,1.4608599843476417,0.9885354957525833,1.2256256798164162,1.0,1.0,-0.3849037885665893,-0.3386015295982361,-0.3850324153900146,-0.2671643495559692,-0.3844605088233948,-0.2192831337451934,-0.386653184890747,-0.1743029952049255,-0.3581148386001587,-0.3576964735984802,-0.3576862514019012,-0.2936263680458069,-0.3573720157146454,-0.2505516111850738,-0.3601492643356323,-0.2074206173419952
C,0.0,0.0,0.9726397155621085,2.9248005753531454,1.034486027058838,2.691897670313864,1.080961474982445,2.519666248510835,1.1294099716213373,2.3735252458152396,0.993174960677521,1.9326814860361574,1.0038340177244023,1.5098008704412325,1.0187127169458436,1.2768737750413124,1.041905176650183,1.0632751209174904,0.9372623204241923,1.8913897413655856,0.9476497243676956,1.4504284610401377,0.967586062554123,1.208884536148977,1.0,1.0,-0.3884973227977752,-0.3386512100696563,-0.3887818157672882,-0.2623864710330963,-0.3919652700424194,-0.214998573064804,-0.4015206396579742,-0.1748940348625183,-0.3632758259773254,-0.3614500164985657,-0.3643824756145477,-0.296042799949646,-0.3661733567714691,-0.2510314583778381,-0.3724522888660431,-0.2089143097400665
C,0.0,0.0,0.951661555990088,2.816073351499274,1.0196864692304421,2.5758383921428067,1.0744154113157547,2.4019631494147573,1.1286179212626002,2.2582958880060566,0.9695268044622162,1.8570539149509324,0.9818147464840836,1.4479397429489747,1.001330616999129,1.2399104053698997,1.0308861821795603,1.058970983281202,0.9193662125270584,1.8245379394499155,0.9363762157310825,1.39999719278039,0.9598838047910954,1.178563053230548,1.0,1.0,-0.3903505206108093,-0.3398158848285675,-0.3966239094734192,-0.2618927955627441,-0.4037917256355285,-0.2174155712127685,-0.4183439910411834,-0.1844977587461471,-0.3656699657440185,-0.3591780066490173,-0.3732144236564636,-0.2918653190135956,-0.3784380853176117,-0.2471185326576233,-0.3885063230991363,-0.2093458473682403
C,0.0,0.0,0.9443452733424957,2.5818677017066505,1.0082775645971263,2.402981313470792,1.0495693771786232,2.2469291200488097,1.088599356999606,2.0871490586137473,0.9833704728418143,1.7451695595097836,1.0010508628244954,1.3922442599237475,1.0184706916122255,1.2076433778954911,1.043537823150586,1.0421373040582291,0.9271848611656563,1.6926678846667615,0.9459748917307638,1.3276994698095386,0.9653321646905647,1.149789042235027,1.0,1.0,-0.3849593102931976,-0.3442955613136291,-0.3916372060775757,-0.2734032571315765,-0.3975864946842193,-0.2341734170913696,-0.4099831581115722,-0.2064733654260635,-0.358085960149765,-0.3598210513591766,-0.3641307353973388,-0.2978111505508423,-0.3684999346733093,-0.256716251373291,-0.3774711787700653,-0.2225440144538879
C,0.0,0.0,0.8970205304174409,2.319914410047408,0.9752535101895716,2.115300912941249,1.0403440477421078,2.009799961455951,1.0977505540414139,1.9217375556090044,0.9181690286437519,1.5340145897305013,0.9480266923160316,1.235726502265014,0.9832659953457998,1.1107545308116422,1.0233467000814358,1.024519262445526,0.8812185003189362,1.505528173971312,0.9134373636957271,1.1819872588351754,0.9531985649129796,1.057398925506181,1.0,1.0,-0.3974670171737671,-0.341718316078186,-0.4128993153572082,-0.2689741551876068,-0.4314222633838653,-0.2395480573177337,-0.4525406658649444,-0.225920170545578,-0.3767939209938049,-0.358114093542099,-0.388386994600296,-0.2945155501365661,-0.4034876227378845,-0.259120762348175,-0.4223601222038269,-0.2367181032896042
C,0.0,0.0,0.9059675971915664,2.32075435242529,0.989788952491616,2.11845227379601,1.0577853758108484,2.0144190057070266,1.1156437636330157,1.9310317166423996,0.9289165173140917,1.5362098145286451,0.9593006668343912,1.2328802206750544,0.9942570800901562,1.1068973080409652,1.0348871620762905,1.0278514843344935,0.886657800613664,1.5078920167593008,0.9157165811185494,1.1824693331791172,0.9536136406667827,1.053356877087134,1.0,1.0,-0.3871527910232544,-0.3431276381015777,-0.3998896479606628,-0.269075483083725,-0.4166224598884582,-0.2383268922567367,-0.4367738664150238,-0.2252067923545837,-0.3657408356666565,-0.3595921695232391,-0.3765154182910919,-0.2956841588020324,-0.390385091304779,-0.2612819671630859,-0.4084586501121521,-0.2411504387855529
C,0.0,0.0,0.8883357272707588,2.2717716615044563,0.9619991741332274,2.133693938207585,1.0195864055103225,2.030834406028539,1.0712217203729906,1.930687814406577,0.9483036996294618,1.5744456075006092,0.9773798857751689,1.2711880360135976,1.0027627331910938,1.129173749730426,1.03649649531917,1.030813460674192,0.8989584162114854,1.500141445787993,0.92919774717484,1.1825060521730677,0.9585359403869222,1.0550914536231069,1.0,1.0,-0.3930854797363281,-0.3440724909305572,-0.4051554203033447,-0.2709357440471649,-0.4159778654575348,-0.2342923432588577,-0.4321123361587524,-0.2182052880525589,-0.3657414317131042,-0.3538962006568908,-0.3765563070774078,-0.2924511730670929,-0.3853782713413238,-0.2523935735225677,-0.398194670677185,-0.2249047458171844
C,0.0,0.0,0.9591351405623721,2.4997807913180967,1.018261297978069,2.3459062508159922,1.0509247559493224,2.2018041328951377,1.0844962142891783,2.0500020846103686,1.0085730731917733,1.6875337847536651,1.024910872792845,1.3648759166334745,1.0344882576903953,1.19474076607772,1.0495035498435383,1.0363685164109333,0.9505888053622223,1.6302091636009437,0.9660472524428598,1.3020844228247672,0.9774478000396567,1.1394599286673748,1.0,1.0,-0.3890480995178222,-0.3408664464950561,-0.3952329158782959,-0.2733744084835052,-0.398669570684433,-0.2335772067308426,-0.4059732854366302,-0.2040623724460601,-0.3617557883262634,-0.3569156527519226,-0.3674945831298828,-0.2960600852966308,-0.3716102838516235,-0.2558850944042206,-0.3789620995521545,-0.2204523831605911
C,0.0,0.0,0.9622955522494131,2.4684312563378183,1.017988663415449,2.3190974526869637,1.0481029809370381,2.1736603210188203,1.0732963800022044,2.0265538190003856,1.0188755707489006,1.6415839455059529,1.0315931126038198,1.331851319446838,1.0379535951789047,1.167214217002307,1.0471606162205314,1.019885755365112,0.9599777075013299,1.582180388315892,0.974042042173628,1.2710039902075212,0.982253637422368,1.125067146173644,1.0,1.0,-0.3913196921348572,-0.3348168134689331,-0.3973839879035949,-0.2694149613380432,-0.3999103307723999,-0.2311295568943023,-0.4055306017398834,-0.2037050276994705,-0.3636805117130279,-0.3524014055728912,-0.3693068027496338,-0.291835606098175,-0.3725124597549438,-0.2524003088474273,-0.3790580332279205,-0.2184464484453201
C,0.0,0.0,1.019112193204637,2.5692394090024107,1.0660726811282417,2.4241395491922346,1.0786621995307135,2.3030809316768535,1.078787836808303,2.1761250801158445,1.071870712535793,1.6829788376190087,1.0785138664868494,1.34194327341027,1.069440128605412,1.1587845899145324,1.0544546594223942,1.0149433562912729,1.0073733239121339,1.6298009410680676,1.0174684449634668,1.2799658329702985,1.010375723252542,1.1177744209169234,1.0,1.0,-0.3812027275562286,-0.335932195186615,-0.3839088082313537,-0.2684512734413147,-0.3808695673942566,-0.2292076051235199,-0.3765331506729126,-0.2017306387424469,-0.3557060062885284,-0.3560219407081604,-0.3575813472270965,-0.295383870601654,-0.3555431365966797,-0.2562290132045746,-0.3541229367256164,-0.2220368832349777
C,0.0,0.0,0.9971045600816667,2.6489792798420617,1.05304412718577,2.4881000013932173,1.089044798293371,2.3537539118349318,1.1322517878904874,2.2430816768164448,1.0328295159078125,1.7487087320477321,1.0379833588792273,1.3914006844840368,1.0422674675866337,1.1923360983054327,1.0547825220561486,1.0244814688881332,0.9676858397584586,1.6984920490578268,0.9700038665990406,1.3262456965579619,0.9771555001261906,1.132733797914918,1.0,1.0,-0.3760555684566498,-0.3442712724208832,-0.3751142621040344,-0.2709777951240539,-0.3762891292572021,-0.2275163233280182,-0.3838565349578857,-0.2002865672111511,-0.3495559394359588,-0.3653885722160339,-0.3497482240200043,-0.3009676039218902,-0.3509206473827362,-0.2573345005512237,-0.3571469485759735,-0.2226872146129608
C,0.0,0.0,0.9409924606326563,2.5992613681332055,1.000711645920592,2.411082880471967,1.0474110088299455,2.26082861980282,1.0987093818455191,2.112045557594572,0.9735647315010139,1.7307436098284046,0.9913589920561349,1.3756349120054678,1.0124913527669754,1.1944343726399986,1.043373911587696,1.0381140996139677,0.9211077650198944,1.6855440142785398,0.9375032367108105,1.3148412045039826,0.9607753033302988,1.1376006964708252,1.0,1.0,-0.3901101350784302,-0.3463736772537231,-0.3959256410598755,-0.2716259956359863,-0.4028206467628479,-0.2294437736272812,-0.4170133769512176,-0.198645606637001,-0.3650969862937927,-0.3656643033027649,-0.3705376386642456,-0.3014355301856994,-0.3762450814247131,-0.2589237093925476,-0.3870128691196441,-0.2228827476501464
C,0.0,0.0,0.92759953598197,2.5890926901278832,0.9985735623909366,2.3622672728130976,1.058170216281266,2.2398424574090856,1.1112681936819166,2.145577604588112,0.952511320566352,1.688480078353695,0.9726370979034027,1.3247106386066299,0.9986268919308131,1.161409790826386,1.033467284464295,1.0362954075705364,0.9082049984961197,1.6590553842774036,0.9273770318730119,1.2700988466707692,0.9573296700107137,1.1035630901536548,1.0,1.0,-0.4024818539619446,-0.3400044441223144,-0.4109781682491302,-0.2605618238449096,-0.4240636527538299,-0.2240986078977584,-0.4426280260086059,-0.201802060008049,-0.3795749545097351,-0.3605607151985168,-0.3882040977478027,-0.2950918674468994,-0.3985131084918976,-0.2548969388008117,-0.413709282875061,-0.2238106280565261
C,0.0,0.0,0.922404415261131,2.575430679095755,0.9943253745779719,2.3578368334396673,1.0544079523543761,2.2393266258285762,1.1085937280309193,2.1517984703814608,0.9464697341910653,1.68515607438922,0.9681863644320726,1.3330454418228512,0.9954168143411118,1.1733717135716817,1.0302003212821698,1.0489342080508233,0.9034803203904229,1.6546985130885126,0.9264684497717306,1.27758660318356,0.9575733746712001,1.1090882156093902,1.0,1.0,-0.4034538567066192,-0.3388819098472595,-0.4140788912773132,-0.2617171704769134,-0.4275752604007721,-0.2259568125009536,-0.4458875358104706,-0.2038332223892212,-0.3802445530891418,-0.3582156300544739,-0.389606237411499,-0.2928851842880249,-0.4002817273139953,-0.2535474598407745,-0.4155319929122925,-0.223648339509964
C,0.0,0.0,0.9046068773303089,2.4777369833720004,0.9798674271905831,2.2763601916006846,1.0436225202052771,2.1694798843931697,1.1004556225152635,2.106786649825289,0.9341220248022712,1.6466860719677165,0.9610502667269551,1.3122535004446607,0.991002628971563,1.1592984228619505,1.0265409380783304,1.0422865199692581,0.8933920527968648,1.6081609624306052,0.9217661673103198,1.2528160959605346,0.9567482907978582,1.0960482588379266,1.0,1.0,-0.4096992909908294,-0.3446526527404785,-0.4217247366905212,-0.2670765221118927,-0.4369376003742218,-0.231571152806282,-0.4562875032424927,-0.2097073048353195,-0.3866968750953674,-0.3613961637020111,-0.397047758102417,-0.2969121038913727,-0.4087578952312469,-0.2577313780784607,-0.424605131149292,-0.2277272194623947
C,0.0,0.0,0.9086958395486856,2.394128860606173,0.9856235634337485,2.205101983116599,1.049267421511524,2.1088469089429696,1.1055117509176269,2.050561152598129,0.9402471851295117,1.613001811478139,0.9648700902404047,1.2978021976546013,0.993207735931777,1.1569537618425365,1.0277131299706757,1.047112131531015,0.899408672142959,1.5783635879865703,0.9256094541683312,1.2424699820732568,0.9577395020632464,1.0952661282599585,1.0,1.0,-0.4032975733280182,-0.3546944856643677,-0.4151513278484344,-0.2780339121818542,-0.4297139346599579,-0.2422697246074676,-0.4490299522876739,-0.2202473431825637,-0.3806133866310119,-0.3694593012332916,-0.3910200595855713,-0.3049940168857574,-0.4023440778255462,-0.2668322920799255,-0.418211430311203,-0.2388031780719757
C,0.0,0.0,0.9014249918221772,2.424872350077258,0.9763636828566148,2.2466995552655105,1.0375686961832544,2.151905230013246,1.0932211283320306,2.091903131677188,0.937088205849886,1.6397407248664786,0.9643881753127586,1.3065124458416852,0.9935537260730738,1.163922260361703,1.029224290258854,1.0584577724993944,0.8942004658641365,1.5948474711819118,0.9241797223592055,1.2472812041203842,0.9575515400495909,1.0936559848160772,1.0,1.0,-0.4088285565376282,-0.3497345149517059,-0.4212049543857574,-0.2718044519424438,-0.4346816539764404,-0.2352068722248077,-0.4527687728404999,-0.2122157216072082,-0.3845167458057403,-0.3649442195892334,-0.3956177234649658,-0.3003453910350799,-0.4065986275672912,-0.2613311409950256,-0.4218502938747406,-0.2311859279870987
C,0.0,0.0,0.880653602786862,2.381816845832777,0.9542302088910357,2.2351945085035174,1.0160796436004385,2.148381170602294,1.0716238347175462,2.0914747995024756,0.9327929866010848,1.6493582038857033,0.9600917950397135,1.3233322055854597,0.986700577396956,1.1807537578741762,1.020021662989517,1.0745397781835064,0.8893817540816848,1.5794522825959256,0.9231166250720142,1.241916054751204,0.9569212984899651,1.0931090115234319,1.0,1.0,-0.413934588432312,-0.3522179722785949,-0.4282468259334564,-0.2761678993701935,-0.4423563480377197,-0.2385371327400207,-0.461668312549591,-0.2139284014701843,-0.3883013427257538,-0.3629469275474548,-0.4004142880439758,-0.2993704378604889,-0.4107283055782318,-0.2581265568733215,-0.4250748455524444,-0.2258035242557525
C,0.0,0.0,0.8932277169501747,2.3063190493401637,0.9609931242081167,2.1872132396520803,1.0118150508135886,2.098401920471485,1.0579882457393377,1.9977183747116993,0.9466332249873068,1.5833042046149912,0.9757544867921568,1.276848223023495,1.0010964698307585,1.1458546900331423,1.0317746809492772,1.0528896479017602,0.9019900732284785,1.5092266620853367,0.933284228137159,1.1988740561944577,0.9632686154759189,1.0682346099671851,1.0,1.0,-0.4299027323722839,-0.3352799117565155,-0.443311482667923,-0.2648540139198303,-0.4555332660675049,-0.2267411798238754,-0.4719202816486358,-0.2030318081378936,-0.4030811190605163,-0.3459144532680511,-0.4145417809486389,-0.2836520075798034,-0.4236016273498535,-0.2415439933538437,-0.4362301230430603,-0.2077551484107971
C,0.0,0.0,0.9866115405526373,2.4588328241368385,1.0419804893885056,2.308686346944232,1.0711031402549134,2.1454215164926658,1.0746817405666453,1.9999569372829191,1.02468190307966,1.6834222324991628,1.036586905491544,1.380395577245774,1.0418641810545386,1.206325842078642,1.0504157433431323,1.0349215896140116,0.9695421931902458,1.6237725526768596,0.9774591262242407,1.3075790808426482,0.9855013536059503,1.1439335077539183,1.0,1.0,-0.4271265864372253,-0.3447473347187042,-0.4267356991767883,-0.2772226929664612,-0.4273036420345306,-0.2348142266273498,-0.431235522031784,-0.1992647647857666,-0.4014074802398681,-0.3612512648105621,-0.4016518294811249,-0.2997323274612427,-0.4014690220355987,-0.2582980990409851,-0.4042870104312897,-0.220674991607666
C,0.0,0.0,1.0382837903525601,2.4726643627609244,1.007875947338738,2.395703111263007,0.9987740622950269,2.3381307741791084,0.9817571080246905,2.3269607119365823,0.9851574224757558,1.7466951233430865,0.9721485056194591,1.4216091648745823,0.9689093022157838,1.240544949331382,0.963928285667314,1.0602949001043447,1.025861257247663,1.6790186433041263,1.0111993517147524,1.3551401596263648,1.0066268032411774,1.1776752625346765,1.0,1.0,-0.7155845165252686,-0.397548496723175,-0.708707332611084,-0.3187681138515472,-0.7054929137229919,-0.2708623111248016,-0.7003849148750305,-0.2236582785844802,-0.7449564337730408,-0.4128396809101105,-0.7414564490318298,-0.3436182141304016,-0.7391109466552734,-0.3015457689762115,-0.7346322536468506,-0.2577859759330749
C,0.0,0.0,1.0312483534214463,2.535240108478755,0.9997999679669592,2.4614393547744733,0.9867457187212885,2.4179090708120183,0.9677826296474517,2.4314265094457634,0.9823812169135852,1.7974912593141261,0.9702595199719728,1.4535989585486573,0.9664986037013864,1.2597238260974064,0.9608266967130541,1.0681955616551186,1.0243487749106617,1.7276840828125568,1.0116216604769852,1.3809463483201707,1.0072296793450743,1.189414029417305,1.0,1.0,-0.7287825345993042,-0.3912681937217712,-0.7231691479682922,-0.3103663921356201,-0.7205462455749512,-0.2603108882904053,-0.7153462171554565,-0.2113880366086959,-0.7586489319801331,-0.4070404767990112,-0.7573084831237793,-0.336638867855072,-0.7559647560119629,-0.2936187386512756,-0.7519546151161194,-0.2492837160825729
C,0.0,0.0,1.0279321934886678,2.5389632746961985,0.9958923497537686,2.472121527533841,0.9810778340230961,2.4430110489195136,0.9590393003721928,2.471603922625033,0.9810131459412095,1.7984299536830362,0.9696821650319253,1.4513874289172248,0.9659949443643837,1.2571858262741538,0.9600571282529278,1.064522054365734,1.0238030664556215,1.7321105432163626,1.0117902405185355,1.3821373336735843,1.0073198043894256,1.1909714351884197,1.0,1.0,-0.7399452328681946,-0.3976390957832336,-0.7347177267074585,-0.3170070648193359,-0.7327936887741089,-0.2687218189239502,-0.7282854318618774,-0.2207745313644409,-0.770263671875,-0.4148663282394409,-0.7694164514541626,-0.3458717465400696,-0.7690322399139404,-0.3044573664665222,-0.766194224357605,-0.2615160644054413
C,0.0,0.0,1.0316758171127163,2.5560769069261693,0.9959166825624566,2.4782134243395224,0.9745210356590948,2.4444931713228746,0.9457650332705795,2.476686133958029,0.9871808229043129,1.80080165040735,0.9743316684221148,1.453507804118124,0.9669652656255615,1.2638874772811297,0.9568216782636821,1.078627652349052,1.0313815722180295,1.73558716420365,1.0190295931230666,1.3758521830508539,1.0113668720679179,1.1842373036282394,1.0,1.0,-0.7414275407791138,-0.4006831645965576,-0.7369561791419983,-0.3172705173492431,-0.7340310215950012,-0.2677275538444519,-0.7276768684387207,-0.219346210360527,-0.7706106901168823,-0.4205007255077362,-0.7720828652381897,-0.3500854969024658,-0.7726644277572632,-0.3072629272937774,-0.7702380418777466,-0.2628692388534546
C,0.0,0.0,1.0438025975586165,2.4941906947353125,1.0060618534480854,2.391191060123408,0.9835168184102828,2.3399868684778413,0.9544192328518819,2.346159897720048,0.9986892955604061,1.7361493341603027,0.9860038708093101,1.4023356254437243,0.979201687538591,1.221011505711547,0.9686667614788222,1.054661184605304,1.0408309431542238,1.6774918518585233,1.0271592658712456,1.3275142717692572,1.01624626897973,1.1514092175036759,1.0,1.0,-0.7312847971916199,-0.3882392048835754,-0.7248602509498596,-0.3086447119712829,-0.720172643661499,-0.2636059522628784,-0.711906909942627,-0.2216435074806213,-0.760818600654602,-0.4063818156719208,-0.7577848434448242,-0.3376983106136322,-0.7543720006942749,-0.2967226505279541,-0.7481358051300049,-0.255025714635849
C,0.0,0.0,1.046659310145913,2.5331257462815087,1.011632804791205,2.435517074270045,0.9899432634906776,2.372728409260712,0.9623796079866764,2.347484941486649,0.9982102695836804,1.7267625938690956,0.9872417485180732,1.4032062545136224,0.9793754918016014,1.229998164042405,0.9684805831877841,1.0648107946713297,1.0407722628281655,1.6582573752206478,1.0270955830668684,1.3211051868107195,1.0165163841740847,1.1570406804270381,1.0,1.0,-0.7281758785247803,-0.3702622354030609,-0.7231243252754211,-0.2979725301265716,-0.7185723781585693,-0.2628034949302673,-0.7104473114013672,-0.2328926622867584,-0.7578592896461487,-0.3914926946163177,-0.7550803422927856,-0.330191045999527,-0.7509447932243347,-0.2959789335727691,-0.7432685494422913,-0.2638319730758667
C,0.0,0.0,1.0560897057729475,2.437748793019583,1.0133793446077408,2.308860458049028,0.9771209676562261,2.233665389928522,0.9422116214795098,2.189171572605773,1.0146738845547414,1.6745519558496558,1.0010185731761378,1.3594362332593726,0.98937699060398,1.1988465850116896,0.9737487509891661,1.0510881060539892,1.056802049503611,1.6226897598273349,1.0408106577934584,1.2888193655955873,1.0245842800176461,1.1345015994391907,1.0,1.0,-0.7270470857620239,-0.3750869333744049,-0.7210772633552551,-0.2990139424800873,-0.7121468782424927,-0.2644168734550476,-0.698602020740509,-0.2400270998477935,-0.7566548585891724,-0.3944733738899231,-0.7535902857780457,-0.3307871520519256,-0.7462005615234375,-0.2961918711662292,-0.7341529726982117,-0.2682133913040161
C,0.0,0.0,1.0571444247897552,2.3793937152286313,1.015206481792849,2.254258876255199,0.9829222899659078,2.181533650254652,0.9520872125188445,2.156598648105018,1.0128251545490778,1.637579223000859,0.9988336374623725,1.3396160610209644,0.9872575496934797,1.1854398030829598,0.97179122978792,1.0500504177778134,1.055060080962441,1.5817848471272167,1.0384176422828484,1.263134691727891,1.0232657596111683,1.1161438151721705,1.0,1.0,-0.7306182384490967,-0.3797047734260559,-0.723727285861969,-0.304189532995224,-0.7156763672828674,-0.2707415223121643,-0.7027791738510132,-0.2488776445388794,-0.7611432671546936,-0.3983531892299652,-0.757709264755249,-0.3354409039020538,-0.7506145238876343,-0.3030362725257873,-0.7384808659553528,-0.2784270644187927
C,0.0,0.0,1.0559425271123941,2.398208166074048,1.0158163879853077,2.2724098881671515,0.9827391739710365,2.1973690674443525,0.9509994387524273,2.165408628034009,1.0128906753105125,1.6578076526780086,0.998440258999378,1.3481952118494915,0.9860041383021244,1.18688471400233,0.9698500963920293,1.0428457327667244,1.0553631719159988,1.6014367828129368,1.0394313034480023,1.275432582876889,1.0237517877949822,1.1236749529274839,1.0,1.0,-0.7366623878479004,-0.3805188536643982,-0.7303224205970764,-0.3050307333469391,-0.7220577597618103,-0.2690839767456054,-0.7092131972312927,-0.2443628907203674,-0.7666419148445129,-0.3988963663578033,-0.762980043888092,-0.3357855379581451,-0.7557973861694336,-0.3017283082008362,-0.7442102432250977,-0.2745108008384704
C,0.0,0.0,1.050106965151122,2.3663166884096585,1.0145469638876785,2.260237807216234,0.9909350546413138,2.1881484018175534,0.9638229357226609,2.175161911578052,0.9984210446409142,1.6488390958465313,0.984845309317669,1.3446434323904415,0.9749540649287803,1.186497330842195,0.9626463103348806,1.0528919987598984,1.0408708266881848,1.5776237423122994,1.0266194806584077,1.2617770823273073,1.0159247978883044,1.116264544345419,1.0,1.0,-0.7396447062492371,-0.3751697540283203,-0.7322056889533997,-0.3020423054695129,-0.7263416051864624,-0.265281081199646,-0.7175643444061279,-0.235831081867218,-0.7694995403289795,-0.3921182453632355,-0.7660791277885437,-0.3316546082496643,-0.7615346908569336,-0.2965413928031921,-0.7541958689689636,-0.2638126611709595
C,0.0,0.0,1.0969345436166247,2.2746431051621,1.0359129382760095,2.14943007779879,0.9863730151651332,2.1116966011910185,0.9428353836337315,2.1059798886060888,1.0526611366874556,1.5964425978032568,1.0264447356564734,1.2815366748461645,1.0045367784783639,1.1387458021122605,0.9786222621685843,1.0366134788965724,1.0876983348313218,1.5542436757755091,1.0594700093538523,1.2284664301813002,1.03282383425614,1.0898954135871342,1.0,1.0,-0.7347474694252014,-0.3882862329483032,-0.7175179719924927,-0.3060949146747589,-0.7015621066093445,-0.2718332409858703,-0.6809330582618713,-0.249298945069313,-0.7642430067062378,-0.4016959071159363,-0.753993570804596,-0.3320723474025726,-0.7406867742538452,-0.294450968503952,-0.7229518294334412,-0.2663221955299377
C,0.0,0.0,1.1125429855438702,2.1253792282111346,1.0475404557888102,2.0084809797014413,0.9927483775840658,1.9890680390921092,0.9454525471969819,1.9915152550102422,1.0684821441649703,1.4953014185280757,1.0407597979144145,1.211807766970293,1.0148177498773374,1.0902124320296245,0.985415213367556,1.0161213034143521,1.0994113036528022,1.4673332998887136,1.0700387155617674,1.1696408568334389,1.0373660169787942,1.0557370092292753,1.0,1.0,-0.7254672646522522,-0.3999658226966858,-0.7080680727958679,-0.3157614469528198,-0.6888476014137268,-0.2845413088798523,-0.665846586227417,-0.2693898677825928,-0.7514824271202087,-0.4155976772308349,-0.7398784160614014,-0.346344381570816,-0.7241108417510986,-0.3126623630523681,-0.704169750213623,-0.2931145429611206
C,0.0,0.0,1.1124208345055835,2.0361845454327105,1.0492224235833572,1.9362209127713124,0.9981738257143302,1.9091375541976432,0.9502918937281647,1.9034839315239784,1.0624561933487384,1.4346726971408386,1.0330824879531422,1.1650289674035141,1.007141204564993,1.053798580207198,0.9775922034050534,1.002000203623088,1.0965752408426406,1.40271343706208,1.06811591356342,1.1078606163828164,1.0363935584477666,1.014706879463421,1.0,1.0,-0.7341355681419373,-0.3976988494396209,-0.7186405062675476,-0.313603013753891,-0.6999427080154419,-0.2882428765296936,-0.6777143478393555,-0.2856312692165375,-0.7629990577697754,-0.4127278327941894,-0.752295970916748,-0.3432201147079468,-0.7361873388290405,-0.3153412938117981,-0.7158522605895996,-0.3071719408035278
C,0.0,0.0,1.117272031048398,2.0400169645029607,1.0611056784009532,1.964341594798454,1.0142864965119796,1.938316121008949,0.9719869681104201,1.9370712407742847,1.0527959286645345,1.464228596677391,1.0233358175579557,1.199047457521155,0.9998392236283571,1.0873095295222903,0.9731958226807503,1.0219499378193517,1.0905803971892982,1.407973168543351,1.0618140131583058,1.1174236343913058,1.0339769165554094,1.0246002189840222,1.0,1.0,-0.7354633212089539,-0.3960730731487274,-0.7170376777648926,-0.3144442141056061,-0.6995348930358887,-0.2883410453796386,-0.6783763766288757,-0.2812367975711822,-0.7667171955108643,-0.4070568680763244,-0.7560989260673523,-0.3403368890285492,-0.7423983812332153,-0.3089293539524078,-0.7245568037033081,-0.2915926575660705
C,0.0,0.0,1.0400289029428513,2.198790068832788,1.0010043537388411,2.1539309624312435,0.983118632064457,2.145312705998869,0.9665999014379327,2.1846218772553696,0.9934839425384542,1.6199111058959343,0.9753444967305136,1.348355157792585,0.9661052613602541,1.198475534753241,0.9546650214097164,1.0596911381806995,1.0357362426104588,1.5444016331760173,1.0218358718525835,1.267814272439747,1.0127628815533494,1.128726781449897,1.0,1.0,-0.7375810742378235,-0.4072843194007873,-0.7316828370094299,-0.3330229520797729,-0.727695882320404,-0.2920358777046203,-0.7208505868911743,-0.2546538710594177,-0.7672510743141174,-0.4219535887241363,-0.7698464393615723,-0.3586404025554657,-0.7702232599258423,-0.3217788934707641,-0.7674239873886108,-0.2867515385150909
C,0.0,0.0,1.057230607407985,1.6667632685491214,1.0195441065102684,1.6497941828445795,0.9959406027082381,1.6647987722805324,0.9719293002141959,1.7026279146546313,1.0018137521378072,1.3135176121872199,0.9844093479480299,1.1602171002746404,0.9755651066539319,1.082552451992323,0.9640502757401379,1.028624148777541,1.042437504557166,1.2713589446836917,1.0266229647966583,1.102999132904986,1.0147365217975124,1.0330833390776866,1.0,1.0,-0.7161733508110046,-0.5247390270233154,-0.7093832492828369,-0.4602764844894409,-0.7040749192237854,-0.4277199506759643,-0.6960263848304749,-0.4059167504310608,-0.744117021560669,-0.5413762331008911,-0.7448558807373047,-0.4846442937850952,-0.7424219846725464,-0.4545725584030151,-0.7361147999763489,-0.4311549365520477
C,0.0,0.0,1.038542405239542,1.6518295980334685,1.0028947373653947,1.6299068752265806,0.9826415183079905,1.6454870151889216,0.9580741186600241,1.6903598975829885,0.9903390885424614,1.294784948775516,0.9773889385965876,1.1417577278790938,0.9699445130669094,1.0666373140353986,0.9617805963373385,1.033815367451743,1.031359770067143,1.25329718225392,1.0207953014682825,1.0836454121659793,1.0111518542287659,1.0131792130819945,1.0,1.0,-0.7394253611564636,-0.5300331115722656,-0.7357922792434692,-0.4630030989646911,-0.731890082359314,-0.4295834302902221,-0.7259616255760193,-0.4141411185264587,-0.7671413421630859,-0.5495200157165527,-0.7712621092796326,-0.4934819340705871,-0.7702901363372803,-0.4632720351219177,-0.7661022543907166,-0.4437659978866577
C,0.0,0.0,0.9996791977512405,1.6500781712398056,0.9757344033039457,1.6344670969289337,0.971708385413045,1.6559722443397815,0.9679747520964423,1.7012625366732068,0.9670852091966718,1.3075982705794507,0.9574708982106777,1.1742952512773208,0.9582199013852494,1.0898116539852485,0.9644570001869217,1.0258026284278263,1.0024159669233756,1.2679322231561687,0.9936195739083316,1.1191000339131887,0.9946150442704006,1.043337477795841,1.0,1.0,-0.7981137037277222,-0.527226984500885,-0.7967827320098877,-0.4638227522373199,-0.7991268634796143,-0.4311616420745849,-0.8037907481193542,-0.4128622412681579,-0.8244319558143616,-0.546024739742279,-0.8320302367210388,-0.4934148788452148,-0.8373232483863831,-0.4624495506286621,-0.8423486351966858,-0.4368707537651062
C,0.0,0.0,1.0215622798175161,2.0650617764343027,0.9950663591533908,2.014779480448154,0.987120231581596,1.9818210927319788,0.9740910282568491,1.9947262338587666,0.9782522345137247,1.5249265500302707,0.9677198530404159,1.3084809666238673,0.96572528942999,1.1833476646037413,0.9629254286300768,1.0603943767699828,1.01562093432622,1.4659782708959996,1.0074239228772006,1.2356379995313624,1.004770063577686,1.1157557739469166,1.0,1.0,-0.7682742476463318,-0.4153371751308441,-0.7662827372550964,-0.3473974466323852,-0.7658786177635193,-0.3095788359642029,-0.7635523080825806,-0.2730411887168884,-0.7969009280204773,-0.4314912557601928,-0.8021804690361023,-0.3708029687404632,-0.8058621883392334,-0.3348559141159057,-0.8071093559265137,-0.2976489663124084
C,0.0,0.0,1.0372058753885967,2.4764619116780513,1.0094939973698096,2.386706973909413,0.9990782104495364,2.299335506377733,0.9782740498143905,2.275577999759363,0.9861584652347617,1.7757036999457367,0.9740914020286922,1.4721597225340635,0.9710438579276979,1.2880612931522364,0.9671540554020881,1.1031946769210412,1.0226843453935843,1.6887630477787536,1.0109214538618108,1.3691097019496723,1.006501607981478,1.1863404654848952,1.0,1.0,-0.7701125144958496,-0.367556095123291,-0.7644968032836914,-0.2949041128158569,-0.762286901473999,-0.2536346614360809,-0.7579693794250488,-0.212049052119255,-0.7994235157966614,-0.3811075687408447,-0.7983825206756592,-0.3185374736785888,-0.7983682155609131,-0.2807848453521728,-0.7960399389266968,-0.241248682141304
D,0.0,0.0,1.0505112203873432,1.3901645105435858,1.0791410362389158,1.260794147458595,1.0523318821453014,1.16015466393539,1.0020252015085083,1.0768869344741765,1.0516638663762081,0.9664918207063548,1.064404960697042,0.7584838180503375,1.0681405567682574,0.6335345721178602,1.067320849897675,0.5289911559220264,0.9825177111154273,0.9936987664013817,0.9680184594360822,0.8121637875418779,0.9835644386821155,0.9057269166671749,1.0,1.0,-0.3729051649570465,-0.4474490880966186,-0.3658807575702667,-0.3817022442817688,-0.3786841630935669,-0.4127887487411499,-0.389707863330841,-0.4483803212642669,-0.3533819615840912,-0.4910356998443603,-0.3530345857143402,-0.4552685916423797,-0.3678123950958252,-0.4645164012908935,-0.3817768692970276,-0.4803109765052795
D,0.0,0.0,1.030274806437995,1.3919458873566475,1.0634946762864361,1.2546422964211432,1.0456330644292047,1.1516135444826614,1.0038070680094218,1.0641753161840568,1.0146764206336891,0.9836600727113186,1.0139368355351475,0.7670955718426483,1.013512900017317,0.63945962035354,1.0100111312518354,0.5348831592939949,0.95183181687813,1.0165103588064335,0.9411849608036315,0.8257723853842739,0.9735867257573342,0.905728740772035,1.0,1.0,-0.3742161393165588,-0.4570705890655517,-0.3691431879997253,-0.3925807774066925,-0.3878951966762543,-0.4173189699649811,-0.4031220078468323,-0.4491627514362335,-0.3546270132064819,-0.4993173778057098,-0.3603682816028595,-0.4638722538948059,-0.3808521628379822,-0.4674646556377411,-0.3988338708877563,-0.4763358235359192
D,0.0,0.0,1.013940001022575,1.4094472714199422,1.053094558136928,1.2683428406292048,1.0463092048116716,1.161051045248268,1.0067650284207572,1.0757482820497457,0.9918153227134183,0.9910882181682863,0.9879353054773369,0.7566779949558818,0.9891315210504474,0.6240411832146749,0.9876084894523943,0.5158583386634779,0.9333886067587411,1.0266920544962004,0.926271936391629,0.831100310978454,0.9679178766959076,0.9055657029784495,1.0,1.0,-0.3737563192844391,-0.4552720189094543,-0.3705044686794281,-0.3884193301200866,-0.3931686580181122,-0.4136788547039032,-0.4111090004444122,-0.4460058808326721,-0.3553802073001861,-0.496148943901062,-0.3631019294261932,-0.4587904214859009,-0.3861933350563049,-0.4622603356838226,-0.4061699211597442,-0.4710515737533569
D,0.0,0.0,1.0341492339152585,1.394042858104815,1.0681148776323974,1.2557924520452237,1.0510227030407417,1.1528738410985633,1.0054626826330886,1.0780093336876986,1.0219978941038623,0.981937013977657,1.0218394382781046,0.7555902264340684,1.0242877447058816,0.6228662481666378,1.023024833561279,0.5125440282112234,0.9581919221332772,1.0115240719960348,0.9446157183953662,0.8222080177415266,0.9747985297922085,0.9037280995524731,1.0,1.0,-0.3690053820610046,-0.4493916034698486,-0.3625140488147735,-0.3825276792049408,-0.3801465332508087,-0.4078927040100097,-0.3947416543960571,-0.4410175681114197,-0.3498530983924866,-0.4904346168041229,-0.3532634973526001,-0.4573163390159607,-0.3718109726905823,-0.4620506763458252,-0.3886110186576843,-0.4724810421466827
D,0.0,0.0,1.0718719485317005,1.3297766529923603,1.1017364747286646,1.205080719227708,1.0660112917678606,1.121674456259227,1.0071025108054472,1.0595453463137199,1.0523618465134559,0.9250049322747651,1.054237758963014,0.730654870026056,1.0502482674417173,0.6098619643379527,1.0413505467059707,0.5057457599444863,0.9813301536234474,0.9601304841793036,0.9579056731497435,0.7983839826928181,0.9791181082900706,0.9030962439877271,1.0,1.0,-0.3586598336696625,-0.4537025392055511,-0.350116103887558,-0.3898987472057342,-0.3654733598232269,-0.4306766986846924,-0.3780912458896637,-0.4707779884338379,-0.3412805199623108,-0.4996910989284515,-0.3394339680671692,-0.4617925882339477,-0.3558788299560547,-0.4788895845413208,-0.3702242970466614,-0.4999744296073913
D,0.0,0.0,1.0371692104567318,1.4375521951428536,1.0660189557022437,1.2924138094752151,1.0420318967796707,1.1670406564283626,0.991780210372545,1.0726217472352764,1.061349765995819,1.0183847091177332,1.0878956342538961,0.8067747849058085,1.1001068937264114,0.6819182923880547,1.1053454570462709,0.5809263877814599,0.9939589185414074,1.029338196008956,0.98530833771066,0.8225823127713989,0.9918486122787274,0.9062140578096921,1.0,1.0,-0.3746151626110077,-0.433271586894989,-0.3685953915119171,-0.3614960014820099,-0.3794119954109192,-0.3902134895324707,-0.3885932564735412,-0.4260696172714233,-0.3530814945697784,-0.4695571959018707,-0.3531576097011566,-0.4254908561706543,-0.3656858801841736,-0.4323137104511261,-0.3775394260883331,-0.4495018720626831
D,0.0,0.0,1.070518479221571,1.3600025743864637,1.0979863559284087,1.241058631170388,1.0464540539105893,1.1580646472172595,0.9769518917147424,1.1016581482941492,1.0834823416856911,0.9501659564756787,1.1018275779673707,0.7547724992541223,1.1089401674393164,0.6357712786896428,1.1084604124108328,0.5299169973522462,1.0051898443108793,0.9634298913910081,0.993622331285049,0.7934397289303072,0.9921565252387854,0.9073288258191708,1.0,1.0,-0.3610339760780334,-0.4415195286273956,-0.3537522852420807,-0.3769367933273315,-0.3594008088111877,-0.4242734611034393,-0.3669073581695556,-0.466770589351654,-0.3421133756637573,-0.4819951355457306,-0.3377883732318878,-0.4389503002166748,-0.3474636971950531,-0.4631439745426178,-0.3588357269763946,-0.4926158785820007
D,0.0,0.0,1.0878286030769309,1.3217529545255804,1.115763600943468,1.2141460509281083,1.052276716282986,1.138609426754853,0.9750110468770311,1.0888563837161438,1.0921825908809255,0.930549986456425,1.1025094044744834,0.7335254939139225,1.1053090800742806,0.6171701872852491,1.0999637991388338,0.5112558306690527,1.0109578377790227,0.9484880917849153,0.9970500805465207,0.7847722626515122,0.993691814113876,0.9114948027863508,1.0,1.0,-0.3554046154022217,-0.4468327164649963,-0.3465050458908081,-0.3798124492168426,-0.3516585230827331,-0.4348945617675781,-0.3600537478923797,-0.4787643551826477,-0.3373081982135772,-0.488650381565094,-0.3309841454029083,-0.4457823038101196,-0.3405781388282776,-0.4735491275787353,-0.3526167571544647,-0.5035854578018188
D,0.0,0.0,1.0949114586318303,1.270619861797166,1.1306082475675419,1.1713370854449352,1.0664527988564245,1.1167478312292805,0.9839026028372456,1.0851021762518716,1.0847018994385536,0.8982912565180173,1.087215469845286,0.7102278163484038,1.083813414939707,0.5967662847377373,1.0709214298671936,0.4933709740460004,1.0036008291364182,0.9272535571096899,0.9789060912539497,0.7790028234987567,0.9873111309306439,0.9076131155283271,1.0,1.0,-0.3540880382061004,-0.4606346189975738,-0.3411768078804016,-0.3973697125911712,-0.3509036302566528,-0.4558094441890716,-0.362281858921051,-0.5015386343002319,-0.3374231159687042,-0.5024577975273132,-0.3293139338493347,-0.4642062783241272,-0.341723620891571,-0.496048629283905,-0.3557090759277344,-0.526006817817688
D,0.0,0.0,1.0931809665768102,1.2180029793480844,1.1370311228526468,1.129252799642943,1.092729540112069,1.0905040300356226,1.0158191460415442,1.0700250985436832,1.0715310806803293,0.8617150298285088,1.0645800344018101,0.687434723099001,1.0535837018844436,0.5811780741584516,1.038995018583617,0.4866377214399954,0.9931695141320153,0.8953373903035207,0.9625069830527643,0.7789150437917705,0.9770851828396313,0.9057079861653536,1.0,1.0,-0.3490270376205444,-0.4748367369174957,-0.3341735899448395,-0.4286356270313263,-0.3471230566501617,-0.4898757636547088,-0.3620767295360565,-0.5331124067306519,-0.332804262638092,-0.5148305892944336,-0.3226487338542938,-0.4948188066482544,-0.3372649848461151,-0.5326915979385376,-0.3537646234035492,-0.5594314932823181
D,0.0,0.0,1.0905281540057532,1.3151475950999627,1.1216624357175304,1.209227418679616,1.0665528020781958,1.1433104828246774,0.9942348694951629,1.0930778704997528,1.0938338539401118,0.9195161747134402,1.0984480103881156,0.7380610799614733,1.0962625038485772,0.6225720383299921,1.0886296154986281,0.5224394151901371,1.01419425970082,0.9396689300615799,0.9926902688328937,0.7913498559553022,0.9912812780639904,0.9067475773055534,1.0,1.0,-0.3551734983921051,-0.4556122720241546,-0.3440052270889282,-0.3963428139686584,-0.3506933152675628,-0.4477190673351288,-0.3599157035350799,-0.4915255308151245,-0.3377285599708557,-0.4967156648635864,-0.3300369381904602,-0.4629743993282318,-0.3412811458110809,-0.4918549060821533,-0.3546271324157715,-0.5205671191215515
D,0.0,0.0,1.0656685449580403,1.3507343715756392,1.094858460609468,1.237095838274743,1.0375670523073834,1.1537779273721749,0.9650331288463788,1.0985507810734134,1.081370451481964,0.9542446627890846,1.0973997729147567,0.7567515382064082,1.1036159099302028,0.640331173429484,1.1020354842127376,0.5346607537954169,1.0023912694665273,0.962997147698065,0.993082795475688,0.7931064799877707,0.9920435191598581,0.9103416341829964,1.0,1.0,-0.3646779656410217,-0.447758138179779,-0.3578572571277618,-0.3792173564434051,-0.3629208505153656,-0.4284529983997345,-0.3700425028800964,-0.4717157781124115,-0.3447947204113006,-0.4873714745044708,-0.3410113453865051,-0.4437447190284729,-0.3500162363052368,-0.4680870175361633,-0.3606361150741577,-0.4976537227630615
D,0.0,0.0,1.0625148106683922,1.339206201617937,1.0945232377646852,1.2270378765148973,1.0453086612901636,1.1472841350897016,0.9757439536539804,1.0943236883598528,1.0760657115445815,0.9498348495095658,1.0904992511229392,0.7561725882862803,1.097470283280442,0.6424430984192622,1.0970633920311774,0.5404095375687246,0.9978480743177421,0.9611145933488929,0.9916596700485975,0.7934658035998088,0.9922260217301149,0.9110885343277682,1.0,1.0,-0.3695087730884552,-0.4560977816581726,-0.3640856146812439,-0.3874813616275787,-0.3704200088977813,-0.4378912150859833,-0.3778620064258575,-0.4824913740158081,-0.3497650325298309,-0.4956359267234802,-0.3477555811405182,-0.4519942104816437,-0.3580532073974609,-0.4766588509082794,-0.368947684764862,-0.5064489841461182
D,0.0,0.0,1.0361576364153362,1.3898185927890085,1.0713717088860502,1.2703093223155786,1.0463945569280086,1.1839202707652299,0.9991727638759967,1.1061778173403243,1.04584415065183,0.9711002566896901,1.0585199789959239,0.7723724526344289,1.0636170028328609,0.6545217483211253,1.0636605263555534,0.551530159825901,0.9755112224535686,0.9929681058055349,0.9650344887768236,0.8047759818631731,0.98276352824232,0.907680187506247,1.0,1.0,-0.3764951229095459,-0.4604259133338928,-0.3712429106235504,-0.3881720006465912,-0.3852519690990448,-0.4294033050537109,-0.3964908421039581,-0.4711760282516479,-0.3562293350696563,-0.5026368498802185,-0.3576664924621582,-0.4578042030334472,-0.3737175166606903,-0.4746984839439392,-0.3872002065181732,-0.4980019330978393
D,0.0,0.0,1.0030949176563844,1.3663690572592668,1.047350018216574,1.2504459026721115,1.0412667065497037,1.154554239612838,1.005339320640618,1.085327628471835,1.0081614888167238,0.972193324462271,1.0203652730595838,0.771063778671237,1.0305855535259103,0.6529701556990762,1.0367981233290071,0.5546907282537126,0.9518196898590456,0.9946911321593755,0.951183639359109,0.8284432334851433,0.9801902728712032,0.9053917865258908,1.0,1.0,-0.4163050055503845,-0.4776706397533417,-0.4147568643093109,-0.4121441543102264,-0.4345708191394806,-0.4468137919902801,-0.4483440220355987,-0.4877356588840484,-0.3950123190879822,-0.5159285664558411,-0.4000936150550842,-0.4733891785144806,-0.4202518165111542,-0.4914611279964447,-0.435952365398407,-0.5170274376869202
D,0.0,0.0,1.0185896688938252,1.2703610763761026,1.0615132365458255,1.1804944891698341,1.0370700026060347,1.1138582490693114,0.9933172482263443,1.0712231045854115,1.032938046667508,0.9469261360950159,1.0442547419682995,0.7886597390385204,1.0508881685893396,0.6953225064203742,1.0542504102253327,0.6152372036012215,0.9686447262474192,0.9658274746470583,0.9599191470699987,0.8352398190280762,0.9822435498626894,0.9185266341972049,1.0,1.0,-0.4043875336647033,-0.5572359561920166,-0.4002592861652374,-0.4946670532226562,-0.4175286889076233,-0.5411174297332764,-0.4296927750110626,-0.5848013162612915,-0.3836857974529266,-0.5963838696479797,-0.3868817090988159,-0.5536004900932312,-0.4048368036746979,-0.5812387466430664,-0.4180686771869659,-0.6112852096557617
D,0.0,0.0,1.0121249765096956,1.2607627574067444,1.0569050444446095,1.1751200763588663,1.0336427201828366,1.1096622236842695,0.9891879810414744,1.0675882842099003,1.0290522033001075,0.9483912023135995,1.0416944433828907,0.8003455857452338,1.0513604446361893,0.7128321624744672,1.0576461442256344,0.6351747454904112,0.9664050990716949,0.9611889999648956,0.9661289708316361,0.8366691725869336,0.9872471244479986,0.9214138265339977,1.0,1.0,-0.4123993813991546,-0.5737531185150146,-0.4100741147994995,-0.5111624002456665,-0.4268057346343994,-0.5589866638183594,-0.4358145594596863,-0.6018240451812744,-0.3895359635353088,-0.6106204986572266,-0.3905809819698334,-0.5588288903236389,-0.4065271019935608,-0.5922264456748962,-0.4150407612323761,-0.6270366907119751
D,0.0,0.0,0.9897656574042397,1.2812074178088178,1.0388424781014045,1.1931737907354933,1.0392636754346258,1.1190812292260153,0.9948354667099369,1.0802254360465593,0.9960592876120558,0.9597951384760963,1.0063174409627902,0.796995400043332,1.0197498209814015,0.707529091917872,1.030272552693947,0.6265028550267205,0.9430789953262798,0.9756874588703677,0.9394909027020537,0.8354913140669386,0.9760563719299618,0.9158675701578425,1.0,1.0,-0.4106992483139038,-0.555439293384552,-0.4079054892063141,-0.4881455302238464,-0.4307351112365722,-0.5293863415718079,-0.4450328648090362,-0.5726717114448547,-0.3903927206993103,-0.5914772748947144,-0.3931992352008819,-0.5366075038909912,-0.4136319756507873,-0.5601487755775452,-0.4272090494632721,-0.5921669602394104
D,0.0,0.0,1.0266982348765072,1.2795036566165567,1.0719350398450287,1.1876965440935578,1.0402846693409384,1.1178159435064676,0.9794367365784481,1.077861486915806,1.0521617685603541,0.9557053615626616,1.0660930000850535,0.801116667985407,1.075509028704737,0.7145683326608846,1.0823232489797903,0.6353745909452448,0.983907156135926,0.9615156665273815,0.9803305983089947,0.8276487991506003,0.9904936409382284,0.9190839396814664,1.0,1.0,-0.3969364464282989,-0.5463618040084839,-0.3910999000072479,-0.479482501745224,-0.4030472636222839,-0.5312212109565735,-0.4116363823413849,-0.5776374340057373,-0.3751180171966553,-0.5811384320259094,-0.3728872835636139,-0.5305538773536682,-0.385994404554367,-0.5620790123939514,-0.3959521353244781,-0.5968034863471985
D,0.0,0.0,1.0538074546990248,1.2587332236373674,1.0881131288772434,1.1753362322718615,1.0461719482557565,1.1084370133147452,0.976930879951861,1.0679874241794896,1.0716634754844347,0.954358670934383,1.0879125975335933,0.8008288442625482,1.096842683375608,0.7144617845683028,1.0966902452021694,0.6356125438309366,0.9964362388335459,0.9574432107026867,0.9946289518880791,0.8153116610069591,0.9956861428261236,0.9246541127322486,1.0,1.0,-0.3892577290534973,-0.54830002784729,-0.3830934762954712,-0.479609876871109,-0.3899720013141632,-0.5373796820640564,-0.396866500377655,-0.5822015404701233,-0.3679835498332977,-0.5878087878227234,-0.3647334575653076,-0.5377104878425598,-0.3742686510086059,-0.5671088099479675,-0.3836992084980011,-0.5995763540267944
D,0.0,0.0,1.0152713010953125,1.2466003436725464,0.9744121025238088,1.1777793573319164,0.9635206188696026,1.1067660717114298,0.992415119935996,1.0485308283385792,0.995759577589576,0.9290452445940756,0.978813575217388,0.7865986795161756,0.9669053177797466,0.7015882358276203,0.9606489107237492,0.6196195704789206,1.037483622149606,0.9352903657579473,1.0299863009213883,0.8127757643149613,1.0118507942873785,0.9142745385551706,1.0,1.0,-0.7537753582000732,-0.5493927001953125,-0.7498654723167419,-0.494642972946167,-0.7338312864303589,-0.5520237684249878,-0.7245392799377441,-0.5979599356651306,-0.7807266712188721,-0.5835457444190979,-0.778060257434845,-0.5297967791557312,-0.7609255909919739,-0.5616900324821472,-0.7484948039054871,-0.5961316823959351
D,0.0,0.0,1.012976218093394,1.2568240901902172,0.9732282033847921,1.1764994615531568,0.9628043262639704,1.1004378816383795,0.9938888018639214,1.0563890285333362,1.002212972007941,0.931936142049041,0.9896279401394736,0.7845815073246369,0.9773832999447226,0.7003910126977618,0.9732599925921772,0.619701641716898,1.04026721002064,0.946749632077226,1.0342090223054556,0.8136614533760586,1.0104569447145628,0.917211280010805,1.0,1.0,-0.7531644105911255,-0.5552106499671936,-0.7512518167495728,-0.4928660094738006,-0.7306401133537292,-0.5463325381278992,-0.7214174866676331,-0.5900022983551025,-0.7774460911750793,-0.5900446176528931,-0.7748232483863831,-0.5286563038825989,-0.7550371885299683,-0.5558444857597351,-0.7432803511619568,-0.589591920375824
D,0.0,0.0,1.0108548794448289,1.2717625192067046,0.973389325193044,1.1879197392443004,0.9650434344241634,1.1081494517603936,0.9943957890896553,1.0477376961020208,1.0016552823719713,0.9378791969523639,0.9893679583652059,0.7837338823760841,0.9777010599618144,0.6952456818883445,0.9745596026715946,0.610201430829349,1.0383021645332993,0.9525140291732871,1.0351603703756418,0.809268154970353,1.0111847568831913,0.9140681092901369,1.0,1.0,-0.7597514390945435,-0.5385473370552063,-0.7600417137145996,-0.4746624827384949,-0.7384374141693115,-0.5254149436950684,-0.7281658053398132,-0.5685203075408936,-0.7833340167999268,-0.5728899240493774,-0.78220534324646,-0.5102404356002808,-0.761728823184967,-0.5352388024330139,-0.7484790086746216,-0.5689713358879089
D,0.0,0.0,1.0054525703431774,1.2839580690062946,0.9687614842579099,1.2029968947055458,0.9681367322886945,1.123219830882954,1.0000038359037084,1.0620384751917993,0.9884662714407212,0.9444913778526324,0.9725930517274117,0.7919332333696532,0.9608928783028694,0.704046961279565,0.9561630422518956,0.6175473213055899,1.0272968745139972,0.9528470051769838,1.0262352464680708,0.8124169784465912,1.0091115221457978,0.9143454973230414,1.0,1.0,-0.7609412670135498,-0.5277205109596252,-0.7635342478752136,-0.4632602334022522,-0.745568037033081,-0.5118597149848938,-0.7362318634986877,-0.5555643439292908,-0.7857118844985962,-0.5612521767616272,-0.7862597703933716,-0.4988268911838531,-0.7683033347129822,-0.5220995545387268,-0.7558553218841553,-0.5557666420936584
D,0.0,0.0,1.0147918269998848,1.289060395056831,0.974467821048859,1.1969051877647703,0.9632756923211699,1.1111720455209662,0.9980951013034295,1.0740231308433772,1.0090856197635447,0.9588213327529267,0.9982306682917728,0.799824868728339,0.9855429733770883,0.7120016481910708,0.9819792678431878,0.6277672254835966,1.0448694473773432,0.9783316190273917,1.0447805690825434,0.8265968935372128,1.0154313772128956,0.916990530800022,1.0,1.0,-0.75715571641922,-0.5560505986213684,-0.7563637495040894,-0.490153044462204,-0.7318561673164368,-0.5347949862480164,-0.720126211643219,-0.5757745504379272,-0.7792871594429016,-0.5907938480377197,-0.7757765650749207,-0.5255069136619568,-0.7543479800224304,-0.5449336767196655,-0.7415304780006409,-0.5758185386657715
D,0.0,0.0,0.9893912711722362,1.2562978021836386,0.9539467214876047,1.1834501743166546,0.961351465292226,1.1099553717033137,0.9912834093417837,1.0510497993594445,0.9750953858908924,0.9255383128542121,0.9611921077467434,0.7729141366776264,0.9540467549696853,0.6816148195043286,0.951174191555863,0.5934679806334731,1.0183109022817751,0.9259364482045024,1.0175129814890307,0.811103781925376,1.0075678242790487,0.9109586946316063,1.0,1.0,-0.7802335619926453,-0.5229066610336304,-0.7826544642448425,-0.4720136821269989,-0.7700321674346924,-0.5257329344749451,-0.7613866925239563,-0.5723953247070312,-0.8088400363922119,-0.5530831813812256,-0.8143952488899231,-0.4987689554691314,-0.7999577522277832,-0.5261877775192261,-0.787198007106781,-0.5600172281265259
D,0.0,0.0,0.9913070917800673,1.2944792408713504,0.9593681580178691,1.2066062951613268,0.9753227142502204,1.1211224994995879,1.010748308735355,1.0623894875086504,0.974883660473507,0.9530724379477417,0.9605931002269498,0.7876090332130341,0.953688335350863,0.6910248717535041,0.9517466285321422,0.5988148669319813,1.0163314552939042,0.9510878936324926,1.0167237512210119,0.8145336320859163,1.006226735538737,0.9109093655421531,1.0,1.0,-0.7763827443122864,-0.5063401460647583,-0.779969334602356,-0.444414347410202,-0.766750156879425,-0.4917467534542084,-0.7593973875045776,-0.5377474427223206,-0.8036307096481323,-0.5334227085113525,-0.8097270727157593,-0.469056487083435,-0.7954533100128174,-0.4883797764778137,-0.7833234667778015,-0.5221989154815674
D,0.0,0.0,1.0325173166805586,1.302382009653255,0.9893672490113619,1.2214769271437798,0.9715244229615867,1.1451159236968511,0.9999841150001783,1.0818682051276105,1.01702303370102,0.9758665147065473,0.9980391050788225,0.8078203423276564,0.9815903682747672,0.718855962908127,0.9727508171523701,0.6347376890854219,1.0535333519560888,0.9852420907888284,1.0430412193181453,0.8301172628164177,1.014715015431465,0.9137526420075431,1.0,1.0,-0.719886302947998,-0.5237806439399719,-0.7153735756874084,-0.4555086493492126,-0.6938815712928772,-0.4987832009792328,-0.6830897927284241,-0.5424537658691406,-0.7445492744445801,-0.5508800148963928,-0.7422615885734558,-0.4838558435440063,-0.7221853137016296,-0.4993697702884674,-0.707643449306488,-0.5283487439155579
D,0.0,0.0,1.041775672191288,1.2834723243695163,0.9953113300729873,1.1966098074994895,0.972208347909787,1.1178520002014096,0.9997842715483494,1.0668246252772902,1.028223752410285,0.9553995970230577,1.0165200013456601,0.7829084788155491,0.9991108899391493,0.694779491949867,0.9876088040738944,0.6158537306569883,1.0633630401920398,0.9727666708983714,1.0515479780260304,0.8143639190211672,1.0173353023112082,0.9089082190557155,1.0,1.0,-0.7117893695831299,-0.5358049273490906,-0.7049602270126343,-0.4697655141353607,-0.6798608899116516,-0.5178532004356384,-0.6680784225463867,-0.5606528520584106,-0.7332007884979248,-0.5658262372016907,-0.7272992730140686,-0.4998262822628021,-0.7054133415222168,-0.5211824178695679,-0.6926015615463257,-0.5526683926582336
D,0.0,0.0,1.0305491304600138,1.3055728503397162,0.988221197128983,1.209419547512638,0.9725610969459987,1.12059039684292,1.0032298852529462,1.0738001867022817,1.02120810419367,0.9651111011121098,1.0075806971643106,0.7914799556648934,0.9930962243697713,0.6969888705302575,0.9861118878887499,0.6062831049782352,1.0566293690674033,0.9797858562731931,1.0491280931553433,0.8157303241455302,1.0175333372021242,0.9104554556701836,1.0,1.0,-0.7421521544456482,-0.5235111117362976,-0.7387871146202087,-0.4530197381973266,-0.7136470079421997,-0.4985184371471405,-0.7005887031555176,-0.541526734828949,-0.7654940485954285,-0.5548781752586365,-0.7651025056838989,-0.4852790534496307,-0.7427532076835632,-0.5017605423927307,-0.7269548177719116,-0.5310536026954651
D,0.0,0.0,1.0181725915946407,1.3210939441316512,0.9803772553626239,1.2249090468326516,0.97584981897643,1.1350553577187845,1.0050180354255274,1.0674110197222209,1.0007492848545454,0.965107600987522,0.9833381474740365,0.7939202536949393,0.970825177327127,0.6977085354135575,0.9648001273958101,0.6049371845917705,1.0392946882570808,0.9704105703797445,1.0351152086310662,0.8111788883673698,1.0135059898891745,0.9076434641908029,1.0,1.0,-0.7382078170776367,-0.4938312470912933,-0.7367504835128784,-0.4289343357086181,-0.7181257605552673,-0.4756349623203277,-0.7080078125,-0.52039635181427,-0.7632288336753845,-0.5222623944282532,-0.7633046507835388,-0.4563688337802887,-0.7446612119674683,-0.473412424325943,-0.7302122116088867,-0.5034117698669434
D,0.0,0.0,1.001015374071181,1.3182787229275577,0.966031199381887,1.2225826968166569,0.9767317913144905,1.130444218667197,1.0088461677631928,1.0604476163116474,0.9814813853053423,0.9616824192986206,0.96455930713448,0.7925255606067569,0.9551004752914433,0.693872357083338,0.9513169595821351,0.5985889064436904,1.0226283850946218,0.960626628902584,1.0236376291194231,0.8103291687013168,1.008947398667992,0.9075057670543961,1.0,1.0,-0.7431117296218872,-0.4842837750911712,-0.7447905540466309,-0.4207698702812195,-0.7307386994361877,-0.4666370451450348,-0.723777711391449,-0.510566234588623,-0.7692815661430359,-0.510303795337677,-0.7725317478179932,-0.4450159072875976,-0.7580471038818359,-0.4637435674667358,-0.7471034526824951,-0.4957408308982849
D,0.0,0.0,0.9957075061722542,1.3507626716655687,0.9625737970593179,1.2446809967154748,0.9753856793018372,1.1468977942602725,1.0062364346862747,1.071673521355966,0.9767893027501773,0.9670051245252362,0.9619955055339553,0.7822379750988179,0.9538717155937407,0.673038100534293,0.9509302656702482,0.5698260863470088,1.0181035543271044,0.9642256033143056,1.0212102542462989,0.8024260903168177,1.00786948855794,0.9019645247146472,1.0,1.0,-0.7547613382339478,-0.453660637140274,-0.75837641954422,-0.3865382671356201,-0.7457457780838013,-0.4310765564441681,-0.7398667335510254,-0.4750067889690399,-0.7812387943267822,-0.4798719584941864,-0.7862933874130249,-0.4132179319858551,-0.7724394798278809,-0.4307421147823334,-0.7620106935501099,-0.462236076593399
D,0.0,0.0,0.9953539756407851,1.4063713958722575,0.9637767298774617,1.287630024415134,0.9755647424385194,1.1723450073334496,1.0057571377613193,1.0831300223734244,0.9767914868523333,0.9802020253016069,0.9608836452635203,0.7707539587819681,0.9526881942139133,0.6464209017599907,0.9497897486757486,0.5310584110822508,1.0170959048724615,0.9753014027286891,1.0184319296646742,0.7842460950449195,1.0068959630178704,0.8873176057354962,1.0,1.0,-0.7627899050712585,-0.4055532217025757,-0.7655972242355347,-0.3375558853149414,-0.7539074420928955,-0.3770447373390198,-0.7485986351966858,-0.4212266504764557,-0.7894673347473145,-0.4306572377681732,-0.7946999669075012,-0.3637304902076721,-0.7812126278877258,-0.3771909475326538,-0.770616352558136,-0.4080566465854645
D,0.0,0.0,0.973095718050353,1.4078161273967689,0.9461434998795369,1.2919996207792437,0.9642013701043578,1.1789764322688516,0.9935833165764075,1.0948553758049493,0.956030890225431,1.0054958083595902,0.9392433298615889,0.8095063643497198,0.9317703375643793,0.6828407018997268,0.9291873067376538,0.5750009563681354,0.9968841456240144,0.9857835605488054,0.9989944288150229,0.7996493003471056,1.000592821644262,0.8886746270724715,1.0,1.0,-0.7935112118721008,-0.4153949022293091,-0.7988911271095276,-0.3494080901145935,-0.7960039973258972,-0.3827846050262451,-0.7922558784484863,-0.4279145002365112,-0.8224650025367737,-0.4368781149387359,-0.8320257663726807,-0.3712175190448761,-0.8271891474723816,-0.3808710873126983,-0.818964421749115,-0.4128738343715668
D,0.0,0.0,0.9841195038743941,1.3537162788423904,0.9558320817775315,1.2499332491442472,0.9664726853763019,1.1616750019111515,0.9947211450595896,1.0873811190061622,0.9808334896299249,0.9768445234933814,0.9698206135775651,0.7906872959456361,0.9647719050396067,0.6773768570567089,0.9658783113910796,0.5762111039695844,1.019687928418948,0.9818984934221946,1.0232287757773042,0.8179648879671617,1.0091314016073651,0.9035552663948075,1.0,1.0,-0.7980198860168457,-0.4649525880813598,-0.8051202893257141,-0.3988416194915771,-0.7908899784088135,-0.4363072216510772,-0.7816926836967468,-0.4812661707401275,-0.824186384677887,-0.4957826435565948,-0.8350871801376343,-0.4348489940166473,-0.8207497596740723,-0.4461232721805572,-0.8064431548118591,-0.4752328097820282
D,0.0,0.0,0.9757919384822867,1.3395913290459556,0.9514216382246226,1.2341714372254442,0.9688507032407536,1.1444714079752074,1.0006805830077732,1.0755764834891004,0.973344747269471,0.9659711356285198,0.9649579787744093,0.7779364751759439,0.9609037115398297,0.6633119382584145,0.9620079866620888,0.5600170496801257,1.012760486747152,0.973666228076451,1.0211121473356657,0.8141194166233989,1.0091930903928064,0.9049647589200971,1.0,1.0,-0.8085081577301025,-0.4640744030475616,-0.8187476992607117,-0.3990452289581299,-0.8050178289413452,-0.4396728575229645,-0.7953041791915894,-0.4841465651988983,-0.8345218300819397,-0.4952743649482727,-0.8470408320426941,-0.4313977658748626,-0.8332434892654419,-0.4455995559692383,-0.8191360235214233,-0.4760197401046753
D,0.0,0.0,0.9887178416933721,1.3163599119236589,0.9591410656370258,1.2230253388967467,0.9688056138937143,1.130485331705926,1.0027767926620716,1.070514065513363,0.9817253348660375,0.9596270205440763,0.9691954944419092,0.7777611531252037,0.9625454002462539,0.6711382354243466,0.9613914471503481,0.5701437914259555,1.0210035876090395,0.9639349130113808,1.0253646823253937,0.8107053264810147,1.0104097945459847,0.9091428063565524,1.0,1.0,-0.7837142944335938,-0.4663234353065491,-0.7910069227218628,-0.4053930938243866,-0.7753535509109497,-0.4480039477348327,-0.7658048868179321,-0.4923696219921112,-0.8089587092399597,-0.4964748620986938,-0.8174489736557007,-0.4346171617507934,-0.8021834492683411,-0.451034814119339,-0.7889497876167297,-0.4829866588115692
D,0.0,0.0,0.9920383376508387,1.3101908152945452,0.9611472707008489,1.2200234646029577,0.9698976418375053,1.1358332675241936,0.9992103110441692,1.0704398855376809,0.9801633532212212,0.9485360002276728,0.9684567943839621,0.7783131554913713,0.9622394232689513,0.6768002269830121,0.9612463493834537,0.5814947738097774,1.0217272281370389,0.9536136732871277,1.0242690496737061,0.8165006079286111,1.0101053721801272,0.9083046042045325,1.0,1.0,-0.7744605541229248,-0.4798779487609863,-0.7790324687957764,-0.4251962900161743,-0.764419436454773,-0.4687517285346985,-0.7553926706314087,-0.5120006203651428,-0.8022364377975464,-0.5095688700675964,-0.8090049028396606,-0.452084869146347,-0.794662356376648,-0.4720325469970703,-0.7827675342559814,-0.503837525844574
D,0.0,0.0,0.9713516468051313,1.313030124484139,0.944581386571372,1.217810526076345,0.9632539587075145,1.1326531091611691,0.9945658610132206,1.0611160822568997,0.9633597602162935,0.9559738144929929,0.9534682485876932,0.7787467322511757,0.9489217269439653,0.6721640959428116,0.949488841619866,0.5750173509334147,1.004334066637446,0.9575314424627719,1.0112269652262351,0.8076500370507641,1.0044263912336866,0.9041244411169772,1.0,1.0,-0.8012607097625732,-0.479857474565506,-0.8098830580711365,-0.420671135187149,-0.7987797260284424,-0.4664897620677948,-0.7916530966758728,-0.5118744373321533,-0.8272610902786255,-0.5092324018478394,-0.8393557667732239,-0.4481102526187897,-0.8271501064300537,-0.467288076877594,-0.814914882183075,-0.5000678896903992
E,0.0,0.0,1.0262909436833676,1.5722060441495422,1.0747929054148853,1.359176691269751,1.0115721802207065,1.2296693439420472,0.9302375563059035,1.2610148387603415,1.0386857389188717,1.093759770597898,1.0370176068911217,0.8598984303086681,1.0566973695576463,0.8897008689203708,1.058062823826001,1.0014822568775699,0.9765751760496543,1.0782169200241902,0.9696082231515679,0.8189716574739052,0.9947053056158175,0.8710624338675742,1.0,1.0,-0.3991549611091614,-0.4048070311546325,-0.3928998410701751,-0.3153361976146698,-0.4048498868942261,-0.3267642855644226,-0.408787190914154,-0.3716413378715515,-0.3736748695373535,-0.423406720161438,-0.3703021705150604,-0.3543368577957153,-0.3809621632099151,-0.3506224751472473,-0.3883101642131805,-0.3765436708927154
E,0.0,0.0,1.0260029127389714,1.4677309869518858,1.0728611933562144,1.274414773867519,1.014430034382317,1.1262957714392818,0.938960088486949,1.136238689214305,1.0354733386563633,1.0347255339763626,1.0409992327764925,0.8134426682310307,1.056644524980097,0.8883716815195951,1.053098360557626,1.0067326784254962,0.9747703643565279,1.0218492797442105,0.9749477069730387,0.7715303751606469,0.9983587209125949,0.8751131733641768,1.0,1.0,-0.3984186351299286,-0.4032812118530273,-0.3927413821220398,-0.3097744882106781,-0.4067099094390869,-0.3396953642368316,-0.4098333120346069,-0.3882458806037903,-0.3729102313518524,-0.4216938614845276,-0.3703160583972931,-0.3505899012088775,-0.3833959698677063,-0.3593198955059051,-0.3894213438034057,-0.3935627043247223
E,0.0,0.0,1.0308974195174676,1.4121284826778988,1.0758739904073593,1.232034299493578,1.0213996001339793,1.081155888519844,0.9448405197567654,1.0956270926940808,1.0363067987582746,1.0053133258496483,1.0445878237688926,0.7980033025861341,1.059376167570797,0.8990684240252146,1.0567334606366778,1.0066632157974535,0.9758496117017786,0.9903711226185433,0.9815806102963773,0.7701044685279747,0.9984662133930945,0.8972166993955085,1.0,1.0,-0.3973747789859772,-0.3990258276462555,-0.394039511680603,-0.3154638409614563,-0.4054019153118133,-0.3530498147010803,-0.4080661535263061,-0.3977697193622589,-0.3728165030479431,-0.4204332828521728,-0.371069461107254,-0.352065771818161,-0.3829688131809234,-0.3647837042808532,-0.388088047504425,-0.3991740942001343
E,0.0,0.0,1.040737703091694,1.4400255194407494,1.082942225211929,1.2614197925771147,1.0190321484262128,1.1210735245538372,0.9395720357251106,1.1501379198205972,1.0392364364156195,1.0200947196882468,1.0389999006181831,0.8049374996789753,1.05715798419723,0.8874313457817525,1.0566259201217763,0.997657804753126,0.9768065474580006,1.0053706739400037,0.9754507106860918,0.7832659073135568,0.9960472915979216,0.8935829047958808,1.0,1.0,-0.3883152306079864,-0.4009520411491394,-0.3828038573265075,-0.3182131648063659,-0.394386738538742,-0.3506785631179809,-0.3981053829193115,-0.3934945166110992,-0.3638941049575805,-0.4250049591064453,-0.3611533343791961,-0.3571019470691681,-0.3717844486236572,-0.3668268024921417,-0.3775175809860229,-0.4001583158969879
E,0.0,0.0,1.0415303033499954,1.4283669541681157,1.0888345614823376,1.2492360281099715,1.028464206479138,1.1056574520637248,0.9468083584842257,1.1313824246323718,1.0411251607436214,1.0083019209868356,1.037182277779422,0.7911953794251496,1.0539192980284806,0.8699566738834769,1.055336447498347,0.9823077052005651,0.9773598069929511,0.9973032819737994,0.975180448477713,0.7777101821004078,0.9943921522701792,0.8901273379598573,1.0,1.0,-0.3880768120288849,-0.3985167145729065,-0.3821747601032257,-0.3148055076599121,-0.3937145471572876,-0.347468763589859,-0.398248940706253,-0.392498105764389,-0.3637737333774566,-0.4214638173580169,-0.3608978390693664,-0.3528430163860321,-0.3714674711227417,-0.3623585999011993,-0.3775608539581299,-0.3970036804676056
E,0.0,0.0,1.0437303438983836,1.4285825627344624,1.094688253744275,1.2449899071892696,1.038831602416981,1.096127071606201,0.9593713286459703,1.1090982395149906,1.0421312750338596,1.000386846152602,1.0402307700703035,0.7753437370277922,1.0536342906270697,0.8691816159125233,1.0538013091804228,0.9872460912981565,0.9784276386132531,0.993993680152243,0.9748018855070918,0.7635525153471564,0.9935321853976357,0.8855513770660226,1.0,1.0,-0.3904677629470825,-0.3955090045928955,-0.384089857339859,-0.3080981969833374,-0.3958343863487243,-0.3418235778808594,-0.4004780054092407,-0.3888250291347503,-0.366288959980011,-0.4182406961917877,-0.3623228073120117,-0.3485734760761261,-0.373447448015213,-0.3573550879955292,-0.3798733651638031,-0.39173424243927
E,0.0,0.0,1.042226586937412,1.4483032241718117,1.0953502513394702,1.2671774008678383,1.0447945795171474,1.1205599965439041,0.9652709141058347,1.1356252284117565,1.0386378453420861,1.010405807175525,1.0363774651922761,0.7806569151306564,1.0532660814577899,0.8690261009203413,1.0550324174019623,0.9852375657407468,0.9754922114270903,1.0067140893906803,0.9715756723073258,0.7644494590703648,0.9938083624323432,0.8846747436047627,1.0,1.0,-0.391233742237091,-0.396807312965393,-0.3847912847995758,-0.3085164427757263,-0.397693783044815,-0.3418567478656769,-0.4021518528461456,-0.3883245885372162,-0.3668547570705414,-0.4197747707366943,-0.361466497182846,-0.3496814370155334,-0.3731337487697601,-0.3589311838150024,-0.3797877728939056,-0.3932036459445953
E,0.0,0.0,1.044648892551532,1.4765516888234396,1.0915188054521296,1.296517135069571,1.032905859094144,1.1542773745678598,0.9523547828321989,1.1817805519564262,1.0432187134884452,1.0261425718069206,1.0347568031227017,0.805506564594958,1.0524855257906427,0.8648272240966933,1.0564291867326796,0.9751753885196752,0.9783204454582798,1.0148300856091603,0.9726862725096075,0.787406665944815,0.9928860841953157,0.8894765778466937,1.0,1.0,-0.3913300335407257,-0.3930773735046386,-0.3840813338756561,-0.3091057240962982,-0.3956067860126495,-0.3395110964775085,-0.4003651142120361,-0.3841987252235412,-0.3669774234294891,-0.4193662703037262,-0.3631803691387176,-0.3508519530296325,-0.373506635427475,-0.3598971664905548,-0.3800918459892273,-0.3950805068016052
E,0.0,0.0,1.0473063261964919,1.4280996680689695,1.1030880232126599,1.2569082667507332,1.05009228001859,1.115749660646814,0.9689055065983558,1.1401043539740667,1.0456457316590677,0.9903317626930332,1.0380313763208135,0.7686576917249854,1.052642100640945,0.8723320412151521,1.0543704006267909,0.979278030879227,0.981692850750444,0.9872462885397331,0.975482129662342,0.7606586742041077,0.9961345204169543,0.892308351531642,1.0,1.0,-0.3957631289958954,-0.3968929946422577,-0.3890691697597503,-0.3126814067363739,-0.4011947214603424,-0.355234146118164,-0.4042855501174927,-0.3998861014842987,-0.370570957660675,-0.4228025376796722,-0.3662230372428894,-0.3513944447040558,-0.3777651786804199,-0.3691790699958801,-0.3826850056648254,-0.4049102962017059
E,0.0,0.0,1.0498028502217156,1.4116480822775737,1.1049561151842409,1.2513889250402026,1.0573460476447845,1.1078247943846076,0.9753570414840794,1.129534073521679,1.0475940978102862,0.9829106690372484,1.0390062023650752,0.767512035731444,1.052506317069391,0.8616842306401367,1.0546732704505575,0.9668360875322336,0.9830783361041971,0.9784898460930438,0.9766716973628006,0.7627661924516512,0.9955418070845609,0.8946279215309997,1.0,1.0,-0.3979757726192474,-0.3969457447528839,-0.391212522983551,-0.316775918006897,-0.4025244116783142,-0.3591392636299133,-0.4058337807655334,-0.4030672609806061,-0.3728021383285522,-0.424655020236969,-0.3682921230792999,-0.355429857969284,-0.3789809644222259,-0.3732788562774658,-0.3841793239116668,-0.4091007113456726
E,0.0,0.0,1.0174074163111482,1.4967083765962994,1.0738537028144335,1.3179980200444965,1.0184328623261902,1.1857298515282835,0.9414289792871694,1.1986849253727971,1.034618604480823,1.0707602949617625,1.037360699046363,0.8380880823720115,1.051805553872307,0.8802762271019409,1.0510938874503462,0.9940150742608047,0.9763458664373124,1.055756117628285,0.976001556579898,0.805400028890917,0.9967671695153524,0.8713799918784249,1.0,1.0,-0.4155920147895813,-0.4094806611537933,-0.4115897417068481,-0.3176009953022003,-0.4231151342391968,-0.3353901505470276,-0.4266325235366821,-0.3820292949676513,-0.3899645209312439,-0.4250701367855072,-0.3860869407653808,-0.3566709756851196,-0.3966236412525177,-0.3564997017383575,-0.4033370912075043,-0.3852991163730621
E,0.0,0.0,0.9855649801396487,1.4659239172708804,1.0414947208032497,1.3037130457796693,1.0110650483273915,1.1800270867917193,0.9401829579154347,1.1987328933296313,1.005665615015225,1.0639999709270207,1.0187176775412694,0.8446934719070807,1.047644314036044,0.8903989909998863,1.047007284497518,0.9841794770064533,0.9559293679839501,1.049516176003065,0.965962788505372,0.8120125078107425,1.0015895734592963,0.8857262084313178,1.0,1.0,-0.4286008775234222,-0.4543809294700622,-0.4274032711982727,-0.3577261567115783,-0.4473237991333008,-0.3818392753601074,-0.4510200321674347,-0.4267140626907348,-0.4040743112564087,-0.4702935814857483,-0.4055882096290588,-0.3934744596481323,-0.4232372343540191,-0.3984405994415283,-0.4313718378543854,-0.4281608462333679
E,0.0,0.0,1.0403435849749851,1.394492232442714,1.1036076625182147,1.2587964739731932,1.0704184923674636,1.1442837803769355,0.9909128858900242,1.1601100166314606,1.0456042397834273,1.0018769152697726,1.0412074824240911,0.7895535000778267,1.0520186056699228,0.8743438755326787,1.0519474874199455,0.9740332734878909,0.980571805602455,0.9992791724178663,0.9752717383037689,0.7805148423966913,0.9949109889526723,0.8935288486144219,1.0,1.0,-0.407157838344574,-0.4514161646366119,-0.4001617133617401,-0.359916090965271,-0.4116686880588531,-0.4037686586380005,-0.4155541062355041,-0.4502722322940826,-0.3814062774181366,-0.4760359227657318,-0.377789705991745,-0.4059159457683563,-0.3880565464496612,-0.4269887208938598,-0.3927119076251983,-0.4638811647891998
E,0.0,0.0,1.0483828238164214,1.381073713328343,1.1091568738496391,1.2505244716563373,1.0755473404197389,1.1282390290272946,0.9925336803929471,1.1433017264378846,1.0466617067273658,0.9885488748040401,1.0356543171892527,0.7744057696381776,1.0489570513728095,0.8715431642625945,1.0508512671669263,0.9701910643224017,0.981401657064442,0.9898345365930499,0.974617794247378,0.7697944111704867,0.9947168478201679,0.9021752861580284,1.0,1.0,-0.4047976732254028,-0.4494618475437164,-0.3968775272369385,-0.3580496311187744,-0.4084571599960327,-0.4087848365306854,-0.4128898680210113,-0.4562865793704986,-0.3794407844543457,-0.4785784780979156,-0.3753199875354767,-0.4053955376148224,-0.3861957788467407,-0.4304900467395782,-0.3919066190719604,-0.4703621566295624
E,0.0,0.0,1.0481105463104512,1.3854363964001255,1.1060499631165432,1.2524943375806812,1.0668403912546072,1.1370932514745982,0.9859843550529511,1.139798236228209,1.0517351402445365,0.9893348124477636,1.0387539184173997,0.7751960979483483,1.0475010661276059,0.8688393871814862,1.0503669460066092,0.9659070886654392,0.9843626620279176,0.9904499352808007,0.9782989820083726,0.7706070669062807,0.9937264191459175,0.898935789240627,1.0,1.0,-0.4029305279254913,-0.4466526508331299,-0.3959594368934631,-0.3545077741146087,-0.4059389233589172,-0.4050121903419494,-0.410195529460907,-0.4522588551044464,-0.3775498867034912,-0.4742048680782318,-0.3742546141147613,-0.4009003937244415,-0.3841250538825989,-0.4264569580554962,-0.3894917964935303,-0.4659729897975921
E,0.0,0.0,1.0502429435120342,1.3750946538513136,1.1076202997398221,1.2389123807650704,1.0616646152306475,1.1237949108249852,0.9765219367606058,1.1199681957550451,1.054206972049685,0.9787654465857539,1.045075938542462,0.7688309171637974,1.0542264707090998,0.8728940292805096,1.055600322489656,0.9707636324271081,0.9858822717070397,0.9760948926723804,0.9817722478306168,0.7640904429428376,0.995004149929735,0.9029983613073511,1.0,1.0,-0.3947890400886535,-0.4345467686653137,-0.3894726037979126,-0.3460118770599365,-0.3984465003013611,-0.393456369638443,-0.4022306799888611,-0.4406315088272095,-0.3696599304676056,-0.4619543552398681,-0.3653251528739929,-0.3904259204864502,-0.3750350773334503,-0.4093171656131744,-0.3809915781021118,-0.4458142817020416
E,0.0,0.0,1.0515429154686111,1.403135973531268,1.1053024998841074,1.2696549502731975,1.0459953161790796,1.1612033283561978,0.9593837891759863,1.1435086450216811,1.06481428235872,1.0061390783596165,1.0596497457032812,0.7898080207366991,1.0623460720063203,0.8805015281550185,1.0593778834212482,0.9805833976521673,0.9904688738854652,0.9948876405922892,0.9868413151925294,0.7771425421959841,0.995227769155125,0.9050337198831686,1.0,1.0,-0.391523152589798,-0.4411739110946655,-0.3864118158817291,-0.3527103364467621,-0.392818421125412,-0.3974837064743042,-0.3960066139698028,-0.4426845014095306,-0.3654248714447021,-0.4690874516963959,-0.3632939159870147,-0.3987048268318176,-0.3710018396377563,-0.4159076809883117,-0.3757038116455078,-0.4524275064468384
E,0.0,0.0,1.0285649421801986,1.514434482409539,1.0898137332047542,1.3442847489238379,1.0597428176746522,1.2181920624663556,0.9784069540828036,1.2182341076971221,1.0285128118140374,1.0570765116054812,1.0231500692111641,0.8161908129323445,1.0495795571174258,0.8574608301383762,1.0547455953723361,0.9682010959100482,0.9671451068324747,1.0607755313013443,0.9491208301531223,0.7888219539652752,0.9881757255220077,0.8709890493972346,1.0,1.0,-0.4027267396450043,-0.4408856928348541,-0.3937215209007263,-0.3411964178085327,-0.4124370813369751,-0.3653662800788879,-0.4185144901275635,-0.413012146949768,-0.377298891544342,-0.4630155563354492,-0.3738786876201629,-0.3865761458873749,-0.3884298503398895,-0.3921325504779815,-0.3952981829643249,-0.4247159957885742
E,0.0,0.0,1.0289958202909262,1.468582394755946,1.094517728693606,1.3291668882835355,1.051427927489089,1.2141658460852878,0.9696819618692174,1.1904508046489228,1.0471790712078628,1.0358468040451665,1.0473625509267472,0.7967916106634848,1.0606433332952225,0.8697605819060009,1.0579399513326893,0.983098850706898,0.9780372722617895,1.0289310639765972,0.977515998164929,0.765011032926277,0.9963155492420884,0.8805635776868949,1.0,1.0,-0.3994301855564117,-0.4361838102340698,-0.3958128094673157,-0.336652934551239,-0.407124251127243,-0.3755284547805786,-0.410246729850769,-0.4233525097370147,-0.3721554279327392,-0.4580055475234985,-0.3709471821784973,-0.3819957673549652,-0.3817842602729797,-0.3970719873905182,-0.3859919011592865,-0.4327347576618194
E,0.0,0.0,1.0496678234904548,1.428516062379028,1.1073722755642867,1.2857207518389457,1.0504506477187978,1.176046548338202,0.9632718088184793,1.1628789421840355,1.060276689600917,1.0129880398516962,1.0504543865386682,0.780478179617789,1.0561955913529137,0.8688684366713005,1.059191867488323,0.9749487680860538,0.9873823294625496,1.0040532902430785,0.9856971093137812,0.766324762242617,0.9929451290795815,0.892551386090606,1.0,1.0,-0.3905745446681976,-0.4323238730430603,-0.3858025670051574,-0.3364103436470032,-0.3924282193183899,-0.3784151673316955,-0.3966057598590851,-0.4262668490409851,-0.3644939661026001,-0.4564579725265503,-0.361096441745758,-0.3821870684623718,-0.3686832785606384,-0.3988043665885925,-0.3737219870090484,-0.4363445043563843
E,0.0,0.0,0.9955346467277704,1.510297414486905,0.9613060103928527,1.3799662145904514,0.9856878541122429,1.2556315930086108,1.0301916301150713,1.2067023216682957,0.9708063361425486,1.067047858791591,0.9593123019873079,0.8366877853133033,0.9577810436494708,0.8699562913709477,0.964829494396438,0.9908895552306817,1.0093776702187347,1.0377662301888235,1.000599932996636,0.7830293863368221,0.9957580461904749,0.8708035816516684,1.0,1.0,-0.7576602101325989,-0.3767706155776977,-0.7545462250709534,-0.289125919342041,-0.7469042539596558,-0.3142721652984619,-0.7474752068519592,-0.3607470393180847,-0.7868784666061401,-0.3901737034320831,-0.7911354303359985,-0.3144813776016235,-0.7817542552947998,-0.3147218227386474,-0.7752175331115723,-0.3448793590068817
E,0.0,0.0,0.9999521027505527,1.5284900380355602,0.967503923119847,1.412251558442986,0.9871322322905437,1.2676907882575184,1.0291194025300374,1.208733481344206,0.9764374140291371,1.096131123016191,0.9615327054434407,0.8465550036046715,0.9599024007719794,0.8797103861622074,0.9659418679420522,1.0056213932624587,1.0136094394526047,1.057923214289384,1.0030326478604847,0.7863526577493825,0.9984009184501922,0.8771506182621259,1.0,1.0,-0.7646228671073914,-0.3556930720806122,-0.7611135840415955,-0.2716805338859558,-0.7537992596626282,-0.2926316857337951,-0.752411425113678,-0.3363007605075836,-0.7938839197158813,-0.3696380257606506,-0.797141969203949,-0.2951297163963318,-0.7889105081558228,-0.2920563519001007,-0.7811108231544495,-0.3226441144943237
E,0.0,0.0,1.0029743692905166,1.4912839795967945,0.969700212841896,1.380346247091006,0.9874227236264415,1.2391371179583386,1.0305126786021306,1.1893716742414353,0.9773055078105065,1.083446967561639,0.960411440379908,0.8589215608103521,0.9583506545049333,0.883530798727161,0.9654604689986951,0.9999219584666682,1.0149861372821145,1.0455036311320374,1.0031505951794044,0.7966604148796255,0.9980553217162981,0.8818649251723897,1.0,1.0,-0.7583222985267639,-0.370954304933548,-0.7545537948608398,-0.2909226715564728,-0.7465772032737732,-0.3118106126785278,-0.7446359992027283,-0.3547360002994537,-0.7879039645195007,-0.3860726952552795,-0.7904567122459412,-0.3118929266929626,-0.7817039489746094,-0.3088581264019012,-0.7736578583717346,-0.3403114676475525
E,0.0,0.0,1.00698515366064,1.4768914569855411,0.9666268655600838,1.3566166310184076,0.9809429481799106,1.2584886350184858,1.0274551192835597,1.22307717529869,0.9890384728741783,1.0440948627684268,0.9776626269307911,0.8106384747303316,0.9622635227359787,0.8876480032595113,0.9635401139266331,1.0008010636601081,1.02657161285873,1.0353795442003346,1.0219062368826646,0.768316908087988,1.0010141383111386,0.8772611689035185,1.0,1.0,-0.746972382068634,-0.4001537263393402,-0.748915433883667,-0.3070542216300964,-0.7316501140594482,-0.3432498872280121,-0.7254497408866882,-0.3877290785312652,-0.7759154438972473,-0.4227652847766876,-0.7872441411018372,-0.3509294092655182,-0.7728546261787415,-0.3608644604682922,-0.7620880603790283,-0.3900167942047119
E,0.0,0.0,1.008029963261606,1.3770533060388366,0.967577969686849,1.2744635831605733,0.980693886058244,1.1594280963494847,1.0291236942970527,1.1329568332637954,0.983799615456409,0.9960763225475783,0.9644992772020227,0.7913287678416903,0.9574349419041186,0.8841606556903647,0.9647348247999645,0.9875002964434937,1.019966634942239,0.972558197749244,1.003362705633304,0.7542532440643783,0.9935375080671286,0.8965785894706115,1.0,1.0,-0.7519673109054565,-0.3918648362159729,-0.7465390563011169,-0.3098490536212921,-0.7346274852752686,-0.3582854866981506,-0.7344754934310913,-0.4038769900798797,-0.7798210382461548,-0.4078450500965118,-0.7802284955978394,-0.3355287611484527,-0.767230749130249,-0.3546284437179565,-0.7617230415344238,-0.3909024596214294
E,0.0,0.0,1.0016932522089506,1.3712574845807342,0.9572559736812993,1.2611262258688685,0.9612939849289028,1.1174141738944066,1.0057487949720911,1.0911562050762929,0.9748320484869775,1.0,0.954872174554807,0.8124014880753451,0.9588287778853567,0.9202291871886167,0.9682624376971738,1.0247571705203484,1.0091766932461217,0.9637647156963951,0.9918822589909687,0.7629180542074302,0.9928190587702664,0.8976172895324681,1.0,1.0,-0.7671421766281128,-0.3808198571205139,-0.7591872811317444,-0.3018262684345245,-0.7548809051513672,-0.3483046889305115,-0.757883608341217,-0.3945128619670868,-0.795883297920227,-0.389094591140747,-0.7926385402679443,-0.3192473649978637,-0.7833506464958191,-0.3364399671554565,-0.7802790999412537,-0.3714347779750824
E,0.0,0.0,1.0058558430646205,1.3553935363472127,0.9585523738114282,1.2491942139372767,0.9594135441002408,1.1104744124586317,1.0031029377946654,1.0798506023411445,0.9747406189231604,0.9921607393798211,0.9543699570489985,0.8062273129313042,0.9581964321796185,0.9146819305462451,0.9680902471664601,1.0150072936626913,1.0097810495263604,0.9580656185894175,0.9926880544609573,0.7579621103630688,0.9930282384738353,0.894569183459568,1.0,1.0,-0.7594624757766724,-0.3849848806858063,-0.7516703605651855,-0.3076989650726318,-0.7467596530914307,-0.3553155958652496,-0.7488077878952026,-0.4021366238594055,-0.7877147197723389,-0.3909625113010406,-0.7848932147026062,-0.3217383325099945,-0.7750160098075867,-0.3389490842819214,-0.7706683874130249,-0.373539924621582
E,0.0,0.0,0.9999867139173021,1.366766526101729,0.9598933103106441,1.2541279173422386,0.9726082544720098,1.1238579130042836,1.0189929850298451,1.105691507969437,0.9770202120442497,0.9973867307158556,0.9583625579605358,0.8065466234200691,0.9595300215340502,0.9173617316192838,0.9677356855296709,1.0234828365877493,1.0115574247724473,0.9679986222906711,0.9962941610437872,0.7626701500260682,0.9940064280187345,0.8934417257293816,1.0,1.0,-0.7658758163452148,-0.3855518996715545,-0.7593187093734741,-0.3051217496395111,-0.7529416680335999,-0.3491734564304352,-0.7541830539703369,-0.3959409892559051,-0.7940143942832947,-0.3949908018112182,-0.7940455079078674,-0.3240759968757629,-0.78354811668396,-0.3383663594722748,-0.7782837152481079,-0.3727068901062011
E,0.0,0.0,1.0034921170694882,1.339679482078976,0.9605379399904301,1.2201256414117623,0.9644615916615898,1.0981837386002802,1.0060416480384156,1.0853698606595987,0.9877714137899807,0.9638843229243956,0.9744974094425661,0.7845416888328138,0.9651760984314474,0.898372407492366,0.9681384300828456,1.0013959832128378,1.0236652757481561,0.9516056473826482,1.0119052011331648,0.7535388934323248,0.9980906127766801,0.8887195481708097,1.0,1.0,-0.7723570466041565,-0.3931677341461181,-0.7685275673866272,-0.3137747943401336,-0.7537793517112732,-0.3596858084201813,-0.7500345706939697,-0.4070610404014587,-0.800923228263855,-0.406175822019577,-0.8034595847129822,-0.3355244398117065,-0.7881442904472351,-0.3488396406173706,-0.7787338495254517,-0.3807122111320495
E,0.0,0.0,1.0078822567322803,1.319152326183517,0.964871775082147,1.2039714030602529,0.9684941269588435,1.0930903715747187,1.0060163982074621,1.0833169059969663,0.9921976323917966,0.9571157115406252,0.976237049833407,0.7832189089399308,0.9657995727204505,0.8972160462221633,0.9692105837899795,1.003519883909613,1.027376927232749,0.9404062756495412,1.011935747139838,0.7474925052095007,0.996778982181359,0.8842480452196595,1.0,1.0,-0.7722855806350708,-0.3884950876235962,-0.7661052346229553,-0.3080936372280121,-0.7504920363426208,-0.3534271419048309,-0.7468283772468567,-0.4031387269496918,-0.8009328246116638,-0.3986433148384094,-0.8061579465866089,-0.3259103894233703,-0.7909449934959412,-0.3331242203712463,-0.7806284427642822,-0.3616808354854584
E,0.0,0.0,1.0151296243648413,1.3290443911858691,0.969863030222813,1.208222927231761,0.963088280529068,1.0903346338039075,0.997860779298636,1.0833078667282594,1.0014252933847996,0.9594304848291583,0.9837428480238688,0.770200854050258,0.9691289434032695,0.8838177015665303,0.9712842751828339,0.9918340861070156,1.034352288801735,0.9479884692090266,1.0171913466490154,0.7407245248521338,0.9978353320571707,0.8816158637449892,1.0,1.0,-0.7709892988204956,-0.3822188079357147,-0.7646744251251221,-0.2989844977855682,-0.7455357909202576,-0.3420329689979553,-0.7397799491882324,-0.3899392187595367,-0.7983133792877197,-0.3930999040603637,-0.8036308288574219,-0.3205491602420807,-0.7861154079437256,-0.3263207674026489,-0.7738758325576782,-0.3525078296661377
E,0.0,0.0,0.9997852165367405,1.3495151409420276,0.95849664073376,1.2328078043056696,0.9701781052413334,1.0955143755559615,1.0190948988006174,1.0824428567062458,0.9774090416868185,0.9847739500837844,0.9594269952129966,0.8049366670083655,0.959806491395563,0.9184303765556137,0.9673276779295932,1.020638297467865,1.011999994552303,0.9560157458368425,0.9954217715125346,0.767788462733639,0.9932781828790261,0.8998992305047732,1.0,1.0,-0.7790810465812683,-0.3895964026451111,-0.7714977264404297,-0.3113481998443603,-0.7651827335357666,-0.3557728230953216,-0.7673261761665344,-0.4024220705032348,-0.8076631426811218,-0.3983694612979889,-0.807304322719574,-0.326189637184143,-0.7967308163642883,-0.3370562791824341,-0.791373610496521,-0.3699463605880737
E,0.0,0.0,0.9967617579765239,1.350648384655487,0.959684253088664,1.2326707729084287,0.9767688701968824,1.1045399359482622,1.021663527001992,1.0847045685295573,0.9708262008082705,1.0105962134227555,0.9542694263865287,0.8185792732132533,0.9592442382017325,0.9258048664444464,0.9682350020296742,1.0258706874943746,1.0047198484297615,0.9814561130282327,0.9906011514280259,0.780378123703229,0.993734525625572,0.9027295746601648,1.0,1.0,-0.7779064774513245,-0.3988884389400482,-0.7712408304214478,-0.3203908503055572,-0.7704827785491943,-0.3688997030258178,-0.7735850811004639,-0.4131906926631927,-0.8056701421737671,-0.4089375138282776,-0.8037943243980408,-0.3404460549354553,-0.7967211008071899,-0.3644912838935852,-0.793509304523468,-0.4017669856548309
E,0.0,0.0,0.99170022173298,1.314562545881845,0.9595619642354737,1.207036908148687,0.9803778707731536,1.0988717652074829,1.0225024937582265,1.0701191779255654,0.9670911269426229,0.9777499632232857,0.9565676442985899,0.8020879200337098,0.9623397059431128,0.9207531443645429,0.9700308301312888,1.021253129582619,1.0027564931168338,0.9541496066049197,0.9950105160849865,0.7691675425995455,0.9972900176874844,0.9061813018992457,1.0,1.0,-0.7858759760856628,-0.4012355804443359,-0.783800482749939,-0.3284749388694763,-0.7815197110176086,-0.384251981973648,-0.7813283801078796,-0.4274138510227203,-0.8133496642112732,-0.4145273268222809,-0.8123379349708557,-0.3513635396957397,-0.8055979013442993,-0.3833730816841125,-0.801926851272583,-0.4195103943347931
E,0.0,0.0,0.9882448034387618,1.411010410483529,0.9599492978856299,1.2966699468417102,0.9851501289165584,1.1792000001235179,1.028811927641699,1.1670881332623413,0.9723476009599672,1.0415984712176414,0.9635100041721614,0.8330524456680961,0.9628309945530421,0.8891470672540874,0.9670830718351078,1.0000578218665006,1.0074419422761514,1.01682654914546,1.0005068951678908,0.797711937019404,0.9988622809605435,0.9009322289897221,1.0,1.0,-0.7869493961334229,-0.3973850309848785,-0.7866835594177246,-0.3178469538688659,-0.7814558148384094,-0.3486267030239105,-0.7804778218269348,-0.390089750289917,-0.8143163323402405,-0.4165891706943512,-0.815902590751648,-0.3462935090065002,-0.8090923428535461,-0.3537462949752807,-0.8039494156837463,-0.3860155642032623
E,0.0,0.0,0.9898981811167601,1.4099144604895921,0.9607825862744288,1.3034603250475458,0.9855823044174004,1.1966137085508157,1.0298718849582431,1.171494615915141,0.9716339244064174,1.038424467383375,0.9587384142392911,0.8320739484654448,0.9591652937946183,0.8748199030690035,0.9666228528576406,0.9850244638895689,1.0079049874128791,1.0137023565569472,0.9997270395761122,0.7930047289199341,0.9970060170177085,0.8919427568098132,1.0,1.0,-0.7891496419906616,-0.4011034369468689,-0.7878994345664978,-0.3201339244842529,-0.7814745903015137,-0.3495596647262573,-0.7800061702728271,-0.393472671508789,-0.8179370760917664,-0.4192336499691009,-0.8237943053245544,-0.3466012477874756,-0.8154143691062927,-0.3499715328216553,-0.8069661855697632,-0.3835721313953399
E,0.0,0.0,0.9901516468874916,1.4046004876570575,0.9604364660662619,1.294653576304184,0.9853342871446437,1.190138541431034,1.0279339319159055,1.1613233017516755,0.9731551283301909,1.032164147389742,0.9614134472000564,0.8244058089601346,0.9603802301556745,0.8730804371963196,0.9660212574883691,0.9853166325932711,1.0088629680088357,1.0101014458379343,0.9996574793211289,0.787486426024961,0.9967702051464027,0.8891599195652425,1.0,1.0,-0.7913950085639954,-0.4000019431114197,-0.7890743613243103,-0.3172963261604309,-0.7827725410461426,-0.3484808802604675,-0.7817146182060242,-0.3935676515102386,-0.8202458024024963,-0.4163151383399963,-0.8255476355552673,-0.343518316745758,-0.8171441555023193,-0.3478590250015259,-0.8086198568344116,-0.3816283047199249
E,0.0,0.0,0.9889742388457325,1.3983701228793333,0.9585604056695214,1.2904847483370943,0.9818749751287555,1.1822832076845817,1.0258265357164413,1.1517350898017367,0.9730173193339067,1.0306293128753912,0.960082623941996,0.8286230625088339,0.9602513755809471,0.8831196584237521,0.9661240111055847,0.9936853665575651,1.008697145515009,1.007595027540757,0.9991703698494351,0.7903011982178748,0.9971834174122023,0.891513228229761,1.0,1.0,-0.7925055027008057,-0.4067398905754089,-0.789806067943573,-0.324608564376831,-0.7836799621582031,-0.3569101691246032,-0.7819207906723022,-0.4031212627887726,-0.8212717771530151,-0.4235306084156036,-0.8265397548675537,-0.3516953289508819,-0.8175966739654541,-0.3577925562858581,-0.8082234859466553,-0.3916696608066559
E,0.0,0.0,0.9893579993088558,1.3803378758480587,0.9629666041479248,1.2750724265645634,0.9905235651200887,1.1743432066528838,1.0339683519513294,1.1450435098131961,0.9683070799281185,1.0327109692837688,0.9526855222111879,0.837698025945211,0.9579815160987059,0.9190429974234176,0.9670427347124849,1.0290461956733423,1.0037963075199172,0.9995107616778165,0.9919100602616688,0.7869092638368356,0.9957929166130443,0.9030822523920805,1.0,1.0,-0.7935268878936768,-0.4115907251834869,-0.790145993232727,-0.3268205523490906,-0.7885843515396118,-0.3633347153663635,-0.7892494201660156,-0.4081741571426391,-0.8223230838775635,-0.4280275106430053,-0.8252454996109009,-0.3547877371311188,-0.820130467414856,-0.3611354827880859,-0.8139429688453674,-0.3946756422519684
E,0.0,0.0,0.9676331971282743,1.1767675102369701,0.939989533270113,1.1086327847549775,0.9468684679909837,1.0945644508396604,0.9606015126953706,1.1024655575459523,0.9589191712757928,0.9148699941729541,0.9618421289446508,0.8327316196701179,0.9634843628979406,0.9391617846688511,0.9631639686314619,1.0152881576913222,1.0031934697287153,0.9050328451515699,1.0058372266796418,0.8069872118504168,1.0025194781095466,0.933933389333515,1.0,1.0,-0.8026345372200012,-0.6092699766159058,-0.8083341121673584,-0.5426386594772339,-0.8028858304023743,-0.6191504001617432,-0.7983435392379761,-0.6608912348747253,-0.8335540890693665,-0.6318819522857666,-0.8432207703590393,-0.5851353406906128,-0.8338373899459839,-0.6331550478935242,-0.8246644735336304,-0.6614810824394226
F,0.0,0.0,1.0133160864230912,2.596174443880097,1.0617427602903868,2.3379087409639774,1.0820849130151744,2.0987485374977615,1.075612495347609,1.8830207913477957,1.0059618298974273,1.8773700710630714,1.0235717175242423,1.5659627915838517,1.0411972750433396,1.6523079718435254,1.0531248209714807,1.7998076647016723,0.9529174268131412,1.8303716074966485,0.9631713655659256,1.4509556371274042,0.9813666803684203,1.2222831638873752,1.0,1.0,-0.4281487762928009,-0.4037743806838989,-0.4240357577800751,-0.3236799240112304,-0.4249825179576874,-0.2711553573608398,-0.4286887049674988,-0.2240793406963348,-0.4041875004768371,-0.4279733598232269,-0.3947644233703613,-0.3622998595237732,-0.3904489278793335,-0.3180086612701416,-0.3894614577293396,-0.2761679887771606
F,0.0,0.0,1.0238079525291544,2.937459202667906,1.0872463094567433,2.679265649160434,1.111594078378523,2.4281112217123644,1.0785687625316787,2.227925736355092,1.025034992564913,2.10554834611419,1.0451188655771517,1.7828258283693654,1.054184506666704,1.959403093157642,1.056305191260749,2.1533784686600237,0.967742369437978,2.0381471889969536,0.9765220798039884,1.5793427918270204,0.9883326177662098,1.2966320287216255,1.0,1.0,-0.4287109375,-0.409207671880722,-0.4264693260192871,-0.3257707357406616,-0.4269123375415802,-0.2715223133563995,-0.4289624392986297,-0.2199015915393829,-0.4043235182762146,-0.4352524280548095,-0.4014314115047455,-0.366210401058197,-0.4004497826099396,-0.3214508891105652,-0.4017539322376251,-0.2784490883350372
F,0.0,0.0,1.0274420652887784,3.097447186763394,1.0911873942572097,2.850987746483753,1.117230016589834,2.615832863779939,1.0871549637263476,2.40023523751139,1.0383822444488595,2.210430473204948,1.0638430204380174,1.882473248168583,1.0732392441312357,2.110201718867339,1.0722362615043728,2.3350323062269935,0.9808258345850581,2.1363114300578374,0.9883215036387543,1.647783151820358,0.9953598450096997,1.339063950471095,1.0,1.0,-0.4351817369461059,-0.4102522730827331,-0.4317139685153961,-0.3267255127429962,-0.4316661357879638,-0.2711829543113708,-0.4331162869930267,-0.2163584232330322,-0.4092223942279815,-0.4370736181735992,-0.4057598710060119,-0.367514967918396,-0.4048486351966858,-0.3211658298969269,-0.4067358076572418,-0.2762966156005859
F,0.0,0.0,0.9600202807673464,2.7620300592316283,1.0267034701933242,2.5592035735667866,1.0626554669389965,2.355083757628251,1.0407507746692906,2.1780509982073504,0.9892071432782951,2.0068231798740146,1.019855922098629,1.7025243750312722,1.029482628699829,1.876099373866654,1.0296816455756563,2.0681633364332312,0.9363226371859374,1.9208040180196657,0.9599612594877158,1.5043173007079156,0.9811085719831385,1.2576597554473945,1.0,1.0,-0.4376173019409179,-0.4179021120071411,-0.4396369755268097,-0.3320613205432892,-0.4438300132751465,-0.2774300575256347,-0.4497787952423095,-0.2260398864746093,-0.4099358916282654,-0.4387854635715484,-0.4054822623729706,-0.3675978481769562,-0.4035554528236389,-0.3205940723419189,-0.4045904576778412,-0.2759571075439453
F,0.0,0.0,0.9861874883106762,2.6870276215121147,1.0530143286872116,2.5089278622017774,1.0871179428541404,2.334448974372718,1.066921043034852,2.1472334896384617,1.0113911405715086,1.9637565411468245,1.0392989595798037,1.7045023239113262,1.0484535689108707,1.879953269911467,1.051252876590139,2.061921758745908,0.9572560129256555,1.8888198456925462,0.973296548842452,1.4944486385567142,0.9855424565626288,1.2570690883305875,1.0,1.0,-0.4300469160079956,-0.4414566159248352,-0.4314799308776855,-0.3583685755729675,-0.4337717592716217,-0.3055972456932068,-0.437956839799881,-0.2542870044708252,-0.4044107496738434,-0.4646416902542114,-0.4055229425430298,-0.3947798311710357,-0.4069280326366424,-0.349101185798645,-0.4107530117034912,-0.3056186437606811
F,0.0,0.0,1.0017845670551908,2.69534310517513,1.0675222912993967,2.494156367501279,1.1022727441591373,2.3063166149043046,1.0975481180501447,2.101317533410087,1.0217313854461751,1.992130462946144,1.04783199436111,1.6967388750233474,1.063619053940462,1.8387062823616254,1.0724767527046513,2.012959712785229,0.9649280749263066,1.9211566942662808,0.977229650041088,1.5116060544722005,0.988114134523986,1.2575786341581856,1.0,1.0,-0.4373839497566223,-0.451836347579956,-0.4376916885375976,-0.364744484424591,-0.4397973120212555,-0.30942302942276,-0.4440050721168518,-0.2573853731155395,-0.4109562039375305,-0.4748094081878662,-0.4102525115013122,-0.4034445881843567,-0.4114790558815002,-0.3572652041912079,-0.4156165421009063,-0.3133229315280914
F,0.0,0.0,0.9888371612339746,2.6289857198256117,1.0537469574192708,2.4592208870876844,1.0854927871793643,2.287308410347782,1.072796334310868,2.106030625569291,1.01445917848804,1.9499908889123403,1.0406721999902717,1.686197436812367,1.0529659684067527,1.8351920378909077,1.0583107541842138,2.004020339824976,0.9602741560424848,1.8753788539001583,0.9750125734830742,1.4794021443885184,0.9867674273708166,1.2434368619914384,1.0,1.0,-0.454118013381958,-0.4628643691539764,-0.453311026096344,-0.3760870695114136,-0.4563449323177337,-0.3212563693523407,-0.4621916711330414,-0.2682403922080993,-0.427901953458786,-0.4860199093818664,-0.425610601902008,-0.4144417941570282,-0.4260761737823486,-0.3684264719486236,-0.4299574792385101,-0.3249469101428985
F,0.0,0.0,0.990746237837432,2.5676653664983844,1.0575365022431418,2.3747083424791153,1.0896194327206727,2.194252184130122,1.0721015456832184,2.022898299295374,1.0142800115931339,1.9017180767212754,1.040434951163864,1.6356630330034592,1.051226110595954,1.7850085862753406,1.053783363085606,1.9526288792298998,0.9592447027784549,1.8344135333315332,0.975521496161783,1.4644446035582277,0.9887879479373802,1.2338944833034213,1.0,1.0,-0.4488816261291504,-0.4713537395000458,-0.4471204876899719,-0.3836079835891723,-0.448984831571579,-0.3278377950191498,-0.4528866410255432,-0.2749949991703033,-0.4213311076164245,-0.4956949651241302,-0.4164661467075348,-0.4235946238040924,-0.4149778187274933,-0.3758598566055298,-0.4164113402366638,-0.3301107883453369
F,0.0,0.0,1.053273688004471,2.6632243140153626,1.127809159979762,2.473958832665142,1.1669695196333838,2.290614112339069,1.1338569372691474,2.135627934140533,1.0609179560256612,1.961443179262629,1.0898802042898295,1.7136458228269464,1.110165042529301,1.9043885838299475,1.11736106337963,2.0908635688581607,0.9981980022729251,1.9006942560967337,0.9962558918672845,1.5099791517646748,0.9992050621501161,1.2698945375580084,1.0,1.0,-0.4443628191947937,-0.4869886040687561,-0.436968982219696,-0.4014268815517425,-0.4342382252216339,-0.3455359637737274,-0.4328832924365997,-0.2879131436347961,-0.4192849099636078,-0.5151434540748596,-0.4121046662330627,-0.4424440860748291,-0.4093988537788391,-0.3959094583988189,-0.4099887311458587,-0.3510683178901672
F,0.0,0.0,0.978621660172845,2.638142208914663,1.0535117789186654,2.4796497858926636,1.0880727582435321,2.3064690696180503,1.0530106679911568,2.1614504331204074,1.007206879721771,1.953746752081647,1.0364426580369017,1.7084668015831361,1.0359410684934163,1.9077152315429584,1.025802187298944,2.0930857835853827,0.9497666806941033,1.8744135886570525,0.9715491518865067,1.4863299254058335,0.9861188204844289,1.2505546415812747,1.0,1.0,-0.4437711536884308,-0.4793273508548736,-0.4448593556880951,-0.3887751400470733,-0.448688268661499,-0.3317524492740631,-0.4548614621162414,-0.2761846780776977,-0.4146281480789184,-0.5028895139694214,-0.4132224321365356,-0.4273898005485534,-0.41494220495224,-0.3800113201141357,-0.4196243286132812,-0.3350545167922973
F,0.0,0.0,1.0520555188845073,2.7674145731743884,1.1242995412222834,2.579929782165126,1.145844267710853,2.4059374413013495,1.1029519803107977,2.284266011009451,1.068875626521686,2.0006477605179307,1.0828617370584122,1.7595392276732016,1.0769758671527245,1.9891775176052584,1.0637160949886457,2.184007105045742,1.004424870398795,1.9309868658749152,1.0032089729950904,1.5317263883361476,1.0018682986849454,1.2813600096346323,1.0,1.0,-0.4357723593711853,-0.4730475842952728,-0.4284012913703918,-0.3839512169361114,-0.4251096248626709,-0.3257884383201599,-0.4241417348384857,-0.2661977112293243,-0.4092118144035339,-0.5012374520301819,-0.402181327342987,-0.425579309463501,-0.3983086347579956,-0.3766829073429107,-0.3973363637924194,-0.3289104104042053
F,0.0,0.0,1.0565994522180107,2.8036417287085693,1.1262608156596101,2.6068576740349756,1.1558446821560886,2.4159512397101826,1.1181815689066061,2.2720632193378303,1.0640430066946822,2.04572054566033,1.0827284915153341,1.7882918618280041,1.0884280911602575,2.0175909326618675,1.0845590969556054,2.218351047119986,1.0020906845060888,1.9818439899611473,1.0025657995901212,1.5651167565323214,1.0010914668427502,1.3028896303458533,1.0,1.0,-0.4418753087520599,-0.473078191280365,-0.4380634129047394,-0.3840633928775787,-0.4371465742588043,-0.3266884088516235,-0.4381144046783447,-0.266986608505249,-0.4159558117389679,-0.5000928044319153,-0.4121612012386322,-0.4258036613464355,-0.4115935862064361,-0.3788322508335113,-0.4145044684410095,-0.3330262303352356
F,0.0,0.0,1.053228284421949,2.7739716190733583,1.1281774083387714,2.576979354958976,1.1505388965911028,2.383381702114439,1.103328040757927,2.262859900727023,1.0645142574254005,2.0213097140458625,1.0832423108875555,1.7661315468639396,1.0822150979322622,1.9986111365858763,1.0733496449820763,2.196854513219656,1.0003999976715314,1.9592131329507003,1.0011183686696594,1.5508317646076775,1.0006824204637608,1.293367107257413,1.0,1.0,-0.4381872117519378,-0.4770212471485138,-0.4319053888320923,-0.3870880305767059,-0.4296814799308777,-0.3291307985782623,-0.4299005270004272,-0.2681986689567566,-0.4117172658443451,-0.5044434666633606,-0.4063502848148346,-0.4290705025196075,-0.404447466135025,-0.3814839720726013,-0.4056976437568664,-0.3346864581108093
F,0.0,0.0,0.9984929377847661,2.8104272095973792,1.0689208795072362,2.6196717551949376,1.0981064495430488,2.4276534475255747,1.063105016214003,2.2624078844947677,1.0205719797422828,2.0464698079747974,1.0401521784534782,1.771157963662515,1.037089425387017,1.9964060396308645,1.0270293763158604,2.2012393072464547,0.9617324851202451,1.9708485199206491,0.9761330654543872,1.5471072360342988,0.9876705740586165,1.285487326009721,1.0,1.0,-0.4428080916404724,-0.4665431976318359,-0.4427782893180847,-0.3742626905441284,-0.4449312090873718,-0.3163308203220367,-0.4494993388652801,-0.259013831615448,-0.4148803651332855,-0.4919395744800567,-0.4124535322189331,-0.4158323109149933,-0.4134587943553924,-0.3667367100715637,-0.4176200628280639,-0.3199740946292877
F,0.0,0.0,1.0547632645123899,2.7416873464121303,1.1219717414201849,2.5588993957762414,1.1498613768236807,2.3826627194643004,1.1260838062355192,2.197571097168319,1.0676594730192743,2.0038606163992188,1.0860190052490029,1.7336310296164696,1.0931703777606459,1.944408973100695,1.09229580015716,2.141918058771367,1.0035083026584237,1.9432747667819084,1.0010790983511002,1.536314019320219,1.0007846474031565,1.285677600127919,1.0,1.0,-0.4387472569942474,-0.4794680476188659,-0.4302524328231811,-0.3910912573337555,-0.4260103702545166,-0.3336657285690307,-0.424234390258789,-0.2739337086677551,-0.4128786921501159,-0.507950484752655,-0.404540091753006,-0.433447927236557,-0.4006832540035248,-0.3855286240577698,-0.399867832660675,-0.3390066623687744
F,0.0,0.0,0.9851692704402546,2.722662584594608,1.0523263290583795,2.5500439005156172,1.08161922761782,2.379161693147855,1.059543032446403,2.1976363591057293,1.0142931612227226,1.9870278495880873,1.0372815467515684,1.7207888118912986,1.0400445030042262,1.9292826699721939,1.0350871792506942,2.125964919652529,0.9578286969500395,1.9135937934394012,0.9745870897550146,1.5169277163474573,0.9882019022526526,1.271662595832358,1.0,1.0,-0.4519866704940796,-0.4728532135486603,-0.4508134126663208,-0.3839585185050964,-0.4520682692527771,-0.3258774280548095,-0.4553572535514831,-0.2674234509468078,-0.424108475446701,-0.4986854791641235,-0.4200246632099151,-0.4241409003734588,-0.4190077185630798,-0.3750714063644409,-0.4206243753433227,-0.3280233442783355
F,0.0,0.0,1.0215962398962388,2.7034605084951617,1.0872782225535886,2.505313888759608,1.120410080541173,2.327585815204998,1.1048343294337981,2.146302910017987,1.0284591570364834,1.979319028946925,1.0547599152341902,1.705979025903926,1.076059132240893,1.88485528502448,1.0860791594953185,2.065602779616035,0.9687362227672891,1.9196701133928422,0.976378299274851,1.5149862776474796,0.9894426740032681,1.263704822735499,1.0,1.0,-0.4449052512645721,-0.4760418534278869,-0.4396542906761169,-0.3877930641174316,-0.4407540559768677,-0.3302440643310547,-0.4441133737564087,-0.2728137671947479,-0.4182162880897522,-0.5054317116737366,-0.4110093712806701,-0.4315108060836792,-0.4090098142623901,-0.3828517198562622,-0.4106787443161011,-0.3357407748699188
F,0.0,0.0,1.0091195156501183,2.7502640246461,1.0762218885381578,2.5780744913820253,1.095944506299913,2.414566037562,1.0636289641327972,2.258916673930805,1.0315155835729677,1.9962518259860875,1.0477084140757715,1.7481176385436827,1.0413399229432168,1.9798356821656098,1.0289216178597242,2.1769570709443413,0.9714194874916743,1.9254203571822164,0.9829051750537138,1.5341094625390523,0.9918929560142924,1.2862194471261477,1.0,1.0,-0.4411162436008453,-0.4809430837631225,-0.4352745711803436,-0.3907710909843445,-0.433631420135498,-0.3334538340568542,-0.4350118935108185,-0.2737941145896911,-0.413847267627716,-0.5091365575790405,-0.4066684246063232,-0.4329536557197571,-0.4041914939880371,-0.3835891783237457,-0.404881089925766,-0.3351492285728454
F,0.0,0.0,1.0253954192145553,2.703766686344786,1.091545743121835,2.5505724101375784,1.1079238237012201,2.411579611759492,1.0659323072574554,2.285967222282752,1.0482593841197738,1.966043257205835,1.0669555963453128,1.7362355829292673,1.0565777627711168,1.9635027859136949,1.03846195565058,2.144664321908393,0.9871654987414725,1.8978113373976124,0.9936803081741781,1.5219259110506285,0.9981682668615136,1.28003328426859,1.0,1.0,-0.4357287287712097,-0.4854053258895874,-0.4310265779495239,-0.3981347680091858,-0.4276986718177795,-0.3407709002494812,-0.4261391758918762,-0.2804824113845825,-0.4088228344917297,-0.5132158994674683,-0.4048254489898681,-0.4386056661605835,-0.4027231633663177,-0.3905183672904968,-0.4032684564590454,-0.3435295522212982
F,0.0,0.0,0.9989424793915254,2.548248902935766,1.0628285032427167,2.398667415939467,1.077224245345771,2.2583843536806243,1.0358984136819682,2.1458386277569783,1.02042052869349,1.8696397316219373,1.040840933656945,1.6519410475621197,1.0294026487136037,1.853449533255543,1.010890841403831,2.0194655077993575,0.962915015283134,1.80313983184314,0.9759737924938432,1.463817013980858,0.9892180410268998,1.245748093112656,1.0,1.0,-0.4353930950164795,-0.4868254065513611,-0.431113600730896,-0.3979193270206451,-0.4293392896652221,-0.3394673466682434,-0.4296800792217254,-0.2800802588462829,-0.4079331755638122,-0.5124269723892212,-0.4031649827957153,-0.4378947913646698,-0.4013910293579101,-0.3893063068389892,-0.4020132422447204,-0.3417678475379944
F,0.0,0.0,1.0275223238177775,2.2982305373524157,0.9792015806229933,2.1598209928681182,0.9566648103343759,2.009153026324641,0.976069946324936,1.876406701982597,1.0018566770135215,1.7054163432101903,0.9792602696800955,1.4483040558505669,0.9696854214830906,1.5714675616311387,0.967756783584576,1.7226456194827757,1.0407732959791705,1.632636447022367,1.025224487797933,1.3217837926148346,1.0128480773861324,1.154389166459334,1.0,1.0,-0.7486608028411865,-0.4584122002124786,-0.7432642579078674,-0.3772636651992798,-0.7384207248687744,-0.3290580511093139,-0.7312924265861511,-0.2830623686313629,-0.7778590321540833,-0.4777843654155731,-0.7811055183410645,-0.4071500897407532,-0.7823097705841064,-0.3617858290672302,-0.7817560434341431,-0.3165168166160583
F,0.0,0.0,1.0121229511136616,2.5506058849226427,0.9692770094574574,2.367721059111632,0.9494168144977364,2.1746236210484926,0.9677096583355931,2.0036935068147734,0.9937621320811953,1.8471228689435226,0.975638082416492,1.540693129099157,0.9701310295406961,1.657825624493515,0.9726615532217587,1.8178157836835234,1.0286575903986346,1.7758442609278207,1.0163919077164836,1.4046401119201188,1.0079510552454505,1.1971148243154246,1.0,1.0,-0.7782447338104248,-0.4337362051010132,-0.7723623514175415,-0.3508244752883911,-0.7683957815170288,-0.2994985580444336,-0.7630590796470642,-0.2492424249649047,-0.8070743083953857,-0.4536336660385132,-0.8077287673950195,-0.381873607635498,-0.8075406551361084,-0.3364101648330688,-0.8062868118286133,-0.2898901104927063
F,0.0,0.0,1.0084669829579997,2.632745012379156,0.9678637415782584,2.437346185855921,0.9534641723046701,2.224734597016675,0.9735679973738384,2.0409002840843473,0.9860735213054255,1.8922886523625182,0.9724437360419045,1.5641802298787206,0.9755880292295124,1.6974217740652018,0.9836511661045627,1.8652105987876233,1.0221247385098617,1.811612220463952,1.0116422117653772,1.4207390123911525,1.0058582927416861,1.2072827898285068,1.0,1.0,-0.7881272435188293,-0.4277562201023102,-0.7855685949325562,-0.3459076285362243,-0.7837375998497009,-0.2947537899017334,-0.7799490690231323,-0.2439682632684707,-0.8167309761047363,-0.4481541216373443,-0.8194157481193542,-0.3793152570724487,-0.8206895589828491,-0.3359052836894989,-0.820355236530304,-0.2906617820262909
F,0.0,0.0,1.0038190383729988,2.623408621234531,0.9642387384839479,2.429894196695076,0.953319814985262,2.217831842754203,0.9735423691073861,2.0265713645071175,0.9856954794377054,1.8811251144547716,0.9715399867358822,1.5659959322576145,0.9744534494963488,1.71234298113227,0.9835750236007317,1.8789184528695342,1.0212107811604851,1.8033862892709864,1.0108767202127174,1.4261221094864818,1.0051998596840466,1.2170497587285243,1.0,1.0,-0.7897511124610901,-0.4332536458969116,-0.7871636152267456,-0.3503141105175018,-0.7842813730239868,-0.2972869277000427,-0.7799727320671082,-0.2433315068483352,-0.8170600533485413,-0.4546613395214081,-0.818863570690155,-0.3835069537162781,-0.8188031911849976,-0.338259756565094,-0.8173428177833557,-0.291439026594162
F,0.0,0.0,1.007868211487558,2.5447670641296023,0.9657615789270321,2.374333702711858,0.9470006093969611,2.1957166078802186,0.9662540053694653,2.033360617295914,0.9897713979702375,1.8414753666325427,0.9739188145216144,1.5435352229326944,0.970248418974141,1.6890471161975418,0.9737582635742708,1.860599407110478,1.0243249266038348,1.7720731158451017,1.0146605210161757,1.4048064000923672,1.0072830348762507,1.2018206314541442,1.0,1.0,-0.7808462381362915,-0.441463440656662,-0.7764953970909119,-0.3573389947414398,-0.7731019854545593,-0.3056754767894745,-0.7681261301040649,-0.253802478313446,-0.8085142970085144,-0.4640543758869171,-0.8099700808525085,-0.3945516347885132,-0.8098111748695374,-0.3497786521911621,-0.8083438277244568,-0.3038384914398193
F,0.0,0.0,1.016988863380231,2.5843849691474943,0.9755342961798272,2.404374638019178,0.9580249686651906,2.2051757074474914,0.9755528523508967,2.017330123378717,0.9960470493743248,1.864019435043813,0.9801658840662292,1.5436839551315966,0.979912661207749,1.6714962917510634,0.986792381889566,1.834330902909308,1.0311853066241154,1.78804932644174,1.0170885318973288,1.4121891034772074,1.0081404058761316,1.2040480491386027,1.0,1.0,-0.7863126993179321,-0.4300514459609985,-0.7832350730895996,-0.3474285304546356,-0.7813278436660767,-0.2966029942035675,-0.7776385545730591,-0.2455662041902542,-0.8149952292442322,-0.4509185254573822,-0.8190615773200989,-0.3809649050235748,-0.821901261806488,-0.3368947207927704,-0.8232462406158447,-0.2905701696872711
F,0.0,0.0,0.9978707927630683,2.627952376516335,0.9607002353375946,2.43139220391675,0.9516369852741566,2.2163412716926776,0.9775910390733812,2.045932286947066,0.9812000445489827,1.8935862583465946,0.9659021517032076,1.5999198285501206,0.9705144584862332,1.7182471400426365,0.9829099439783887,1.8715421891989756,1.0173746569443574,1.8055580577054795,1.0066314862591068,1.4387521175245703,1.002614088742333,1.216692085943589,1.0,1.0,-0.7956615686416626,-0.4228118062019348,-0.7993441224098206,-0.3394158482551574,-0.8023179769515991,-0.2880920767784118,-0.8036926984786987,-0.2381265610456466,-0.8256447315216064,-0.4440057873725891,-0.8410781621932983,-0.3767397999763489,-0.8519381284713745,-0.333812952041626,-0.8610513210296631,-0.2901471853256225
F,0.0,0.0,0.999721169523694,2.621241328324335,0.9615006108886196,2.4363524914339116,0.9524257299528027,2.2256172513426242,0.9778342066848555,2.0553671031427947,0.982518320709148,1.8971789459670108,0.9672510234228706,1.6000234749537878,0.9708471036454527,1.7246495083497464,0.9820706847552947,1.886207241733274,1.019542248409635,1.812507233488043,1.0086740472525242,1.4408644229384846,1.0036873843131164,1.2159325091296391,1.0,1.0,-0.7955431342124939,-0.4329991340637207,-0.7993668913841248,-0.3495510220527649,-0.8021154403686523,-0.2983077764511108,-0.8032667636871338,-0.2488418072462082,-0.8256913423538208,-0.4563805162906647,-0.8426967859268188,-0.3929911255836487,-0.8542097806930542,-0.3510312139987945,-0.8641042709350586,-0.3084844350814819
F,0.0,0.0,0.9987898731540171,2.583322730023256,0.9608588929030628,2.3968983971324445,0.952059155855913,2.1914357822985964,0.9768946542377872,2.025271480340349,0.9822797661211744,1.8636807497818817,0.9700767844135156,1.5573381499914218,0.9720567548858515,1.7064798205542244,0.9798806137789917,1.8692457384135854,1.0179226329679427,1.789506617610956,1.009196948223215,1.4197585144889515,1.0043998290079386,1.21423992656132,1.0,1.0,-0.7944377064704895,-0.4373401999473572,-0.7925497889518738,-0.3553605675697326,-0.7909077405929565,-0.3043076992034912,-0.7877969145774841,-0.2517855167388916,-0.821466863155365,-0.4598259031772613,-0.8226468563079834,-0.3908578157424927,-0.8227012753486633,-0.3481443524360657,-0.821639895439148,-0.3040870428085327
F,0.0,0.0,0.9968199391798793,2.5893948755661085,0.960713202144926,2.401656657247338,0.9518937410298831,2.1973398518980565,0.9738885051642111,2.0193990043186076,0.9823769134706586,1.8721014098707351,0.9712760084643002,1.561166298115955,0.9727850483252801,1.6892412269015449,0.9792635831904903,1.8423298378898336,1.017672957168999,1.7995904287532383,1.0085574235992436,1.4255170671164452,1.0040751324427892,1.2135894152752829,1.0,1.0,-0.7969233393669128,-0.4355930685997009,-0.7971662282943726,-0.3549450933933258,-0.7971925735473633,-0.3045733273029327,-0.7954133152961731,-0.2536629438400268,-0.8247326612472534,-0.4580763578414917,-0.8294116854667664,-0.3878771960735321,-0.8323233723640442,-0.3440746963024139,-0.8338199257850647,-0.298365980386734
F,0.0,0.0,1.0124141823397157,2.330438974112923,0.9670658351926188,2.175279328988463,0.9445686786332405,2.008874998334022,0.9652333184066849,1.8627680558702406,0.9981816380296202,1.7336455376222275,0.9785461269847322,1.4679667959465643,0.9684515343615512,1.5777456429120411,0.9660592887131546,1.7223603132927283,1.0336087685891389,1.6738590271576639,1.021584620964722,1.3480588023616908,1.0108564980708132,1.1690810020746982,1.0,1.0,-0.7804965972900391,-0.4536881148815155,-0.7757935523986816,-0.3733931481838226,-0.7714836001396179,-0.3264285326004028,-0.7653437256813049,-0.2812472581863403,-0.808173656463623,-0.4736314117908478,-0.810197114944458,-0.4039234519004822,-0.8105648159980774,-0.3601933717727661,-0.8092395663261414,-0.3170231580734253
F,0.0,0.0,1.044857712661672,1.8428459356944804,0.9936919913224384,1.7673086006428163,0.9641748713314773,1.6939947001161402,0.9721536688995291,1.6022953055600382,1.0151964720129325,1.4635238616524924,0.9836261966775,1.3049105975444366,0.9714093312756357,1.407035375764367,0.9704207917106346,1.5220862019863448,1.0522364737528487,1.416602299842873,1.031857614204792,1.2118682340158409,1.015874931064391,1.1038768615649222,1.0,1.0,-0.7224482893943787,-0.5603672862052917,-0.7156304121017456,-0.4863475561141968,-0.7076706886291504,-0.4427868723869324,-0.6978128552436829,-0.3999060392379761,-0.7504096627235413,-0.5785704851150513,-0.7509647011756897,-0.5134238004684448,-0.7493903636932373,-0.4720490872859955,-0.7462354898452759,-0.4303018450736999
F,0.0,0.0,1.016940125291981,1.7351408293382937,0.9737171389409265,1.665337794683389,0.9504280337834874,1.587210202975539,0.972107671232989,1.5325046990595306,0.9936827551935408,1.3804037814913692,0.973455632214447,1.2442748039324858,0.9697637050148363,1.3420749605974802,0.9733792876668295,1.4439810330986647,1.0297737995516911,1.334664807725154,1.0170587832515972,1.1663522546240348,1.0090621224030245,1.0830562795501777,1.0,1.0,-0.776672899723053,-0.585247278213501,-0.7757150530815125,-0.5178059339523315,-0.7735987901687622,-0.4779512286186218,-0.7690402269363403,-0.4369117021560669,-0.8048205971717834,-0.6067251563072205,-0.8102632761001587,-0.5437806844711304,-0.8134689331054688,-0.5050511360168457,-0.8145309090614319,-0.4646592140197754
F,0.0,0.0,0.9757338641126307,1.870525567648268,0.9443308951480095,1.7574674909024561,0.9426642246553638,1.6569642458980605,0.9705878977077376,1.610984850450368,0.9715555988672832,1.4538006928593021,0.9627900835660455,1.3036287714042156,0.9628419934614266,1.404086787168,0.9682419555027785,1.5066482724095207,1.004216994026067,1.4115198720941862,0.9999659364452563,1.222024378715584,0.9998901820615544,1.1153072246509275,1.0,1.0,-0.8343204855918884,-0.5483945608139038,-0.8389896750450134,-0.4784229397773742,-0.8419270515441895,-0.4356123208999634,-0.842725396156311,-0.3918294310569763,-0.8595195412635803,-0.5680588483810425,-0.8666043281555176,-0.5020743012428284,-0.8710607886314392,-0.4606733322143554,-0.8742623925209045,-0.4179325699806213
F,0.0,0.0,1.0068711325622457,2.116834581732634,0.9673155867226433,1.9806157990242799,0.9517069081376704,1.8393580050559684,0.9742144414335551,1.7453649399579383,0.9883232725695517,1.5957275702309879,0.97415923475464,1.3747382844401304,0.9738625285577734,1.4826940281489192,0.9783523285495994,1.607681017898596,1.022999799450056,1.5399946789538004,1.012671952567562,1.2805687282309761,1.0067974708529328,1.141537879806727,1.0,1.0,-0.7969956398010254,-0.4753255546092987,-0.7964963912963867,-0.3994123339653015,-0.7955078482627869,-0.3553190529346466,-0.7918605208396912,-0.31078040599823,-0.824343204498291,-0.4947964251041412,-0.8278521299362183,-0.4263885021209717,-0.8292551636695862,-0.3839403986930847,-0.8289617896080017,-0.3398805260658264
F,0.0,0.0,1.017310948321922,2.2639552828737854,0.9762922074241817,2.117224785953318,0.9602058070677437,1.9540344523758943,0.9830331167984352,1.8354805764566449,0.9929973275801013,1.6808159818646733,0.977580506089371,1.4316248782692067,0.9788162949303887,1.5476786760003498,0.984809096525241,1.6826179750682395,1.028379987814262,1.6091250373415613,1.0158905890210919,1.3162346549100514,1.008477585340452,1.1584928999806956,1.0,1.0,-0.8079186677932739,-0.4466496407985687,-0.8049672842025757,-0.3699653446674347,-0.8029389381408691,-0.3244305849075317,-0.7983599901199341,-0.2792687118053436,-0.8363627791404724,-0.4635859131813049,-0.8380935788154602,-0.394781082868576,-0.8387033343315125,-0.3512911796569824,-0.8374865055084229,-0.3062404692173004
F,0.0,0.0,1.0160241009078943,2.225205646003119,0.9755172224457465,2.0907335980028043,0.9605680024246087,1.9351591175620289,0.983355942540249,1.8085572836193198,0.9906907249722594,1.6609626337415504,0.9767374371551424,1.421629114645895,0.97886424331953,1.5397880719670014,0.9855745711411389,1.6748783863446288,1.0254117041965025,1.5869773499665925,1.0133500051029698,1.3072749378595747,1.0070649764720516,1.154201240842106,1.0,1.0,-0.8159927129745483,-0.4539214670658111,-0.8135284185409546,-0.3787662982940674,-0.8119626045227051,-0.3332494497299194,-0.8081703186035156,-0.2885251045227051,-0.8444820046424866,-0.4705165326595306,-0.8463093638420105,-0.4026927947998047,-0.8473252058029175,-0.3598855435848236,-0.846794068813324,-0.3155149817466736
F,0.0,0.0,1.0230935249691784,2.2359848037125056,0.9811575128591302,2.1012620649130227,0.9660307165995623,1.9484544583959662,0.9879495491696463,1.8284135560492616,0.9947543280671625,1.6696765471010273,0.9788304473748174,1.4291039734523812,0.9818416552319756,1.5477228933673879,0.9891546338259333,1.682676955405574,1.0299411221248747,1.592685343516067,1.0159550644145687,1.3095248717942756,1.0084367006450519,1.1550939851094655,1.0,1.0,-0.8035942912101746,-0.4498008787631988,-0.8001366257667542,-0.373958945274353,-0.7979916930198669,-0.3287977576255798,-0.7934026122093201,-0.2846059799194336,-0.8323980569839478,-0.4657501578330993,-0.8335282802581787,-0.3980776369571686,-0.8334959745407104,-0.3550258278846741,-0.8318018317222595,-0.310422420501709
F,0.0,0.0,1.0519009631485254,2.029728734422053,1.001786626068786,1.931181109502645,0.9734222007145652,1.8093727755334208,0.995414670174748,1.725598649920431,1.0131228336743432,1.5594735043566832,0.9884909508322858,1.3628516707713894,0.9866917110794765,1.4791004740982236,0.9913471832152093,1.60879652925154,1.0474193553060869,1.4828054147686704,1.0273391373893543,1.24600540636385,1.0139561038682334,1.1194894513974674,1.0,1.0,-0.759970486164093,-0.4765945076942444,-0.7519465684890747,-0.4050384163856506,-0.7463347911834717,-0.3623825907707214,-0.7386460304260254,-0.3220775127410888,-0.7883999347686768,-0.4899009466171264,-0.7870820164680481,-0.4245130121707916,-0.7864468693733215,-0.3830935955047607,-0.7844440340995789,-0.3417098820209503
F,0.0,0.0,1.0476360153922903,2.0527036171458932,0.9985343875864443,1.949303329493405,0.9724392123223665,1.8230130867641943,0.9956220625067567,1.7343780601451504,1.0113356485103933,1.5731289966246975,0.9879852205655124,1.366368645323964,0.9874270480249302,1.4786816476269964,0.9934334717550835,1.60933670339596,1.0447580458534753,1.4989424323298168,1.025632173451634,1.2519833208161162,1.0129335591559154,1.1213836539633404,1.0,1.0,-0.7690364122390747,-0.4806044697761535,-0.7616877555847168,-0.4060558974742889,-0.7564536333084106,-0.3619068264961242,-0.7495388388633728,-0.3202310502529144,-0.7983099222183228,-0.4944652616977691,-0.8009117841720581,-0.4280390441417694,-0.8032050132751465,-0.3857806921005249,-0.8041912317276001,-0.3431068658828735
G,0.0,0.0,0.9124016435733251,1.019213161843626,0.9841218607253545,0.9178966171364444,1.0718298864344098,0.8837112404347814,1.1283405290813344,0.8673640535677976,0.877985285547027,0.8617252784305448,1.0293200586692983,0.8465817454577277,1.116802375268145,0.8433778702090255,1.1922656646232515,0.8411275182295755,0.857044480655325,0.968145435077487,1.0506143260826022,0.9481757555010463,1.0374787408733372,0.9894564201823859,1.0,1.0,-0.3759724497795105,-0.6240519881248474,-0.4554766714572906,-0.6085481643676758,-0.4441870450973511,-0.6207635998725891,-0.4243654608726501,-0.6208629012107849,-0.3854006230831146,-0.6802991032600403,-0.4503164887428283,-0.6578399538993835,-0.4433179795742035,-0.6586618423461914,-0.4249648749828338,-0.6595886945724487
G,0.0,0.0,0.9066719447874583,1.018480477758307,0.9780994983318835,0.9213984248851086,1.0633678000650038,0.8860333370568888,1.1167980167858491,0.8676319806100854,0.878074656086309,0.8586229449970434,1.0312925969834141,0.8443796324025903,1.1205562799497728,0.8423548090839412,1.1961487805238986,0.842475527635791,0.8570835066672586,0.9636282284066281,1.0500643185332195,0.9432358050308324,1.0380700904844198,0.987135709749222,1.0,1.0,-0.3756931722164154,-0.6275985836982727,-0.4549549221992492,-0.6132597327232361,-0.4442207813262939,-0.6267576813697815,-0.4240019023418426,-0.627226710319519,-0.3852446675300598,-0.6845890283584595,-0.4500119090080261,-0.6628595590591431,-0.4447394013404846,-0.662868320941925,-0.4271361231803894,-0.6628150343894958
G,0.0,0.0,0.9116950604015163,1.0143863514185483,0.9838707602689694,0.9202452213437193,1.0711639447052232,0.8882860178395564,1.130567390269689,0.8697519507145873,0.8795450297074359,0.8560583788185232,1.0331279854201065,0.8483909602404839,1.1196469756546543,0.8509711388030566,1.1908064729340613,0.8566457597219025,0.85780649127114,0.9570036771388766,1.050299291230853,0.947313317914924,1.0381394816737317,0.9872237525106002,1.0,1.0,-0.3758033812046051,-0.6223757266998291,-0.4533732235431671,-0.6133943796157837,-0.4423863887786865,-0.6259921789169312,-0.4220631420612335,-0.6269961595535278,-0.3838626444339752,-0.6778314113616943,-0.4481932520866394,-0.6621834635734558,-0.4414717853069305,-0.6636897921562195,-0.4228259325027466,-0.6645665764808655
G,0.0,0.0,0.902687012332439,1.0211033202922029,0.9651285566292496,0.9548098517308391,1.048283665416193,0.946944231926306,1.1176249804104073,0.9476352034908407,0.8654929051682416,0.8341513408211068,0.9885250903029548,0.8215671850631592,1.062198180129796,0.8549982777956469,1.1111678689170588,0.8878990303790009,0.8281792925419766,0.9148070247699152,0.9789544560151918,0.9248394113309837,1.0072255483118124,0.983274194501371,1.0,1.0,-0.4081656038761139,-0.6340130567550659,-0.4789529740810394,-0.6377784013748169,-0.483965128660202,-0.659960150718689,-0.4683653712272644,-0.6647098064422607,-0.4090015590190887,-0.6876955628395081,-0.4654979705810547,-0.6909477710723877,-0.4722844958305359,-0.6952898502349854,-0.4595157206058502,-0.6921042799949646
G,0.0,0.0,0.9261289443488684,1.01412115664532,0.984283835932077,0.9384592156622731,1.0614359648162797,0.9227056390600736,1.1214250082701154,0.9211886758902095,0.8736374152100053,0.8316694105351808,1.0009143476499078,0.8169686530961823,1.0821396826322003,0.8508018358015279,1.1355200747550203,0.8798491609206964,0.8382917957047487,0.9195002651837741,0.9960319569030117,0.9257267261417141,1.0168984417459912,0.9831951488070012,1.0,1.0,-0.3999575674533844,-0.6286576390266418,-0.4716594219207763,-0.6301981806755066,-0.4744574427604675,-0.6495388150215149,-0.4573423266410827,-0.6531732082366943,-0.402831494808197,-0.6810476779937744,-0.460477739572525,-0.6819501519203186,-0.4650887846946716,-0.6846281290054321,-0.4511837363243103,-0.6813753247261047
G,0.0,0.0,0.8980549983715833,0.9976777645452852,0.9793659494666735,0.9126171954315814,1.0650669708521427,0.8876918937342606,1.1209361676680976,0.8706868224979251,0.880043325854083,0.863697246865427,1.0275634222537868,0.8705456837078758,1.1081947142843824,0.8725148329691793,1.1758328154442719,0.8809310107853,0.8578400795014635,0.9633713741444836,1.040460161980052,0.9583488426523529,1.0322292142157414,0.9888979749310717,1.0,1.0,-0.3987233340740204,-0.6628366112709045,-0.477062314748764,-0.656822144985199,-0.4659763872623443,-0.6636801362037659,-0.4456488192081451,-0.6610565781593323,-0.4060227870941162,-0.7187092900276184,-0.4706665277481079,-0.7047028541564941,-0.4651314616203308,-0.6998817324638367,-0.447125494480133,-0.6963012218475342
G,0.0,0.0,0.9301305179719795,0.9969988521327955,1.021343047822061,0.9020491727999347,1.118542327605484,0.8700028256510489,1.190646776295187,0.8360708394239327,0.902732290933757,0.9023289779223289,1.050516732064396,0.8974733121588745,1.1313264512840369,0.9022264778825947,1.2028932134722639,0.9091611718428869,0.8868287537376979,1.0092774432435772,1.064133379524724,0.9925960138429302,1.0425888779735628,1.0013379253097343,1.0,1.0,-0.4094973802566528,-0.695682168006897,-0.4863533675670624,-0.6744762063026428,-0.4697991609573364,-0.674745500087738,-0.4485635161399841,-0.6716473698616028,-0.4179091453552246,-0.747249960899353,-0.4823540449142456,-0.7230150699615479,-0.4693456590175628,-0.7185990810394287,-0.4468140006065368,-0.7199008464813232
G,0.0,0.0,0.9609262504835429,0.9987897809946648,1.0380361480233513,0.9187331525388949,1.1257595212056357,0.8973617497730354,1.1882770474811724,0.8814749048613961,0.9095297680156647,0.8850246279956224,1.0546488731191912,0.9027621674812522,1.1389660152667203,0.9070251386660697,1.2107221098124743,0.9115027352348618,0.8816809144188311,0.9851941519295104,1.0585316020794333,0.9989813795719384,1.038420026418243,1.0172259946025943,1.0,1.0,-0.4005623757839203,-0.6659316420555115,-0.4753247499465942,-0.6674441695213318,-0.4619934260845184,-0.6688999533653259,-0.4421795904636383,-0.6603491902351379,-0.4062402248382568,-0.7175394296646118,-0.4691978693008423,-0.712679386138916,-0.4593314826488495,-0.7078453302383423,-0.4390487372875213,-0.7022698521614075
G,0.0,0.0,0.9166295689389943,0.9944104626406678,1.0148867371816357,0.909070904763514,1.120567945071295,0.8833864543756065,1.1904216617077013,0.8441962565838068,0.9031869754228488,0.9434088550090037,1.055433174410012,0.9217807538006247,1.132536043687886,0.9164245885573317,1.1974287712446658,0.9150851851673047,0.8954355897292703,1.060792518960881,1.073433692617398,1.0117013377619644,1.0474796814462268,1.0077831580065368,1.0,1.0,-0.4231482148170471,-0.7165533304214478,-0.5013113021850586,-0.6762509346008301,-0.4844606518745422,-0.6684234142303467,-0.4621421694755554,-0.6635692715644836,-0.433605432510376,-0.7650390863418579,-0.4949216246604919,-0.7287617921829224,-0.4813659489154815,-0.7167840003967285,-0.4579483270645141,-0.7138217687606812
G,0.0,0.0,0.863551644296964,0.9992029621141004,0.9783180005943242,0.9259573449566502,1.0834886830766184,0.899796897237814,1.1598586003665001,0.8559484616158676,0.9140423332177704,0.9272261600051872,1.0697352780942004,0.9059223041504268,1.1404348472091528,0.9055303750801608,1.1904731068297758,0.9128183894582047,0.9056031152493687,1.034394902497783,1.079239017383983,1.0049140247690707,1.0473919072854243,0.99838928119208,1.0,1.0,-0.437860757112503,-0.7019025683403015,-0.5129115581512451,-0.676992654800415,-0.4952322542667389,-0.6700746417045593,-0.4744424223899841,-0.6702313423156738,-0.443669855594635,-0.7567116022109985,-0.5019470453262329,-0.7304061651229858,-0.4881070256233215,-0.7182007431983948,-0.4687326550483703,-0.7167471051216125
G,0.0,0.0,0.920697969030805,1.000361161445393,1.0178563900789457,0.9192635563672906,1.1214814260098904,0.9063615666742827,1.1931167453549585,0.895568204189377,0.9117176844691843,0.9048903846273595,1.0579802230475885,0.8967757479610424,1.137593899641958,0.9028975781586418,1.204926038609671,0.9162772206279707,0.8924029151283384,1.015864088337982,1.0685709526154736,0.9952032586917047,1.0454189430360958,1.0024852122589882,1.0,1.0,-0.4190147221088409,-0.6956486105918884,-0.4960200488567352,-0.6794927716255188,-0.4806103706359863,-0.6778602004051208,-0.4585476815700531,-0.6723113656044006,-0.4263625144958496,-0.750054121017456,-0.4891205430030823,-0.7315390110015869,-0.4763815104961395,-0.7230860590934753,-0.4530647099018097,-0.7191139459609985
G,0.0,0.0,0.9131063007219185,1.0154582873720124,0.9875921772751196,0.9445103671652956,1.0724055930329432,0.9354921389528603,1.1270836105890676,0.926429104385517,0.886100284682747,0.9076787840010936,1.032712883966768,0.9080049590762297,1.1131670296533147,0.9041337659551443,1.1836917409606162,0.9110769473202572,0.8702143966317042,1.0116329448217334,1.0489209021549561,1.0035743510198192,1.0330298686609811,1.0092619102316072,1.0,1.0,-0.4117232263088226,-0.6984129548072815,-0.490393191576004,-0.686011791229248,-0.4762446582317352,-0.6813693642616272,-0.4552560746669769,-0.6751720309257507,-0.420733094215393,-0.7521801590919495,-0.4838303923606872,-0.7330829501152039,-0.4755919277667999,-0.7216914296150208,-0.4562338888645172,-0.716314971446991
G,0.0,0.0,0.9228367971442561,1.0189844481079193,1.0163062655855597,0.9361343333638503,1.1179871266529202,0.9150183883954595,1.184493256554053,0.8763589264461404,0.8935484500905589,0.9159687031166268,1.0455281133863514,0.904088658272436,1.132177223817736,0.9009146478341553,1.2034188790535594,0.90838025585553,0.8798123644104562,1.025787816550565,1.0560936444425733,0.9864889795984111,1.040104823583321,0.9944117865685335,1.0,1.0,-0.4089924097061157,-0.7252199649810791,-0.4883211255073547,-0.6964238286018372,-0.4751504361629486,-0.6955342292785645,-0.452835351228714,-0.6952846050262451,-0.419602632522583,-0.7781631946563721,-0.485661119222641,-0.7508516311645508,-0.4761088788509369,-0.7394932508468628,-0.4546007215976715,-0.7361966371536255
G,0.0,0.0,0.9068287768981079,0.9906632084583967,0.9952208380549947,0.9104979115413067,1.0965331185393463,0.8909205347492459,1.1633337242092316,0.8655835355668317,0.8787909414766608,0.9585135513438253,1.0305170596847013,0.937221005834336,1.1149245549775486,0.9315450886459409,1.188859755263895,0.9341261380848472,0.8723597954609579,1.0743378204759795,1.045917015339916,1.030136282821616,1.034386283021119,1.0149285400440866,1.0,1.0,-0.4130731225013733,-0.7521728277206421,-0.492883026599884,-0.7137805819511414,-0.476623386144638,-0.7023170590400696,-0.4535148739814758,-0.6943238973617554,-0.4247475862503052,-0.796880304813385,-0.4901332259178161,-0.7624111175537109,-0.4786089658737182,-0.7485988736152649,-0.45563405752182,-0.7435368895530701
G,0.0,0.0,0.9157312334729,1.036770102254853,1.0147766372619924,0.9310556633641186,1.1188911535281065,0.8889603818688867,1.1898781050368534,0.8510581141872984,0.9056544798430183,0.9049659804680881,1.0545421695956414,0.8854418231060929,1.141873945299074,0.8840493534517834,1.217128476671098,0.88545781089793,0.887530127630505,1.0115281552673072,1.0651694924767117,0.9804733535207129,1.0452853899767531,0.9957028262012145,1.0,1.0,-0.3996748924255371,-0.6943297982215881,-0.4779858589172363,-0.6697377562522888,-0.4622423946857452,-0.6766887903213501,-0.438250184059143,-0.6765499711036682,-0.4100783467292785,-0.7490772008895874,-0.476036936044693,-0.7225182056427002,-0.4627232849597931,-0.7198266386985779,-0.4385012090206146,-0.7188349962234497
G,0.0,0.0,0.9313877537644977,1.0252857008584277,0.9940241349629793,0.9279963267789666,1.0813322829376861,0.8956410080641457,1.1509711623054193,0.8761883022488283,0.8829162538507827,0.8751772174684356,1.0108333282681077,0.8412566607670735,1.0987868300259171,0.8456663634253633,1.1620017700981324,0.8509268310805947,0.8553326650759214,0.9724682068605762,1.03555854418546,0.966808454102354,1.0340909721559706,1.001081249924913,1.0,1.0,-0.3895346224308014,-0.638780415058136,-0.4670862257480621,-0.6297079920768738,-0.4576301872730255,-0.6381662487983704,-0.4358817040920257,-0.6375328302383423,-0.398807942867279,-0.6944341063499451,-0.4624637961387634,-0.6764898300170898,-0.4565214514732361,-0.67484450340271,-0.4377342760562897,-0.6764127016067505
G,0.0,0.0,0.9192593736435911,1.037483308877495,0.9742460616628854,0.9354418240122342,1.0596134251272578,0.8937487016019062,1.13133255780187,0.8711165509905,0.8469771341616699,0.8509980169359889,0.9634508327761724,0.8009726574177078,1.0476524011874688,0.8114933916864114,1.1077795523954168,0.8274750740940532,0.8187065721007605,0.9459061296302173,0.9917048705472404,0.9319059708700825,1.0148226722735674,0.9866467939232864,1.0,1.0,-0.3821939527988434,-0.6116454601287842,-0.4590181708335876,-0.6006730198860168,-0.4580329358577728,-0.6219459772109985,-0.4415971338748932,-0.6281799674034119,-0.3893989324569702,-0.6673139929771423,-0.4528009593486786,-0.6504166126251221,-0.4535260498523712,-0.6533926129341125,-0.4389049112796783,-0.6563839316368103
G,0.0,0.0,0.8975053899997143,1.0235046249804989,0.9831261411227962,0.9111122218536577,1.0767077752064464,0.8700018226275422,1.1471458792607807,0.8291598191913087,0.8684549738485737,0.9038766429523133,1.0016415974232005,0.8864230404355726,1.0896291934397784,0.8849956352866751,1.1646380146710191,0.8930829517680244,0.8513074293767614,1.019739005794542,1.0295491407259456,0.9901117659443306,1.0302836142782845,0.9961293651550975,1.0,1.0,-0.397283673286438,-0.6684131622314453,-0.47660031914711,-0.6436276435852051,-0.4673070311546325,-0.6419596076011658,-0.4448880851268768,-0.6434059739112854,-0.4069425463676452,-0.7236716747283936,-0.4717916548252105,-0.6948902010917664,-0.4656314849853515,-0.683634340763092,-0.4462254047393799,-0.6826344728469849
G,0.0,0.0,0.9061188970826006,1.0162448639074773,1.0043465425183158,0.9213937401676894,1.1075089750552165,0.890051248774593,1.1763033826123195,0.8641827604819234,0.8883551876814664,0.8814226802920679,1.0390778950345922,0.872806355119698,1.1335030967287476,0.8756389597050663,1.2129088378805344,0.8909926445444719,0.8647513245458233,0.9930308782977667,1.0629409345591632,0.9800315437408038,1.0459975270109856,0.9992833837524961,1.0,1.0,-0.3770701885223388,-0.6857360005378723,-0.4570990800857544,-0.6695905327796936,-0.445469856262207,-0.6698504090309143,-0.4238352179527282,-0.6642217040061951,-0.38532155752182,-0.7432266473770142,-0.451578289270401,-0.7183010578155518,-0.4438949823379516,-0.7073799967765808,-0.4231744110584259,-0.7022300362586975
G,0.0,0.0,0.91614552802497,1.018131507411095,1.0026612161746815,0.9292561970186248,1.09676013516491,0.900219614863396,1.1560168169875364,0.8836903765641163,0.9020264674006918,0.8818612001914058,1.0514526313860981,0.8715234426075574,1.1458301772393014,0.8755765061692311,1.2252088539081287,0.8880518967780737,0.8799591504566323,0.9866850035177976,1.0688930074928074,0.9796755784860943,1.0467609436338898,1.0020209938714457,1.0,1.0,-0.3799638748168945,-0.6644465923309326,-0.4574749171733856,-0.6559972167015076,-0.4438966512680053,-0.6599245071411133,-0.4215865731239319,-0.6552910208702087,-0.389555275440216,-0.7215393781661987,-0.4529597163200378,-0.7051919102668762,-0.4435854852199554,-0.6997154355049133,-0.4223300218582153,-0.6975001692771912
G,0.0,0.0,1.0496186978975466,1.0221312890218375,1.013371734526613,0.9413911106819179,0.9728930898644506,0.9281364223585671,0.9512498112492386,0.940122033656014,1.0783235557882487,0.8834919426155153,1.0013054053786894,0.8489353515890836,0.9485160355488838,0.8441096842971297,0.9078317675967691,0.8489408643562723,1.090291547067708,0.9778881957587431,0.9811898575310958,0.9551816779950865,0.9798602511518483,0.9894236611009262,1.0,1.0,-0.7611160278320312,-0.6756370663642883,-0.6859978437423706,-0.6637166738510132,-0.6929061412811279,-0.6735330820083618,-0.7138504385948181,-0.6709300875663757,-0.755892813205719,-0.7318820953369141,-0.6952633261680603,-0.7125770449638367,-0.6988009810447693,-0.710387110710144,-0.7164837718009949,-0.7056188583374023
G,0.0,0.0,1.0468796455514116,1.0216705101821797,1.0138738387602968,0.9471514690361107,0.9756960834975115,0.9325456785257547,0.9545403905192317,0.9359123188332753,1.079783948631503,0.8815556661790949,1.0020607200448073,0.844147349444687,0.9495606980339941,0.8404192149203802,0.9092650792694036,0.8398510336801822,1.0913317523925754,0.9668506381542765,0.9859903714544813,0.9411239760553777,0.9818521692841474,0.9843806570168949,1.0,1.0,-0.7661078572273254,-0.6840251684188843,-0.6915304660797119,-0.6737366318702698,-0.6974120736122131,-0.6885759234428406,-0.7183724641799927,-0.6876493692398071,-0.7601263523101807,-0.7396379709243774,-0.6986436247825623,-0.720969021320343,-0.701141893863678,-0.7236115336418152,-0.7185555696487427,-0.7207902669906616
G,0.0,0.0,1.0513768477229208,1.0486715202831636,1.0244494486409648,0.9772587040838295,0.9927178171613283,0.9591262471840137,0.9619264953578267,0.9428795544854962,1.0942051637137735,0.915065829173735,1.015980374779199,0.8706485710505537,0.9588274637833647,0.8734350170484513,0.9165093371729239,0.8837069011123811,1.108029523401216,1.003922506473621,1.012589270044121,0.9595087375375901,0.9925649262482525,0.9819864583703667,1.0,1.0,-0.7549193501472473,-0.6959480047225952,-0.6903789043426514,-0.6757937073707581,-0.6836785078048706,-0.6800643801689148,-0.6984073519706726,-0.6786136627197266,-0.7501494884490967,-0.7516772747039795,-0.7000179886817932,-0.7337233424186707,-0.6868391633033752,-0.7233099341392517,-0.6916483044624329,-0.7157652378082275
G,0.0,0.0,1.0867517905898785,1.0733056947246717,1.0670878613660766,0.9969538966093113,1.0379264356561397,0.9626926012408091,1.0116987207210422,0.9441541414462001,1.1393375478498267,0.9256562988823649,1.0664401682998075,0.8716200796475558,1.0087676093233024,0.8753371230154232,0.9698799419424643,0.8862334980692647,1.1572111336878466,1.0083645046964853,1.068294689409842,0.9633822440358791,1.0177772296179481,0.9838162060861614,1.0,1.0,-0.767967700958252,-0.6982120871543884,-0.7059804797172546,-0.676739513874054,-0.6862767338752747,-0.6835393309593201,-0.689731240272522,-0.6879048347473145,-0.7598480582237244,-0.7572205066680908,-0.7114236354827881,-0.7359135746955872,-0.6946548223495483,-0.7283759117126465,-0.695969820022583,-0.7236313223838806
G,0.0,0.0,1.0874068060355024,1.0735826318053836,1.066456198455598,1.001079059194277,1.0356797059757656,0.970893668363314,1.0053060908273628,0.9523534694798266,1.1334963134885985,0.923131839833584,1.060982428881346,0.8742677065431341,1.0052243138128372,0.8813285938412825,0.9675648329426508,0.8937723174872026,1.1532267219307122,1.005646720018031,1.0652169897486414,0.9673294721517649,1.0169533076560682,0.9861599616689908,1.0,1.0,-0.7661831974983215,-0.7077508568763733,-0.7048145532608032,-0.6889369487762451,-0.6860178112983704,-0.6960971355438232,-0.6902023553848267,-0.701296329498291,-0.759270191192627,-0.7679427862167358,-0.7106931209564209,-0.7473382353782654,-0.6922860741615295,-0.7392213940620422,-0.6919184327125549,-0.7350748777389526
G,0.0,0.0,1.0739212321170557,1.072730651031655,1.0475098940020382,0.9981185523041224,1.0125203744317364,0.9686912314900132,0.9843522770350678,0.952722781569682,1.1174683008067066,0.9119569726712023,1.0394205129517498,0.86379928690129,0.9829854069170393,0.8711683537380182,0.9434942304284805,0.8848082792822632,1.1356873618441519,0.9958671068369752,1.0437628669843928,0.95086946624994,1.0066693804534563,0.9807882482701202,1.0,1.0,-0.7637701034545898,-0.6867411136627197,-0.6997157335281372,-0.6653928756713867,-0.6866259574890137,-0.6766164302825928,-0.6961511969566345,-0.6823864579200745,-0.7577195763587952,-0.7463650703430176,-0.7069072723388672,-0.7226917743682861,-0.6919261813163757,-0.7159583568572998,-0.6952756643295288,-0.7115560173988342
G,0.0,0.0,1.0686395777130724,1.0610360997352484,1.041699813299391,0.9817896753643954,1.0052925785803994,0.9557697229350646,0.9748364257675,0.9344143623406952,1.1073418500819454,0.8981189765424513,1.0246416467669537,0.8531434014471465,0.9663946824118452,0.8562015579595366,0.9248751809278147,0.8658542080427984,1.125852543126996,0.9891109130499702,1.0252918781011169,0.9450429091204668,0.9982598897818729,0.9789121495653721,1.0,1.0,-0.7617368698120117,-0.6633197665214539,-0.6919925808906555,-0.6399191617965698,-0.6869495511054993,-0.6549513339996338,-0.704711377620697,-0.6648560762405396,-0.7552171945571899,-0.721318244934082,-0.6976889967918396,-0.6957781314849854,-0.6880878210067749,-0.6918769478797913,-0.6984707117080688,-0.6905717849731445
G,0.0,0.0,1.0336775005406058,1.1052465605253217,1.0062528223620324,1.0185533641086095,0.9753587646746175,0.9617337643340373,0.9341521235929262,0.9180783280415883,1.1236875045235497,0.9087887657633112,1.0692502962786339,0.8500423036352397,1.0170950440543793,0.8463906404344227,0.9799093558331924,0.8584775575264799,1.1524244672645967,0.9760585844298681,1.085927508644143,0.933464210454241,1.0261234055458388,0.9651505190634497,1.0,1.0,-0.7791117429733276,-0.6640734672546387,-0.7282798886299133,-0.6461789608001709,-0.6948027014732361,-0.6593108773231506,-0.6826944947242737,-0.6730502843856812,-0.7751190066337585,-0.7235329151153564,-0.7332774996757507,-0.7106921672821045,-0.7101060748100281,-0.7080467939376831,-0.7027131915092468,-0.7075090408325195
G,0.0,0.0,1.0409473993860576,1.1073318925681408,1.0137518037161757,1.012325441906979,0.9801682927594927,0.9509154144785656,0.9383976475061541,0.903239034304862,1.1284791749482121,0.8974287697010092,1.056160517424489,0.8595893380834494,0.9990483644601866,0.8683260815411601,0.9599416285524522,0.8854821337937073,1.1562909705024726,0.9692315184126399,1.0734123505926911,0.945282211899216,1.02118817587551,0.9732739263875593,1.0,1.0,-0.7868511080741882,-0.6654790043830872,-0.730252742767334,-0.6519925594329834,-0.7020596861839294,-0.6662116646766663,-0.6941279768943787,-0.6775643229484558,-0.7829573154449463,-0.7279459834098816,-0.7402386665344238,-0.7162567973136902,-0.7169122099876404,-0.710975170135498,-0.7081494331359863,-0.7071385383605957
G,0.0,0.0,1.06593282977367,1.057229676314544,1.0252549564501308,0.9622718622489104,0.9777374483259773,0.9376977005150002,0.939452259447209,0.9264197361289057,1.0923781037011815,0.9135161445069772,0.9995647552072947,0.8763839328445847,0.9403702584503719,0.8703643214587568,0.8976393241647617,0.8703925785915541,1.1029278625435492,1.0081422647455685,0.9908769007747736,0.9752174653033754,0.9841298749116622,0.9950259025276754,1.0,1.0,-0.7597641348838806,-0.7066038846969604,-0.6829051375389099,-0.6804866194725037,-0.6880879402160645,-0.6893668174743652,-0.7094662189483643,-0.691148042678833,-0.7510543465614319,-0.7650266885757446,-0.6893077492713928,-0.7345021963119507,-0.6847211718559265,-0.725253701210022,-0.6955020427703857,-0.7180432081222534
G,0.0,0.0,1.16522362398752,1.1099323831390333,1.1201592796810658,1.0082449016496797,1.057431849377638,0.9829674968070828,1.0010415017263106,0.9691308163811845,1.1965041857763246,0.9646187247616232,1.1064489532045667,0.9046937237200532,1.0442781585394991,0.8986417827110391,0.9973895934151906,0.9004621419547302,1.2077928052431124,1.0549595432495864,1.099876511400209,0.9967263672663911,1.0373737591410142,0.9922662802827279,1.0,1.0,-0.7625220417976379,-0.7008709907531738,-0.6961823105812073,-0.6635738015174866,-0.6898857355117798,-0.6687622666358948,-0.7019244432449341,-0.6818739771842957,-0.7482181787490845,-0.7546428442001343,-0.6917865872383118,-0.7167699933052063,-0.685750424861908,-0.7072997689247131,-0.6987546682357788,-0.7078455090522766
G,0.0,0.0,1.0522584763360983,1.0515940723710213,1.0179347011063222,0.9547220047309998,0.9704258166899536,0.9105615120492652,0.9285115971723722,0.8518823488146854,1.09828759708248,0.9208457039323419,1.0091587171866512,0.8912968498722208,0.9501047373613964,0.903741465040989,0.905586151071597,0.9178441364869309,1.112859552535716,1.0107331918257496,1.0061924479327606,0.9854188164353969,0.992242217951383,0.9943859921069544,1.0,1.0,-0.76692134141922,-0.7032633423805237,-0.6927725076675415,-0.6868811249732971,-0.6924628615379333,-0.6867117285728455,-0.708931565284729,-0.6841363310813904,-0.7611718773841858,-0.7619908452033997,-0.700300931930542,-0.7423018217086792,-0.6926044821739197,-0.7278404235839844,-0.7018448114395142,-0.7168017029762268
G,0.0,0.0,1.0310436151835056,1.0210874893554798,1.0017264954950402,0.9562180928235389,0.9677899133606901,0.9485534096011349,0.9374137183266626,0.9390678521525216,1.0674207045403492,0.8899880479586997,0.981159593731532,0.8642361458219097,0.9257035895951419,0.8604814965209563,0.8840374310345828,0.8660622294747021,1.079929197621542,0.9821979522821914,0.9795927206462336,0.9581083961316236,0.9800869782342482,0.9859302369759171,1.0,1.0,-0.7647385597229004,-0.7157081961631775,-0.6927785277366638,-0.6992849111557007,-0.6982839703559875,-0.7047427296638489,-0.7193684577941895,-0.7022018432617188,-0.7602789402008057,-0.7705255746841431,-0.701200544834137,-0.7489191293716431,-0.6950860023498535,-0.7374134659767151,-0.704697847366333,-0.7297661304473877
G,0.0,0.0,1.046780112423713,1.0321319227676624,1.0154040950311212,0.9609743132868398,0.9783283752904991,0.9475330970716096,0.9477258362959905,0.9313195633171204,1.0777824343835034,0.8925730601803411,0.9953743755720411,0.8614600981821419,0.9381796628033967,0.856806916966919,0.895604894495412,0.8616712415925704,1.0910310893933344,0.9831791211180623,0.9919776602634197,0.9506571986860404,0.9841181982052795,0.9838819596151517,1.0,1.0,-0.7666133642196655,-0.7052005529403687,-0.697004497051239,-0.6867026090621948,-0.6980753540992737,-0.696100652217865,-0.7183187007904053,-0.6975134611129761,-0.7611566781997681,-0.7601856589317322,-0.7033786773681641,-0.7363255620002747,-0.6941428780555725,-0.7260720729827881,-0.7026644349098206,-0.7186764478683472
G,0.0,0.0,1.0517816325235494,1.0440167709839527,1.0152465897507872,0.9489033615888486,0.9681466037258514,0.9087056066100774,0.9253005451301348,0.8548332779081833,1.091830026956308,0.9042256158840837,1.0049744899486446,0.874760835739115,0.947590259328954,0.8767148703445855,0.9052365779942858,0.8824483009913979,1.1060492698841473,0.9928395169519335,0.9992379570269342,0.9638759476921096,0.9879626289336513,0.9883255924606144,1.0,1.0,-0.769707202911377,-0.7092489004135132,-0.697187602519989,-0.6913524270057678,-0.6977197527885437,-0.6966144442558289,-0.7159408330917358,-0.6966651082038879,-0.7638557553291321,-0.7672180533409119,-0.7043707370758057,-0.7439227104187012,-0.6924000978469849,-0.7316539287567139,-0.6972271203994751,-0.7239577174186707
G,0.0,0.0,1.0732964559767086,1.0567542746841998,1.041189397893998,0.9745141856053011,0.9963026784624792,0.9486098878207072,0.9567917119300614,0.9196834157875567,1.1152197414715723,0.9246961411460481,1.02625457543431,0.8899384980363507,0.9673624555130902,0.8965384783855043,0.9238765558399656,0.9062580537679387,1.1307236851996303,1.015009561035094,1.0262493308826126,0.9853697503092322,1.0016626977064875,0.9943205164190602,1.0,1.0,-0.7697635293006897,-0.7184239029884338,-0.6977517604827881,-0.7005051970481873,-0.6957606077194214,-0.7036818265914917,-0.7121127247810364,-0.703690230846405,-0.7629824280738831,-0.777758777141571,-0.70513516664505,-0.7575226426124573,-0.695525050163269,-0.7442833185195923,-0.7032038569450378,-0.7339292168617249
G,0.0,0.0,1.0627246805912627,1.0830755443181688,1.0388281994828275,1.0024611789298499,1.0028192625874537,0.964124615551373,0.962197266625144,0.9418459642811514,1.135033623244719,0.9061478815609555,1.0509412706373407,0.8751728784972859,0.9871711684467639,0.8901971513273977,0.9437385250430428,0.908768296812033,1.1560374372050357,0.986676482825385,1.0734417464483401,0.9593459428634006,1.0225088272280811,0.9828643094228047,1.0,1.0,-0.7848066091537476,-0.692507266998291,-0.7226304411888123,-0.6788215637207031,-0.7032484412193298,-0.693901538848877,-0.7054734826087952,-0.6999459266662598,-0.7779932022094727,-0.7518362402915955,-0.7273372411727905,-0.7336731553077698,-0.7144271731376648,-0.7334166169166565,-0.7198648452758789,-0.7302297353744507
G,0.0,0.0,1.0283994782384849,1.1031310305523958,1.0040518112520582,1.0047018862941837,0.9760390714117009,0.9395846312972911,0.9459170682581235,0.8824279900346722,1.1248617332844622,0.9232477391712811,1.0670341971150072,0.8797922852943119,1.0118039471906912,0.884353593080426,0.9732309620113354,0.8974405794945851,1.1504350463058617,1.0018692578137747,1.0836413354735495,0.9695703495832729,1.0273314336894541,0.9820755762201114,1.0,1.0,-0.8003982901573181,-0.6903727054595947,-0.750838577747345,-0.6744431853294373,-0.7215859889984131,-0.680653989315033,-0.7111958265304565,-0.6885292530059814,-0.7941096425056458,-0.7510626316070557,-0.7531499862670898,-0.7385295629501343,-0.7296411395072937,-0.7305823564529419,-0.7198958992958069,-0.7245999574661255
G,0.0,0.0,1.0121761302292769,1.007678870715055,0.9921522205005424,0.9141233288559517,0.9498653044065096,0.8658390047682331,0.9117931775925363,0.8217763574217142,1.0833510942573048,0.8861593047952468,1.000730502735562,0.8670002035790867,0.9441016540924748,0.8734533550054223,0.9042708704143464,0.8771254191496439,1.0925921165576498,0.9708246888627298,0.9903788396948353,0.9585380372836675,0.9825147092989581,0.9894318853070402,1.0,1.0,-0.7948610782623291,-0.7459779977798462,-0.7203097939491272,-0.7328734397888184,-0.7207324504852295,-0.7405634522438049,-0.7379658818244934,-0.7360348701477051,-0.7827627658843994,-0.8036420345306396,-0.7235814332962036,-0.7852391600608826,-0.7176144123077393,-0.7725762128829956,-0.7265333533287048,-0.759357750415802
G,0.0,0.0,1.0499311134892448,1.0372874484949237,1.0079908185771278,0.9565283686377039,0.9634256762934965,0.9426513437823982,0.92844329822062,0.9341447018886279,1.0682465317731893,0.893723193673015,0.9798542484960535,0.8721929126376042,0.9224865258918509,0.8703720571113246,0.8797292117064308,0.876237812473598,1.0812808314959013,0.9877157541068902,0.9714411671522911,0.9695946175030482,0.9765064032489394,0.9972062682660555,1.0,1.0,-0.7721325159072876,-0.705913782119751,-0.6960964798927307,-0.6914327144622803,-0.7040424942970276,-0.6989641189575195,-0.725919783115387,-0.6946975588798523,-0.7670250535011292,-0.7614618539810181,-0.7049413323402405,-0.7407161593437195,-0.7016890048980713,-0.7326404452323914,-0.7127042412757874,-0.7234721779823303
H,0.0,0.0,0.6252319847315588,1.0315796364768535,0.7234480712029165,0.9855928913961584,0.8122148264136141,1.0438651538511896,0.8691852710918534,1.0908305794091524,0.7069492688244211,0.919729334485935,0.8458012731116394,0.9225740337811263,0.9210656932070002,0.9245346937744561,0.98128990541382,0.9252306878650528,0.6975360876214437,1.0389031933149102,0.8481836616010413,1.0194432975129886,0.932295191821965,1.006076210888993,1.0,1.0,-0.3953702449798584,-0.6692045331001282,-0.4735558629035949,-0.6581758856773376,-0.4556093215942383,-0.6465723514556885,-0.429929107427597,-0.643341600894928,-0.3971008360385895,-0.7289081811904907,-0.4608927369117737,-0.7060352563858032,-0.4510276913642883,-0.6888355612754822,-0.4301520586013794,-0.6849851012229919
H,0.0,0.0,0.6322323369114918,1.009213564698395,0.7310769931129185,0.9681774401597617,0.8162929259684092,1.0307403094251857,0.8666850233234457,1.0802721973331,0.7143581399023206,0.9028561834793082,0.8507842989303044,0.9127029874550192,0.9242209485583528,0.9190927139157902,0.9833145493736052,0.9239852913404144,0.7024468617516545,1.0207529454411395,0.8500418340009332,1.0092302099625399,0.9332863369569319,1.0012461343428993,1.0,1.0,-0.3999889194965362,-0.6603437662124634,-0.4771178960800171,-0.6531508564949036,-0.4591760635375976,-0.6421037912368774,-0.4336669743061065,-0.6394215226173401,-0.4014981389045715,-0.7196248173713684,-0.4649197161197662,-0.6974202394485474,-0.4544093906879425,-0.6829344630241394,-0.4331415891647339,-0.6829394102096558
H,0.0,0.0,0.6454336716566086,0.99756011333616,0.7400586159524973,0.9537504300384372,0.8232923672885154,1.0241607371838648,0.871193345215496,1.0837017114836989,0.7202415740474674,0.8843064969553872,0.8563225487135172,0.8991546503337178,0.926770665629688,0.9137176620002795,0.9840369782070807,0.9254765657259069,0.7008414713302255,0.9938706903616361,0.8478378103451882,0.991306493392353,0.9323953565508553,0.9935038957820405,1.0,1.0,-0.3990016579627991,-0.6673800349235535,-0.4819652438163757,-0.6689362525939941,-0.4635633826255798,-0.6590936183929443,-0.4361122846603393,-0.6516849994659424,-0.4000076651573181,-0.728762149810791,-0.4663864374160766,-0.7166173458099365,-0.4554250836372375,-0.7004534006118774,-0.4332372844219208,-0.6914638876914978
H,0.0,0.0,0.6977822272630443,1.0208548362624608,0.7751431922619259,0.9692406140822757,0.8504408197568074,1.0365344864617756,0.8822299168875727,1.1028858753588748,0.7438210280906745,0.8584309216554448,0.860470759002241,0.8724707333557968,0.9304634665689014,0.8970614141390256,0.9908774394736742,0.911689810025439,0.7069149830558769,0.9562867372494773,0.850522023261397,0.9697784582522971,0.9340220756722395,0.9887640914384351,1.0,1.0,-0.4034401774406433,-0.6503871083259583,-0.4875816106796264,-0.6703562140464783,-0.4779056906700134,-0.6781602501869202,-0.452873557806015,-0.6747286915779114,-0.4049688875675201,-0.7120046615600586,-0.4780046343803406,-0.7228983640670776,-0.4719496369361877,-0.7196720838546753,-0.4498354494571686,-0.7115992903709412
H,0.0,0.0,0.6508603940759721,1.0242884907368244,0.7357168620118534,0.9799255251706209,0.8100766761117171,1.0365296895932279,0.857407728013327,1.0945266699392047,0.7256582680739984,0.9508635276842374,0.8548529476828849,0.9337854663336466,0.9245506868340614,0.9269795234637546,0.9799532171842208,0.9246040367006592,0.7245149072134408,1.0715675383352778,0.8642230724691209,1.03007134442911,0.9395360960586632,1.0084953283474618,1.0,1.0,-0.4504125416278839,-0.7008872628211975,-0.5240294337272644,-0.6705546975135803,-0.5056766867637634,-0.6541721820831299,-0.4799540340900421,-0.6535221338272095,-0.4530351758003235,-0.756609320640564,-0.5080631971359253,-0.7174268364906311,-0.4962545037269592,-0.698813796043396,-0.4764244258403778,-0.7015467882156372
H,0.0,0.0,0.6462469165598035,1.0086733690797658,0.7258956146393089,0.9301446043132057,0.8041765518627088,0.9393913749304018,0.8554072720015258,0.9697049758270383,0.7294463943789538,0.9611317146470758,0.8571343064465624,0.9367106505001008,0.9271233227884826,0.9305421461998473,0.9795713005309378,0.928373829730911,0.7361481194503129,1.0865743437901367,0.872409616734422,1.0438203238645365,0.9474297143074897,1.0169210215753164,1.0,1.0,-0.4614612162113189,-0.6914318799972534,-0.5256093740463257,-0.6483012437820435,-0.5140368938446045,-0.6246457695960999,-0.4918647110462188,-0.620414137840271,-0.4675793945789337,-0.7369383573532104,-0.5146169066429138,-0.6836455464363098,-0.5048995614051819,-0.6593613624572754,-0.4871324300765991,-0.6591461896896362
H,0.0,0.0,0.6641740392943472,1.0071884767654542,0.751120321476433,0.968345432343596,0.8250895746564659,1.0356821370632956,0.8663861166267326,1.0898173930036323,0.7341708407155952,0.9091820476260883,0.8594242943617342,0.9146714242435835,0.9277884236498288,0.9196174569021226,0.9823634992066176,0.9268314723845821,0.7227760002543449,1.0248416237661027,0.8620638925739984,1.0089652270205829,0.9398492814277223,0.9992784020000848,1.0,1.0,-0.4449486434459686,-0.6590936183929443,-0.5244175791740417,-0.6529688835144043,-0.5065475702285767,-0.6408366560935974,-0.4802133738994598,-0.6367766261100769,-0.4460768401622772,-0.7199113368988037,-0.5089355111122131,-0.6998491287231445,-0.4971037805080414,-0.6847549080848694,-0.4747476279735565,-0.6823408603668213
H,0.0,0.0,0.6731768382344253,1.0487378714492255,0.7604114078080906,0.9983376200464209,0.838701471154611,1.065303565722746,0.872851826006964,1.1036889987018588,0.7365034225078229,0.9181619544458962,0.8632217648027106,0.9132277525918006,0.9305541225644511,0.9230155892938682,0.9862932322477342,0.9314809249176667,0.7165927932405174,1.0315168847986722,0.8560391648939145,1.005154073853792,0.9364638653900226,0.9984466596855989,1.0,1.0,-0.4304881989955902,-0.6542652249336243,-0.517708957195282,-0.6462236642837524,-0.5009774565696716,-0.6425514817237854,-0.4733166396617889,-0.6398133039474487,-0.4342902898788452,-0.7183672785758972,-0.5040608048439026,-0.7013343572616577,-0.4934220612049103,-0.6882407069206238,-0.4700919389724731,-0.6823562383651733
H,0.0,0.0,0.7048632395114739,1.1285844810198564,0.7757127886786798,1.0428426680759588,0.8603957376545908,1.089882976415486,0.908277065834545,1.1531076111818002,0.7295883771986298,0.9782100010139906,0.8524496157574816,0.9375841820060189,0.9211996144901575,0.9320738612772329,0.9801273447776414,0.9239089153529514,0.7179311755839981,1.1019921189498427,0.85645932771804,1.0471433271914372,0.9364600211977693,1.0194371952696422,1.0,1.0,-0.4264208674430847,-0.6797844767570496,-0.5106220245361328,-0.6496918797492981,-0.4948357939720154,-0.6521642208099365,-0.4668323993682861,-0.6602597236633301,-0.4386499226093292,-0.7392939329147339,-0.5062254071235657,-0.7057301998138428,-0.4951363205909729,-0.6987442970275879,-0.4709450602531433,-0.7013000845909119
H,0.0,0.0,0.6565222791947026,1.0291926000915455,0.7409400413380499,0.9601772789459537,0.81718957516381,0.9853666129454665,0.8669200399060885,1.0107133257427574,0.7265506489460135,0.9485330743567636,0.8544224396215845,0.9292102861808124,0.9238819096070446,0.9204577521132746,0.9802875173881025,0.9200782571399088,0.7242856223996524,1.0721026243700915,0.8571989301202848,1.0372295730488759,0.936526148244195,1.010561121876434,1.0,1.0,-0.4418696165084839,-0.6971622109413147,-0.5145427584648132,-0.6655322313308716,-0.4980077445507049,-0.6472296714782715,-0.4727924764156341,-0.647533118724823,-0.4483742117881775,-0.750214159488678,-0.5047873258590698,-0.706225574016571,-0.492819219827652,-0.6855869293212891,-0.4713700115680694,-0.6869376301765442
H,0.0,0.0,0.6577898053902328,1.019247857028538,0.752970395781459,0.9725842869591625,0.8362785511705989,1.0270013921824033,0.8894403257008971,1.073715452581487,0.7351197855323757,0.9061963640745118,0.8606428233265881,0.8942139690126589,0.9317576670919637,0.8942232952519042,0.9869037438375025,0.8973833359829143,0.723258872221282,1.0260756289395991,0.8627282988455661,1.0108523121408661,0.9405527227140397,1.0017113113024694,1.0,1.0,-0.4326792061328888,-0.6384850740432739,-0.5095330476760864,-0.631872832775116,-0.4916675984859466,-0.6214402914047241,-0.4654119908809662,-0.6165184378623962,-0.4334937930107116,-0.6997179985046387,-0.4964289367198944,-0.6793938279151917,-0.4846682548522949,-0.6644254922866821,-0.4620429873466491,-0.659645140171051
H,0.0,0.0,0.6794820317512197,1.111306526806393,0.7648839509740024,1.0309646861153257,0.8496203662940816,1.0847901378205043,0.8910161965433124,1.149119234182783,0.7268906265935237,0.9592898938634788,0.8564642975800905,0.9126317491379975,0.9265256997902929,0.9040694259551673,0.9849481193248905,0.897289326831334,0.7126714408658722,1.0943744508957396,0.8525836518130855,1.041540329386194,0.9356512131946643,1.0157239460614405,1.0,1.0,-0.4178302884101867,-0.6394494771957397,-0.502253532409668,-0.6124498844146729,-0.4861124455928802,-0.6079421043395996,-0.4575004279613495,-0.6082978248596191,-0.4260297417640686,-0.7000927329063416,-0.4939281940460205,-0.6654101610183716,-0.4828633069992065,-0.6541327834129333,-0.4585172832012176,-0.652164101600647
H,0.0,0.0,0.6707221906430977,0.9903423529958353,0.7600749374941802,0.9464964142546199,0.8350867854566781,1.022862797573913,0.8675016593103742,1.0946167140178493,0.7524325797824024,0.8420434453310799,0.875078001981841,0.8729824977405551,0.941645781758049,0.8933863685572953,0.9960774160859494,0.9083904184640683,0.7287535308119492,0.9459708906376149,0.8653065847669847,0.9655789701139672,0.9409322236982678,0.9850762688612136,1.0,1.0,-0.4285979270935058,-0.5800982117652893,-0.5042943358421326,-0.6074894070625305,-0.4854724705219269,-0.6090993881225586,-0.4603866040706634,-0.5991029143333435,-0.4239133596420288,-0.6434530019760132,-0.4868554472923279,-0.6564374566078186,-0.4740408360958099,-0.6514573693275452,-0.4516769349575043,-0.6410871148109436
H,0.0,0.0,0.6810254285436907,1.1187685553000208,0.7605411896365484,1.0368378748809441,0.8421633146037268,1.0838031686296374,0.8857807714380397,1.1493007642809023,0.7306735981366792,0.9389998141566195,0.8555990968498295,0.9131419146514274,0.9261044521354578,0.9170569377656979,0.9827534897324426,0.9181636350965224,0.7124304091416099,1.0595833623713615,0.8513969170497039,1.0224159639463841,0.9357319641345173,1.0088164099704973,1.0,1.0,-0.4131634831428528,-0.6124464869499207,-0.4920379519462585,-0.608999490737915,-0.4752651154994964,-0.6132185459136963,-0.4478242695331573,-0.613303542137146,-0.4180937111377716,-0.6757678985595703,-0.4821491837501526,-0.6574735641479492,-0.471021294593811,-0.6540611982345581,-0.4486273229122162,-0.6527230739593506
H,0.0,0.0,0.6915328474113502,1.1629453700110055,0.7685582272023428,1.0742887015061036,0.8520887776178521,1.1172253728406953,0.8897205727868503,1.1794379966980115,0.7223977754739539,1.0208059672282264,0.8547644917075589,0.9592889185173473,0.9241706367011834,0.941396142121062,0.9821374669369805,0.9269929179149559,0.7153826675347502,1.1546149861699475,0.8551223907827743,1.0687769576664035,0.9363182271599628,1.0243153978761605,1.0,1.0,-0.4087358117103576,-0.6736665368080139,-0.4905065298080444,-0.6296494007110596,-0.4764603972434997,-0.6282416582107544,-0.4507204890251159,-0.6381370425224304,-0.4221149384975433,-0.7304328680038452,-0.485853910446167,-0.6826441287994385,-0.4751443266868591,-0.6718302965164185,-0.4522740244865417,-0.677445650100708
H,0.0,0.0,0.7128162451638268,1.2363659711759207,0.7768569102229426,1.130367272163946,0.8494472040545308,1.144174140702115,0.8794087292764561,1.1997977561733468,0.7278485671535961,0.967921840661535,0.8456993576377413,0.9218992344776439,0.9187598021836711,0.9234175491718617,0.9790208589610093,0.9183740844572301,0.7020560549703455,1.091838906823327,0.8458960451327517,1.031961756450237,0.9326585153130819,1.014749546183527,1.0,1.0,-0.3899157047271728,-0.5941337943077087,-0.4722528755664825,-0.5886555314064026,-0.4629528522491455,-0.6121432781219482,-0.4393663108348846,-0.6230213642120361,-0.3976126611232757,-0.6520441174507141,-0.4673930406570434,-0.6395448446273804,-0.4615885019302368,-0.6476571559906006,-0.4412310123443603,-0.650902509689331
H,0.0,0.0,0.7348142290506128,1.1897269657981908,0.8020694247044876,1.0981818284373581,0.8644063042350846,1.1062237207797634,0.8758639914575753,1.1594268875238505,0.7566519406999161,0.905205672557082,0.8639266575570529,0.8917223562961958,0.9317715386508647,0.9068924898819751,0.9867588623120351,0.9139142070454427,0.7206073654579731,0.9978305046186091,0.8535989898578743,0.9852868682308294,0.9362467998070657,0.9953558321434325,1.0,1.0,-0.3998453319072723,-0.5698646306991577,-0.4798357188701629,-0.5933202505111694,-0.4716910421848297,-0.6219578385353088,-0.4487442672252655,-0.6294914484024048,-0.4013451337814331,-0.6284850835800171,-0.4711031019687652,-0.6451942324638367,-0.4670890271663666,-0.6575647592544556,-0.4474162757396698,-0.6564626693725586
H,0.0,0.0,0.6874186849875639,1.0653156459334798,0.7635572258184669,1.004840758272322,0.8353714286346032,1.0455863833540697,0.8709048515985005,1.085504533008757,0.7527542201894705,0.8461942075639145,0.867401138784556,0.8623249519242722,0.9344101865668529,0.8975979431479522,0.9879855043317252,0.9254163049952275,0.7197284529601855,0.9365543080067841,0.8568691957601667,0.9531380830026495,0.9367908539436895,0.980609618604631,1.0,1.0,-0.4173795282840729,-0.5815867185592651,-0.4958646595478058,-0.6148101091384888,-0.4801415205001831,-0.6284023523330688,-0.4539783000946045,-0.623093843460083,-0.4153524935245514,-0.6422673463821411,-0.4825620949268341,-0.6620327830314636,-0.4729178547859192,-0.664262056350708,-0.4509035646915436,-0.6555007100105286
H,0.0,0.0,0.6642086208036512,1.0802204150958856,0.7487272340465358,1.0220968297825408,0.8280541980067472,1.0695026483096208,0.8815892161911307,1.1141239399181029,0.7359943414509849,0.9683039592361924,0.8648787444437724,0.9356869761218137,0.9317806103620846,0.9215813682512546,0.9833624891980063,0.9109471025527608,0.7363278987660342,1.0979773872341825,0.8708657686667056,1.0414794980815003,0.9440967198469773,1.014305593843765,1.0,1.0,-0.4395736157894134,-0.6317645907402039,-0.5103745460510254,-0.6013651490211487,-0.4930832982063293,-0.5914812684059143,-0.4687617421150207,-0.5926719307899475,-0.4444119334220886,-0.688353419303894,-0.4977060556411743,-0.6491684317588806,-0.4853101670742035,-0.6365839242935181,-0.4662070274353027,-0.6405770182609558
H,0.0,0.0,0.6470265447647728,1.033001436356187,0.7324586204498532,0.9833893327326794,0.8023945206334003,1.0447247719196933,0.8479580523880225,1.1022458577488263,0.7413949887952097,0.9434127573471501,0.8684034721069037,0.909342018754396,0.9365721669025785,0.8921112029767128,0.98894155314176,0.8808064982919458,0.7431724931543718,1.0629298680766885,0.8772584295363511,1.026475116861289,0.9468868318628201,1.0090098098649398,1.0,1.0,-0.4523980319499969,-0.6354612112045288,-0.5219752788543701,-0.614790141582489,-0.5022143125534058,-0.6010761857032776,-0.4766812920570373,-0.5967125296592712,-0.4519226551055908,-0.6911572813987732,-0.4970769882202148,-0.6588453054428101,-0.4836557805538177,-0.6442831158638,-0.4661856591701507,-0.6432505249977112
H,0.0,0.0,1.3897652862005219,1.0590133496672491,1.293005019091553,0.9690980816497419,1.1987762184902988,1.0034963502414962,1.1367094498868329,1.0691647170133034,1.2970797914614973,0.9075119797345524,1.1523131230670882,0.8916986436981059,1.0823504638988235,0.9006442282749516,1.0250539919487207,0.9112558204082499,1.2943326811105929,1.0486620885772517,1.1385925810743103,1.0177393042339569,1.0601465989391663,1.0026835025186733,1.0,1.0,-0.712131142616272,-0.5737034678459167,-0.6331734657287598,-0.551146924495697,-0.6510462164878845,-0.5442150831222534,-0.6746452450752258,-0.5498690605163574,-0.7096565365791321,-0.6352401375770569,-0.6472422480583191,-0.6033624410629272,-0.6587061285972595,-0.5916774868965149,-0.6777377128601074,-0.5932633876800537
H,0.0,0.0,1.3488027348262308,1.1920541657392616,1.2637996899691726,1.0788099740880395,1.171814454078804,1.108277609731866,1.107955583079463,1.1628808654168663,1.273027704876126,0.9922756575912048,1.1401788901880412,0.9392640102741988,1.0744382489200157,0.9295642108617439,1.0230313007734502,0.9231985814015723,1.2649575193089766,1.14058896812723,1.1243971168144853,1.0595866548512667,1.054161157503973,1.0219270099323599,1.0,1.0,-0.7538134455680847,-0.573805034160614,-0.6752764582633972,-0.5428648591041565,-0.6939249634742737,-0.5456610321998596,-0.7169725298881531,-0.5556533336639404,-0.7480677962303162,-0.6364699006080627,-0.6848254799842834,-0.5998200178146362,-0.69612717628479,-0.5951828956604004,-0.7155481576919556,-0.6000609993934631
H,0.0,0.0,1.3513263686436636,1.1000526973449882,1.2673302586022597,0.9947438899301845,1.1847116706893817,1.0030926237341447,1.1265786292826523,1.057258365885987,1.2659270543562018,0.929825310491005,1.1322982917176838,0.911581470192669,1.0677392316204504,0.9214020072676598,1.0168068874342007,0.9266588472175997,1.2629740029334469,1.071445289159042,1.1209029793314826,1.035637005311581,1.0526968624980408,1.0133759656314048,1.0,1.0,-0.7643413543701172,-0.5928788781166077,-0.6842166185379028,-0.5653964281082153,-0.7025840878486633,-0.5607337951660156,-0.7264288067817688,-0.567714512348175,-0.760115921497345,-0.654301643371582,-0.6954867839813232,-0.6194742321968079,-0.7063527703285217,-0.6094802021980286,-0.7255327105522156,-0.6111104488372803
H,0.0,0.0,1.3762005169003,1.065289267953534,1.285801052290544,0.9726281441641345,1.2010511451493349,0.9947723045135826,1.1437150347790943,1.060595055632362,1.2727174736518294,0.9130636712981846,1.1357038164553959,0.9048859769014426,1.069805368792574,0.9150770376184687,1.0170844835005883,0.9238265522244857,1.2673975239837485,1.0545211980961142,1.123540235264087,1.0283288168266416,1.0525346563733855,1.007405581446287,1.0,1.0,-0.7353320121765137,-0.5836447477340698,-0.6588882207870483,-0.5644304752349854,-0.6765198707580566,-0.5599192976951599,-0.7005661725997925,-0.5666630864143372,-0.7330316305160522,-0.6467403173446655,-0.6697123646736145,-0.6202664971351624,-0.6808088421821594,-0.6100860834121704,-0.6999843716621399,-0.6110233068466187
H,0.0,0.0,1.384432809300344,1.119382536506003,1.3012547320790528,1.0091615462275865,1.2158663332097852,1.0214247985065006,1.1574972181142118,1.0714096754295137,1.2832509747374807,0.9882695395616306,1.1437153393038697,0.9422978966179175,1.0775092281441876,0.93422233672821,1.024676281257991,0.9302807945459995,1.2626476780129845,1.1301477315572854,1.1212119253112407,1.066623400478791,1.0498994991168975,1.0234561497939205,1.0,1.0,-0.7242215871810913,-0.5989147424697876,-0.6585962176322937,-0.5569369196891785,-0.6756711602210999,-0.5481985211372375,-0.6973662972450256,-0.556790828704834,-0.7185232043266296,-0.6495046615600586,-0.668754518032074,-0.6044794321060181,-0.6803086996078491,-0.5918121933937073,-0.6966818571090698,-0.595082700252533
H,0.0,0.0,1.3794826323891531,1.0063632436214742,1.2824921295429226,0.928869663023797,1.1924131994455107,0.9606756548773003,1.134336763133969,1.0190892738251434,1.282809556963222,0.8983362970426245,1.1424308982688955,0.8990955535448365,1.07478463262556,0.9139578995982968,1.0201843698738244,0.9276225742211793,1.2787715210245225,1.0285037116731146,1.131947237119128,1.014759397955869,1.0559242678386023,1.0006840735408193,1.0,1.0,-0.7185677886009216,-0.5989627242088318,-0.6466599106788635,-0.574018120765686,-0.659467339515686,-0.5575477480888367,-0.679714024066925,-0.5595767498016357,-0.7150054574012756,-0.6505310535430908,-0.6577365398406982,-0.6172667741775513,-0.6651403307914734,-0.5979686379432678,-0.6809572577476501,-0.5954089164733887
H,0.0,0.0,1.3682983707339162,1.030066611699887,1.2749256563042963,0.9614803585902937,1.18392527399365,1.0122442973321057,1.1248351357171449,1.0727153817591515,1.2780528926099948,0.8887107959548197,1.1413958006012277,0.8869761368373164,1.0749416634076052,0.9035897472825066,1.0212247711804434,0.9187633543084365,1.2783547497996761,1.0146208227154108,1.131923816636751,1.0001517993683893,1.0581749540866752,0.996185387562835,1.0,1.0,-0.7287808656692505,-0.5854952335357666,-0.6541868448257446,-0.570248544216156,-0.6706331372261047,-0.5633590221405029,-0.6915342807769775,-0.5673965811729431,-0.727759599685669,-0.6462752819061279,-0.6670807003974915,-0.6211822032928467,-0.6757690906524658,-0.6087360382080078,-0.6922388672828674,-0.6072666645050049
H,0.0,0.0,1.363473591181234,1.1089050492217354,1.2756482026831402,1.0136573675555802,1.1862745932533483,1.0528761344197248,1.1280617976303449,1.1207325724630062,1.2791596487225283,0.9639955351773544,1.1451935395538009,0.925006608698193,1.0796602488073561,0.9220414158520348,1.025098929397181,0.9212581953839739,1.2657332567405999,1.1017588393778417,1.127298430769352,1.043958579362248,1.0561868735362487,1.014357467665236,1.0,1.0,-0.7190002799034119,-0.5833150744438171,-0.6536123752593994,-0.5492445230484009,-0.672975480556488,-0.5426573157310486,-0.6933030486106873,-0.5498776435852051,-0.7127392292022705,-0.6365376710891724,-0.6655819416046143,-0.594532310962677,-0.6796005368232727,-0.5853586196899414,-0.6955598592758179,-0.5912362337112427
H,0.0,0.0,1.398883151194908,1.0326051155889668,1.3131967108189038,0.9618198167148659,1.2324292836181872,0.992411285615231,1.183210668679625,1.0617819332291605,1.2807958224074472,0.9678020706294246,1.1410635819486545,0.9410296934424468,1.0742081564406532,0.9413259243331334,1.0184149843991324,0.9453372919456349,1.2545227779705983,1.098291719640738,1.1190511382056956,1.058379303179541,1.0486521404619158,1.0231816131037892,1.0,1.0,-0.6713740229606628,-0.6169925928115845,-0.6308038234710693,-0.5763986110687256,-0.647914707660675,-0.5649812817573547,-0.6673019528388977,-0.5712672472000122,-0.6672553420066833,-0.657250702381134,-0.6505863070487976,-0.6081453561782837,-0.663379430770874,-0.5994383096694946,-0.6763100028038025,-0.6049996018409729
H,0.0,0.0,1.3979114461606177,0.9465937914911641,1.299005328183276,0.8966947265096056,1.2115420982266698,0.9486166403115891,1.1597305181092121,1.0225481108696026,1.2819387347876403,0.8728978785244021,1.1445122831108296,0.8901101233068732,1.07573228750797,0.9094869556726246,1.01922376195349,0.9270972390671813,1.2799777024128705,0.98945101944475,1.1347421533995803,0.9973943469156475,1.0565267554572753,0.9956653999351991,1.0,1.0,-0.6956905722618103,-0.6156714558601379,-0.6329152584075928,-0.6075610518455505,-0.6492212414741516,-0.5952222943305969,-0.6708770394325256,-0.5955973863601685,-0.6984254717826843,-0.6675667762756348,-0.650147020816803,-0.6474568843841553,-0.6615258455276489,-0.6348304152488708,-0.6784162521362305,-0.6356947422027588
H,0.0,0.0,1.3585115941004855,1.0874518550248458,1.2683422585476705,1.0124085110863565,1.1816579274127434,1.0550077355020657,1.1251292557704844,1.1138905208092782,1.2695257106211555,0.9387679074180653,1.136789292505636,0.9210560007274842,1.06886390407418,0.9243543278728147,1.0134732039013432,0.9273894206091005,1.2716396023422512,1.062295260464465,1.1304722703800658,1.0261926612639798,1.0575842892141365,1.0088258907792576,1.0,1.0,-0.7131556868553162,-0.5931283831596375,-0.6400103569030762,-0.58174729347229,-0.6588088274002075,-0.5811552405357361,-0.6807940602302551,-0.5844221115112305,-0.7131800055503845,-0.6546375751495361,-0.6560447812080383,-0.6342068314552307,-0.6692118644714355,-0.6287742853164673,-0.6882063746452332,-0.6297656297683716
H,0.0,0.0,1.384883450030087,0.972172480582631,1.2874919142360206,0.9114625949276073,1.2011372564672012,0.9493737557187173,1.146319138976224,1.011550781034994,1.2875097018321657,0.9031771038537991,1.1462567739287637,0.9003263658295205,1.0778747466894463,0.9115014829668213,1.021498804543386,0.9226138897415854,1.2787332585097377,1.0274450569114217,1.1334903775612513,1.0149813043711897,1.056353924572783,1.0018751105453703,1.0,1.0,-0.6983826756477356,-0.6239405274391174,-0.6338434219360352,-0.5989813208580017,-0.6499813795089722,-0.5826576352119446,-0.6706625819206238,-0.5831654667854309,-0.6950230002403259,-0.6711116433143616,-0.6456227898597717,-0.6358963251113892,-0.6575299501419067,-0.6197686195373535,-0.6745141744613647,-0.6207530498504639
H,0.0,0.0,1.3721428762771162,0.9098795881597485,1.2813558995129948,0.837961562902278,1.1992142554821565,0.8469015311383559,1.1433062774911467,0.8984664310904378,1.2852068298589345,0.8862268857606613,1.1442763231914108,0.9066701524690358,1.0767140813604,0.9235234310901365,1.0219654863890362,0.9445030265917641,1.2844959844844122,1.0072795083532204,1.1380659091030854,1.011037325169619,1.0561711429352105,0.9994483044828952,1.0,1.0,-0.7134339213371277,-0.6571671962738037,-0.6448115110397339,-0.632273256778717,-0.6534230709075928,-0.6024484038352966,-0.6704211235046387,-0.5922672748565674,-0.7103978991508484,-0.6981227397918701,-0.6598925590515137,-0.660347044467926,-0.6643454432487488,-0.6337510943412781,-0.6765448451042175,-0.6237876415252686
H,0.0,0.0,1.3610439421036287,0.9419354772946313,1.268155884250861,0.8871648244786499,1.1888094616711307,0.9067317204440822,1.131765180142255,0.9493532592380798,1.2714246690764148,0.8634742203255849,1.135087187188535,0.8883131021386098,1.069918074116538,0.9090876008947698,1.0172671907238586,0.9256260610610534,1.280679885014354,0.9780523518795721,1.1321901029326298,0.9950677575559269,1.0556247016937277,0.9948702109864638,1.0,1.0,-0.7180210947990417,-0.6370946764945984,-0.6374621987342834,-0.6337467432022095,-0.6505655646324158,-0.6169976592063904,-0.6729366183280945,-0.6127669811248779,-0.7203495502471924,-0.6932374238967896,-0.6578872799873352,-0.6785800457000732,-0.6640726327896118,-0.6583555340766907,-0.6798864006996155,-0.6496590375900269
H,0.0,0.0,1.3447148607496067,1.0503752852238595,1.2540951354751178,0.9960919112612124,1.1665756677354715,1.0529716002165546,1.111096215608829,1.103383795605012,1.2708742894084901,0.9253884091505248,1.139144341508132,0.9134395873443598,1.0726895266471619,0.9175251374537905,1.019022710291187,0.9243320244853929,1.276317546513566,1.0441035955789275,1.1342809600130241,1.0132739304745286,1.0578691312638866,1.0010127789066512,1.0,1.0,-0.7253787517547607,-0.6174381375312805,-0.6475850343704224,-0.6074510216712952,-0.6644443869590759,-0.6030571460723877,-0.6868221163749695,-0.6039217114448547,-0.7242200374603271,-0.6777513027191162,-0.6630825996398926,-0.6588222980499268,-0.6739338040351868,-0.6504083871841431,-0.6929287910461426,-0.6493306756019592
H,0.0,0.0,1.3521136540296472,1.0226233788681733,1.2641371593119621,0.9489754633689954,1.1817881548758602,0.9711559021331816,1.1244677004978083,1.0184225497813215,1.2769847381973922,0.9164730123936913,1.1387503273944006,0.917322290496378,1.073384782180627,0.9296172108125023,1.0210158185577594,0.9389013621336908,1.2798311963967515,1.041349343713326,1.1300836884458954,1.0255900068167323,1.0552713505997782,1.0085896946608672,1.0,1.0,-0.7211264371871948,-0.6337778568267822,-0.6393659114837646,-0.6106668710708618,-0.6533502340316772,-0.5973575711250305,-0.6755200028419495,-0.5979085564613342,-0.7174566984176636,-0.6902663111686707,-0.6548607349395752,-0.6591284871101379,-0.6635969877243042,-0.6418372988700867,-0.6810480952262878,-0.63856440782547
H,0.0,0.0,1.355872059571004,1.0147242229950608,1.2655489929606305,0.9351013389153522,1.1817343311628452,0.9475423184058281,1.1228014761935206,0.9862910890980314,1.2805542034401614,0.9216627383758303,1.1395217457079216,0.9213000170317504,1.0733238639540523,0.9336139726283288,1.0211229611981212,0.9424223544472098,1.278561371726518,1.049414492371424,1.1285026206422764,1.0326548103706878,1.0540731517989184,1.01113854504898,1.0,1.0,-0.7183313965797424,-0.6322760581970215,-0.640593409538269,-0.6032273769378662,-0.6549400091171265,-0.5876674652099609,-0.6762488484382629,-0.5888664126396179,-0.7131171226501465,-0.683018684387207,-0.6523258686065674,-0.6467075347900391,-0.6620302200317383,-0.6292406916618347,-0.6793428659439087,-0.6285491585731506
H,0.0,0.0,1.3851307737584295,0.9864340737163048,1.2892473999912297,0.9287086174883127,1.2036467300068923,0.9710770091872064,1.1506241884989254,1.0376600287886055,1.2759826065239435,0.8969798907753829,1.1401154414991428,0.9024024803173266,1.0748240757789953,0.917172440908737,1.0213183103301857,0.9314251512887569,1.2696538274191285,1.0169028277010164,1.127388820514467,1.00908675012302,1.0534520020716678,0.9999365772516794,1.0,1.0,-0.7005019783973694,-0.6076879501342773,-0.6368529200553894,-0.5917847156524658,-0.6536255478858948,-0.5812801122665405,-0.6751428246498108,-0.5839655995368958,-0.700086236000061,-0.6589623689651489,-0.6513316035270691,-0.6320689916610718,-0.6632042527198792,-0.6200413703918457,-0.6801901459693909,-0.6214707493782043
H,0.0,0.0,1.3698164173035068,0.9900782964374629,1.2804562281794065,0.9245041280295998,1.1986600549083561,0.948533404183901,1.142383414558089,0.9975735867334499,1.2705971652454968,0.9220527858596262,1.1347215286688621,0.9204801875353296,1.0717138739467647,0.9275583560481565,1.0213176530575694,0.9349332659815591,1.2624410830810204,1.0438124384294354,1.1212438027934573,1.0289273683278282,1.049728091966229,1.0090911774642712,1.0,1.0,-0.710484504699707,-0.6283040642738342,-0.6465591192245483,-0.6014875173568726,-0.6605032682418823,-0.5839479565620422,-0.6803179383277893,-0.5832655429840088,-0.7080252170562744,-0.6739698648452759,-0.6589125990867615,-0.6383056044578552,-0.6691805720329285,-0.6209398508071899,-0.6853281259536743,-0.6203302145004272
H,0.0,0.0,1.3714245145582018,0.9762297055810956,1.2778267714236047,0.9129879203366442,1.194090911351291,0.9382050129960121,1.1391173250689663,0.988332164219811,1.2724660495195443,0.8953840200313279,1.13724330489045,0.9042797981612741,1.0724482530993757,0.9184010978035394,1.019301392109626,0.9301337542934267,1.2703913170398395,1.014264337341666,1.1283931303278827,1.012839037969919,1.0546944723916898,1.0021790561910207,1.0,1.0,-0.7142308950424194,-0.6201132535934448,-0.6442338228225708,-0.6020796298980713,-0.6583579182624817,-0.5859044790267944,-0.6790788769721985,-0.5862268805503845,-0.7130255103111267,-0.6696245670318604,-0.6577569842338562,-0.6418092250823975,-0.6665733456611633,-0.6246410012245178,-0.6826549768447876,-0.6229954957962036
I,0.0,0.0,1.0277942869825738,1.1185967829888257,1.0998917878003907,1.02832096392942,1.1031737431744846,0.9198382840557018,1.0513608278204845,0.8833907988838707,1.043358673809862,0.8614185238433466,1.0595809526061948,0.8076343422815033,1.0483859872421717,0.9137313421361644,1.039262710726402,0.9852371244805739,0.9908770645965546,0.8383295066252902,1.0124191037910428,0.7860585031821359,1.007773381345272,0.9131575696773047,1.0,1.0,-0.4913875460624695,-0.476048469543457,-0.4991473257541656,-0.4240280985832214,-0.5082520246505737,-0.484561026096344,-0.5139077305793762,-0.5360629558563232,-0.4619877934455871,-0.4815611839294433,-0.4572747349739074,-0.4068428575992584,-0.4608142375946045,-0.362820565700531,-0.4673876166343689,-0.3218442797660827
I,0.0,0.0,1.0308338241405952,1.1196046195372134,1.1062003833684981,1.022115092195992,1.1069131667071963,0.9077730914817608,1.0498167028153829,0.8808591260719254,1.035053243802592,0.8616880298109558,1.0630489368810148,0.7880012185678272,1.0514267614826642,0.8997201121738585,1.0406697656635457,0.9776721737071172,0.9848255045475226,0.8443890566972647,1.011883626904016,0.7797022227400656,1.0069251850425374,0.90973943595915,1.0,1.0,-0.4740939438343048,-0.4763257503509521,-0.4844134747982025,-0.4391955733299255,-0.4903007447719574,-0.5071866512298584,-0.4926776587963104,-0.5597174167633057,-0.4457933008670807,-0.4808952212333679,-0.4426687359809875,-0.4096043705940246,-0.4473433494567871,-0.3661000430583954,-0.4544662535190582,-0.3258270621299743
I,0.0,0.0,1.0315137320113117,1.127548091942696,1.1048511273161392,1.0212120303613723,1.1060867428536325,0.9057793647296931,1.0503047550066893,0.8714139876262069,1.0357440396044602,0.8605820305829691,1.0610987418602829,0.7813929924131329,1.0509810756414808,0.8940624868291102,1.0399907760389397,0.9762897912948946,0.9839174738823089,0.8430362328191852,1.0079663213514698,0.7743541430133779,1.005184489935668,0.907254504390007,1.0,1.0,-0.465292751789093,-0.4618614912033081,-0.4749728143215179,-0.4251092374324798,-0.4800561666488647,-0.4941327273845672,-0.4821262657642364,-0.54648756980896,-0.43727907538414,-0.4674719870090484,-0.4354599416255951,-0.3955710530281067,-0.4397269189357757,-0.3505651354789734,-0.4464098513126373,-0.3077004551887512
I,0.0,0.0,1.0302703663388229,1.1208785629960527,1.105300195688074,1.0257624252582842,1.1102087795164417,0.9138333015684788,1.0575866724683238,0.8735298883308475,1.0494054637090786,0.8631449490602432,1.0718729389935004,0.7950300130281736,1.0573660460684895,0.9019040298072089,1.0447329454142944,0.9807655167789295,0.9961989088421687,0.8389343656311746,1.021145720437123,0.7818487441530281,1.0115962037173662,0.9096782047477211,1.0,1.0,-0.4755190908908844,-0.4674436151981354,-0.4846435487270355,-0.4238067865371704,-0.4897322952747345,-0.4894831776618957,-0.4922212958335876,-0.5422133207321167,-0.4464063942432403,-0.4708019196987152,-0.4440329372882843,-0.396874725818634,-0.4481227397918701,-0.3522913157939911,-0.4551511704921722,-0.3100955486297607
I,0.0,0.0,1.0340050555577731,1.1353643766460761,1.1076685529660624,1.02687259660818,1.1075088897464291,0.9078665721541105,1.0533266068034581,0.8639955327390673,1.0460149277841926,0.8687418032609495,1.0668022794529124,0.7862874777633019,1.0562413691157426,0.897938924867512,1.0453633128688615,0.986711530165609,0.9924144222405291,0.8470649001386501,1.0142159018630867,0.771817656468167,1.0081186566653852,0.9022698440021205,1.0,1.0,-0.4604459404945373,-0.4514767229557037,-0.4678537547588348,-0.4043749570846557,-0.4730099439620971,-0.4685960114002228,-0.4759056866168976,-0.5219005942344666,-0.4317178130149841,-0.4560220539569855,-0.4292191863059997,-0.3828763365745544,-0.4333571791648865,-0.3380085825920105,-0.4400683045387268,-0.2964943647384643
I,0.0,0.0,1.0253517092690496,1.1081698028804463,1.100669712200453,1.0139234480052715,1.1054360237083716,0.9037685380098447,1.0515515512585163,0.8704101686966184,1.0361113905172836,0.8571303914651223,1.0609571241567708,0.7896958945852309,1.051073444687004,0.8967880708640755,1.0419576865730977,0.9731978259620022,0.986035025785319,0.8392009090007905,1.0120334611367743,0.7829533091643973,1.0078120014234297,0.9103172880921063,1.0,1.0,-0.4743763208389282,-0.4764730632305145,-0.484709620475769,-0.4361958503723144,-0.4918400049209595,-0.5028656721115112,-0.4948111772537231,-0.5555517673492432,-0.4456124305725097,-0.4798576831817627,-0.4419895112514496,-0.4046122431755066,-0.4458144605159759,-0.3599728047847748,-0.4522399306297302,-0.3185721635818481
I,0.0,0.0,1.016135342949479,1.1058759080562728,1.0789909188385727,0.9951669356409352,1.0855395697681371,0.8887386007675417,1.037164189651577,0.8710564918891603,1.000029723487141,0.8414811194648999,1.0267393415565231,0.7800213570717067,1.0319395639390954,0.8942521979101514,1.0301562703662268,0.9707762889101094,0.9515475354313796,0.8389728915119957,0.9829906477418651,0.7788304381063182,0.9971746495433166,0.9104606323769517,1.0,1.0,-0.4634546041488647,-0.4726228415966034,-0.4771625101566314,-0.4341959357261657,-0.4932271838188171,-0.4981270432472229,-0.5019715428352356,-0.5473551750183105,-0.436567485332489,-0.4867585897445678,-0.4304965436458587,-0.4127854108810425,-0.4328331351280212,-0.3663076758384704,-0.4378816783428192,-0.3232738375663757
I,0.0,0.0,1.0264175997741098,1.1135821722198733,1.1026095504168376,1.0212745402762706,1.1068949501639338,0.910079229417483,1.0540382383909515,0.8728054115199041,1.0430382032425622,0.8582429379052311,1.0651278490326141,0.7972415462764039,1.053206197260518,0.9044913990594019,1.0427029416850608,0.9805524033672688,0.9926722074164042,0.8354580513993859,1.018246951171129,0.7819739793087073,1.0100015387706127,0.9105346927881007,1.0,1.0,-0.4760618209838867,-0.4647334814071655,-0.4856279492378235,-0.4247889518737793,-0.4911981523036957,-0.4902333915233612,-0.4941250681877136,-0.5417385101318359,-0.4474238455295563,-0.4684874713420868,-0.4457122981548309,-0.3952479660511017,-0.4502458274364471,-0.351410448551178,-0.4578141570091247,-0.3106774389743805
I,0.0,0.0,1.020446078738208,1.0907342344224498,1.0937123264906443,0.9938004542470122,1.1008106964691986,0.8903556392538793,1.046864640782925,0.8787484459666732,1.0189382383514278,0.8046622364599892,1.051361451893284,0.7653705208092961,1.0459454666716061,0.886353419461232,1.0375925372584875,0.9579150662651779,0.9662436646374383,0.8029292570224669,1.0021315781191735,0.7736984176943427,1.0051484201992547,0.9123919945525634,1.0,1.0,-0.4680412709712982,-0.4645911455154419,-0.4836358428001404,-0.4408864080905914,-0.4948854148387909,-0.5121384263038635,-0.4995600581169128,-0.5629501342773438,-0.440919816493988,-0.4811386466026306,-0.4346330463886261,-0.4118448197841644,-0.4364252090454101,-0.367512047290802,-0.440596729516983,-0.3255029320716858
I,0.0,0.0,1.0237741561964524,1.0912334678470808,1.0968322057718076,0.9960321134230337,1.1010071015365652,0.8921788509054833,1.047308909837099,0.8678202296388344,1.0269468528660606,0.8094795456147696,1.0555702239715379,0.7690809350333425,1.0487846614280578,0.8877645080763458,1.039905289500838,0.9651910641648412,0.9740771154034709,0.8046730007890754,1.0043371432306623,0.7687873674858385,1.0048368420806895,0.9084421745190588,1.0,1.0,-0.4695102274417877,-0.4592019915580749,-0.4832978248596191,-0.4374212026596069,-0.4904857277870178,-0.5093238949775696,-0.4927122294902801,-0.5608606934547424,-0.4418496787548065,-0.4745747745037079,-0.43862384557724,-0.4039653539657593,-0.4419071078300476,-0.3599908649921417,-0.4472016096115112,-0.3188767433166504
I,0.0,0.0,1.028313496108816,1.1088095948092538,1.1034755230760414,1.015405238636782,1.1095664498477444,0.908126334152582,1.0564740789737008,0.8715199223874128,1.043617504549815,0.8435804339825809,1.0687905243585396,0.7861211734604285,1.0550253962825404,0.8972800687581454,1.0411436454329441,0.9771206334671929,0.992022908330037,0.8235312960880609,1.017800299531442,0.7701080433450463,1.0101859951199301,0.9054957561469726,1.0,1.0,-0.4757063388824463,-0.4592043161392212,-0.485966682434082,-0.424344003200531,-0.490849882364273,-0.4951532781124115,-0.492503821849823,-0.5484330058097839,-0.4472127258777618,-0.4657328426837921,-0.4440580010414123,-0.39450204372406,-0.4477886855602264,-0.3511293530464172,-0.4542149901390075,-0.3090196847915649
I,0.0,0.0,1.0112198543229973,1.1148576673653245,1.0888156588399247,1.0234375141801995,1.1019006389174055,0.9131376899105739,1.0522981535437617,0.8729108729151971,1.0339462244897493,0.8502092076566298,1.0621810148822064,0.7936615349069667,1.0487690900368232,0.9086162548941373,1.0353467805583236,0.9868554021635367,0.9866620228717551,0.8270193965376876,1.0212779991391026,0.770858332746996,1.0117834774324805,0.9085502719235093,1.0,1.0,-0.4882958531379699,-0.4567947089672088,-0.5041970014572144,-0.4223175048828125,-0.5079765915870667,-0.4928800463676452,-0.5083287954330444,-0.5440370440483093,-0.4599651396274566,-0.4601133465766907,-0.461249977350235,-0.3868532180786133,-0.4681223034858703,-0.3445273637771606,-0.4777588844299316,-0.3050755262374878
I,0.0,0.0,1.0170865285366353,1.1043908823907667,1.0953376959822145,1.0220401848757308,1.1081589397064444,0.9185763621975798,1.058299919492879,0.8809972447936151,1.0442779933046142,0.8451909772332065,1.0699758755611033,0.801298333931684,1.0518639660466758,0.9125866055161937,1.0359938151696835,0.9886314747035859,0.9951850371237538,0.8208699028996065,1.0257033063314418,0.7765023142979585,1.0131907732561254,0.9093376026395019,1.0,1.0,-0.4861006736755371,-0.4615295529365539,-0.4993995726108551,-0.4305513203144073,-0.5018497109413147,-0.5024354457855225,-0.5016009211540222,-0.5553004741668701,-0.4569292366504669,-0.4643647372722626,-0.4573413133621216,-0.3928061127662658,-0.4633048176765442,-0.3508542776107788,-0.471965491771698,-0.3108072876930237
I,0.0,0.0,1.0309597458028625,1.0983089027144353,1.1057547407527508,1.015834580788488,1.1081677278100999,0.9124937076778755,1.052119210240695,0.8810104454906397,1.0515543043164242,0.8251370365791912,1.0705579080629353,0.7822292975131526,1.0546674284532433,0.8982064011671085,1.0428168041321775,0.9739833122532023,0.9974026493608222,0.8090026890928644,1.0175868351300594,0.771751408164286,1.0090216493849204,0.9097666590440577,1.0,1.0,-0.4795990884304046,-0.4603841602802276,-0.487789511680603,-0.4314845502376556,-0.491712361574173,-0.5039655566215515,-0.4930958449840545,-0.5575899481773376,-0.4506414532661438,-0.4695390462875366,-0.4460725784301758,-0.4001021981239319,-0.447868674993515,-0.3559879958629608,-0.4522611498832702,-0.3142260015010834
I,0.0,0.0,1.041001700779459,1.085830513333458,1.1132916752949211,1.0067149234601138,1.1146241060164335,0.9095292106285432,1.0568441202450842,0.8848932139273717,1.051706363720294,0.80475821746925,1.0680474707074208,0.7675919174545008,1.0591454734308403,0.885559834892383,1.0488518971258645,0.9613711950775162,0.9942916571136051,0.7979826354482813,1.0096837938597683,0.774104195619704,1.0078766418967882,0.913424861285089,1.0,1.0,-0.4736499786376953,-0.465955913066864,-0.4779907166957855,-0.4451435506343841,-0.485757052898407,-0.5159565806388855,-0.4891746640205383,-0.5665022730827332,-0.4465340375900268,-0.4830805659294128,-0.4387200474739074,-0.4180633425712585,-0.4373878836631775,-0.3757274150848388,-0.4378213882446289,-0.3339200913906097
I,0.0,0.0,1.0309187511277023,1.1126965046856168,1.1045300203847706,1.015757659352187,1.1088474342107952,0.9043599700215356,1.0543487997159795,0.8755417971669165,1.0485257974497724,0.8402411315954372,1.066282211411851,0.7846769852785481,1.0533158389842534,0.9012904101780227,1.0431215851421825,0.980009471987862,0.994545687053189,0.8224903677211032,1.0171063902839794,0.7657457250785157,1.008954233825172,0.9049922979484364,1.0,1.0,-0.4790162146091461,-0.4540550410747528,-0.4864186942577362,-0.4129798412322998,-0.4922104775905609,-0.4814416468143463,-0.4961787164211273,-0.5344626903533936,-0.4500577449798584,-0.4632089138031006,-0.4449494779109955,-0.3970549404621124,-0.447967916727066,-0.3580839931964874,-0.4544877707958221,-0.3199541866779327
I,0.0,0.0,1.0266058473289694,1.1135595694482134,1.1002650423402323,1.0161256904364362,1.1043012389739402,0.9069596034983626,1.0506265360302782,0.8747146083478172,1.0413849510345803,0.850590352112951,1.0627341968954638,0.7839695359880839,1.052022296398,0.8980808107355286,1.0421548895684012,0.9768946622855335,0.988570651499226,0.8344366911572312,1.0124712623055165,0.7742614437157684,1.007439835922963,0.9087914086386263,1.0,1.0,-0.4791802763938904,-0.4704956114292145,-0.4877693057060241,-0.4297957420349121,-0.495023250579834,-0.4977897107601166,-0.4993554055690765,-0.5493901968002319,-0.4509744346141815,-0.4784059226512909,-0.4479824304580688,-0.4090648889541626,-0.4518139958381653,-0.368207037448883,-0.4585942327976227,-0.3289528489112854
I,0.0,0.0,1.0286360833357213,1.1171878735904754,1.1026443056432091,1.018663102358396,1.1069858629147933,0.908118227392816,1.0533174497008597,0.8766131288818286,1.0470027855763198,0.8469551809653045,1.0646295873074447,0.787615110266546,1.0521958341458029,0.901094368602872,1.0421664081907174,0.9788737120919816,0.993365822793362,0.8293344606454921,1.0161993016140594,0.7724033941087336,1.0086065851611274,0.9073929814215097,1.0,1.0,-0.4797266721725464,-0.4650423526763916,-0.4874721765518188,-0.4221865832805633,-0.4938620626926422,-0.4896632432937622,-0.4983025789260864,-0.5425695180892944,-0.4508042931556701,-0.4734938442707062,-0.4469518661499023,-0.4050374031066894,-0.4498983025550842,-0.3638525605201721,-0.4562605023384094,-0.3238701820373535
I,0.0,0.0,1.0260340008481146,1.1099210412508564,1.101745914548402,1.0231229967595725,1.1108217815261212,0.9159529113637034,1.0592300643943202,0.8790115496623165,1.0514983551890407,0.8428870886278043,1.0692147082034875,0.7955872608717159,1.0516957093947765,0.9107012023529457,1.0383770736346105,0.9878798712830781,0.9989946259109433,0.8207498820109036,1.0227964906077653,0.7726304997621111,1.011541061345036,0.9088175167790792,1.0,1.0,-0.4867277443408966,-0.457435131072998,-0.4960539042949676,-0.4189781546592712,-0.5001510381698608,-0.4891151487827301,-0.5022826790809631,-0.5421217083930969,-0.4573498666286468,-0.4639351665973663,-0.4548148810863495,-0.3942923247814178,-0.4586049616336822,-0.3537251353263855,-0.465420663356781,-0.3144492506980896
I,0.0,0.0,1.0275503081653452,1.1100476906550254,1.0997251088713091,1.0135516787226193,1.1035841283786743,0.9059903342542578,1.0502185786829263,0.8756733765039428,1.0423811681984652,0.8370600155407343,1.061568390156127,0.7836693604938604,1.0497784834783732,0.9003787117206642,1.039301430727447,0.979549738379083,0.9893689719875338,0.821511894185971,1.0127207254533996,0.7669601805620059,1.0076583532798646,0.9057593001916148,1.0,1.0,-0.4795190691947937,-0.4578433632850647,-0.4877537190914154,-0.42027547955513,-0.494164228439331,-0.4909338057041168,-0.4979182183742523,-0.5432899594306946,-0.4506824612617492,-0.4679408669471741,-0.446437269449234,-0.3991214036941528,-0.4500256776809692,-0.3595995903015136,-0.4568197429180145,-0.3211745619773865
I,0.0,0.0,1.0331536044956091,1.1080155309510686,0.9688500944540882,1.0773544158979813,0.9267072145586057,1.0334534791459764,0.9166095993900535,0.9563293602830034,0.9694323348062311,0.8902757553617314,0.9332841111530741,0.8395661043304774,0.9463916651354795,0.9253891794110236,0.9657819596287823,1.0044701708141708,1.006923176874493,0.846937465875649,0.9760399641258487,0.7968496168389178,0.9857361856166923,0.9129711016858245,1.0,1.0,-0.6707178354263306,-0.4830045104026794,-0.6526967287063599,-0.4250202775001526,-0.6496081948280334,-0.4791682362556457,-0.651418924331665,-0.5284890532493591,-0.6995231509208679,-0.473714143037796,-0.700425386428833,-0.3983627259731293,-0.6991682648658752,-0.3532744944095611,-0.6958404779434204,-0.3108173906803131
I,0.0,0.0,1.029446379849756,1.128469105282962,0.9711297361285748,1.080450985432301,0.9345487222602914,1.0208708910154702,0.925605272130263,0.9363072554701511,0.9810269601844367,0.8880610906906645,0.9497721258779055,0.8170554404827979,0.9539596355352169,0.9016432447087508,0.9636576782507991,0.9895364651145504,1.0170406282014919,0.852165766213237,0.9879467712957899,0.7908765701183372,0.9913616960449348,0.9075488886757271,1.0,1.0,-0.6985008716583252,-0.4577614963054657,-0.6819458603858948,-0.395307183265686,-0.6760578155517578,-0.446115106344223,-0.6750202775001526,-0.4949169754981994,-0.727243959903717,-0.4520505666732788,-0.7326701879501343,-0.3770909309387207,-0.7339686155319214,-0.3308165669441223,-0.7325103878974915,-0.2877438962459564
I,0.0,0.0,1.0588065789559091,1.1094526266851101,0.9912947470725522,1.0768796035353183,0.9439008422854676,1.030893652645708,0.9226088917692474,0.9528471505330938,0.9919694311435081,0.9046545980211204,0.9514766850486078,0.8496550858943948,0.9545921164537617,0.923816743318801,0.964601118640817,1.0011711008470956,1.0222773732263604,0.8632471738198182,0.983113517057668,0.8178532305000331,0.988876032104357,0.918209480484659,1.0,1.0,-0.6910672783851624,-0.4826705753803253,-0.6666235327720642,-0.4295615553855896,-0.6625047922134399,-0.4805761575698852,-0.6631786227226257,-0.5283271074295044,-0.7177393436431885,-0.4715065658092499,-0.7119967341423035,-0.4028521180152893,-0.7045084238052368,-0.3618097007274627,-0.6945905089378357,-0.3252184987068176
I,0.0,0.0,1.0211736792870496,1.145711901174513,0.9640486404411317,1.0861073314685374,0.9271813858258156,1.0174039171143563,0.9242769131800975,0.9264924555361159,0.9772380907760007,0.8997593626511651,0.9476603570893998,0.8150666713076808,0.9540526711163777,0.8958525771972075,0.9649797141396684,0.9836013084485773,1.0122445140614764,0.8639694323446121,0.9844112713613066,0.7909388201309513,0.9906622397674456,0.9043828220035326,1.0,1.0,-0.7155524492263794,-0.438385009765625,-0.6998273134231567,-0.3701581954956054,-0.6936560273170471,-0.4136864244937897,-0.6915416717529297,-0.4594014883041382,-0.7436416149139404,-0.4312464892864227,-0.7483275532722473,-0.3591101169586181,-0.7490622997283936,-0.3145049810409546,-0.7470821738243103,-0.2733355164527893
I,0.0,0.0,1.0182193437509393,1.1309428926704912,0.9627933089789089,1.0785146468205782,0.9256132865564376,1.0173096945620692,0.9218047153209622,0.9309152990299159,0.9706219760024309,0.891916981058467,0.9428614416019366,0.8195033999463688,0.9524101898022406,0.90018992271041,0.9657884445222785,0.9885810764829308,1.005773881903801,0.8543772467091734,0.9811323573842397,0.7933468094332553,0.9897479652380463,0.9060019565403449,1.0,1.0,-0.7182966470718384,-0.4478541910648346,-0.7032380700111389,-0.3848867416381836,-0.6994600296020508,-0.4315153658390045,-0.6988525986671448,-0.4792424142360687,-0.746347188949585,-0.4403828680515289,-0.7510246634483337,-0.3688925504684448,-0.7529179453849792,-0.3248170018196106,-0.7517867684364319,-0.2842846512794494
I,0.0,0.0,1.023247572526919,1.092339777736133,0.9670824323859174,1.056620962835366,0.9294145728005496,1.0125778039056623,0.9183347014869587,0.9338054151466998,0.9684886578847546,0.8672325350351828,0.937349516139519,0.8211040286288593,0.9495931872555534,0.9080405712422697,0.964896341936186,0.9944036124938067,1.0041806046230728,0.8296319476712096,0.9759617841835878,0.7922613256250369,0.9875039940698277,0.9100806341887934,1.0,1.0,-0.7170649766921997,-0.4642383456230163,-0.69903564453125,-0.4088873267173767,-0.6960906982421875,-0.4615733623504638,-0.6965086460113525,-0.5114378929138184,-0.7454960942268372,-0.4582750797271728,-0.7482995986938477,-0.3887879252433777,-0.7493958473205566,-0.3463934063911438,-0.7467226982116699,-0.3059660792350769
I,0.0,0.0,1.0396072868216917,1.1002463843802097,0.9804045864465499,1.0524712925364916,0.9408308078777725,1.0000124488516808,0.9272483527989984,0.9217171966585225,0.9951862469364992,0.8621300479064734,0.9614030135975249,0.8116731544731708,0.9603782638523162,0.8999086604089067,0.9651192384088261,0.9869918759411229,1.0301204621692268,0.8333264916090625,0.9965529936122455,0.7928024443371717,0.9955528875027779,0.9100159962599946,1.0,1.0,-0.7204196453094482,-0.4727391898632049,-0.7017057538032532,-0.4171763360500335,-0.6934568881988525,-0.4701873660087585,-0.6895967125892639,-0.5189737677574158,-0.7488232254981995,-0.473367303609848,-0.7538896799087524,-0.4051043391227722,-0.7543653845787048,-0.3647179305553436,-0.7510782480239868,-0.3262293338775635
I,0.0,0.0,1.0155225305516735,1.1163750860122748,0.9607497991581379,1.0563738635527407,0.927670080978323,0.9872618185758522,0.9262455333606702,0.9004981358585542,0.9831482868468107,0.8705127780371038,0.9555302643581011,0.7900347023239961,0.9572008955594422,0.875785318173523,0.9632828125392269,0.9651078558114446,1.0191460524810945,0.844989397514427,0.9912200550362492,0.7825025802315609,0.993512650945212,0.9022092511757426,1.0,1.0,-0.7248041033744812,-0.4491686522960663,-0.707827091217041,-0.3881596028804779,-0.7015179991722107,-0.4388981759548187,-0.6990000605583191,-0.4883527159690857,-0.752994179725647,-0.443674623966217,-0.7581279873847961,-0.3707688748836517,-0.7575548887252808,-0.3260526657104492,-0.7527408599853516,-0.2853302955627441
I,0.0,0.0,1.0052887597080218,1.136719354861775,0.9545927637729991,1.0532309131741353,0.9270060362423587,0.9623877039544454,0.9320610562922578,0.8660188511889334,0.9764773851043761,0.8751453060220723,0.9580155840274615,0.7919182012518149,0.9648483398863453,0.8925207824095579,0.9740112284969027,0.9840166599207866,1.013274562034315,0.8498725198634226,0.9935034556804357,0.7812528535189874,0.9951684291830233,0.9034508663737864,1.0,1.0,-0.7264169454574585,-0.4242585003376007,-0.7131643891334534,-0.3766148686408996,-0.7057228684425354,-0.4322582483291626,-0.7017234563827515,-0.4817096292972564,-0.7542073726654053,-0.4209565222263336,-0.7583823204040527,-0.3494813144207001,-0.7581869959831238,-0.3047199547290802,-0.754409670829773,-0.2645339965820312
I,0.0,0.0,0.996192254010244,1.1409614181255618,0.9532347493919952,1.046147546028839,0.9355386276994131,0.9523886687917303,0.9498644365804474,0.8719551357110288,0.974367164961347,0.8646546334923214,0.9623718924408176,0.7775677598069152,0.9693553283839305,0.8840919133390842,0.9775617552972579,0.9759731904373693,1.0124095484732663,0.8521742662246659,0.9991253039173001,0.7785732260764199,0.9987162213129227,0.9031756739013701,1.0,1.0,-0.73724764585495,-0.4233430624008178,-0.7275789380073547,-0.3829653859138489,-0.7204034924507141,-0.4407232701778412,-0.7161282300949097,-0.4883214831352234,-0.7655024528503418,-0.4248906970024109,-0.7714378833770752,-0.3578112721443176,-0.7718565464019775,-0.3134689331054687,-0.7684053182601929,-0.2721173465251922
I,0.0,0.0,0.9895300962784498,1.1316718847897855,0.9434172308665635,1.0377261652663508,0.9363172501266422,0.9298395881349294,0.9684888400419231,0.8672958869100821,0.9670027249382235,0.8572778218990283,0.953659676602853,0.7856090321108155,0.9640748047279527,0.88673936940678,0.9752442156041748,0.9616673142642074,1.0043324205192592,0.8395499988448887,0.9908096845955324,0.7755788935752481,0.9945930831503682,0.9054035871602245,1.0,1.0,-0.7370175123214722,-0.4264718294143677,-0.7263941764831543,-0.379223883152008,-0.720916748046875,-0.4381798207759857,-0.7190981507301331,-0.4889280200004577,-0.7648665904998779,-0.4257852137088775,-0.768179178237915,-0.358125776052475,-0.7680343389511108,-0.3145248889923095,-0.7650354504585266,-0.2728946506977081
I,0.0,0.0,0.9962318591424922,1.1507957898786318,0.9434925961418367,1.0605716316448748,0.9318074399164801,0.9486730189112983,0.9680122514954084,0.8905751971588484,0.9629149437788691,0.8873533916951674,0.9482969991165244,0.8109022040506115,0.960437794387333,0.9073986760683639,0.9730270017360877,0.9760177548521484,0.999480508571056,0.8572440922717485,0.983309361057001,0.7860423029467095,0.9907361329585173,0.9102802916215114,1.0,1.0,-0.7281162738800049,-0.4251574277877807,-0.7150461673736572,-0.3776937127113342,-0.7122519016265869,-0.4354861378669739,-0.7130555510520935,-0.4861361384391784,-0.7562562823295593,-0.4188664853572845,-0.7571601867675781,-0.3510838449001312,-0.7559742331504822,-0.3076434731483459,-0.7520240545272827,-0.26654252409935
I,0.0,0.0,1.005659885026629,1.1246577321690756,0.9530036934976255,1.0481284284996737,0.9311307170184688,0.9515144520909091,0.9556657380351528,0.8764826873190124,0.9658074289718936,0.8752126643811328,0.948244449826653,0.8053675365280678,0.9609180611466637,0.9031389705646826,0.975452344735842,0.982331789829321,1.0012409065648409,0.8447466530846189,0.9825111073943695,0.784055890550625,0.9900993911324084,0.9076026224196021,1.0,1.0,-0.7213761210441589,-0.4320571720600128,-0.706785261631012,-0.3886683583259582,-0.7052367329597473,-0.4448259770870209,-0.7070922255516052,-0.4942028224468231,-0.7496442794799805,-0.4244490265846252,-0.7494373917579651,-0.3575961887836456,-0.7459735870361328,-0.316227912902832,-0.7390994429588318,-0.2792360186576843
I,0.0,0.0,1.0063153746412667,1.133322614156508,0.9540365498325549,1.0549185215384598,0.9263967550870177,0.965218633054235,0.9505748520984552,0.8998609595589077,0.9828732387109262,0.8928601016613997,0.962914559061312,0.8073356232401928,0.9644399202140206,0.8976468863334854,0.9726811003001112,0.9812556480069416,1.0183848404550218,0.8715600980641167,0.9952376633827508,0.7975824077596665,0.9941116150777328,0.9099043558737636,1.0,1.0,-0.7246143817901611,-0.4684574604034424,-0.7104194760322571,-0.4095160365104675,-0.6996006965637207,-0.4577112793922424,-0.6935174465179443,-0.504072368144989,-0.7522510290145874,-0.4661115407943725,-0.7603533267974854,-0.3971296548843384,-0.7630874514579773,-0.3533874452114105,-0.7615915536880493,-0.3116665184497833
I,0.0,0.0,0.9995902505625126,1.1385279863460316,0.9501477542185,1.0551371648255934,0.924492499373456,0.9631687510233112,0.946351310785094,0.895995618534729,0.9829057629653294,0.8999216397576798,0.963249924952424,0.8087447837331491,0.9634618138654872,0.8969098930316577,0.9708868764510346,0.9790884905263015,1.0187556113554557,0.8828124672446339,0.9960516540761162,0.8023069668157434,0.9938535863102205,0.9103284260621285,1.0,1.0,-0.7330643534660339,-0.4823186099529266,-0.721550464630127,-0.414411187171936,-0.7084293961524963,-0.451657772064209,-0.7008801102638245,-0.491682231426239,-0.7610118985176086,-0.4807534217834472,-0.7709965705871582,-0.4097901880741119,-0.7745610475540161,-0.3649536967277527,-0.7751641869544983,-0.3228335976600647
I,0.0,0.0,1.0037684985325932,1.1311211374867718,0.9519412045372988,1.0561091627866344,0.9220204919670784,0.9671867394774339,0.9422326892321516,0.893247269703815,0.9740849469097792,0.8971579291881002,0.9553369607113021,0.815665468407664,0.9600190785457798,0.9064495110922519,0.9701310998106718,0.9854616596568587,1.0092698996399294,0.873057796164567,0.9867699471488149,0.798752468638766,0.9900715377292559,0.911751409098362,1.0,1.0,-0.73309326171875,-0.472849041223526,-0.7193859219551086,-0.4090335071086883,-0.7090553045272827,-0.4518016278743744,-0.7039081454277039,-0.4955505132675171,-0.761047899723053,-0.4670808315277099,-0.7654894590377808,-0.3960352838039398,-0.7660219669342041,-0.3525470197200775,-0.7633070349693298,-0.3120856881141662
I,0.0,0.0,1.004968177618548,1.1382711520692674,0.9588964990314784,1.0649620890966789,0.9327434921419898,0.9759393517829602,0.9451381962559064,0.8886709670423728,0.9728618744156521,0.9045886439166639,0.953750406999812,0.8190420820831905,0.9626667196016958,0.9094849354193846,0.9744124479466494,0.9918037930513404,1.0042012511831102,0.8755019315931114,0.9841648759224059,0.7993867811895476,0.990601341655884,0.9099453686176391,1.0,1.0,-0.7520054578781128,-0.4390721619129181,-0.738789975643158,-0.3756824135780334,-0.7315601706504822,-0.416027694940567,-0.7284719944000244,-0.4587689340114593,-0.7780590057373047,-0.4306562840938568,-0.7797312140464783,-0.3618304431438446,-0.7788451910018921,-0.3198782205581665,-0.7752840518951416,-0.2819441556930542
I,0.0,0.0,0.999889875573506,1.1378014179526563,0.957760518957418,1.0627492858975374,0.9338704893590924,0.9705571004815623,0.9521167873277407,0.8906376543788228,0.9747422532403718,0.9128799287540843,0.9601547086366596,0.82352759749099,0.9659144568060796,0.9122155547041975,0.9755475640427067,0.9903091525297353,1.0046157653365484,0.8870248330572417,0.9885017484638596,0.8064017697673815,0.991843572526022,0.9133269939315395,1.0,1.0,-0.7448769211769104,-0.4203980565071106,-0.7355678081512451,-0.3621224164962768,-0.7271631956100464,-0.3945464193820953,-0.7228338718414307,-0.4302807450294494,-0.7689054012298584,-0.4150541126728058,-0.772452712059021,-0.3555366992950439,-0.7729789614677429,-0.3192909657955169,-0.7710238695144653,-0.2859800457954407
I,0.0,0.0,1.0022299413205547,1.1443489523669876,0.9581081324712835,1.0650265001206634,0.9347857117692505,0.967152436025501,0.9521588104597843,0.8836806300155488,0.9737670113245358,0.9056762494768708,0.9591258471238107,0.8151865394660874,0.9665733747785069,0.9105896009555318,0.9766068702106998,0.9930931063029048,1.005548719884338,0.8796331833441776,0.9885667954426629,0.7961666926322027,0.9922662452680735,0.9094920835662593,1.0,1.0,-0.7495489716529846,-0.4184388518333435,-0.7390456199645996,-0.3572575747966766,-0.731099009513855,-0.3943810164928436,-0.7271563410758972,-0.4336504936218261,-0.7750809788703918,-0.4123991131782532,-0.7781429290771484,-0.3480957448482513,-0.7784280776977539,-0.3082188367843628,-0.7761124968528748,-0.2717162370681762
I,0.0,0.0,1.009526458629273,1.1423820907439957,0.9619194968266587,1.074147311596859,0.9349307827140865,0.9839216073593432,0.951233009265896,0.8992669846200428,0.9664832112650359,0.9050960525696518,0.9493207778921715,0.8281126288512201,0.9629160530671289,0.9179486002423717,0.977128647387695,0.9970484866147286,0.9988929958427274,0.8697089013266449,0.9803888157637523,0.7960252813970844,0.9897387694994331,0.9086332664921793,1.0,1.0,-0.7570067644119263,-0.432048350572586,-0.7440816164016724,-0.3723769187927246,-0.7389975190162659,-0.4130407869815826,-0.7372112274169922,-0.4558470547199249,-0.7843860387802124,-0.4226466417312622,-0.7848122119903564,-0.3572941124439239,-0.7833868265151978,-0.3175907135009765,-0.778538703918457,-0.2822380661964416
K,0.0,0.0,1.017815537172625,1.714968633374462,1.0387738428245323,1.4649824439108226,1.0019517888791742,1.2750936176710572,0.9930221016024869,1.124920256313403,0.9778411012872937,1.2917352928362444,0.9782258319841376,1.0249089625516625,0.9748440087823451,0.8648123184062515,0.974652893183813,0.7207780259773439,0.9227310406212295,1.320859070349984,0.9391630726209793,1.1799020107548759,0.96883078912028,1.085424575648535,1.0,1.0,-0.4042235314846039,-0.4827421009540558,-0.4230241477489471,-0.4618388712406158,-0.437675416469574,-0.5265911817550659,-0.4481009840965271,-0.5763440728187561,-0.3798171877861023,-0.5083984136581421,-0.4003244042396545,-0.4898409843444824,-0.414438396692276,-0.5390257239341736,-0.4232381582260132,-0.5784848928451538
K,0.0,0.0,1.036820111048042,1.7045256853145114,1.0610265019666494,1.4623240744534578,1.0271116330148853,1.2717360785991647,1.0158986438844324,1.1132861276665484,1.009312845606915,1.2874732413154761,1.0143815857398804,1.0279923379651241,1.0115299355528926,0.8685281262573307,1.0102638183534602,0.7256926695813788,0.949086751819739,1.316696965748212,0.9560056475060574,1.17493244418711,0.9767519231853748,1.0836931384251016,1.0,1.0,-0.3970029354095459,-0.4849208295345306,-0.4101594686508178,-0.4627008140087127,-0.4242129027843475,-0.52662193775177,-0.4341640174388885,-0.575535237789154,-0.3702706694602966,-0.5105130672454834,-0.3863839209079742,-0.4883524179458618,-0.4009724259376526,-0.5351440906524658,-0.4097972810268402,-0.5734382271766663
K,0.0,0.0,1.0689319041401928,1.700921761566705,1.0904722295942237,1.4586890446995193,1.053332492680772,1.26911457432556,1.0387848046044859,1.1140957774730706,1.0463876133056869,1.3003907494495002,1.0575291224320384,1.0320313592569634,1.0591565252478197,0.8690002954204858,1.0602370151471765,0.7198785714226607,0.9809726950601957,1.3239336106589696,0.9788808386863839,1.175328748385324,0.9882320511077657,1.085274074907712,1.0,1.0,-0.3912763595581054,-0.4937538802623749,-0.3992736041545868,-0.4715597927570343,-0.4138510525226593,-0.5346841216087341,-0.4238301515579223,-0.5818629860877991,-0.3648443520069122,-0.5198689699172974,-0.3772504925727844,-0.4956749677658081,-0.3925710022449493,-0.5415958762168884,-0.4017620086669922,-0.5800151228904724
K,0.0,0.0,1.0669204943416177,1.6847742444802103,1.0854070894515933,1.4438830773401878,1.046697560476622,1.2520506918260728,1.0295675883062778,1.0946704772144615,1.0440720532763677,1.284380320269421,1.0488822258623687,1.0165361947771816,1.0459337627030498,0.8545218219925069,1.0439316436684138,0.7077441858301582,0.9774829006601332,1.3101132299525937,0.9740229750592064,1.1664539112660466,0.9850663362628536,1.079185378288184,1.0,1.0,-0.3923084735870361,-0.4871725440025329,-0.4019094705581665,-0.4679310321807861,-0.4169401824474334,-0.5301730632781982,-0.4276364743709564,-0.578305721282959,-0.3654617369174957,-0.5136023759841919,-0.3794205784797668,-0.4937090575695038,-0.3951662182807922,-0.5387903451919556,-0.4049902558326721,-0.5766889452934265
K,0.0,0.0,1.0051343616382669,1.5707715323072662,1.0197800996762099,1.3657760314498224,0.9882610277599482,1.2172285520640935,0.9732372220590525,1.0888645326284343,0.9458252441051989,1.1511032152253688,0.9321360574270051,0.9136368394011066,0.9202148424173937,0.7581649388446934,0.9125367339060441,0.6192780199474589,0.8889289621765271,1.1884182001758268,0.9170210665754901,1.091366621018577,0.9594078142995917,1.0352380963751755,1.0,1.0,-0.3914594054222107,-0.4696176946163177,-0.4212105572223663,-0.4692544341087341,-0.4386907815933227,-0.5271245837211609,-0.449908584356308,-0.573122501373291,-0.3706727027893066,-0.5034360885620117,-0.399379551410675,-0.4958767592906952,-0.4155410528182983,-0.5412106513977051,-0.4245265424251556,-0.5788165330886841
K,0.0,0.0,1.0011032355911296,1.5880524804900116,1.0264161702401393,1.3818765450956967,0.9971077268891922,1.2142774974977524,0.9972568554758847,1.0796023559551606,0.9745365465825573,1.1699313357154384,0.9786004901401675,0.9223575612510468,0.9779206912691342,0.7668906235291584,0.9802971437641912,0.6300156727372789,0.9162167164425451,1.186997222658318,0.9330056885604915,1.0918587728119415,0.9646735230851367,1.0384990191377748,1.0,1.0,-0.4059808552265167,-0.4648779630661011,-0.4266586601734161,-0.4666789174079895,-0.4392212331295013,-0.5294933319091797,-0.4491049647331238,-0.578761875629425,-0.3811860084533691,-0.4889826476573944,-0.402518481016159,-0.4886080324649811,-0.4157044589519501,-0.5373202562332153,-0.424542486667633,-0.5757891535758972
K,0.0,0.0,1.0138544578271516,1.695798095637912,1.0567739264906153,1.4609775303231873,1.030436532336811,1.2542254452519979,1.031231123057637,1.0941608793043789,1.0152815276060734,1.2686595580242939,1.031005276342198,1.0152394700271827,1.0309064261171361,0.8531630605116879,1.0313747637337536,0.7070627946642213,0.9529522996581311,1.2831936808394746,0.9582227554977234,1.124333674713231,0.9779630980810743,1.0589334724651158,1.0,1.0,-0.3926796317100525,-0.4713620245456695,-0.399649977684021,-0.4359586536884308,-0.4074438512325287,-0.5033711791038513,-0.4127329587936401,-0.5538499355316162,-0.3653337061405182,-0.4946936964988708,-0.3765790462493896,-0.4654534757137298,-0.387601375579834,-0.5167452692985535,-0.3934890031814575,-0.5575312972068787
K,0.0,0.0,1.0192900379271372,1.776684440975367,1.0551914515122744,1.5201093961330627,1.0315608136141765,1.3057550510781595,1.0301900288566297,1.1386442034472541,1.0140912920713763,1.340415041420361,1.0282820493276963,1.0677444904238613,1.0283730992889482,0.8971273882017898,1.0291062584087571,0.742575478948332,0.9528501224518514,1.3539264147861887,0.9599390517077558,1.1905410841762696,0.9790658894770732,1.095315172288481,1.0,1.0,-0.3849238157272339,-0.4710023403167724,-0.3908727467060089,-0.4396091997623443,-0.3995150327682495,-0.5060752034187317,-0.4052298963069916,-0.5541643500328064,-0.3584415316581726,-0.4932311475276947,-0.3687262237071991,-0.4652714431285858,-0.3802591860294342,-0.5135190486907959,-0.3866110444068908,-0.5511715412139893
K,0.0,0.0,1.0365704107657978,1.7007929682094542,1.0668319045457566,1.4528657734461623,1.02539792927901,1.2526614444388002,1.0167328234986375,1.086030306905147,1.0126165723284635,1.2499499030466303,1.0108622574385784,0.9690525194738769,1.0035836975510382,0.7991783048662359,0.9998084405052516,0.6480773980413141,0.9496851779631864,1.285289712783306,0.9554160520828748,1.127048501207757,0.9767716765023438,1.0601131910883475,1.0,1.0,-0.3780601024627685,-0.4567727446556091,-0.3878880441188812,-0.4300801753997803,-0.3987309336662292,-0.4948125183582306,-0.4057786762714386,-0.5421221256256104,-0.3525051176548004,-0.4835136532783508,-0.3635213971138,-0.4571325778961181,-0.3768525719642639,-0.504791259765625,-0.3845999836921692,-0.5422866344451904
K,0.0,0.0,0.981251719917981,1.7337962581900144,1.0365091915148117,1.5087686844843406,1.0286917125583475,1.2967470409709883,1.0388166045003682,1.1462938037526036,1.0096170852213988,1.3273808806580827,1.0478533391839135,1.0748817669709176,1.0653906904232904,0.9154185170055813,1.0804613520315633,0.7725262198405435,0.9508520634386024,1.3187604382534825,0.965896478707124,1.1597075481608563,0.9821862628123273,1.0789493022269914,1.0,1.0,-0.3983350098133087,-0.4691314399242401,-0.4055913984775543,-0.4357083439826965,-0.4067475795745849,-0.5033746361732483,-0.407135009765625,-0.5523926615715027,-0.3703245520591736,-0.4827777147293091,-0.3814651668071747,-0.4532318115234375,-0.3870191872119903,-0.5058339238166809,-0.3890056610107422,-0.546846330165863
K,0.0,0.0,0.9752331776078432,1.7835934743374553,1.0241177967184014,1.5431659269033262,1.0080110188885176,1.3334761071160306,1.0177314538114755,1.1781295583678324,0.9870736557991795,1.3883196701658755,1.0197174147177517,1.1487583559565566,1.0362837598437404,0.9989326992576182,1.0539488428859753,0.8631014585359333,0.9284026332435095,1.3840411268554236,0.9463231431855489,1.2042720050718052,0.9724342753401418,1.0985616959123585,1.0,1.0,-0.3855472803115845,-0.5019702911376953,-0.3961300253868103,-0.462801992893219,-0.3983160853385925,-0.5327554941177368,-0.3987081944942474,-0.5837127566337585,-0.3575095236301422,-0.5174015164375305,-0.3707457482814789,-0.4832212030887604,-0.3767687380313873,-0.5364667773246765,-0.3778974413871765,-0.5782822966575623
K,0.0,0.0,1.0077847604127115,1.732241325014566,1.0352191470702758,1.4829103949897309,0.9976466570852024,1.2946785970898593,0.9893841240642667,1.1370730861687162,0.9727838468458262,1.3164787157604674,0.9747858903294573,1.0544599700880457,0.9753377304738197,0.8904345834129545,0.9804983742814912,0.7448441368988953,0.9156006816635152,1.3431540847152859,0.9307148990515319,1.1764972626445607,0.9652800183413016,1.0845074617575094,1.0,1.0,-0.3800912201404571,-0.496408611536026,-0.3963823318481445,-0.4621239602565765,-0.4057989120483398,-0.5312857031822205,-0.4107429981231689,-0.5811358690261841,-0.3542298078536987,-0.5237346887588501,-0.3721016645431518,-0.4954069852828979,-0.385317862033844,-0.5455028414726257,-0.391417920589447,-0.583996057510376
K,0.0,0.0,0.9938911085574627,1.8242977617478913,1.035031019164498,1.568836434667546,1.0115697760577467,1.35732381078118,1.0102238140791244,1.1916101532511627,0.9879541292034967,1.3999532393456453,1.0102795104244995,1.1396633969274725,1.0215667084642523,0.9776532463413339,1.0331914541060463,0.8290849867441347,0.9316514006045201,1.4106910074545282,0.9468125007969599,1.2213363062379272,0.9735931932326892,1.107496204532189,1.0,1.0,-0.3941546380519867,-0.4906021356582641,-0.4065775275230407,-0.4543597996234894,-0.4121467471122741,-0.52289879322052,-0.4142396748065948,-0.5730564594268799,-0.3673968911170959,-0.5089754462242126,-0.3826993405818939,-0.4777033627033233,-0.391426146030426,-0.5295436382293701,-0.3939481973648071,-0.5707636475563049
K,0.0,0.0,0.9887968585295455,1.9130645957076744,1.0245081828450342,1.6430899019520286,1.0017600618956077,1.4254615992199497,1.0041270686394177,1.2600132424055643,0.9779605676048171,1.4824184007214876,0.9979263694738658,1.2223011186867985,1.0092425884562841,1.0596211127427226,1.02037642435489,0.9122061086360396,0.9258537856963591,1.4870310072866173,0.9458598421174781,1.262508546439191,0.9741214688273766,1.1271960871583069,1.0,1.0,-0.397971510887146,-0.4944087862968445,-0.4095768928527832,-0.4494705498218536,-0.4165281057357788,-0.5194920301437378,-0.4192042052745819,-0.5704558491706848,-0.3718304932117462,-0.5118117928504944,-0.3868202865123749,-0.4763574600219726,-0.3965497612953186,-0.5279331207275391,-0.3995194733142853,-0.5702672004699707
K,0.0,0.0,1.005568750907362,1.7633290385808127,1.0299727039324909,1.5095449732548856,0.9978497970778689,1.324014662696305,0.9856904257114044,1.1740427613431152,0.9621405374722558,1.3440985131703838,0.9685190150396493,1.076069119244489,0.9716513270701915,0.915040828704481,0.9750771993476148,0.779696329014594,0.9100107379355175,1.3685314002378104,0.9290233579525464,1.1871493237478112,0.965848983558272,1.0858166940228693,1.0,1.0,-0.3910583257675171,-0.4915581047534942,-0.4124318659305572,-0.45887491106987,-0.4217443168163299,-0.5283663868904114,-0.425784170627594,-0.5796476006507874,-0.3677502572536468,-0.5160479545593262,-0.3897396624088287,-0.4906283617019653,-0.4016965627670288,-0.540604829788208,-0.4069667160511017,-0.5797669291496277
K,0.0,0.0,1.0053624486758637,1.74742189523264,1.0399520798809385,1.4974794954653372,1.0082572487096402,1.2988736379745638,1.0041895140435504,1.1425617028406334,0.987876157101994,1.3141276424558577,0.9969208156975334,1.0541651410791082,1.001593621029966,0.8952410598442815,1.0080842111651767,0.755725429110039,0.9312821270622013,1.3367099104294053,0.9436920129616535,1.1741296071149574,0.9712590773793817,1.0820735063168891,1.0,1.0,-0.3948456048965454,-0.4839791059494018,-0.4085709452629089,-0.4528174102306366,-0.4163046777248382,-0.5206329226493835,-0.4208653569221496,-0.5717719197273254,-0.3685986399650574,-0.5081456899642944,-0.384425938129425,-0.481597751379013,-0.3956563472747803,-0.5316566824913025,-0.4013104736804962,-0.5720108151435852
K,0.0,0.0,1.0313809933448024,1.6952400681048003,1.0742523169093492,1.4719989101125888,1.0530694227245134,1.265811923341953,1.0463014144874754,1.10733112174819,1.047379935737474,1.274683876708461,1.0725614748109817,1.0188164355811382,1.0794878609919487,0.8590441075329254,1.0840113622151362,0.7136250076509306,0.9820888187941642,1.2879593931380529,0.9843936437744173,1.1425781365689474,0.9910082601680786,1.070188156951685,1.0,1.0,-0.3949854969978332,-0.4817562401294708,-0.3983838260173797,-0.4548440873622894,-0.4056947529315948,-0.5220721960067749,-0.4108771681785583,-0.5699801445007324,-0.3676255643367767,-0.5048166513442993,-0.3752745985984802,-0.4746072888374328,-0.3857220113277435,-0.5241737961769104,-0.392553836107254,-0.5641684532165527
K,0.0,0.0,1.0391217511977955,1.618257341008433,1.0758786741259598,1.4049052271719162,1.0471244625574496,1.2062167333591516,1.0347373574716137,1.0477143338291046,1.0523352599876907,1.2171144253730508,1.0734838934791986,0.9556414389349832,1.0771850206259117,0.7929493550648787,1.0784104604695224,0.6458178945301155,0.9814637071274888,1.2286878475647063,0.9894681099154984,1.0790323638197314,0.994087048373653,1.0345055581263962,1.0,1.0,-0.3863775134086609,-0.480744332075119,-0.3907091021537781,-0.4587724804878235,-0.3996304273605346,-0.5281269550323486,-0.4064335227012634,-0.5790871977806091,-0.3594493567943573,-0.5042799115180969,-0.366556316614151,-0.4822346270084381,-0.3782386481761932,-0.5325236320495605,-0.3867673575878143,-0.5720629692077637
K,0.0,0.0,1.0614239914357597,1.6664337078651685,1.094860910719489,1.4482736757624397,1.0695528177162246,1.2551699839486354,1.056083177112751,1.0956967897271268,1.0614707607721188,1.2453235955056179,1.079564396713579,0.9783224719101123,1.083205805595363,0.8139835473515248,1.0840994442339507,0.6655880417335472,0.9912988232060267,1.2602459871589085,0.991993476968756,1.1172886035313,0.9947213056850999,1.0554996789727127,1.0,1.0,-0.3836651444435119,-0.4840148389339447,-0.3878321647644043,-0.4728297591209411,-0.3984548449516296,-0.5396196246147156,-0.4068195521831512,-0.5874522924423218,-0.3573703169822693,-0.5084875822067261,-0.3652502596378326,-0.4970941841602325,-0.378225028514862,-0.5446933507919312,-0.3877718448638916,-0.580345094203949
K,0.0,0.0,1.043587744014301,1.7637157386608107,1.0833246229929256,1.5272773309873893,1.055455676985548,1.3192519674294694,1.0572662742587686,1.154969543042879,1.0446585508893869,1.333238936252152,1.0668391973228275,1.0576212474633242,1.0746169898532538,0.883246197134125,1.0805936487776049,0.7238878636800576,0.9773477945700584,1.3486687316098371,0.9827163775681144,1.1855857004763206,0.990636266354488,1.092686421881165,1.0,1.0,-0.3853120505809784,-0.4928847551345825,-0.3899831771850586,-0.4680938124656677,-0.399848461151123,-0.5361891984939575,-0.40727698802948,-0.5835359692573547,-0.358737051486969,-0.5174114108085632,-0.3672290444374084,-0.492887020111084,-0.3794278502464294,-0.543718695640564,-0.3873754441738128,-0.5820481777191162
K,0.0,0.0,0.9656883542752218,1.9170973583503232,0.9375719776472913,1.6823379888121255,0.9511735237243049,1.4857422090705579,0.9635652834308942,1.3317548414466753,0.9551551671542675,1.4428587456327493,0.9448623737708933,1.1483081451303294,0.9422676360810153,0.9792333623752935,0.9441038956977827,0.8227408189131526,0.9987271835642345,1.4364432480948883,0.9921240105949143,1.25913524496046,0.9945115796979345,1.124346512072281,1.0,1.0,-0.7618079781532288,-0.4982722401618957,-0.7527570724487305,-0.5002367496490479,-0.7403569221496582,-0.5680975914001465,-0.7321192026138306,-0.6162125468254089,-0.7900964617729187,-0.5175399780273438,-0.7781475782394409,-0.5310260057449341,-0.7639554738998413,-0.5873428583145142,-0.7550329566001892,-0.6261106729507446
K,0.0,0.0,0.9722308939487014,1.9927123314940498,0.9496973359914836,1.7220430794136492,0.9648624530630396,1.5029685114025453,0.9725156261623588,1.3334423498234573,0.9717678183405228,1.4999286437519186,0.9593829416004972,1.1940750894606087,0.9561316668025628,1.0158416359682327,0.9580953932504335,0.8546773288758244,1.012157074726532,1.4990910311782892,0.9994260688665384,1.2909046947654153,0.9977411460950756,1.1396652184397718,1.0,1.0,-0.7725160121917725,-0.5000392198562622,-0.7569636106491089,-0.4898630976676941,-0.7464286684989929,-0.5584147572517395,-0.7406891584396362,-0.6072264313697815,-0.8003525733947754,-0.5196722149848938,-0.7812099456787109,-0.5165542364120483,-0.7688482999801636,-0.570858895778656,-0.7632837891578674,-0.6094962358474731
K,0.0,0.0,0.9510889118036128,1.9737456580596635,0.9329304836222018,1.7312647823364105,0.946461177084573,1.525979388853683,0.9502713040625634,1.3642019461054706,0.9363790043346127,1.48035011872424,0.9221514678531572,1.1884862533698743,0.9166558322367055,1.020110960749213,0.9148621703820545,0.867042631415564,0.978219776660169,1.4845224596541495,0.983290977782272,1.272793033603122,0.9912553347624845,1.1264111946222788,1.0,1.0,-0.7933664321899414,-0.4907630681991577,-0.7896133661270142,-0.4871350526809692,-0.7793746590614319,-0.552602231502533,-0.7736524343490601,-0.5974788069725037,-0.8212071657180786,-0.5132297277450562,-0.8139507174491882,-0.5085287690162659,-0.8009558916091919,-0.5599997043609619,-0.7924795746803284,-0.5954894423484802
K,0.0,0.0,0.947353582674997,1.9933189219064762,0.9324086277099285,1.7533960353726785,0.9496850850362196,1.552123980302202,0.9556584923508183,1.3878026626155606,0.9306885362044613,1.4960679720509933,0.9163208325420455,1.2007551275584938,0.9102268134132978,1.0283247395825466,0.9083760277586247,0.8719159898883427,0.9722045823159454,1.4949964588058702,0.9797530158972841,1.2738983413016494,0.9895131676800667,1.1259362645460775,1.0,1.0,-0.8004393577575684,-0.4879886209964752,-0.7985450625419617,-0.4819270372390747,-0.787675142288208,-0.5487045049667358,-0.7818031311035156,-0.5946240425109863,-0.8275904059410095,-0.5108951330184937,-0.8207406997680664,-0.5073943734169006,-0.8075154423713684,-0.5590766668319702,-0.7990614175796509,-0.593839168548584
K,0.0,0.0,0.9401730815709539,1.9039038593135205,0.9253963998378931,1.674100260991267,0.9414796010898467,1.4856471100373443,0.94998143244573,1.3207971632659454,0.9330373479844806,1.4248968792050276,0.9241615392978966,1.1316498403685205,0.9223786939171882,0.9615304522104219,0.9249786767640545,0.8072204746951825,0.9744683185149318,1.4311748482138311,0.9807606521822485,1.2386385139668263,0.9895765824759956,1.108766521554822,1.0,1.0,-0.8046789169311523,-0.4875623881816864,-0.8003305792808533,-0.488496720790863,-0.7855258584022522,-0.5517310500144958,-0.776761531829834,-0.5955157279968262,-0.8319946527481079,-0.5115823745727539,-0.8231711983680725,-0.5174791216850281,-0.8071885108947754,-0.5692831873893738,-0.796423614025116,-0.6033340692520142
K,0.0,0.0,0.9430524977483505,1.8370751439957065,0.929272607380933,1.5998384318166772,0.9471331845821628,1.4131064793489942,0.9566618458541478,1.2460194290318445,0.9523873988100159,1.3695500671205223,0.9478310843561016,1.0804224296643128,0.9493715612194914,0.9130790993876748,0.9547800575820253,0.7584383984324928,0.991924237791424,1.3855545789155634,0.9897792623483752,1.219931872317468,0.994056734532403,1.106863108645095,1.0,1.0,-0.8112658858299255,-0.4871268570423126,-0.7989935278892517,-0.4852815866470337,-0.7822984457015991,-0.5486227869987488,-0.771331250667572,-0.5928104519844055,-0.8384841680526733,-0.5132152438163757,-0.8231714963912964,-0.5161458849906921,-0.8050387501716614,-0.5651459693908691,-0.7926259636878967,-0.5992397665977478
K,0.0,0.0,0.9686260943529394,1.883293018691334,0.9524158013827185,1.633290201815522,0.9685876997539248,1.4356970858965388,0.9756678503446926,1.2706133519913494,0.9773305541032362,1.4037305431118299,0.9714367499889052,1.1124774877102435,0.9715143941273984,0.9418809461068048,0.9762474999792095,0.7847954130357742,1.0163506586500195,1.4149150848243086,1.0052947240147259,1.2486339060980818,1.0008974543215026,1.122271128840265,1.0,1.0,-0.8084614276885986,-0.479742169380188,-0.7922466397285461,-0.4773105084896087,-0.7793516516685486,-0.5439192056655884,-0.7718505859375,-0.5904448628425598,-0.8358879089355469,-0.5053681135177612,-0.817196786403656,-0.5034220814704895,-0.8003548979759216,-0.5529582500457764,-0.7903416752815247,-0.588401198387146
K,0.0,0.0,0.9886059612668872,1.9636903277556734,0.9698754444587415,1.69457130848459,0.983661214338824,1.480757312955499,0.9898170051496742,1.31984250811934,0.9936884000193896,1.4991680867957227,0.9835570999943796,1.2089718055975902,0.9801682706824796,1.0347602639627114,0.9807558363216217,0.8764223181390007,1.0317865200187004,1.497222516155433,1.0156321286721242,1.2875260007562512,1.005603171517794,1.139782877498422,1.0,1.0,-0.7921168208122253,-0.4942586123943329,-0.7740564942359924,-0.4756801128387451,-0.7650587558746338,-0.545403242111206,-0.7604990005493164,-0.595759928226471,-0.8197389841079712,-0.5152046084403992,-0.7982431054115295,-0.5047267079353333,-0.7853816747665405,-0.5572585463523865,-0.7791358232498169,-0.5968170166015625
K,0.0,0.0,0.986099660250939,1.8409907118793822,0.9633611075361442,1.6203971039266005,0.9727997833438476,1.4204931698411443,0.9755904946060987,1.251556196111578,0.9800482896875935,1.3869465257560012,0.9669018249175104,1.1019976743409219,0.9624779020988959,0.9360114964299263,0.9615585346653791,0.7808799973556951,1.0196339111093917,1.384724050529307,1.0079474277214073,1.2244771682993327,1.0026972269749543,1.1091743735384838,1.0,1.0,-0.7993090152740479,-0.4832915961742401,-0.7896939516067505,-0.4826997220516205,-0.7814671993255615,-0.5503423810005188,-0.7754879593849182,-0.596861720085144,-0.8281387090682983,-0.5032385587692261,-0.8162819147109985,-0.5034307241439819,-0.8035808205604553,-0.556030809879303,-0.7940521240234375,-0.5933027267456055
K,0.0,0.0,0.9955171808168775,1.8432100281224448,0.9697880287894554,1.6204479880291607,0.9777207778876513,1.4199439224175003,0.9820076272691062,1.2495829734119899,0.9846374670332851,1.3802922597617073,0.9734880854029536,1.1022121427302307,0.9700704582024409,0.9436478417746706,0.9719234376213844,0.7906203677327949,1.024725375082372,1.3604916988116036,1.0122138557748401,1.2242661504073715,1.0034084548247733,1.1147371004960227,1.0,1.0,-0.7956359386444092,-0.4721367061138153,-0.787111759185791,-0.4882785081863403,-0.7793112993240356,-0.5574551224708557,-0.775190532207489,-0.6033905148506165,-0.8247337937355042,-0.4887294173240661,-0.8128197193145752,-0.5144526958465576,-0.8013247847557068,-0.5686650276184082,-0.79493248462677,-0.6020171642303467
K,0.0,0.0,0.9461930599978096,1.9004312660889084,0.9311256852105891,1.6726793148488566,0.9452863637291792,1.4699206114444157,0.9500945790166381,1.2943965713974,0.9329932077601202,1.4242526540988094,0.9239897308906763,1.1378584880423093,0.9214456203139764,0.9706470717830609,0.9232907186334585,0.8136612930672605,0.9727625797517371,1.4093678624158228,0.9804056780823571,1.2371494212423964,0.9894278665609807,1.1093274825901605,1.0,1.0,-0.810382604598999,-0.4672333598136902,-0.8138476014137268,-0.4883331656455993,-0.8007041215896606,-0.553116500377655,-0.7916370034217834,-0.5979200005531311,-0.8368134498596191,-0.4869506657123565,-0.8342736959457397,-0.5134115815162659,-0.8201947212219238,-0.5678619742393494,-0.8093855977058411,-0.6023852825164795
K,0.0,0.0,0.9474911833653977,1.9770303651392311,0.9338394473676832,1.7303766420575888,0.9501030953291342,1.5170176965376105,0.9554770086222547,1.3365210106685816,0.9366037543315248,1.4860666683707893,0.928405959455195,1.1818457505768842,0.9253192355438393,1.0066643777203024,0.9259967201977967,0.8444537009280496,0.9758599328554621,1.4783613235454736,0.9834839222531135,1.2804433739456713,0.9912782310993942,1.1309759509584527,1.0,1.0,-0.81129390001297,-0.4673869609832763,-0.8126623630523682,-0.4810864329338074,-0.80025315284729,-0.5446904301643372,-0.791648805141449,-0.5879523754119873,-0.8371144533157349,-0.4882576763629913,-0.8323134779930115,-0.5061331987380981,-0.8184407353401184,-0.5573495626449585,-0.8081749677658081,-0.5897759795188904
K,0.0,0.0,0.94001872536084,2.0219448434117404,0.9268871434103505,1.7785098801026638,0.945251784542337,1.5543004381281342,0.9499834068934337,1.3615062027882865,0.9228964174776059,1.519255231605433,0.9100765119293287,1.2200566623794429,0.9043282429831272,1.0405335863767362,0.9024003236712435,0.8711688000389815,0.9623726349722056,1.5056319879036322,0.9759982936135997,1.2928970661687584,0.9882265459681521,1.1348964332239722,1.0,1.0,-0.8161108493804932,-0.4565275013446808,-0.8241032361984253,-0.4711392223834991,-0.8111281991004944,-0.5366291999816895,-0.801520586013794,-0.5818584561347961,-0.8415793180465698,-0.4768068492412567,-0.8427394032478333,-0.4948269128799438,-0.829095184803009,-0.548432469367981,-0.8177635669708252,-0.5830582976341248
K,0.0,0.0,0.94659825119166,1.9508742985614418,0.9343533972155214,1.6918504605158404,0.9546626714288474,1.495593427503871,0.966984739915666,1.335515040040516,0.9465758820215785,1.4641225765045274,0.9403490779591588,1.1610141960743035,0.9396174351702806,0.9839072822568606,0.9419637455949085,0.8217906908391911,0.9870536756039304,1.4707181311413935,0.9876759992925099,1.277229169757134,0.993300470718682,1.1316305507458626,1.0,1.0,-0.8224841952323914,-0.4752523601055145,-0.8129591941833496,-0.4856847524642944,-0.7977510690689087,-0.5475145578384399,-0.7874389886856079,-0.5906686782836914,-0.8501285314559937,-0.5004029273986816,-0.8367770910263062,-0.5116536021232605,-0.820361852645874,-0.5596376061439514,-0.8096791505813599,-0.5934131145477295
K,0.0,0.0,0.9763144570923264,1.9661789581634281,0.9610595194556547,1.6989006357184275,0.9760056002320034,1.4844180751249851,0.9812460811021961,1.307630636480422,0.9754756325824514,1.4696116764436773,0.9666743370128755,1.164419614469144,0.9643979820420799,0.9879608699482593,0.9651778436748272,0.8219638115927203,1.0169645507424434,1.4679301060976646,1.009516608368415,1.2823940294943714,1.0038043468984674,1.1390309924489603,1.0,1.0,-0.8119205236434937,-0.4690386354923248,-0.7985597848892212,-0.4740774035453796,-0.7839342951774597,-0.5390878915786743,-0.7740015983581543,-0.5841338634490967,-0.8398905992507935,-0.4926591515541076,-0.8230618834495544,-0.5035020709037781,-0.806595504283905,-0.552946925163269,-0.7965878248214722,-0.5877998471260071
K,0.0,0.0,0.9785936187776797,1.9599698342193197,0.9598159235266461,1.6959213553040446,0.9717122989084792,1.4784843491946484,0.9759435405051944,1.3062579426762757,0.969284000456784,1.4671217756437056,0.9584178783006765,1.1639228529097692,0.9546315965688927,0.9883769479436327,0.9537930961520928,0.8209993070417091,1.0096636414581863,1.4567690661865005,1.003787681955135,1.2819987694770083,1.000867671736616,1.13804855758328,1.0,1.0,-0.8038924336433411,-0.4558399319648742,-0.796821117401123,-0.4673441052436828,-0.7857640981674194,-0.5334083437919617,-0.778013288974762,-0.5786585807800293,-0.8320567011833191,-0.4739929139614105,-0.8206843137741089,-0.4909542202949524,-0.8066768050193787,-0.5446733236312866,-0.797450065612793,-0.5810493230819702
K,0.0,0.0,1.0107170792877218,1.8167862314155663,0.9846694013187948,1.574220474789258,0.9921858130577255,1.3815037299111494,0.9955487597745958,1.2332358971301898,1.0085615361607227,1.3729747170902578,0.9965735889031991,1.10116400762568,0.9922317269996935,0.9452934692691636,0.9912523959259029,0.803520377478316,1.0494026529608005,1.362234899424009,1.0278952150685565,1.2208412639388062,1.012066882639639,1.110911755868933,1.0,1.0,-0.7801663279533386,-0.4835473597049713,-0.7556707859039307,-0.4924893081188202,-0.7478324174880981,-0.5611918568611145,-0.7441519498825073,-0.6090822219848633,-0.806035578250885,-0.5021779537200928,-0.7809318900108337,-0.5209298133850098,-0.7701514363288879,-0.5728403925895691,-0.7665194272994995,-0.6089507937431335
K,0.0,0.0,0.9960691275779099,1.891121842680781,0.9688874363022123,1.6370523906254573,0.9768090351108738,1.4153735529902065,0.9779078527830585,1.2423372931979253,0.9833686708204014,1.420183812620981,0.9665563934838767,1.1305090579120312,0.9595536427294028,0.9605715066708094,0.9564573009237979,0.8013077651938443,1.0235928997541504,1.4103719866666595,1.0089155497256381,1.2420807766757411,1.0030868010510487,1.1219226065095413,1.0,1.0,-0.7778476476669312,-0.4645856022834778,-0.7636911869049072,-0.4574511051177978,-0.7556642889976501,-0.5279212594032288,-0.7506064772605896,-0.5757377743721008,-0.8064506649971008,-0.4801002442836761,-0.7889244556427002,-0.4814626574516296,-0.7784258723258972,-0.5384141206741333,-0.7730333805084229,-0.576967716217041
K,0.0,0.0,0.9812770750501619,1.9946138582704873,0.9590551932104635,1.7201072247217366,0.968411799970771,1.49242349594379,0.9720618761739085,1.3234944514280176,0.9627561162462815,1.5008901296467185,0.9417825873126573,1.208001945802752,0.9322106710605489,1.0359648352091468,0.926304464043986,0.8757762876340816,1.003379735279072,1.4880476140542542,0.9962811542452091,1.2883576300067139,0.9968332055714548,1.139078939917015,1.0,1.0,-0.7874515652656555,-0.4582106471061706,-0.781239926815033,-0.45693239569664,-0.7738673686981201,-0.5215579867362976,-0.76897132396698,-0.5657901167869568,-0.8156150579452515,-0.4752106666564941,-0.8062201142311096,-0.4746473431587219,-0.795654833316803,-0.5274180769920349,-0.7886551022529602,-0.5649499893188477
K,0.0,0.0,0.9678316692145904,1.9513036122496248,0.9471610098546516,1.692764615135991,0.9585524289671697,1.4743785728911758,0.9654152959103801,1.308448243699651,0.9502357006076415,1.47594610134363,0.9324404029697946,1.1912126718140754,0.9240917758013015,1.0232527270381873,0.9199685850666881,0.8659606842303895,0.9913709869237228,1.468437904763823,0.9894616814016306,1.274680109201413,0.9935495060654352,1.1311104621302908,1.0,1.0,-0.7975515723228455,-0.4670561254024505,-0.7931337952613831,-0.4693734049797058,-0.784387469291687,-0.5336770415306091,-0.77894526720047,-0.5774081349372864,-0.8256237506866455,-0.4849864840507507,-0.8173114061355591,-0.4888376295566559,-0.8051927089691162,-0.5411863923072815,-0.7970462441444397,-0.5768307447433472
L,0.0,0.0,1.0369799726592284,1.1402993902146283,1.1288760957739108,1.0012231262190678,1.1963381303412974,0.8896832763091096,1.2596136007145404,0.8387462966899691,1.0649052116859035,0.8292744668622745,1.0790223903665546,0.6502311964037321,1.084023859396411,0.5497072001895685,1.0863302841222686,0.4628536886623225,0.9992332880935028,0.8293429150919405,1.0079939423196944,0.7605795361509379,1.0044166597966109,0.9060830676218476,1.0,1.0,-0.407076358795166,-0.4729559123516083,-0.4086439609527588,-0.4403104484081268,-0.4135321974754333,-0.5194458961486816,-0.4161599576473236,-0.5663207173347473,-0.3771018385887146,-0.487822949886322,-0.3823301196098327,-0.4522169232368469,-0.3907591998577118,-0.5104178190231323,-0.395818293094635,-0.5485453605651855
L,0.0,0.0,1.0281838403983252,1.1341585370059017,1.1082944605366718,0.9866439885647865,1.1600018217864436,0.8717426862490633,1.2118441692386879,0.8140248107798502,1.0371492838645813,0.82421586867167,1.0457274329335093,0.6469395706664401,1.0492903963842153,0.5481273954778928,1.0510462056848306,0.4630746833995117,0.9742496022751503,0.8319821162882824,0.9956575703234944,0.7698017761756292,1.0017824374382125,0.9086070251371158,1.0,1.0,-0.4127854406833648,-0.4848516881465912,-0.4210385680198669,-0.4526132345199585,-0.4289254546165466,-0.5303894877433777,-0.4315816462039947,-0.5785254240036011,-0.383756011724472,-0.5050877928733826,-0.3942114114761352,-0.4691187143325805,-0.4048945903778076,-0.5271953344345093,-0.4093835949897766,-0.5685453414916992
L,0.0,0.0,1.0084205048086277,1.1120878725551417,1.0882674955583453,0.9656964486197418,1.1428305471874673,0.8613801771250462,1.1958413755039408,0.8082011778530684,1.0148455312279208,0.7996228466314363,1.02979187775002,0.6334411642200668,1.0387346671149902,0.5374625773484643,1.0451482575788602,0.4533172631936616,0.9502677131609384,0.7999807233184838,0.9995260147861154,0.7626775373010025,1.0080115575982116,0.9072859201828934,1.0,1.0,-0.4154327809810638,-0.4721100628376007,-0.4399406313896179,-0.4667840600013733,-0.4451218545436859,-0.5478254556655884,-0.4429614841938019,-0.594253420829773,-0.3878083825111389,-0.4941090941429138,-0.4124785661697387,-0.4878568947315216,-0.4211044609546661,-0.5486286878585815,-0.4208006262779236,-0.5848137140274048
L,0.0,0.0,1.0143260934593419,1.0869937374954368,1.0988091417365935,0.952519913526481,1.1537490405518114,0.8509123501476513,1.206203462218774,0.8034672626154529,1.0364603943942259,0.7951372583663867,1.057890494114519,0.6417719487431024,1.0649063453930387,0.5461534574957074,1.072980835444379,0.46357640192025806,0.9704080342295801,0.7849145954091638,1.0135364637050748,0.7712545034874932,1.0086088079161357,0.905071085258241,1.0,1.0,-0.4177308678627014,-0.4638006091117859,-0.4397433698177337,-0.4709895253181457,-0.440199077129364,-0.5465726852416992,-0.4385881125926971,-0.5961216688156128,-0.3901850879192352,-0.4789665043354034,-0.413457989692688,-0.4796621799468994,-0.4171608090400696,-0.5380045771598816,-0.4168541729450226,-0.5762313008308411
L,0.0,0.0,1.034556397649185,1.1316435776957454,1.1320980432101577,1.0004462020569698,1.1982420446944184,0.8947701761577562,1.2528149155121793,0.8289326294459785,1.072886517195785,0.838049338900751,1.0932504212454697,0.6677394288288766,1.098499140822025,0.5710856735024749,1.1024933359133533,0.48683806818335645,1.0097913391836035,0.8326918276252141,1.0206872919782288,0.7641787472444044,1.0073498556775797,0.9065402174801822,1.0,1.0,-0.4139152765274048,-0.4630897343158722,-0.4154640138149261,-0.4335388243198395,-0.4156504273414612,-0.5109859704971313,-0.4171667993068695,-0.5561639070510864,-0.3844320774078369,-0.4726289808750152,-0.3892306685447693,-0.4381226301193237,-0.3935790061950683,-0.4947454035282135,-0.3965666592121124,-0.5313949584960938
L,0.0,0.0,1.0341623011616732,1.1297272114217365,1.119818967674279,0.9843426548199886,1.177503664261721,0.8673191809518424,1.227934610127334,0.791917933946242,1.0484858590575397,0.812502689665564,1.0577291883480993,0.6324534394052271,1.0615271245678988,0.5304180594734307,1.0642036027966855,0.4413456753073202,0.9870325111255964,0.815299147016921,1.005257730808645,0.7528577448231532,1.004787711880389,0.902467361511604,1.0,1.0,-0.4154997169971466,-0.4376899600028991,-0.4218511283397674,-0.4114938974380493,-0.4268554151058197,-0.4884236454963684,-0.4287355542182922,-0.5337092280387878,-0.3865218758583069,-0.4525825679302215,-0.3945042192935943,-0.4211793839931488,-0.4036604762077331,-0.4766086935997009,-0.4076443612575531,-0.5133503675460815
L,0.0,0.0,1.031109272940586,1.126924062499415,1.126201193172105,0.9955526831297191,1.192981146024498,0.8913024925390769,1.2491459530214821,0.826794979529194,1.0681701378396753,0.8331483680012104,1.0920115770071805,0.6629046465354349,1.1020039066531786,0.5632786810147494,1.109091583119994,0.47415736251402796,1.006474194832859,0.8266951555123835,1.0198035018526466,0.7614406417104055,1.0086705537616871,0.9050490800498316,1.0,1.0,-0.4217331409454345,-0.4526068866252899,-0.4245782196521759,-0.4226462244987488,-0.4261815249919891,-0.499594897031784,-0.4272751808166504,-0.5462312698364258,-0.3920704126358032,-0.4630818367004394,-0.3979107141494751,-0.4284338057041168,-0.4040575325489044,-0.485734611749649,-0.4071983993053436,-0.524587094783783
L,0.0,0.0,1.035432135811897,1.1365734076671052,1.1331450125158777,1.0107643530915513,1.2043011308498908,0.9082437025089182,1.2613918156687745,0.8436928031114668,1.0740822029686066,0.8337834045165522,1.093332659544455,0.6578829663749666,1.100168782753689,0.5558998597368522,1.1043005459322242,0.4666518998185473,1.0103405281833735,0.8260408875182449,1.019819731095665,0.7624272667002316,1.0078552402229652,0.9065035587227596,1.0,1.0,-0.4150646030902862,-0.4544585645198822,-0.416003942489624,-0.4266878962516784,-0.4167588651180267,-0.5032743811607361,-0.418387234210968,-0.5476918816566467,-0.3866014778614044,-0.4650509357452392,-0.390626847743988,-0.4312920868396759,-0.3952508568763733,-0.4884657263755798,-0.3985879123210907,-0.525280773639679
L,0.0,0.0,1.033782871624886,1.1512992856715611,1.1280548185569461,1.0185223995707866,1.1964399179768523,0.9097093203457631,1.254702746886679,0.8400951501431012,1.0616382208208308,0.8327355484885999,1.0757055744700765,0.6537555826734117,1.0826136445122696,0.5518217210403348,1.0871741369204826,0.46063521375476457,0.9997835294529558,0.825692974259888,1.0143714897179859,0.7520549857079936,1.0089458557673243,0.9022116245579628,1.0,1.0,-0.4152233004570007,-0.4398187398910522,-0.4190220534801483,-0.406019926071167,-0.4223401546478271,-0.48261758685112,-0.4230464696884155,-0.5282798409461975,-0.3869573473930359,-0.4508247673511505,-0.3934196233749389,-0.40351602435112,-0.3997399806976318,-0.4553858637809753,-0.4019771218299866,-0.4935601055622101
L,0.0,0.0,1.0316934011331909,1.1332215733525564,1.1255323782156532,0.9998942611076044,1.1940795745348287,0.8941255221620618,1.251533956348173,0.8282900800608736,1.0625590273487067,0.829127225856388,1.076956970865731,0.6520139708482422,1.0822894406672756,0.5501461426884774,1.0853432652906243,0.46087572218387535,1.0007085629856949,0.825572379714243,1.0144088785451129,0.7614309789657272,1.0077942599287035,0.9050051998459517,1.0,1.0,-0.4169533550739288,-0.4496470391750335,-0.4209538996219635,-0.4214082360267639,-0.4236888587474823,-0.4975913465023041,-0.424802154302597,-0.543972373008728,-0.388146698474884,-0.4603271484375,-0.3953940868377685,-0.4233535230159759,-0.4011605381965637,-0.4780552685260772,-0.4034029841423034,-0.5162586569786072
L,0.0,0.0,1.0275949043565449,1.15469972572065,1.1233866137346666,1.0245884731873611,1.1914314195859859,0.9177861433446015,1.246161686592958,0.844040465905014,1.0613781075320907,0.8436028488563524,1.0817966181555487,0.6695655439601472,1.0922526631451632,0.570629996090152,1.099806814604947,0.48088860427959296,1.0001015111044655,0.8346709566828332,1.0183587312823854,0.7486172004717232,1.0106055030386796,0.8976778271683828,1.0,1.0,-0.4180008769035339,-0.4438396394252777,-0.4228999614715576,-0.4033858180046081,-0.4264689683914184,-0.4813434779644012,-0.4272677004337311,-0.5314264297485352,-0.3891379535198211,-0.4560085535049438,-0.3969281911849975,-0.4052223563194275,-0.4042495191097259,-0.4572251737117767,-0.4070618152618408,-0.4989706873893738
L,0.0,0.0,1.028428780402876,1.1331700186406182,1.113688630319824,0.9927919722075115,1.1703003888420789,0.8801128123151908,1.2194962990611145,0.8025411986426474,1.0398218150910479,0.822202393132198,1.0495608574163557,0.6428072597841895,1.0565318892548026,0.5432654151417013,1.0616556477391002,0.4531621742765761,0.9803387827633687,0.8240144850491321,1.0017126422374782,0.7527331389153606,1.005436711579291,0.9007565468302691,1.0,1.0,-0.4163340032100677,-0.4469673633575439,-0.4246721267700195,-0.4122512340545654,-0.4310616850852966,-0.4890681505203247,-0.4321726262569427,-0.5371649265289307,-0.3884822130203247,-0.4626048505306244,-0.3981939852237701,-0.4165227711200714,-0.4077700674533844,-0.4681298434734344,-0.4110596179962158,-0.508506715297699
L,0.0,0.0,1.0275470866689362,1.1401877798458464,1.1199449978066816,1.0100459662446322,1.184508334942652,0.9042374655434104,1.235969231157203,0.8329602877833221,1.0581236076076634,0.8417480683090612,1.0769585406367859,0.671450298237224,1.0849381723052542,0.5753289557732943,1.0897866342281146,0.48723517485255907,0.9977602268044112,0.8346339209764841,1.0150479576918456,0.7613520460335759,1.0095495965421886,0.9028333221662749,1.0,1.0,-0.4203239679336548,-0.4594321250915527,-0.4259044229984283,-0.4210556745529175,-0.4306201338768005,-0.4969462156295776,-0.4316800236701965,-0.5470305681228638,-0.3911921381950378,-0.4718193411827087,-0.399789810180664,-0.4227204024791717,-0.4086048305034637,-0.4740279018878937,-0.4123213589191437,-0.5168232917785645
L,0.0,0.0,1.0249409846667479,1.1293938225868483,1.1156935701279198,0.9933144591689261,1.1769265653389829,0.8829017954926595,1.2269528072207618,0.8054922707453972,1.049930918948092,0.8295735493903437,1.0632325308172836,0.6563418967783688,1.0691298694049385,0.5583436815207495,1.0726821845532588,0.46864022693436125,0.9894521837902791,0.825990231950069,1.0065481504675482,0.7606860442534639,1.0059079080051117,0.9038523140384158,1.0,1.0,-0.4187957644462585,-0.4580594897270202,-0.4253287017345428,-0.4254360496997833,-0.429762065410614,-0.5030463933944702,-0.4306159317493438,-0.5519654154777527,-0.3898771703243255,-0.4694095551967621,-0.3992435038089752,-0.4261128306388855,-0.4073105156421661,-0.4804209172725677,-0.4103251695632934,-0.52205491065979
L,0.0,0.0,1.0267889142449218,1.1483155557636697,1.1200300991136165,1.0126048387738027,1.1823452672666104,0.9014446502517544,1.2333265696117954,0.8252536539509848,1.054197574651951,0.8321846863163809,1.0691876310526325,0.6575517600721646,1.0757355945168618,0.5600102309744075,1.080372447344627,0.4714111963790479,0.9916093812176517,0.8280192970490088,1.010038057044374,0.756908558236597,1.0070536174290956,0.9033793027741136,1.0,1.0,-0.4173195362091064,-0.4546496272087097,-0.4224006235599518,-0.4200567007064819,-0.4278101027011871,-0.4983848929405212,-0.4297891855239868,-0.5467585921287537,-0.3881639838218689,-0.4690394997596741,-0.3952803909778595,-0.4237754046916961,-0.4044016301631927,-0.4778230786323547,-0.4088159203529358,-0.5189725160598755
L,0.0,0.0,1.0333102985175158,1.1481696242257942,1.122056220686878,1.0085369842016432,1.1825597476201586,0.8935644281580654,1.2315790236584825,0.8160875313512049,1.0502219713577923,0.8293092267668646,1.0606595156119334,0.6498906554429016,1.0655183701270907,0.5503174765756016,1.0685286989580076,0.4600048079709217,0.9890837181131645,0.8283581896782152,1.0031187762029894,0.7539675025640266,1.0051469614821664,0.9008879079025925,1.0,1.0,-0.4161290228366852,-0.4488093852996826,-0.4206760823726654,-0.4130865335464477,-0.427997350692749,-0.4893060624599457,-0.4304308891296386,-0.5374411940574646,-0.3879794478416443,-0.4646661281585693,-0.3951092660427093,-0.4178629517555237,-0.4051964282989502,-0.4698430299758911,-0.409836083650589,-0.5105260014533997
L,0.0,0.0,1.0396910686555634,1.151645121785277,1.132046727872469,1.0164080632933539,1.1972971393140586,0.9040842985717896,1.2523266591533515,0.8246446969044795,1.058456482824885,0.8276619059652709,1.0670270445121985,0.6462574666551884,1.0697351801333324,0.5452068169763482,1.0712892726810637,0.4561724071857618,0.9941425401577931,0.8281443817151299,0.9981737046896658,0.7502473472720154,0.9993545251058394,0.8995270215856107,1.0,1.0,-0.4134902358055115,-0.4548825025558471,-0.4123404622077942,-0.4234105348587036,-0.4192123413085937,-0.5014850497245789,-0.4243271648883819,-0.5468987822532654,-0.3851704597473144,-0.4718838632106781,-0.3852481544017792,-0.4301947355270386,-0.3947340250015259,-0.4859218895435333,-0.4018131494522095,-0.5237250328063965
L,0.0,0.0,1.0391116682661234,1.146856153254417,1.127056798042209,1.0020529879898865,1.188080834044691,0.8860268031463255,1.239279632894843,0.8054417327628608,1.0482855622783351,0.8195796432448751,1.05214526726111,0.6361844146483165,1.0527350509379547,0.5358667964174089,1.0513555987398118,0.447100912024429,0.9850092369207651,0.8260983925799211,0.995838500248739,0.7558556335458773,1.0011957742329696,0.9047817641904661,1.0,1.0,-0.4122649729251861,-0.4550910890102386,-0.4145283102989197,-0.4240802526473999,-0.4230867028236389,-0.5014318823814392,-0.42724609375,-0.5457803606987,-0.3836650252342224,-0.4742860496044159,-0.387127012014389,-0.433854877948761,-0.3985351026058197,-0.4883446991443634,-0.4047919809818268,-0.5256009101867676
L,0.0,0.0,1.0408173933352982,1.1378530071576145,1.1318035757031228,1.0013112116379501,1.192535407728406,0.8908282981886287,1.241935804083999,0.8123242631349452,1.0569354574884329,0.8243906123209285,1.0630808609126368,0.6455388052946229,1.0654808931590594,0.5477778468502599,1.065273403740251,0.46096840405061146,0.9952098286882064,0.8260494744718964,1.005459699024031,0.7599745111499364,1.005014171647627,0.9078503648591306,1.0,1.0,-0.4163793921470642,-0.4562751054763794,-0.4186224937438965,-0.426909476518631,-0.424541026353836,-0.5051232576370239,-0.4270649254322052,-0.548284649848938,-0.387900710105896,-0.4720777869224548,-0.3909115195274353,-0.4294604063034057,-0.4001754522323608,-0.4851680397987366,-0.4052513241767883,-0.5229503512382507
L,0.0,0.0,1.0316018273245933,1.113202599301862,1.1192963182560376,0.9747625721423784,1.174781926700303,0.8629137033522811,1.2183347312475732,0.780290386674443,1.0421052165507054,0.8127925955587281,1.0498367440590408,0.6446738141664562,1.0544310929609886,0.5503799172158047,1.0573163562310188,0.46696787651139904,0.9803310426572232,0.8187281287812181,1.0065806603565355,0.7631764844137643,1.0079951398579494,0.90779311785649,1.0,1.0,-0.4152527749538421,-0.46113982796669,-0.4266577959060669,-0.4347670376300812,-0.4318035542964935,-0.5126088857650757,-0.4318543374538421,-0.5582256317138672,-0.3872252702713012,-0.4801185727119446,-0.400150716304779,-0.4458243548870086,-0.4087892472743988,-0.5044586062431335,-0.4105202257633209,-0.5451319217681885
L,0.0,0.0,0.9810884392333975,1.1932600700596632,0.9249699134999408,1.0995604805371189,0.8780411504157574,1.0243952860119496,0.8376888691369119,0.9832452359016713,0.954051430582904,0.8569342361244454,0.9423545340987514,0.6910791891730149,0.9357945514073784,0.588929779747691,0.9307445221112917,0.49434956881089026,0.998149660943208,0.8525835629148948,1.00207775048967,0.7781445300115043,1.0031611652145684,0.9322812496621887,1.0,1.0,-0.7639991641044617,-0.4673900008201599,-0.7676436305046082,-0.4408320486545563,-0.7624047994613647,-0.5172515511512756,-0.7561418414115906,-0.543779194355011,-0.7937837839126587,-0.4873371124267578,-0.7978493571281433,-0.4560509920120239,-0.7881755232810974,-0.5105737447738647,-0.7797520756721497,-0.5326844453811646
L,0.0,0.0,0.9946488886430422,1.2026587316922364,0.9329065318072772,1.0921903269663829,0.8837674950768798,1.0045041753470088,0.8398245538346015,0.9581676017429775,0.9631765268876763,0.8538711105333975,0.9488973461233571,0.6817517837883413,0.9394453528900647,0.5771458449705541,0.9315695199385435,0.48316268337039664,1.0056637929385468,0.8542298589715215,0.9920605707945963,0.7874146457425043,0.9956887039555462,0.9497698318736306,1.0,1.0,-0.7556238174438477,-0.4447923004627228,-0.7473514080047607,-0.4183947443962097,-0.7452103495597839,-0.4969292283058166,-0.7453510761260986,-0.5146781206130981,-0.7874345779418945,-0.46099853515625,-0.7806580662727356,-0.4300087988376617,-0.7719579339027405,-0.4861319065093994,-0.769148051738739,-0.5049362778663635
L,0.0,0.0,1.0032374533508133,1.149805255719869,0.940654144178924,1.0377628318551804,0.8995112306854303,0.9520865149313822,0.8616513356864792,0.9071303991930157,0.9695770349014866,0.8367817554866862,0.947755072718394,0.6712270125920923,0.9355686417687524,0.5732069972805418,0.9248758827934792,0.48653117953744257,1.0099491657629165,0.8269910456257539,0.9871527913182104,0.7691090439214067,0.9914995231042302,0.9195096475415093,1.0,1.0,-0.7540848255157471,-0.4400399923324585,-0.7387314438819885,-0.4232906699180603,-0.7388767600059509,-0.5021602511405945,-0.742920458316803,-0.536851167678833,-0.7859662771224976,-0.4550378620624542,-0.7695919275283813,-0.4351792633533478,-0.7626634240150452,-0.4919520020484924,-0.7632311582565308,-0.5185823440551758
L,0.0,0.0,0.9829302373468916,1.1644574386353839,0.9284264474734296,1.0708508183517207,0.8853869022056097,0.9970027674358274,0.8439549717909769,0.9635139592223482,0.9480396995854479,0.8368531462925759,0.9305320257725591,0.6647734381925197,0.9217931022492651,0.5632190224298111,0.9146131456448175,0.46682446120042426,0.9912008646891202,0.825266999294926,0.9962795495328881,0.7493795894724282,1.0018224632714077,0.9025217461717293,1.0,1.0,-0.7724490761756897,-0.4305292069911957,-0.7765302658081055,-0.4004895687103271,-0.7744396924972534,-0.4767546355724334,-0.7687389850616455,-0.5200608968734741,-0.8021765947341919,-0.4462725520133972,-0.8062487840652466,-0.4067663848400116,-0.799021303653717,-0.4612525701522827,-0.7902964353561401,-0.4965314865112304
L,0.0,0.0,0.9838056414007585,1.1717165139305974,0.9287019467735869,1.0677921289705823,0.8877532237514908,0.9860987069007875,0.8487445559959966,0.9428989419989716,0.9594590261033198,0.8293364905510208,0.9460912524263718,0.6568954181310476,0.9386227732135601,0.5529230805297713,0.9329083528121862,0.45584653994460933,1.0028235384286315,0.8265668407130474,1.0043586505508222,0.7438644595506446,1.0032077974844942,0.8970143619936599,1.0,1.0,-0.7770122289657593,-0.4290337562561035,-0.7796366214752197,-0.3951800465583801,-0.7732126116752625,-0.4708395302295685,-0.7669461965560913,-0.5174237489700317,-0.8066387176513672,-0.4512272179126739,-0.8101398348808289,-0.4122013747692108,-0.7994941473007202,-0.4632622599601745,-0.7900151610374451,-0.4991306960582733
L,0.0,0.0,0.9806974687024856,1.2286591844054109,0.9286485514267672,1.1263744430330058,0.8870166597759941,1.0397792609227612,0.8480534679050512,0.9959613314013911,0.9510007524694009,0.8647800875342,0.9365733952127666,0.6836445175051645,0.9279554519014476,0.5775131722034248,0.9220437721517879,0.47496530602735965,0.9925183610890154,0.8521100782173566,0.9965286927207041,0.74263290062727,1.000244005413323,0.9007855116225362,1.0,1.0,-0.7739295959472656,-0.4086804986000061,-0.7786625623703003,-0.3636744320392608,-0.7749355435371399,-0.4362391233444214,-0.7700022459030151,-0.4810083210468292,-0.8032070994377136,-0.4255833029747009,-0.806082010269165,-0.3790426552295685,-0.7980780601501465,-0.4292632043361664,-0.7907470464706421,-0.4662365913391113
L,0.0,0.0,0.9856189713509619,1.2168099364897234,0.9325570583641353,1.1062691731985743,0.8906380648207508,1.016297230522859,0.852143287058381,0.9700946761804512,0.9571466014010993,0.8665232768896981,0.9446942402878706,0.6858487157536014,0.936358488859783,0.5787863447053604,0.928615422741449,0.4771966570534557,0.9982179105515491,0.8588696749146767,0.9961441169952896,0.7606133395801158,1.0000405772030496,0.9220694065016314,1.0,1.0,-0.7681997418403625,-0.4161140918731689,-0.7674922347068787,-0.3758183717727661,-0.7656314969062805,-0.4504192471504211,-0.7624850273132324,-0.483444333076477,-0.7980080246925354,-0.4317442178726196,-0.797705352306366,-0.384087860584259,-0.7903318405151367,-0.4357620179653168,-0.7844321131706238,-0.4649687707424164
L,0.0,0.0,0.9931258819754293,1.1476041622878452,0.93876565640174,1.0408745061807345,0.8950320701657961,0.9547952977345207,0.855506034230738,0.901136212876165,0.9633026460588007,0.8184713373897244,0.9506498229831227,0.6529158404668994,0.9433698484582224,0.554780987373193,0.9376013367088112,0.4614099343124602,1.0056451320256823,0.8071572079650278,1.0015740904211097,0.7686097454156906,1.0010852196717674,0.9311352022068963,1.0,1.0,-0.7660511136054993,-0.4118175506591797,-0.7631791234016418,-0.4092589914798736,-0.7580470442771912,-0.4861650466918945,-0.754720151424408,-0.5106979012489319,-0.7958826422691345,-0.4286908209323883,-0.7911394834518433,-0.4223073124885559,-0.78254234790802,-0.4792803823947906,-0.7782428860664368,-0.4996198713779449
L,0.0,0.0,0.9904572090900975,1.1511498945999843,0.9364057261628181,1.0473603562231228,0.8940639045707889,0.9581872145441567,0.8558024919620232,0.9004360650628425,0.9568286854029169,0.8323353293413174,0.9403806683615678,0.6591192589446577,0.9317882178139747,0.5565532894261819,0.9239206072738391,0.46088177670074965,0.998556260629583,0.823068430148756,0.990002220824498,0.7478318909256312,0.9955189637172289,0.9043681140824193,1.0,1.0,-0.762030303478241,-0.4110685586929321,-0.7564753293991089,-0.389289528131485,-0.7551286816596985,-0.4659265279769897,-0.754905104637146,-0.5059213042259216,-0.792323112487793,-0.4262046813964844,-0.7853838205337524,-0.4025639593601227,-0.7784578204154968,-0.4584413766860962,-0.7756531834602356,-0.4898211359977722
L,0.0,0.0,0.9906145901928131,1.151596951598341,0.9361012589515576,1.0447377309488,0.8938790343873899,0.9540304974246214,0.8565289572963976,0.8932050769639385,0.9577647235931837,0.8321355693544531,0.9413808509039374,0.6567476475301122,0.9322482901478125,0.5516469513728423,0.9246703578790934,0.45555755050836544,0.9988925389911639,0.8261914835342647,0.989892118008438,0.7453618870807139,0.9952365638373325,0.9062665124499073,1.0,1.0,-0.7652458548545837,-0.411936342716217,-0.7594378590583801,-0.3850374817848205,-0.7580686807632446,-0.4633399248123169,-0.757763683795929,-0.5023398399353027,-0.7961394190788269,-0.4273661673069,-0.7891484498977661,-0.3977635204792022,-0.7817786335945129,-0.4542750418186188,-0.7784037590026855,-0.4852783381938934
L,0.0,0.0,0.9935719976586127,1.1301492755576226,0.9349016292153101,1.005746509708194,0.8971721244837566,0.9124410337943751,0.8627299925205685,0.8585700194520003,0.9692253910441937,0.8115509222751729,0.9521800917043348,0.6438523408478876,0.9422481382719261,0.5451464235992837,0.9340510877695034,0.45674985361603576,1.0099352866573446,0.8044401932919053,0.9920148938245911,0.7437872444994946,0.993659718383142,0.9028378434817341,1.0,1.0,-0.7701798677444458,-0.414563775062561,-0.756438136100769,-0.397845447063446,-0.7535662055015564,-0.4770823121070862,-0.7554051876068115,-0.5191510915756226,-0.8008466362953186,-0.4326028525829315,-0.7851464748382568,-0.4155129194259643,-0.7761837244033813,-0.4745069146156311,-0.7745434045791626,-0.5081866383552551
L,0.0,0.0,0.9911211877140073,1.1428907411624691,0.9347373247392067,1.0163543530125845,0.8980816156537303,0.9203961501289086,0.8631809494892482,0.8659219603436248,0.9648874697357124,0.8232118066368745,0.9468674299033297,0.6524684053114042,0.9372165854816101,0.551890006019181,0.9301139864274963,0.45986083379244713,1.005132069736775,0.8154528225341977,0.9874187981735254,0.7393788387910368,0.9915945816239448,0.8976364073160344,1.0,1.0,-0.7743347883224487,-0.4127252995967865,-0.7614946365356445,-0.3967693746089935,-0.7608270645141602,-0.4759317636489868,-0.7638745903968811,-0.5185097455978394,-0.8056175112724304,-0.428794264793396,-0.7907819747924805,-0.4121746122837066,-0.7836033701896667,-0.4700718224048614,-0.7829359173774719,-0.5026353597640991
L,0.0,0.0,0.9871341574008784,1.1644706124902897,0.9361035778038299,1.0357454906061514,0.9009198182166831,0.9401933489056779,0.8664216235349385,0.8871033330997096,0.9677949815914163,0.833778369489122,0.9547531155706374,0.6621652826336543,0.9473864874550167,0.556202783969557,0.9410893373972062,0.4616773244571742,1.0078070859969455,0.8372573079307809,0.9989948934838669,0.7519209656360881,0.9982084585323879,0.9058417189942376,1.0,1.0,-0.7821973562240601,-0.4224154651165008,-0.7762990593910217,-0.3928936421871185,-0.770788311958313,-0.4675011932849884,-0.7688909769058228,-0.5057579278945923,-0.8124974370002747,-0.4452539086341858,-0.8062186241149902,-0.4129061698913574,-0.7955021262168884,-0.4641259908676147,-0.7904947996139526,-0.4930787682533264
L,0.0,0.0,0.9827416888156788,1.2128283467608403,0.9343536286919168,1.0921245191997342,0.899679828235786,0.9855705470246144,0.8682243277100253,0.917276703734668,0.9568816496154638,0.8688418991748263,0.9437726827627507,0.6873806363646383,0.937048918536169,0.5803709896573821,0.9321032314243006,0.479496056506266,0.9959031531496131,0.8612936170927413,0.9937353529669721,0.7397981649161312,0.9980186130291204,0.8951324696903616,1.0,1.0,-0.7849083542823792,-0.3997745811939239,-0.785234272480011,-0.3584261834621429,-0.7839796543121338,-0.429622083902359,-0.7821625471115112,-0.471729427576065,-0.8138915300369263,-0.4179946780204773,-0.8141115307807922,-0.3753132224082947,-0.8077362179756165,-0.4221447110176086,-0.8034082651138306,-0.4535405933856964
L,0.0,0.0,0.9850688300291165,1.2157621979178055,0.9358147732907022,1.0959258942030294,0.8996962622461734,0.9851314492301136,0.8670411408954158,0.9175820951645666,0.9588377290436488,0.8827375269043419,0.94304309766445,0.7043604407529518,0.9341003918428413,0.6003912354110675,0.9265065536145093,0.5016058400595008,0.995453793259243,0.8706473317221318,0.9907945564464923,0.7390725184095495,0.996166442736189,0.8883253542939521,1.0,1.0,-0.7808629274368286,-0.3995885848999023,-0.7798576951026917,-0.3523434102535248,-0.7794305682182312,-0.4249555766582489,-0.778961718082428,-0.4739477038383484,-0.8092603087425232,-0.4152576327323913,-0.8085145950317383,-0.368646889925003,-0.8020417094230652,-0.4160424172878265,-0.7979558706283569,-0.4535756111145019
L,0.0,0.0,0.9805203284373284,1.1915971088608686,0.93352787900538,1.0629786029049704,0.9004064783394332,0.9549313537737947,0.8697307085914686,0.8823736701214734,0.9643997929283539,0.8602072329872731,0.9550974490644237,0.684098936323919,0.9488255523581128,0.5778743005222203,0.9447356121958439,0.479966778781299,1.0035568525267025,0.8588342580764545,1.000075077229312,0.7504586765350721,0.9987953838903133,0.9087713943552522,1.0,1.0,-0.7900192141532898,-0.4168954789638519,-0.7884162068367004,-0.3752393126487732,-0.7841604351997375,-0.4478317201137543,-0.7835614085197449,-0.4861391186714172,-0.8193395137786865,-0.4360372126102447,-0.8190059065818787,-0.3886945843696594,-0.8105896711349487,-0.4363273978233337,-0.8068411350250244,-0.4673623740673065
L,0.0,0.0,0.9801395956954009,1.1746653708404764,0.9335962393986889,1.048425965263474,0.9011084939015767,0.9451271676664764,0.8689776191615606,0.8809767913773778,0.9620530836795459,0.844140745304308,0.9526281403564744,0.6684937453573055,0.9484506208701668,0.563259423719722,0.9458977010349645,0.467364538333506,1.002644949543336,0.8430059296772568,1.0022032856021645,0.7432220832699687,1.0012321755366786,0.8971739187100903,1.0,1.0,-0.7893435955047607,-0.4176308214664459,-0.7899610996246338,-0.3831443786621094,-0.785294771194458,-0.4538143277168274,-0.7817696332931519,-0.4954698383808136,-0.8178235292434692,-0.4363608658313751,-0.8198336958885193,-0.3926357924938202,-0.8113760948181152,-0.4379380941390991,-0.8047909736633301,-0.4698057174682617
L,0.0,0.0,0.9799807617959847,1.2166428428036524,0.9328668597782557,1.1051667460297705,0.8980531519091174,1.0117545918344166,0.8642312918002197,0.955498704795428,0.9506131102748049,0.8780348547904779,0.9346815605113117,0.7042171789197178,0.9271795833035651,0.6033802602747169,0.9218632824353133,0.5054182996577158,0.9899308184428498,0.8665589563976911,0.9930581600016384,0.7560604304652184,0.9990137801882768,0.8992620799208318,1.0,1.0,-0.7839722037315369,-0.4103440940380096,-0.7885158061981201,-0.3712999224662781,-0.7874249219894409,-0.4388442635536194,-0.7836467027664185,-0.4816837310791015,-0.8116235136985779,-0.4263772666454315,-0.8150739073753357,-0.383202850818634,-0.8093428611755371,-0.4283178150653839,-0.8029455542564392,-0.4623363018035888
L,0.0,0.0,0.9873732410816974,1.1843838811575271,0.9379293936886818,1.0660945879445258,0.9034126841845072,0.967930990151972,0.8693118867773187,0.9105003060388154,0.9660196780907477,0.8576904996384497,0.953541676053849,0.695789617030005,0.9458438669503114,0.5985084583662038,0.9409060492441201,0.506215714249605,1.0053335174019986,0.8537733721196161,0.9974198430495065,0.7656104286127728,0.9971626741981429,0.9184698325306744,1.0,1.0,-0.7798849940299988,-0.4303281009197235,-0.7747340798377991,-0.3956184685230255,-0.7708142399787903,-0.4687549769878387,-0.7709589600563049,-0.5033591985702515,-0.8098906874656677,-0.4483817517757416,-0.8049311637878418,-0.4084851741790771,-0.7955732941627502,-0.4583700299263,-0.792280912399292,-0.4861928224563598
L,0.0,0.0,1.0004654270556246,1.1328087303695975,0.942968018628826,1.0237239849683524,0.9073460080312468,0.934775369459879,0.8726396825537927,0.8864851127506865,0.9731658915937448,0.845614766043547,0.9541133940805214,0.6906897598899551,0.9425505451580458,0.6009319026195197,0.9313108936109759,0.5195164387542108,1.0096096374309373,0.8393324930088975,0.9884591705807693,0.7792782680904493,0.9917951253223717,0.9169236772443282,1.0,1.0,-0.7652310729026794,-0.4567910134792328,-0.7513371109962463,-0.4259179532527923,-0.7495793104171753,-0.4976663589477539,-0.7530550956726074,-0.5385997295379639,-0.794613778591156,-0.4698607623577118,-0.7822566628456116,-0.4267824590206146,-0.7731961607933044,-0.4753238558769226,-0.7715975642204285,-0.5105206966400146
M,0.0,0.0,0.9680398467363037,1.2004290033522211,0.9875580612188042,1.0412050564470237,0.9158836595731646,0.9529375009256532,0.8581855280569078,0.892081350708412,0.9816015137380459,0.9035752371912286,1.0156945074860888,0.832597026292698,1.0169344067483468,0.9318095673208519,1.01199579401354,1.0231839657528699,0.9222850484480243,0.896636204876954,0.960557896016206,0.7888443891331259,0.9853412183088792,0.8928720338487716,1.0,1.0,-0.3956547975540161,-0.4454879760742187,-0.4078181087970733,-0.3876862227916717,-0.4273595511913299,-0.4347766041755676,-0.4383179545402527,-0.4755906164646148,-0.3716528713703155,-0.4650530517101288,-0.3917601406574249,-0.4650691747665405,-0.4024414420127868,-0.5127156376838684,-0.4043011963367462,-0.5439000129699707
M,0.0,0.0,0.957741827704075,1.2372261172552856,0.9903223747055172,1.0692050734430247,0.9229951250690962,0.9740707896249793,0.8606397899640366,0.9242921842990397,0.9657174153963515,0.9193216527550663,1.0031735198108795,0.8412479936814058,1.0135158713894352,0.9348282899470154,1.0119749719590134,1.0303301693454832,0.9093533253261278,0.9097823787044425,0.9512308306190344,0.7997077828446778,0.9834295829008594,0.8955465028148474,1.0,1.0,-0.4074870944023132,-0.432580292224884,-0.4251152575016022,-0.3866646289825439,-0.4474044442176819,-0.4355851113796234,-0.4586885571479797,-0.4755441546440124,-0.3847338557243347,-0.4521377682685852,-0.4108972549438476,-0.4601045846939087,-0.4206862151622772,-0.5113973021507263,-0.4199881851673126,-0.5438648462295532
M,0.0,0.0,0.9692699365932133,1.2176020095588054,0.9979491690809972,1.0601659913742507,0.9303193446583957,0.9590009323659212,0.8732630948389212,0.8921126962565643,1.0036623101972029,0.9222860048932741,1.0351658384476954,0.8367414786642164,1.0287802638998251,0.9318588011145729,1.0173776540367985,1.0244786050535977,0.9454235721542611,0.9024325270667503,0.9825706686157127,0.7876394666899553,0.9961306036642569,0.8942505941864309,1.0,1.0,-0.4210460484027862,-0.4295758605003357,-0.4349063336849212,-0.3708349466323852,-0.44940847158432,-0.4247006177902221,-0.4557094573974609,-0.4679149985313415,-0.3947627544403076,-0.4427677392959595,-0.4136751890182495,-0.4414063096046448,-0.4218933582305908,-0.4913973212242126,-0.4214983582496643,-0.5226784348487854
M,0.0,0.0,0.999891488274269,1.21613671711109,1.0245578856295645,1.0638480540982735,0.9603421635272367,0.9676607626728672,0.9024569297501024,0.9052017240968371,1.0285967646223013,0.9339869884385532,1.0585923080556203,0.8410043511010544,1.0434775151830662,0.9378316401455437,1.0280156167173229,1.0280839152267351,0.970458490735803,0.9131890835448477,1.00794866531237,0.7837126469961034,1.0062163696105952,0.8930947977084176,1.0,1.0,-0.4108823537826538,-0.4314886629581451,-0.4226036965847015,-0.3680910468101501,-0.4299901127815246,-0.4218265414237976,-0.4315375983715057,-0.4672978520393371,-0.3842607736587524,-0.4428118467330932,-0.3967048823833465,-0.4333237707614898,-0.4040181636810303,-0.4824307262897491,-0.4046241343021393,-0.5164514183998108
M,0.0,0.0,0.9991683087514268,1.1878472328333158,1.0276152260423062,1.0254887739342127,0.9492990165843028,0.9288673386466818,0.882090982583129,0.8704991211411711,1.0314526644413569,0.9018225794667393,1.0558969790453208,0.831985439500762,1.040402166944662,0.9411697699509468,1.0271830191680982,1.0272987313456465,0.9673175093171414,0.882092181913642,0.9991554896277773,0.7781083709703507,1.0012334021023093,0.896885892149345,1.0,1.0,-0.3990640938282013,-0.4295840263366699,-0.4089731872081756,-0.3740261197090149,-0.4183394908905029,-0.4386812150478363,-0.4224587678909302,-0.4850451648235321,-0.3723090589046478,-0.4422381818294525,-0.3867487013339996,-0.4463672637939453,-0.3945671319961548,-0.5017709732055664,-0.3961213231086731,-0.532113254070282
M,0.0,0.0,0.9949457116006882,1.2038714705333313,1.019739562174569,1.0444137409398313,0.9496667969188727,0.9461159697880326,0.887371522029983,0.8802294900509912,1.021767474196372,0.9285831671272295,1.0485830537191487,0.8420326814687448,1.0358629099946384,0.9417677587931244,1.022910799117329,1.031287775583203,0.9610043783630224,0.9123300930458463,0.9937798966013549,0.7822375683221391,0.9998081209023126,0.8936224067396557,1.0,1.0,-0.3935765624046325,-0.439461201429367,-0.4051843881607055,-0.3720171153545379,-0.4154878556728363,-0.4290848672389984,-0.4191525876522064,-0.4734106957912445,-0.366615355014801,-0.4520569145679474,-0.38239187002182,-0.4404135346412658,-0.3897278904914856,-0.4916232526302337,-0.3891985416412353,-0.5238338112831116
M,0.0,0.0,0.9829543614433641,1.1978171574435956,1.0124242071060883,1.048926517533597,0.9426276312197299,0.95492701887158,0.8822655297147192,0.8999346987303266,1.0165311567852195,0.9383174518048917,1.042173587864615,0.8515618251099423,1.0299043189227648,0.9441652922316082,1.0175342643210783,1.02966613836429,0.960031230362709,0.9203747701160616,0.9934913438771755,0.8038464582518783,0.9992497140833515,0.903128606175545,1.0,1.0,-0.4079070091247558,-0.438884437084198,-0.4194071292877197,-0.3791582584381103,-0.4296332001686096,-0.4287706017494201,-0.4336957633495331,-0.4681041836738586,-0.3829480409622192,-0.4491328597068786,-0.398734986782074,-0.4442455768585205,-0.4035878479480743,-0.4921088218688965,-0.4016920626163482,-0.5215344429016113
M,0.0,0.0,0.9945364318810681,1.2011406084853418,1.0238525015686943,1.051481577391035,0.9525662283414718,0.9628675685780168,0.8907271081205403,0.914242650163503,1.0110676591257604,0.9217142735769915,1.0366911951863549,0.8522492093327091,1.0287753911475297,0.9535290574654425,1.0180043277225719,1.0442579450338285,0.9542289231919102,0.9096919704217722,0.9854965084682725,0.7988081391942847,0.9959685544827949,0.8979707276570115,1.0,1.0,-0.4206047356128692,-0.4349676668643951,-0.4317694306373596,-0.3861250281333923,-0.4451431930065155,-0.4377055764198303,-0.4519756734371185,-0.4794446229934692,-0.395911693572998,-0.4483588337898254,-0.4119688868522644,-0.450497031211853,-0.4198956787586212,-0.5028474926948547,-0.4211156070232391,-0.5359671115875244
M,0.0,0.0,1.0021477589671988,1.1840049190883166,1.0301435951854927,1.0279966998337962,0.9432475070233479,0.9361181595739787,0.8733131661393398,0.8845107899757755,1.0239793644704562,0.887666746018489,1.0405136769037537,0.8311538757447083,1.0354317867248446,0.9408924338339263,1.0297760956051742,1.0321262556338888,0.956037584602098,0.8765216798961978,0.9837189123738344,0.7778263712073423,0.9950024506713896,0.8947913198043911,1.0,1.0,-0.3947920501232147,-0.4365004599094391,-0.4044674634933471,-0.3876861333847046,-0.4167599081993103,-0.4516483843326568,-0.4230145812034607,-0.4971646070480346,-0.3684660196304321,-0.4535252153873443,-0.387775182723999,-0.4592492282390594,-0.3973609805107116,-0.5188847780227661,-0.3999339044094085,-0.5535458326339722
M,0.0,0.0,1.0130699415819675,1.0749432122076972,1.055448247431526,0.9619634392722501,1.0411124947266464,0.8760317621863679,1.0234783865380563,0.8229875250916507,1.0338153971474662,0.7364911099225434,1.036972327750408,0.7749777504455323,1.0389696705852198,0.9065337900897993,1.041781598732305,1.0009787638558965,0.9544266056433545,0.735130963800895,0.9607430794624947,0.7664451275099771,0.9810622665492548,0.9033092828822429,1.0,1.0,-0.3818829953670501,-0.4241186380386352,-0.3857048153877258,-0.4409886598587036,-0.4000713229179382,-0.5162456035614014,-0.4113124310970306,-0.5643412470817566,-0.3545200228691101,-0.456633597612381,-0.360451340675354,-0.4747124910354614,-0.3756901323795318,-0.5281099677085876,-0.3873228430747986,-0.558347225189209
M,0.0,0.0,1.0046968527732933,1.1782511250767518,1.0404773627871964,1.0257603739368064,0.9593648918704666,0.9367628002534084,0.8878402999042087,0.8876659900068776,1.0413067258563489,0.8714267498134289,1.062877201399048,0.819402551355528,1.0461621787820876,0.9309027900856692,1.0306834746005669,1.0241534952733335,0.975465174510141,0.8521937480061215,1.0050427220941323,0.7622328083966399,1.003852168876811,0.8901300133627026,1.0,1.0,-0.4133638739585876,-0.4297406673431396,-0.4234254956245422,-0.3884961605072021,-0.4305362105369568,-0.4597931504249573,-0.4332943558692932,-0.5097789168357849,-0.3864064812660217,-0.446797251701355,-0.4004603326320648,-0.4559688568115234,-0.4064633548259735,-0.5145115256309509,-0.4073376953601837,-0.5470520853996277
M,0.0,0.0,0.9794594305747304,1.2295072772687896,1.017817374744545,1.0688889141569615,0.9535691998647192,0.952617934860584,0.8961826689878885,0.8761069917764774,1.0205153634117952,0.9354855215434523,1.0547835058653448,0.8430947872548239,1.0394918366859536,0.9447617220043846,1.0201219605564957,1.0438079175631687,0.96197792595973,0.9092473394955348,1.002966432710751,0.7772863563523063,1.0057213239534195,0.8873312115817943,1.0,1.0,-0.4275120794773102,-0.420975387096405,-0.442841112613678,-0.3609920144081116,-0.4518783092498779,-0.4196035861968994,-0.4535965919494629,-0.4664287567138672,-0.4009391665458679,-0.4305796027183532,-0.4199760556221008,-0.4336593151092529,-0.4241500496864319,-0.4898937940597534,-0.4205976724624634,-0.5248103141784668
M,0.0,0.0,0.9384973295266881,1.268948272962348,0.9883953791519097,1.1141158786553704,0.9529966013430592,0.9752700138751655,0.9101159598741245,0.8760390606933379,0.9805786198566453,0.9841149063426325,1.0285760886266502,0.8823690137069817,1.028335052437038,0.966882831059348,1.0113505178369697,1.0651861453318479,0.9346794259511976,0.9469981158155865,0.986473973049914,0.8139168830281499,1.0028531171427715,0.8981018878634347,1.0,1.0,-0.4523843228816986,-0.422201007604599,-0.4773127436637878,-0.3534719944000244,-0.4899923205375671,-0.4010739028453827,-0.491967111825943,-0.4444796442985534,-0.4264850914478302,-0.4267534911632538,-0.4541126787662506,-0.4187767505645752,-0.4550537168979645,-0.4720345139503479,-0.4466319978237152,-0.5116724967956543
M,0.0,0.0,0.9669228593257991,1.2585269779280146,1.0105594765053072,1.1014036714221394,0.9606402594358523,0.9707512015160682,0.9080406027196911,0.8835734698091219,1.0108643905181476,0.9713630415822859,1.0498043157239219,0.8553489900591128,1.0394503393874774,0.9491469155290156,1.0189911661862177,1.0477158903276682,0.9555671538373529,0.9381253038714614,0.9974296256805549,0.7895294524709328,1.0053893444642559,0.8876529081852236,1.0,1.0,-0.4375628232955932,-0.4186933636665344,-0.4555950760841369,-0.3517698943614959,-0.4679658412933349,-0.3985969424247741,-0.4709042012691498,-0.4421063065528869,-0.4106658399105072,-0.4251421391963959,-0.4327276945114136,-0.4266232252120971,-0.4361179172992706,-0.4800946414470672,-0.4314436614513397,-0.5183178186416626
M,0.0,0.0,1.0003271834384315,1.2162966904519026,1.0328931682073568,1.0484522784272239,0.9544801633122093,0.9435619725395897,0.8907388866528814,0.8751625646696567,1.0404867627523664,0.9143606041845034,1.0652563123056698,0.8251838112446709,1.0449650615761192,0.9336675623432512,1.0279278166722625,1.0282039772075318,0.9775275916536486,0.8940010894386239,1.0104346700550944,0.7669084278921506,1.0063529750280669,0.8896731558035934,1.0,1.0,-0.4179579317569732,-0.4229992032051086,-0.4281270205974579,-0.3596592545509338,-0.4348204135894775,-0.4221236407756805,-0.4363644421100616,-0.4693760871887207,-0.3916524350643158,-0.4369013011455536,-0.4064299464225769,-0.436003029346466,-0.4117097854614258,-0.4927180707454681,-0.4105131924152374,-0.5267270803451538
M,0.0,0.0,0.9900928468892904,1.2109775070132283,1.0214692413118287,1.0438297454622254,0.948285165737115,0.9487365226435718,0.8854858760517246,0.8885663527862255,1.0114482785046344,0.892354163794631,1.037954518752463,0.8180562867783358,1.0326233528361959,0.9299043892436704,1.022623515240222,1.0272138576496797,0.9500452193710446,0.8814139438926636,0.9813363516798286,0.7713661826188885,0.9950367807055895,0.8923026246648382,1.0,1.0,-0.4183403551578522,-0.421763002872467,-0.4293233454227447,-0.3671082854270935,-0.4441252946853637,-0.4275494217872619,-0.4510650336742401,-0.4734557867050171,-0.3915443122386932,-0.4394715428352356,-0.409762978553772,-0.4401611387729645,-0.4208677411079407,-0.4969948232173919,-0.4235761761665344,-0.5317413806915283
M,0.0,0.0,0.9725392617608016,1.2427551255897122,1.00725038454288,1.071466050163494,0.9458513990857035,0.9640113278627088,0.887523560968537,0.9019915701531055,0.9906983533422772,0.9386461597723754,1.0267357242352604,0.833463826387479,1.0265606597291244,0.9308459688346392,1.0171134112370384,1.0340267188656498,0.9354535821107546,0.9210461099969922,0.9732747282893728,0.7806959095282211,0.9928283455841811,0.8847629202984885,1.0,1.0,-0.4294352829456329,-0.4164231419563293,-0.4428578615188598,-0.3550564646720886,-0.4613676369190216,-0.405737429857254,-0.4706607758998871,-0.4508312046527862,-0.4034349918365478,-0.4297965466976166,-0.426677256822586,-0.4280577898025512,-0.4373224377632141,-0.4844324290752411,-0.4389648735523224,-0.5249992609024048
M,0.0,0.0,0.9806529571184477,1.2359180741100824,1.0224844368638355,1.0757295902864707,0.9579681861675063,0.9595677284835364,0.8970817100321552,0.8877113752196911,1.0206109014179026,0.9467060281269213,1.054486345789332,0.8348707879695394,1.0399195369799628,0.9356481000597227,1.021528842639743,1.0361503415648408,0.9614620579056659,0.9209776472972908,1.0015341555475068,0.7758577021639447,1.0051213111844,0.885067968240569,1.0,1.0,-0.4284859299659729,-0.419974148273468,-0.4432384967803955,-0.3577833771705627,-0.4534752964973449,-0.414156824350357,-0.4562154114246368,-0.4605073034763336,-0.4026668667793274,-0.4272163510322571,-0.4223982095718384,-0.4348188638687134,-0.4271591007709503,-0.4905551970005035,-0.4241558611392975,-0.5255396366119385
M,0.0,0.0,0.9880829705636004,1.2290320509840642,1.028274137895411,1.074162358806708,0.9669962030366173,0.956727803650763,0.909867749969405,0.8790095511319024,1.0409009722069908,0.9526000373785317,1.0736988526463518,0.8514909195782868,1.050089337510152,0.9499086566086162,1.0287803784884304,1.0455012470578637,0.9843792703917913,0.9194937264467027,1.026713139336954,0.7783256378463008,1.0145146037664479,0.8875142738872376,1.0,1.0,-0.4339755475521087,-0.4265128374099731,-0.4491780400276184,-0.3615296483039856,-0.4515045285224914,-0.4189739227294922,-0.4501468241214752,-0.4660418331623077,-0.4071347415447235,-0.4322924017906189,-0.4204154312610626,-0.4378532767295837,-0.4219730198383331,-0.4939790070056915,-0.4194130599498749,-0.5299935340881348
M,0.0,0.0,0.9601038695649949,1.2653287176581434,1.003817795796078,1.098617952112583,0.9504006755807416,0.9674227008931318,0.8957362610122169,0.8871327894643354,0.9932309824289105,0.9696208345461365,1.0293116912432376,0.8373618336871661,1.0285472067643788,0.9327370564525913,1.0162505000987412,1.0390629594216612,0.9368992879665345,0.9451626576562925,0.9762993983717784,0.7845760469092893,0.9958485412457578,0.8842799941207469,1.0,1.0,-0.4309969842433929,-0.4163112044334411,-0.4482159614562988,-0.3498805463314056,-0.465104877948761,-0.3976788520812988,-0.4722375869750976,-0.439765989780426,-0.4046250581741333,-0.4239322543144226,-0.4286844134330749,-0.4213484525680542,-0.4349762797355652,-0.4753755629062652,-0.432594895362854,-0.5137189626693726
M,0.0,0.0,1.0139673008717427,1.1741752460678208,0.9973955485854502,1.0151803340110248,1.0447548055630382,0.9153688710604557,1.0858172431492203,0.8308967072931044,0.9981339871629873,0.8665544930432673,0.9687414178948661,0.8194472329887511,0.9697424026839069,0.9255416466041835,0.9833454305359541,1.0322204672107735,1.0417449351736723,0.834462255664153,1.0017065941470666,0.7502408275695756,0.9938646128240036,0.8733086152341644,1.0,1.0,-0.7393890619277954,-0.4004320502281189,-0.7175560593605042,-0.3562922477722168,-0.7094202041625977,-0.4155921638011932,-0.708189845085144,-0.4733785390853882,-0.7660228610038757,-0.4160919785499573,-0.7317987680435181,-0.4462772309780121,-0.7229102849960327,-0.5103719830513,-0.7239211201667786,-0.5580644607543945
M,0.0,0.0,0.9985806148439204,1.2082180189377145,0.9865910347344347,1.041113739536751,1.034935449181621,0.9345660482332938,1.0750767768520209,0.8465259419193375,0.982694904646316,0.8942573963959954,0.9623632206780398,0.8220060405480719,0.9655821093397984,0.9358984935712177,0.97649781361403,1.0496201351774679,1.0235205283412672,0.8598190626445703,0.9968599568474379,0.750840409614047,0.9942172213697225,0.874375761472322,1.0,1.0,-0.7656272053718567,-0.3967745304107666,-0.7515056729316711,-0.3440238833427429,-0.7464434504508972,-0.3996221423149109,-0.7452529668807983,-0.4544732272624969,-0.7945424318313599,-0.4113969504833221,-0.7680076360702515,-0.4318640828132629,-0.7592195272445679,-0.4952538609504699,-0.7575122117996216,-0.5435056090354919
M,0.0,0.0,0.9992797945909815,1.195208938184509,0.9890747031997579,1.0229621404583564,1.0389862135561183,0.9213348452691202,1.0788874606310914,0.8353006688932363,0.983097390128659,0.8798481180908618,0.9639728060975112,0.8127248176095085,0.9673333200502301,0.930658435054228,0.9778716283670061,1.0411992040303715,1.0243672692443613,0.8504932792985385,0.9980605557778206,0.7434979672901266,0.9950303409141782,0.8745741275539537,1.0,1.0,-0.7631341218948364,-0.3976574242115021,-0.7494606971740723,-0.3431377410888672,-0.7443479299545288,-0.402481198310852,-0.74273282289505,-0.4577392339706421,-0.7920454740524292,-0.4130484163761139,-0.7662760019302368,-0.4278791844844818,-0.7576696872711182,-0.4932408928871155,-0.7559676170349121,-0.541129469871521
M,0.0,0.0,0.9921969982888947,1.185700692235455,0.9813007688873211,1.013406301609404,1.0306222058868268,0.9157586940438857,1.0703996059771101,0.8352028132807576,0.9717157838564086,0.8813653777652678,0.9589046130772514,0.8118657725810993,0.965439867518848,0.9328056459909381,0.9775475199663206,1.0428368327051984,1.0131671234273414,0.850217335528692,0.9921255446387973,0.7416675800155934,0.9926950359858343,0.8758400111594632,1.0,1.0,-0.7659010291099548,-0.4085366129875183,-0.7553877234458923,-0.3542507588863373,-0.7516659498214722,-0.4177477955818176,-0.7504279613494873,-0.4736618995666504,-0.7958876490592957,-0.4230717718601227,-0.7741432785987854,-0.435911476612091,-0.7644755840301514,-0.5011389255523682,-0.7605540752410889,-0.5476123094558716
M,0.0,0.0,0.9970807515574397,1.1916345859323776,0.9887660050206529,1.0140342246470688,1.0405100546962143,0.9143694814271097,1.082968043810035,0.829571384075369,0.9803428095940123,0.8715446403136584,0.9613257827037452,0.8192138703501899,0.9676456666335848,0.9402931143919483,0.979742941308008,1.046442674229922,1.0211403201779359,0.8408747249873811,0.9956005237053271,0.7564894656952628,0.9951058707413601,0.8827012279804729,1.0,1.0,-0.7642190456390381,-0.3990830481052398,-0.7530491948127747,-0.3499873876571655,-0.7471241354942322,-0.4021379053592682,-0.7429077625274658,-0.4528266489505768,-0.7932006120681763,-0.4139344096183777,-0.769787609577179,-0.4368531107902527,-0.7563776969909668,-0.5013179183006287,-0.7482685446739197,-0.5474215745925903
M,0.0,0.0,0.9966477394696951,1.2591524841754071,0.9864022490141198,1.1090031094224742,1.03248157513394,0.9925252479965359,1.0718583579279766,0.890110593086661,0.9805492252017804,0.9272135703573129,0.9648999863618702,0.8282432282442945,0.9697997419880108,0.9436486888428761,0.9799378579236504,1.0546127519673782,1.0217049804719287,0.89795399782499,1.0028898826090773,0.7628251374963984,0.9989026867939641,0.8818801508181987,1.0,1.0,-0.7689706087112427,-0.3971575200557709,-0.7592618465423584,-0.3335582017898559,-0.7491979002952576,-0.3817831873893738,-0.7430551648139954,-0.4289632439613342,-0.7981183528900146,-0.4166104793548584,-0.7741994857788086,-0.4150057137012481,-0.7573570609092712,-0.4665591120719909,-0.7472161054611206,-0.505605161190033
M,0.0,0.0,0.9878136411855745,1.1342814746536842,0.9829621090079042,0.9724621624190009,1.0366846814039907,0.8992448879672159,1.08053355169772,0.8414798716928944,0.9771397348696735,0.7984707220795771,0.965645177021043,0.7611105924560234,0.9681950875477936,0.9016782265030281,0.9745204495099703,1.01717887191503,1.020261183669343,0.7923802380107201,1.0063325834360162,0.7194544457272446,1.001759118571245,0.8743214304081245,1.0,1.0,-0.7809425592422485,-0.4093709290027618,-0.7784929275512695,-0.3648057579994201,-0.7696859240531921,-0.4400163888931274,-0.7607156038284302,-0.4980029463768005,-0.8100736141204834,-0.43462935090065,-0.7962184548377991,-0.4336863458156585,-0.782876193523407,-0.4977742731571197,-0.7731736898422241,-0.5390148162841797
M,0.0,0.0,0.9962893277055486,1.1718346809662852,0.98814360424514,0.9988693900413496,1.040299373931443,0.907956885247334,1.082233734715978,0.8410109567847968,0.9784606723967302,0.8573999986490931,0.963253380005163,0.8008589041529667,0.9676109448058975,0.9231610330025946,0.9767792100891012,1.030059042689093,1.0199013951227773,0.8328731057790496,0.9990438984396767,0.7418204288980808,0.9973603087344808,0.8791465019535167,1.0,1.0,-0.7746791839599609,-0.4045078158378601,-0.7658755779266357,-0.3507809340953827,-0.7605428099632263,-0.4160805940628052,-0.7561639547348022,-0.4730151295661926,-0.804853081703186,-0.4211625754833221,-0.7851788997650146,-0.4298754930496216,-0.7756037712097168,-0.4964195191860199,-0.7708369493484497,-0.5436500310897827
M,0.0,0.0,1.0142190091749153,1.2377039408346795,0.9967233224577631,1.0711832596864097,1.0401423192532986,0.947366847122657,1.0796956953894274,0.8440523550661514,0.9977546858174664,0.9355416863750455,0.9712323680855902,0.843283511352894,0.9721542796127803,0.9421611650752444,0.9834014828249107,1.0453723258183167,1.0359177301317037,0.906061890116627,1.005411114082945,0.7816786906133648,0.9981784027966663,0.8832943571357147,1.0,1.0,-0.7653570771217346,-0.4038209915161133,-0.7482162117958069,-0.3330210447311401,-0.7366790175437927,-0.3740828335285187,-0.730865478515625,-0.422059029340744,-0.7948729395866394,-0.4145857393741607,-0.7663343548774719,-0.4075179398059845,-0.7534655928611755,-0.4636095464229584,-0.748630702495575,-0.5117815136909485
M,0.0,0.0,1.0072519781561733,1.2027254316128524,0.9960332935919863,1.0438620036324826,1.045164940448681,0.943673987179793,1.084096853360084,0.8505797358554597,0.9964088933916886,0.8898964210166027,0.9731977071864872,0.8195136356706078,0.9707054607404663,0.9292388020338713,0.9785547232360821,1.0384585321729523,1.0387957091319229,0.865764531149042,1.0085375988121834,0.7608391102069321,0.9989865374454789,0.8792281471142193,1.0,1.0,-0.7748582363128662,-0.4123062491416931,-0.7590780258178711,-0.3533454537391662,-0.748957633972168,-0.410309374332428,-0.7442900538444519,-0.4661886692047119,-0.8029418587684631,-0.429119348526001,-0.7734029293060303,-0.4375323057174682,-0.7607228755950928,-0.4983713626861572,-0.7563400268554688,-0.5452614426612854
M,0.0,0.0,1.009109310731895,1.1594216319130501,0.9979251443659561,1.0055156372747793,1.047702904864347,0.9230081122904595,1.0899088877856664,0.8484900821236432,1.007401891295376,0.8431542593153663,0.9803875633605218,0.7901453710544397,0.9752151283692313,0.90969234883933,0.9812453021666357,1.0210071190237642,1.0503080216896183,0.8264143041673166,1.0143776961659035,0.7434290704504628,1.0011710938450158,0.8761457430548041,1.0,1.0,-0.7830994129180908,-0.4097295105457306,-0.763023316860199,-0.3657256066799164,-0.7494643330574036,-0.4286604523658752,-0.742323100566864,-0.4860371351242065,-0.8098900318145752,-0.4301750063896179,-0.7744113802909851,-0.4485516846179962,-0.7590949535369873,-0.510756254196167,-0.7540334463119507,-0.5572069883346558
M,0.0,0.0,0.9892225144593542,1.1737104024322271,0.9779839574582179,0.9945012537964221,1.0311011771765637,0.9034346228845135,1.0718450359409113,0.8316210458702407,0.9664993839612885,0.8733725514303396,0.9543753112112662,0.7990302046225772,0.9634376236865289,0.9226155541426834,0.9760742374526001,1.0265572258050932,1.008407651647664,0.8438688858818966,0.9876532117002669,0.7349237061065368,0.9916851531478621,0.8788014742061124,1.0,1.0,-0.7858266830444336,-0.4171480536460876,-0.7755016088485718,-0.3567314445972442,-0.7739587426185608,-0.4278768897056579,-0.7727189064025879,-0.4854086637496948,-0.81675124168396,-0.4307453036308288,-0.7999776601791382,-0.4403083622455597,-0.7931736707687378,-0.5104169249534607,-0.7898045182228088,-0.5562931299209595
M,0.0,0.0,0.9802466188775627,1.1827927892974648,0.9729910417095043,1.0026188744647127,1.0285704156612125,0.9200326945605876,1.0700666573704019,0.8537551827435789,0.9617836065883733,0.8777100593909037,0.9572987890433277,0.7988517237964117,0.9640040746001621,0.9196497953429092,0.9750295235191562,1.0258473705954967,1.0053767862812342,0.8535981308469138,0.9907500588894745,0.7331492425623778,0.9929314510760426,0.8745088409557631,1.0,1.0,-0.7935706973075867,-0.4154501259326935,-0.7873837351799011,-0.352164477109909,-0.7839222550392151,-0.4207350015640259,-0.780947744846344,-0.4784992039203644,-0.8230305314064026,-0.4320788979530334,-0.8075847029685974,-0.4425933361053467,-0.7994781732559204,-0.5086761116981506,-0.7948996424674988,-0.5520359873771667
M,0.0,0.0,0.9800073057714334,1.1403106349924785,0.9716490052741492,0.9750132962918053,1.0230584077200382,0.8998329409476563,1.0666259249617218,0.8467180669892993,0.9706258663390521,0.8312089480742287,0.9668827615942088,0.7712384700440248,0.9704823038331032,0.9026496538161858,0.9767699003477648,1.0156358388789575,1.0138683586976185,0.8196759306503837,1.004984660401395,0.7232485812286374,1.001219178185811,0.8737082187291025,1.0,1.0,-0.7989840507507324,-0.4176120162010193,-0.7985232472419739,-0.3660565018653869,-0.790485680103302,-0.4402852356433868,-0.7815399169921875,-0.4985479116439819,-0.8282150626182556,-0.4395842254161834,-0.8181963562965393,-0.4400449693202972,-0.8068190813064575,-0.5046517252922058,-0.797852098941803,-0.5466264486312866
M,0.0,0.0,0.9657766046818319,1.1515866778096877,0.946187115638595,1.0202182321106463,0.9608189457131268,0.953165837279425,0.9857808724270974,0.9226611653035898,0.9567177578573612,0.8262219553774377,0.9620193740255796,0.776399296961157,0.970289034009316,0.9083867467248417,0.9733448165157897,1.0191811870161291,1.0015941374252424,0.8198800075313741,1.004264284931591,0.7250168644244832,1.0045553374690732,0.8730342562584402,1.0,1.0,-0.8077085614204407,-0.4263275563716888,-0.8130646347999573,-0.38754403591156,-0.8072676062583923,-0.4645246267318725,-0.7966912388801575,-0.5266639590263367,-0.8333011269569397,-0.4522664844989776,-0.8425909876823425,-0.4371635317802429,-0.8359178304672241,-0.4919081926345825,-0.8257167935371399,-0.5353130102157593
M,0.0,0.0,0.9740354955929409,1.1715857273676173,0.9619888230167767,0.9851049062676036,1.005182953123487,0.9041465387433466,1.0458425844368495,0.8596935868254311,0.9665238486209667,0.8690265530746767,0.9634512524055983,0.784010745691529,0.9682297567796538,0.9115276967048719,0.9742721245764419,1.0245217400066362,1.0085019081325335,0.8561798854883866,1.0017949553814256,0.7243775657541922,1.0001398757511024,0.8708329562685889,1.0,1.0,-0.8041127920150757,-0.4093627333641052,-0.8040772676467896,-0.3454254865646362,-0.797660231590271,-0.4166140556335449,-0.789389431476593,-0.4752964079380035,-0.8327436447143555,-0.4286032915115356,-0.8252986669540405,-0.4176735877990722,-0.815866231918335,-0.4777827858924866,-0.807630181312561,-0.519692063331604
M,0.0,0.0,0.9823800739538977,1.2117617248899466,0.9676157003123881,1.0277116573010205,1.0145045048535062,0.9294786409375038,1.0553575069546721,0.8594064033375581,0.9726544825863799,0.9108635873769527,0.9617527220800951,0.8115698616769143,0.9663501148063464,0.9318971241073407,0.9758245339379387,1.0379325470556358,1.0133471518910533,0.8869903143402238,0.9982774502120417,0.7445354033811725,0.9964695160945903,0.87850543023886,1.0,1.0,-0.7948692440986633,-0.4055060148239136,-0.7874116897583008,-0.3404796123504638,-0.7823400497436523,-0.4070587754249573,-0.7786097526550293,-0.4616521596908569,-0.8240047097206116,-0.4210048019886017,-0.8078871369361877,-0.4184335470199585,-0.7998732924461365,-0.4810020625591278,-0.7968400120735168,-0.5245596170425415
M,0.0,0.0,0.9784690503684284,1.1617646930911543,0.9650811306559421,0.9882407804455696,1.0088186531711827,0.9069017259720126,1.051209148409199,0.8584895051612158,0.972463293311361,0.8576661758915125,0.967631418958065,0.7891018342498765,0.9699394923785525,0.9145782835659825,0.9755979445488877,1.0227951370142423,1.014914107868288,0.841888100531163,1.0048953971593508,0.7324249457585558,1.0004769289153235,0.8742134043124512,1.0,1.0,-0.8059391975402832,-0.4131328761577606,-0.8035860657691956,-0.3615772128105163,-0.7959380149841309,-0.4325531125068664,-0.78763747215271,-0.4897724688053131,-0.8349222540855408,-0.4345113635063171,-0.825811505317688,-0.4375362992286682,-0.8143795728683472,-0.4983244240283966,-0.8048642873764038,-0.5397478342056274
M,0.0,0.0,0.981635877401432,1.106150836727688,0.9715994622555082,0.9453790397896961,1.0125863723814303,0.8615342642489122,1.0521956925059368,0.8130420341801647,0.9807796515113046,0.7791105835491016,0.9685917123854787,0.7603683247525874,0.9720702031908202,0.8963036180672822,0.9761026628648584,1.014417140604845,1.023220905421633,0.76957248525288,1.010044839341618,0.7273953259743872,1.004582450450324,0.877430854844773,1.0,1.0,-0.8126056790351868,-0.3968596756458282,-0.8089508414268494,-0.3743943572044372,-0.798837423324585,-0.448885440826416,-0.7874506711959839,-0.503493070602417,-0.8398551344871521,-0.4234897196292877,-0.8348234295845032,-0.4297874271869659,-0.8197154998779297,-0.4885529279708862,-0.8066884279251099,-0.5236747860908508
M,0.0,0.0,0.9982552298566454,1.0913327340306225,0.9795494137864995,0.9627657267574734,1.0181328684854651,0.8831868341716985,1.05873285372435,0.8242685581562427,0.9819821345971902,0.7794372829107674,0.9574164104149846,0.7883080113178749,0.9639769147615602,0.9139177117565889,0.9749619360474697,1.0163267224597963,1.0197410028777811,0.7571781221056189,0.9917371955281457,0.7478096651526667,0.9938723876166972,0.889196191105055,1.0,1.0,-0.7940000295639038,-0.4060691595077514,-0.7792823910713196,-0.3903182744979858,-0.7760928869247437,-0.4619316756725311,-0.7736625671386719,-0.5165708661079407,-0.8235089182853699,-0.427858829498291,-0.8099675178527832,-0.4458720684051513,-0.8021007180213928,-0.5094617009162903,-0.7978914976119995,-0.5505050420761108
N,0.0,0.0,0.9975103130320899,1.24073032706721,1.0258383732725942,1.07287339694151,0.9685078219691337,0.9514523537084428,0.9063060756172389,0.8775775196663537,0.9825729119803893,0.9523469299557779,1.0085178260590948,0.8375494193106396,1.0252833258134482,0.908998965928012,1.0303849661356184,1.0072670901145553,0.9223107193810832,0.9659700324625115,0.9518288784293395,0.8166064097004627,0.9819427093523564,0.9004359886006092,1.0,1.0,-0.3908035159111023,-0.4848713278770447,-0.4089218378067016,-0.4431108236312866,-0.4278708100318908,-0.5020607709884644,-0.4374691247940063,-0.5479215979576111,-0.3617269992828369,-0.5092691779136658,-0.3857206404209137,-0.4747418165206909,-0.4002401828765869,-0.5273206233978271,-0.4047041237354278,-0.5681432485580444
N,0.0,0.0,0.9805429297544938,1.2477011595360505,1.0127299481884493,1.089059959208663,0.9646723922128727,0.9642714867150802,0.9033249649501013,0.8833232149063118,0.9782418388955794,0.9630257212564413,1.0112780740292995,0.8606804353655397,1.0244314399265586,0.9355413103852376,1.0269521236145445,1.029025809282687,0.9201683527860487,0.964045786419654,0.9567653770329071,0.822991616407917,0.9840312506596797,0.9028622866952213,1.0,1.0,-0.3971303105354309,-0.469261109828949,-0.4142865538597107,-0.4324503242969513,-0.4298191666603088,-0.4952184557914734,-0.4372908771038055,-0.5445902943611145,-0.3673835396766662,-0.4884514808654785,-0.3891392052173614,-0.4610989391803741,-0.402436763048172,-0.5154052972793579,-0.4071169793605804,-0.556743323802948
N,0.0,0.0,0.9733235483363025,1.2551447957158084,1.0054520478431495,1.1003988025710256,0.9600890250139767,0.9559214649994574,0.9178423175848273,0.8478316067633034,1.0058700925197175,0.988736572008502,1.034583007874792,0.870737733693328,1.0378700474935496,0.9353440693436481,1.0269974571860017,1.0289289521219898,0.9481129054441424,0.9748744805928422,0.9833552620257712,0.8232179307967754,0.9970891488359376,0.9070901071686166,1.0,1.0,-0.4076771140098572,-0.4575021266937256,-0.4222766757011413,-0.4091690182685852,-0.4300612509250641,-0.4711782038211822,-0.4311039745807647,-0.5172035694122314,-0.376455694437027,-0.4677563905715942,-0.3967773616313934,-0.431921899318695,-0.4032807350158691,-0.4881121218204498,-0.4019324779510498,-0.5294857025146484
N,0.0,0.0,0.9738336841278586,1.2871634215653343,1.0093955486523047,1.12946053378687,0.9705686772355868,0.9717735780503793,0.9277685156502435,0.8592135692870952,1.0024719015766632,1.0260865702207393,1.0361720442470768,0.898809783913252,1.0403312756182448,0.9471356998122994,1.0272080485721022,1.030997076767784,0.9478604955916922,1.0092656392989663,0.981122669094211,0.8508778059317306,0.997923207438264,0.917869728650882,1.0,1.0,-0.4125743806362152,-0.4565613865852356,-0.4273198544979095,-0.4072416424751282,-0.4343788623809814,-0.4672181606292724,-0.4326348602771759,-0.5141435265541077,-0.3826630711555481,-0.4650913178920746,-0.4035069942474365,-0.4230900108814239,-0.4089455902576446,-0.4725061655044555,-0.4048954546451568,-0.5134164094924927
N,0.0,0.0,0.9737747820020523,1.2597568864542064,1.0063309240675182,1.1043456459345433,0.9625293895179441,0.9574320031776451,0.9172245009899049,0.8503902419604514,0.9977786050119803,0.9984131744974666,1.0233959866401245,0.8708348004689165,1.034287910815717,0.9216523831113274,1.032278532252385,1.0114133163474142,0.9424086821887997,0.9863225600810542,0.9749648242542658,0.8285673168187013,0.9935455072854498,0.9080841328658599,1.0,1.0,-0.4071888029575348,-0.4592039883136749,-0.4219425022602081,-0.4065398573875427,-0.4316234588623047,-0.4660370647907257,-0.4334115982055664,-0.5129933953285217,-0.3769815862178802,-0.4694622755050659,-0.3977076411247253,-0.4295279085636139,-0.4048293530941009,-0.4815371036529541,-0.4031632840633392,-0.5231693387031555
N,0.0,0.0,0.975526071911949,1.3142802753251868,1.001481860026012,1.1313763515423456,0.962660788645532,0.9863726472524516,0.9163140676919127,0.890476255970503,0.9533644359137277,1.0234338161740237,0.9580496765066495,0.8958906023667357,0.9913872405334903,0.8989316988064364,1.0244158500557996,0.9521821233782055,0.9055025938190665,1.033500507077496,0.9262570783810423,0.8872480119763485,0.9673694925056456,0.9319907155653461,1.0,1.0,-0.3950176537036896,-0.4614734053611755,-0.4142288267612457,-0.4241277873516083,-0.4300996363162994,-0.4830141067504883,-0.4383831918239593,-0.5290754437446594,-0.3706192076206207,-0.4805168211460113,-0.3924285471439361,-0.4491586089134216,-0.4027661085128784,-0.4987266361713409,-0.4052385687828064,-0.5390000343322754
N,0.0,0.0,0.9877708921694707,1.2665899866513306,1.0032757595146164,1.0882146176429235,0.9549724038784448,0.9587797250892782,0.903188308624165,0.8727828412232348,0.960573864561004,0.9599157919831584,0.982706507648915,0.8350052336677133,1.012069778879321,0.8969775127288359,1.0275596649308298,0.9904927314318797,0.9080182005357389,0.9710644608795587,0.9360299404689686,0.8076046281875923,0.9755768907180213,0.8917983783596757,1.0,1.0,-0.3956130743026733,-0.4479722678661346,-0.4188325405120849,-0.4219562113285064,-0.4376127123832702,-0.4812126755714416,-0.4454451501369476,-0.5257405638694763,-0.3715817928314209,-0.4699506163597107,-0.4001500606536865,-0.4536995887756347,-0.4126992225646972,-0.5041368007659912,-0.4137688875198364,-0.5416357517242432
N,0.0,0.0,0.9862616965085436,1.2778457989530656,1.0014519174737944,1.100916918327226,0.9548529570354413,0.9720392944031625,0.9018088807864136,0.8889981808393757,0.9461184759794571,0.9594604691126272,0.9719926360916631,0.841269730087796,1.0050596949539692,0.9040484495774971,1.0246881011055782,0.996274289663472,0.8936066926701081,0.9688325151446623,0.9277692496986372,0.8165346824607433,0.9708701936753974,0.8959997811937349,1.0,1.0,-0.3913687467575073,-0.4468055367469787,-0.4188929200172424,-0.4271560907363891,-0.4386765360832214,-0.4854402244091034,-0.4478389024734497,-0.5300338268280029,-0.3687724173069,-0.4700278639793396,-0.4009203612804413,-0.4612381160259247,-0.4148306846618652,-0.5105724930763245,-0.4178284108638763,-0.5474171042442322
N,0.0,0.0,0.975257095957921,1.2531130053050898,1.0053345318690012,1.0875768130598396,0.9688515457583766,0.9550108833736944,0.9086915817297231,0.87914610308882,0.9624595535586183,0.964635238520091,0.9929619341015011,0.8534780436358773,1.0174924931328413,0.9185160610074866,1.0293751569831784,1.0078667438366726,0.9099326161045359,0.969075952732675,0.9446276648630496,0.817977011452224,0.9788354531128085,0.895922678683736,1.0,1.0,-0.3988963067531585,-0.4530875980854034,-0.4195431172847748,-0.423121839761734,-0.4352807104587555,-0.487307608127594,-0.4424064755439758,-0.5389131903648376,-0.3711272776126861,-0.4714377522468567,-0.3952336013317108,-0.4468536674976349,-0.4082744717597961,-0.4991099834442138,-0.4120533168315887,-0.5417352914810181
N,0.0,0.0,0.9833994792975173,1.3209623363536884,1.0120652884596553,1.1438802304878024,0.9765766243677504,0.9917109914243439,0.9249673377415655,0.8887493345310135,0.997320352390522,1.0278795296536918,1.0250844718052692,0.8952728289258873,1.033016475163519,0.9625576845250935,1.0284423971095085,1.0621587406134774,0.9410085825247805,1.0234695760094248,0.9654045950119902,0.8445040487794039,0.9878985894755219,0.9089935127847384,1.0,1.0,-0.4032952785491943,-0.4419233202934265,-0.4168148040771484,-0.4001712501049042,-0.4296275079250335,-0.4606325030326843,-0.4346903860569,-0.5098848342895508,-0.3726857304573059,-0.4570777714252472,-0.3917549848556518,-0.4179413020610809,-0.401772141456604,-0.4691606163978576,-0.4032118916511535,-0.5120339393615723
N,0.0,0.0,0.9700211791161919,1.2830744077151184,1.0054974378622425,1.114576978156927,0.9755013311914653,0.9565452223040275,0.935964647281968,0.8479143921597536,0.9989375746417629,1.0109398097334885,1.0349439308548696,0.887906380967297,1.0373584888826988,0.9491782551807979,1.0224130983391517,1.0433101119749988,0.9477715213004265,0.994523911951772,0.9757810635504832,0.8230516466986751,0.9947877466446365,0.9007559302064583,1.0,1.0,-0.4286503493785858,-0.4310966730117798,-0.4428655207157135,-0.3889529407024383,-0.4524276256561279,-0.4498710930347442,-0.4537007510662079,-0.4964021444320678,-0.3994418978691101,-0.4396340847015381,-0.41938316822052,-0.4021683633327484,-0.4256678223609924,-0.4511826038360595,-0.423301488161087,-0.4897946715354919
N,0.0,0.0,0.95819737080413,1.321210603245625,0.996037721247361,1.1523934443985078,0.9717035856129204,0.9840004476386307,0.9317483927776836,0.8780964642525338,0.9786288726167942,1.0474239138552006,1.0088482445556723,0.916618159279129,1.0255612771660714,0.964111782625068,1.0251400893192177,1.0549459855866987,0.9310989603415376,1.0291474968567718,0.9580699249027984,0.8624724645711235,0.9869812797722683,0.9188955280137455,1.0,1.0,-0.4203581809997558,-0.427210122346878,-0.4353293180465698,-0.3830381333827972,-0.4445893168449402,-0.4401434361934662,-0.4453685283660888,-0.4877914488315582,-0.3934164047241211,-0.4355209469795227,-0.4138413369655609,-0.3958339989185333,-0.4193674325942993,-0.4419586360454559,-0.4162559807300567,-0.4828559160232544
N,0.0,0.0,0.947343457034787,1.2673044236134376,0.985740908588585,1.1277486508805286,0.9633124553659734,0.9963187727298268,0.925183562512711,0.9117938683435793,0.9589120279008518,1.0341392841824943,0.9897377724823159,0.9283772915945014,1.013870096293414,0.9692028998392745,1.0225634580934666,1.0476161347599704,0.9168393212191903,1.0215726343257343,0.9512857617803647,0.8904284534577788,0.9834720606084808,0.9308432384936901,1.0,1.0,-0.4461673498153686,-0.515297532081604,-0.4661710262298584,-0.4776085615158081,-0.4772732853889465,-0.5344035029411316,-0.4801232814788818,-0.5830314755439758,-0.4198421537876129,-0.5225198268890381,-0.4432067573070526,-0.490389883518219,-0.4494578838348388,-0.5383501648902893,-0.4478506445884704,-0.5807929039001465
N,0.0,0.0,0.9495517134011119,1.253566872776463,0.9854688134448399,1.1196472527620818,0.961168158596483,0.9958886147536996,0.9235271280375437,0.9102098455293504,0.9719540254286919,1.0299951045757645,1.0068016528844952,0.9360715088010473,1.020145627869659,0.9881751180679483,1.0160758853971452,1.063838736084697,0.9262472035466641,1.0155415261136354,0.960324830260651,0.8908914604954459,0.9878471408826835,0.9363738298807759,1.0,1.0,-0.4266078174114227,-0.5354443788528442,-0.4438064098358154,-0.5007186532020569,-0.4542979598045349,-0.5584903955459595,-0.4568304121494293,-0.603862464427948,-0.3988833427429199,-0.5437209010124207,-0.4205708801746368,-0.5140177011489868,-0.4260648190975189,-0.561703085899353,-0.4236333966255188,-0.5995790958404541
N,0.0,0.0,0.9499601822383928,1.240549924758514,0.9901437815524502,1.1106427361602897,0.9652700634872087,0.9924621336194662,0.9264674624448297,0.913706608726317,0.9621020147402659,1.0086996399806702,0.9932826161808227,0.9189721744237388,1.0153707139401598,0.9686225215003954,1.0205878986705292,1.0458340150402672,0.9173988830829335,0.9989729506495482,0.9504069899407254,0.8884359975611341,0.9830623032555348,0.9340441710404649,1.0,1.0,-0.4300988316535949,-0.5370995402336121,-0.4502559900283813,-0.5078892707824707,-0.4616379141807556,-0.566277027130127,-0.4645053148269653,-0.6134869456291199,-0.4039514660835266,-0.5468454360961914,-0.4270467162132263,-0.5206543207168579,-0.4336794018745422,-0.5675979256629944,-0.4317219257354736,-0.6059380173683167
N,0.0,0.0,0.9646891576743415,1.2519973771652753,1.0012902666433514,1.113708761355474,0.9730058780367568,0.9877997255565879,0.9264485387841227,0.9058081201982665,0.9768465812706862,1.0093138950392562,1.006630514961159,0.9020501991338838,1.0216991706931386,0.9518787047213284,1.022630526635029,1.0293196133044018,0.929288207664528,1.0024799375869087,0.9581781782779923,0.8639723952713303,0.9857651747541861,0.9220279566768241,1.0,1.0,-0.4298745393753052,-0.5071883797645569,-0.4465465247631073,-0.4753311574459076,-0.4587882459163666,-0.5350728631019592,-0.4633376598358154,-0.581160843372345,-0.4030984938144684,-0.5176883339881897,-0.4228784739971161,-0.4914093315601349,-0.4311840832233429,-0.5406843423843384,-0.4321686327457428,-0.5790393352508545
N,0.0,0.0,0.9720106200104691,1.254762497961635,1.0001504924653315,1.1069125798507402,0.9673348154150134,0.9870660987562584,0.9155575807467261,0.91830294578129,0.9633673484102707,0.9961600371961997,0.9882471054234846,0.8854748492169507,1.0142411968994853,0.9285755599424892,1.0272093705162704,1.0062956408775587,0.9160137417739105,0.9978590790930466,0.9419291975473056,0.8605051712593683,0.9781952317429898,0.9166069513258921,1.0,1.0,-0.4181539714336395,-0.4878881275653839,-0.4361907839775085,-0.4575521051883697,-0.4520316421985626,-0.5152658224105835,-0.4586680829524994,-0.5628049373626709,-0.392338216304779,-0.5043299794197083,-0.41392782330513,-0.47661092877388,-0.4255368709564209,-0.5231488347053528,-0.4282165169715881,-0.5626958012580872
N,0.0,0.0,0.9961001617887347,1.2471983434774425,1.018913819933928,1.0947574508972513,0.9765341079133752,0.9694315939719718,0.926108870028002,0.885009725795319,0.9995556837092919,0.9734359976751895,1.0220782957181758,0.868563212599104,1.0311218777394067,0.9431330941339098,1.0306153918852325,1.0344037095558711,0.9447695756171871,0.9768957695167145,0.9627332363179546,0.8288918551138542,0.9853351193420956,0.9072403142930845,1.0,1.0,-0.4108557999134063,-0.4713110625743866,-0.4218827486038208,-0.4383262991905212,-0.4375197887420654,-0.4960548281669616,-0.4453529119491577,-0.540421724319458,-0.3831790685653686,-0.4910474419593811,-0.3990389108657837,-0.4601230323314667,-0.411932498216629,-0.5092150568962097,-0.4165287315845489,-0.5481259226799011
N,0.0,0.0,0.9760411623242689,1.2836179894692135,1.00406969539621,1.1123875535106222,0.970674377655234,0.9645026947775711,0.9255467236628981,0.8707314228266954,0.9816840130587863,1.0015084026684409,1.0040132373395478,0.8785270244880579,1.0242868350940009,0.9197132817924816,1.0312230657190011,1.005218969308771,0.9330980830477895,1.0002408029280323,0.9537355146261889,0.857980148868445,0.9833834760093811,0.9205354439757835,1.0,1.0,-0.4178643822669983,-0.4445789456367492,-0.4305111467838287,-0.4052708148956299,-0.4437893033027649,-0.4590510129928589,-0.4487614333629608,-0.5029182434082031,-0.3922697901725769,-0.4599222540855407,-0.4090978503227234,-0.4212019443511963,-0.4180805385112762,-0.4647296965122223,-0.4191206991672516,-0.5026421546936035
N,0.0,0.0,0.9531065442144604,1.2993033615633935,0.9879982796987113,1.1358153151371937,0.9591175169137756,0.9873384021085959,0.9207339706267654,0.8906884434923824,0.9608860756536672,1.0328126384856944,0.9803923521345593,0.9111710316221215,1.0076548612343161,0.9353849782990785,1.0249887532475421,1.0069125240837273,0.9176667639192625,1.0216431067701692,0.9475518349573041,0.883772374174881,0.9805036209071688,0.9292274526540846,1.0,1.0,-0.421478271484375,-0.4498187303543091,-0.4383170008659363,-0.4097427129745483,-0.4486130774021148,-0.4622040390968323,-0.4517329037189483,-0.5074253678321838,-0.3962251842021942,-0.4594470560550689,-0.4168936610221863,-0.4238472580909729,-0.4233669936656952,-0.467363178730011,-0.4223795533180237,-0.5068603157997131
N,0.0,0.0,0.9988834349300869,1.2952778761252077,0.9673733826356948,1.1439325312403266,0.9911576625681756,1.0078208959766675,1.0360030804124443,0.9315281711408548,0.9887244069488296,1.0178476873299005,0.9688099795905787,0.8884055957282693,0.9692886763599455,0.9515440276524056,0.9772266492830526,1.0537373838648645,1.0299358162966317,1.000059914312941,1.013521727125109,0.8482362140650799,1.0032590898766063,0.90604917794941,1.0,1.0,-0.758212149143219,-0.4694784879684448,-0.7478979825973511,-0.4344141483306885,-0.7383594512939453,-0.5001679062843323,-0.7333101630210876,-0.5548658967018127,-0.7906414270401001,-0.4832038879394531,-0.773950457572937,-0.447597861289978,-0.7636052370071411,-0.4992001056671142,-0.7600184679031372,-0.5439916253089905
N,0.0,0.0,0.9976633510476101,1.2936858843467538,0.9699245220174741,1.1429174884557451,0.992846526777848,1.0062731493247992,1.0349549605327328,0.9343778518503466,0.9874246403812007,1.016226473606781,0.9706482789583065,0.8789434417882318,0.9685716991170894,0.9441038774299759,0.9739671812978028,1.0478176600322922,1.0268539153230867,1.002922128015834,1.0148356101658382,0.8448254322248921,1.0033126116799007,0.9061311485308562,1.0,1.0,-0.7698287963867188,-0.4710592329502105,-0.7612466216087341,-0.4326206147670746,-0.7518978118896484,-0.4978043735027313,-0.7484803795814514,-0.5504439473152161,-0.8015710711479187,-0.4842839241027832,-0.7873536944389343,-0.4452409744262695,-0.7782132029533386,-0.4932390749454498,-0.7766239047050476,-0.5338480472564697
N,0.0,0.0,1.0056090400408768,1.308167264314843,0.9783314093959171,1.145873956473321,1.0067530412207246,1.0175756711359099,1.0553400439267708,0.9596417796630736,1.0155371420191692,1.031082809755809,1.0001939395762491,0.8975774516866631,0.9853533422824624,0.940932759421508,0.9773887845102357,1.032847527623519,1.053767721218335,1.026581468437856,1.0389489327265307,0.8703153638299802,1.0146719759819078,0.9147397806833863,1.0,1.0,-0.7806041240692139,-0.480844110250473,-0.766581118106842,-0.4403910040855407,-0.7509108185768127,-0.5039342641830444,-0.7443322539329529,-0.5599863529205322,-0.8113258481025696,-0.5016793608665466,-0.79317706823349,-0.4571010172367096,-0.7789602279663086,-0.5030946135520935,-0.7744589447975159,-0.5475117564201355
N,0.0,0.0,0.9928924825946205,1.2179884377120715,0.9704139592045818,1.0716387474551403,1.0006937151559212,0.9699105294635036,1.0519870800105233,0.9297891225968372,1.0086169687362945,0.9361596243085754,0.9905123276825626,0.8441297148619804,0.9775740433312036,0.9329385049115316,0.9729156384422833,1.0274537991864032,1.0506141365903618,0.9433007517051033,1.03328135712539,0.8165162695674592,1.0117328921812672,0.9014993583351973,1.0,1.0,-0.7868104577064514,-0.4883749783039093,-0.7712352275848389,-0.4695082306861877,-0.7533356547355652,-0.5381402969360352,-0.7436323165893555,-0.5879549980163574,-0.8167058825492859,-0.5130639672279358,-0.7988114356994629,-0.4846465289592743,-0.7820717096328735,-0.5351661443710327,-0.7747941613197327,-0.5753110647201538
N,0.0,0.0,0.9863820018158084,1.226297526900724,0.9653747798800173,1.0980751130972117,0.9888687365419497,0.9874722724356966,1.0323231151631613,0.9154999851440981,0.9909291854092634,0.9472530253659492,0.9819881520762097,0.8533671582293233,0.9751545114836652,0.9373066735197157,0.9725811483729673,1.0368803979156282,1.0315806437666601,0.9490941510242701,1.0242470751224573,0.8236745309826049,1.009549771152651,0.9012234042364298,1.0,1.0,-0.7929540276527405,-0.4909566044807434,-0.785322904586792,-0.4672762453556061,-0.7694805264472961,-0.534612238407135,-0.759131908416748,-0.5871449708938599,-0.8225511908531189,-0.5143007636070251,-0.8116798996925354,-0.4829229116439819,-0.7963172793388367,-0.5329318046569824,-0.7869510650634766,-0.5741066932678223
N,0.0,0.0,0.9856734004212844,1.2474559786109394,0.9660310686359239,1.116518559989869,0.9925755914961811,1.0032857449584935,1.0349736725443905,0.937308885972141,0.9829761626986676,0.9844719480431685,0.9753261524008556,0.8727328157454869,0.9720771484062063,0.9417902317195845,0.9725217498003641,1.03725268541542,1.0214779832133587,0.9768440495250446,1.0154790044600235,0.8349021762778902,1.0050229812705422,0.9034958364932756,1.0,1.0,-0.786199152469635,-0.4970648288726806,-0.7817116379737854,-0.4624879658222198,-0.7708390355110168,-0.5258495807647705,-0.7655887007713318,-0.5779589414596558,-0.8167688250541687,-0.5147629976272583,-0.8073379397392273,-0.4723170399665832,-0.7963820695877075,-0.5182520747184753,-0.7922782301902771,-0.5600703954696655
N,0.0,0.0,0.9710502477988996,1.2194992919011403,0.9582440031940244,1.0966539012290437,0.9899382550708451,1.0001859606757475,1.030473527210843,0.9396623649308522,0.97326630343768,0.9703140140081107,0.9696165986986829,0.8722687677480927,0.9690746594511221,0.943247292823876,0.9720956136461676,1.0384396358322239,1.0110731754514701,0.9632108955113032,1.0121996704011833,0.8277909713948453,1.0036567285620688,0.9013133342378398,1.0,1.0,-0.7925848960876465,-0.505350649356842,-0.7934754490852356,-0.4715576469898224,-0.7808565497398376,-0.5345962643623352,-0.7741955518722534,-0.5860310792922974,-0.8212074041366577,-0.5259064435958862,-0.81884765625,-0.4854882657527923,-0.8053885102272034,-0.5305073261260986,-0.7973235249519348,-0.5725300908088684
N,0.0,0.0,0.9703516729615275,1.178593291838003,0.9604121730254611,1.0537933156928854,0.9969616872012173,0.9657228485488688,1.0403727766032407,0.9195685470707785,0.9775306188188584,0.9312706797016983,0.9732991952602605,0.8479658483537126,0.9728247237901056,0.9357627186910791,0.9754108270127247,1.0290292998925863,1.0167362700759106,0.9302444413340131,1.0166347051360645,0.8111641293780217,1.0060596716996504,0.9000982789993143,1.0,1.0,-0.7942754030227661,-0.5107044577598572,-0.7939276695251465,-0.4871128797531128,-0.778809666633606,-0.5539637207984924,-0.7691214680671692,-0.6037546396255493,-0.8223792910575867,-0.5337193012237549,-0.8203780651092529,-0.4996399581432342,-0.8051294684410095,-0.5465367436408997,-0.795272171497345,-0.585939347743988
N,0.0,0.0,0.9728533641275477,1.2408245589673117,0.9606837213564091,1.105275359630922,0.9919492373106212,0.9985607429632183,1.0348761036254186,0.9425289572412441,0.9840574503368064,0.9741607941557269,0.9816298266782586,0.8654903232201318,0.9748936984239432,0.932650861176751,0.9707020572986054,1.0260053922460382,1.0222359818963518,0.9763556374803918,1.0244570246926623,0.8378052654949008,1.0107752418528528,0.9028345367752172,1.0,1.0,-0.7946546673774719,-0.5059778690338135,-0.7928037047386169,-0.4735462665557861,-0.7774746417999268,-0.5357876420021057,-0.7677967548370361,-0.5887210369110107,-0.8234468698501587,-0.5301355123519897,-0.8181020021438599,-0.4881606996059418,-0.8033829927444458,-0.5335925817489624,-0.794781506061554,-0.5768396854400635
N,0.0,0.0,0.968032849921223,1.2657063379177833,0.955253577317993,1.124506952989462,0.9844042708509142,1.0147787517785547,1.0236827555258536,0.9532406340752326,0.9790428578024859,0.9877293951108729,0.9782499794672153,0.867440036689166,0.9745453661286588,0.9320245011143147,0.9739833578710342,1.0290899250396532,1.0171727737412255,0.9923836183745275,1.0212109804818557,0.8458448138395489,1.008502750917956,0.9071763369414405,1.0,1.0,-0.7942919731140137,-0.5027173757553101,-0.7935559153556824,-0.4663645327091217,-0.7775269150733948,-0.526820719242096,-0.7690256834030151,-0.5793781280517578,-0.8231910467147827,-0.5274763107299805,-0.8198408484458923,-0.4829408526420593,-0.8040871024131775,-0.5256507396697998,-0.7953051924705505,-0.5682689547538757
N,0.0,0.0,0.9660189137015706,1.23069104978071,0.956665130128669,1.0981963829437937,0.9906344576103733,0.99842063070003,1.0331366612047357,0.941442313673711,0.9758915846568118,0.969256437096271,0.9748675416646838,0.8695656927359068,0.9726117428910258,0.93917592399009,0.9725587098384125,1.0354679315652628,1.0140104328325734,0.9706890011725708,1.019332047123971,0.8343357130863498,1.0086338125327363,0.9008365500690587,1.0,1.0,-0.7944775819778442,-0.5091850161552429,-0.7964978218078613,-0.4777098000049591,-0.7814635634422302,-0.5385943651199341,-0.7713415026664734,-0.5898158550262451,-0.82224041223526,-0.5343751907348633,-0.8209661245346069,-0.495922178030014,-0.8053288459777832,-0.5405703783035278,-0.7945173978805542,-0.5818931460380554
N,0.0,0.0,0.9692328286800965,1.2424194019895303,0.9592845585414931,1.108389781060131,0.9914047428739343,1.0027544146963148,1.0313027869400302,0.941997792976266,0.9812968043374544,0.9733521467517418,0.980374284638336,0.8637764502498297,0.9744258229929321,0.9324941302936774,0.9710360255891831,1.0286572145774933,1.019482402851387,0.9754703964125128,1.024300958494712,0.8369537622157254,1.010745579960322,0.9028315567114732,1.0,1.0,-0.794180154800415,-0.5069718360900879,-0.7942507266998291,-0.4737090468406677,-0.7785729169845581,-0.5343260765075684,-0.768688976764679,-0.5858608484268188,-0.8222985863685608,-0.53096604347229,-0.8186681866645813,-0.489953875541687,-0.8034738898277283,-0.534817636013031,-0.7940735220909119,-0.5769241452217102
N,0.0,0.0,0.9646720874029859,1.2060431237884648,0.9546875206991633,1.0807523095819047,0.9880533891745504,0.9898773317762227,1.0296104488430233,0.9393280567295917,0.9772735803291553,0.9508831164849326,0.978679546356348,0.8535581724512228,0.9747696518250906,0.9290722798003335,0.9736457463968473,1.0228132419079974,1.0152554805076177,0.9547183861390306,1.0216079551655335,0.8221551003000122,1.009102821773028,0.9003086726242011,1.0,1.0,-0.7955743670463562,-0.512570321559906,-0.7976440191268921,-0.4809061884880066,-0.7819083333015442,-0.5427145957946777,-0.772334635257721,-0.5932830572128296,-0.8229286670684814,-0.5390112996101379,-0.8231436014175415,-0.4994466006755829,-0.8067798018455505,-0.5428085327148438,-0.795279324054718,-0.583453893661499
N,0.0,0.0,0.9594439926555578,1.1579941254833506,0.9577139747785492,1.0380808110832187,0.9963850689413775,0.959961953452427,1.0390098048492054,0.9156330777981642,0.9716704268006128,0.8986586970678758,0.9756820658742775,0.8407720098467059,0.974790022950596,0.9340805732922964,0.9748088838704871,1.02372937231303,1.0115348670823823,0.9069405225455518,1.0207003311034486,0.8077937596095905,1.009291675010004,0.9028997522110502,1.0,1.0,-0.7958618402481079,-0.5189053416252136,-0.8014819622039795,-0.5016686320304871,-0.7839337587356567,-0.5668009519577026,-0.7708210945129395,-0.6134763956069946,-0.8212569355964661,-0.5486337542533875,-0.8257679343223572,-0.5213878750801086,-0.808671236038208,-0.5661157369613647,-0.7955835461616516,-0.6020312309265137
N,0.0,0.0,0.9661731649191185,1.140768669637472,0.9633130047045663,1.0198548031015724,1.0040773598712343,0.9449640780698548,1.0509236493486447,0.9103530342158385,0.9810065057827542,0.8872438544190243,0.9782095363588893,0.8288033798800944,0.9750512717963404,0.9289764372189965,0.9743991237118701,1.020483167950828,1.0214089283248298,0.9005123256059683,1.0251657124697902,0.8074464996983234,1.0105716678790853,0.9058408680061821,1.0,1.0,-0.7924160361289978,-0.5271552205085754,-0.7960780262947083,-0.5090562105178833,-0.7768247723579407,-0.5754679441452026,-0.763339638710022,-0.6217502951622009,-0.8177667260169983,-0.558349072933197,-0.8207049369812012,-0.5280969738960266,-0.8028016090393066,-0.5728850364685059,-0.7899106740951538,-0.607765793800354
N,0.0,0.0,0.984319985069459,1.1641057071827912,0.9691131798860073,1.0420038086321537,1.003142698809895,0.9524274866900095,1.0512769132416055,0.9049177908556687,0.9905953143967579,0.9086184285821235,0.9767418350649978,0.8445965569139237,0.9724523331835367,0.9370637735059982,0.974505691859499,1.0258646653420498,1.0315095808397938,0.9132080841788595,1.0221852778644087,0.8085751447598607,1.0069058663765689,0.9032516218525648,1.0,1.0,-0.7807892560958862,-0.5198723077774048,-0.7758715748786926,-0.4974421560764313,-0.7599804997444153,-0.5682388544082642,-0.7516694068908691,-0.6174159646034241,-0.8095143437385559,-0.5441712141036987,-0.8017142415046692,-0.5104367733001709,-0.7873712182044983,-0.5595794916152954,-0.78083735704422,-0.5970461368560791
N,0.0,0.0,0.9754943730799692,1.1838085623831192,0.9648378489903793,1.050841180636418,1.002446539655027,0.9607267420837796,1.0480050098927933,0.9148796047871657,0.9847559212156874,0.9283781768626448,0.9764933464784855,0.8514209607700672,0.9714980755665292,0.9443159216948358,0.972585507308194,1.0346444696056065,1.024251319281463,0.9316464900233463,1.0212926098587995,0.8153019045886251,1.0066725865090282,0.905467819100896,1.0,1.0,-0.7848055362701416,-0.5222288370132446,-0.7828857898712158,-0.4975430071353912,-0.7660256028175354,-0.5666377544403076,-0.7570854425430298,-0.6155883073806763,-0.8131194114685059,-0.5470842719078064,-0.8093598484992981,-0.5113227963447571,-0.7938722968101501,-0.5583546161651611,-0.7857452630996704,-0.5954344272613525
N,0.0,0.0,0.9713409726363796,1.1661533594849833,0.9624017780589148,1.041783040854667,0.9983290216204881,0.9626370224537644,1.0439773764576048,0.9256328414426044,0.9904665938456727,0.9045240455351772,0.986598498826279,0.8377037851342529,0.9777832057408443,0.934062431470353,0.9730960557998184,1.0267899957439985,1.0315930275845162,0.9202385587622381,1.0335171259171871,0.8188805569936889,1.014126784094883,0.907173594758143,1.0,1.0,-0.7920510768890381,-0.5240293145179749,-0.7892192006111145,-0.5044808387756348,-0.7688521146774292,-0.5715368986129761,-0.7562910914421082,-0.6198863387107849,-0.8185825347900391,-0.555450439453125,-0.8147949576377869,-0.5245878100395203,-0.7969189286231995,-0.5697275400161743,-0.7863947153091431,-0.6047044396400452
N,0.0,0.0,0.9845602973629318,1.211302910095265,0.9650235841512999,1.0803998556342442,0.9905462977982863,0.9790739412491755,1.0367611071614,0.9259536556648006,0.9908346526077132,0.9493257213484749,0.9800422478652132,0.8565487664412743,0.9754511484824397,0.9283516893446545,0.9760889647800572,1.018964701749314,1.0317055315777965,0.9528630483131254,1.0253069997087003,0.8283218532976779,1.0097322406772027,0.9028329492423542,1.0,1.0,-0.7818031311035156,-0.5099912285804749,-0.7741010785102844,-0.4803848266601562,-0.7589418292045593,-0.5450222492218018,-0.7507267594337463,-0.5962193012237549,-0.8113915324211121,-0.5338085889816284,-0.8007817268371582,-0.4958065152168274,-0.7861231565475464,-0.5409080982208252,-0.7789251208305359,-0.5808448791503906
N,0.0,0.0,1.007316624637716,1.2933914323137172,0.9752681251582019,1.1517881580891964,0.9968744809738944,1.0208750060269698,1.0402048070186904,0.9445039051742274,1.0012879618371473,1.03644398277622,0.9840982792759287,0.9106358401619857,0.974123316864235,0.9454326324969612,0.9713542535210605,1.0281120824216348,1.038629529971639,1.0196349305880401,1.0242865362664464,0.8699186603801697,1.0074829650223975,0.9160359445448705,1.0,1.0,-0.7656247615814209,-0.5060834884643555,-0.7545446157455444,-0.461173951625824,-0.744998574256897,-0.5236653685569763,-0.7430524230003357,-0.5775797367095947,-0.7965970635414124,-0.5195040702819824,-0.7805818319320679,-0.4746370017528534,-0.7704614400863647,-0.5211276412010193,-0.7688208222389221,-0.5639289617538452
O,0.0,0.0,1.0092785910260855,1.498471168889752,1.0450457049597157,1.3493063504395748,1.0348843560461476,1.2143438945000655,0.9938264810706837,1.1108645089741163,1.0315270401591572,1.119831812983418,1.0552945475600357,0.8900307768878359,1.0527048997545536,0.9244866428569434,1.0438508057144824,1.029006096446943,0.977520481057585,1.106631106932162,0.9863795347688531,0.8467121718331642,0.9938724534075454,0.8955982435062636,1.0,1.0,-0.4341894686222076,-0.4119356572628021,-0.4322253763675689,-0.3301573991775512,-0.4428673982620239,-0.3497598767280578,-0.452473372220993,-0.3868766129016876,-0.4112157225608825,-0.435478001832962,-0.4163423478603363,-0.3980958461761474,-0.4303910136222839,-0.3999067544937134,-0.4437791407108307,-0.4148300886154175
O,0.0,0.0,1.0112835603886876,1.5037712670164214,1.0436725903944042,1.3447100214204206,1.0347035494363177,1.2029223960086215,0.9957138505514619,1.099548336558114,1.0345142068309192,1.1199849736727265,1.0579010068792147,0.8846037971013166,1.0521172833112804,0.9278650592545662,1.0425243273139806,1.0347435976904718,0.9801977390407476,1.1060995989235294,0.9888926846422611,0.8415735044082635,0.993950700856931,0.8933658265873639,1.0,1.0,-0.4352200627326965,-0.4062170684337616,-0.4332859516143799,-0.3246142268180847,-0.4429116249084472,-0.3438248634338379,-0.4524307548999786,-0.3793627619743347,-0.4124103188514709,-0.4297346472740173,-0.4180086255073547,-0.3946554660797119,-0.4317382872104645,-0.3936832249164581,-0.4455817341804504,-0.4039633870124817
O,0.0,0.0,1.0634367000436207,1.4328034709930793,1.0888247046734143,1.2956298805137205,1.0472432891527128,1.1812395394737205,0.990672567618163,1.0904801059541136,1.078849649950481,1.0330831289375573,1.084903859390432,0.8189023661664232,1.0590441960820614,0.9057003983347957,1.0452625264429376,1.0211606166539484,1.0159001607578486,1.03290142049591,1.0125724712558162,0.7808589114185507,0.9957679075285486,0.886135118869179,1.0,1.0,-0.4215040802955627,-0.4073072671890259,-0.4138757586479187,-0.3272682428359985,-0.4142271280288696,-0.3629497289657593,-0.4211272001266479,-0.4048151969909668,-0.4005500376224518,-0.4388419389724731,-0.3950792253017425,-0.3982545137405395,-0.4019158482551574,-0.4125909507274627,-0.4124809205532074,-0.4369487762451172
O,0.0,0.0,1.0987355148758424,1.376818310523625,1.1137731412632443,1.2448333185301552,1.0539150475453585,1.1601251140717306,0.990653559872082,1.0964398636682189,1.1041791507467418,1.003499237056634,1.0959969887021224,0.8248176737794901,1.0627906191401946,0.9154648938780522,1.0496289075553311,1.0203892852715502,1.036587862655314,0.9974809945129145,1.0224719093185624,0.7681877182629803,0.997108591679905,0.8855621562517093,1.0,1.0,-0.4126080870628357,-0.4202900826931,-0.4011266231536865,-0.3483379781246185,-0.3993476927280426,-0.3975315690040588,-0.4060975313186645,-0.4433164596557617,-0.3930201828479767,-0.45052170753479,-0.383772075176239,-0.4148218631744385,-0.3899320065975189,-0.4402659833431244,-0.40121990442276,-0.4678636491298675
O,0.0,0.0,1.0389773295796483,1.4374940927802953,1.0647262154378752,1.2922950841954108,1.0340658775666787,1.160051536489942,0.9852394094735503,1.0571286186459234,1.0594420755039096,1.0427179488106169,1.0755946758491768,0.817682556560622,1.058131010284842,0.9017412617734865,1.0470183977583354,1.0206571790269205,1.0013073739343885,1.0415533573867333,1.0057419910657728,0.7864159127358594,0.9956492277634703,0.8884613211949118,1.0,1.0,-0.4283804595470428,-0.4093508124351501,-0.4246660470962524,-0.3231692016124725,-0.4272511303424835,-0.3547349274158478,-0.4336330890655517,-0.3941552937030792,-0.406334638595581,-0.4372885227203369,-0.404841810464859,-0.3930360972881317,-0.4141459167003631,-0.4048214554786682,-0.4251858294010162,-0.4273581504821777
O,0.0,0.0,1.0064142641187368,1.550830901739305,1.0396177286341306,1.375985681871589,1.0321059735602904,1.2086676874079114,0.9954326759959593,1.0783091737082642,1.0314623734623296,1.147796814744964,1.0532192700484895,0.9111945617504266,1.0518271028664492,0.9324845215549615,1.04395596502621,1.0361879226718125,0.9771900312613863,1.1275856890223626,0.9842404608416122,0.8582446388414643,0.9926233284905286,0.8969068327626678,1.0,1.0,-0.4379938244819641,-0.3957547545433044,-0.4366984367370605,-0.3166204690933227,-0.4472385942935943,-0.325044572353363,-0.456285148859024,-0.3543493151664734,-0.4150069952011108,-0.4152414500713348,-0.424436867237091,-0.3813785314559936,-0.4390498697757721,-0.3755218684673309,-0.4523823857307434,-0.3818435072898865
O,0.0,0.0,0.9964806657685661,1.5496166565327643,1.0276450366979737,1.37613347197939,1.0239496550277472,1.2117184983793152,0.9958057862042644,1.0765511245150716,1.0187690166940166,1.1422986127301131,1.0389330618580401,0.9163292977862666,1.0441370489878856,0.9238859081843204,1.040730484473858,1.015349751038431,0.9667036852721385,1.1233232829736253,0.971435045574242,0.8608713972541084,0.9875265266542034,0.8970815840494725,1.0,1.0,-0.4404308199882507,-0.391821414232254,-0.4390459060668945,-0.3196345269680023,-0.4525206685066223,-0.3247279822826385,-0.4639916121959686,-0.3480990827083587,-0.4185717105865478,-0.411632627248764,-0.4297771453857422,-0.3810706436634063,-0.445971816778183,-0.3740987181663513,-0.4604970216751098,-0.3760235905647278
O,0.0,0.0,0.9885373287953583,1.5884622216084092,1.0221998982295415,1.4096564138140675,1.02081247776313,1.2326305253404912,0.9976686948869157,1.07946367138571,1.005052229146453,1.169698159427094,1.0263560593167231,0.9537594722283821,1.0358626870284813,0.9395239441061551,1.0354585875694866,1.0147964136076175,0.9558910467014009,1.147808230734211,0.9611881510003464,0.8915622284782108,0.9843457982221347,0.9051485069571868,1.0,1.0,-0.4399001598358154,-0.39095339179039,-0.437614381313324,-0.3192934989929199,-0.4529420435428619,-0.3177376985549927,-0.4650092720985412,-0.3378252983093261,-0.4185468554496765,-0.4106586277484894,-0.4300320744514465,-0.3751380741596222,-0.4482301473617553,-0.3659641146659851,-0.4641443789005279,-0.3679099678993225
O,0.0,0.0,0.9580991230196825,1.6736119585169882,0.9968106481309639,1.4675748822855907,1.0066003938852857,1.27284085602393,0.9940902215936037,1.0995432137131564,0.9901668996402049,1.2287370786046528,1.0132363469421422,1.0351851017855664,1.028659792812958,1.000336086621211,1.034901176984593,1.0579391097376543,0.948534905164649,1.1953199587614147,0.9590541236376207,0.958202391606225,0.9826658333147943,0.9336262092624613,1.0,1.0,-0.4500196278095245,-0.3840741813182831,-0.4517973959445953,-0.3141467869281769,-0.467369019985199,-0.3037486970424652,-0.4802546501159668,-0.3206804096698761,-0.4285821616649627,-0.4000149965286255,-0.4396363496780395,-0.3584545850753784,-0.4566245377063751,-0.3412277102470398,-0.4729808270931244,-0.3395516574382782
O,0.0,0.0,0.9911001176390903,1.5519254296228078,1.0305654902198886,1.3692243339792007,1.0195406668135525,1.193211791357847,0.9729431333667458,1.0862889165030143,1.0207900660930667,1.1430456768037118,1.0469023558300323,0.9244860414383803,1.052300381537051,0.9377268640518139,1.0423882529524158,1.0343437742992525,0.9711918635890656,1.1145062304431308,0.9803995482668861,0.8569454940580337,0.9977877717303747,0.8904641373079608,1.0,1.0,-0.4433035552501678,-0.3845163583755493,-0.4411523044109344,-0.3017886281013489,-0.455298513174057,-0.3134114742279053,-0.4611357152462005,-0.3510729372501373,-0.4193592965602875,-0.3988977074623108,-0.4242353439331054,-0.3431843817234039,-0.4392818212509155,-0.3476509153842926,-0.4486030340194702,-0.3754449486732483
O,0.0,0.0,1.007370933481032,1.4881309979674253,1.0403991022124397,1.3167740028392043,1.0208847044353604,1.1616173962788146,0.9737586306796414,1.0581849646221162,1.0273204372314875,1.089930540778343,1.0503901012722054,0.8615162129251425,1.0511058056797227,0.9153094999853189,1.0412152843062965,1.0280431627666373,0.975210173260613,1.07346309017987,0.9809501442718128,0.8106706704527122,0.9938952000528574,0.8830649351677641,1.0,1.0,-0.4327637553215027,-0.3958101868629455,-0.4297740161418915,-0.3043353259563446,-0.442229300737381,-0.3282906711101532,-0.4497085511684418,-0.3697314262390136,-0.4094470143318176,-0.415201723575592,-0.4130301177501678,-0.3598479032516479,-0.4272857010364532,-0.3710510730743408,-0.4369752109050751,-0.4006373882293701
O,0.0,0.0,1.0204198444211592,1.4326746528512864,1.0556248320709825,1.277143852280256,1.0295546643996318,1.1407482213653268,0.976594008973284,1.0476878591212158,1.0407936653528365,1.0433261833147593,1.0604362313762872,0.82373391059806,1.0548116423871152,0.8971374784330486,1.0437899241617163,1.0096746510498795,0.984823008892581,1.0354064941028598,0.9900030498664509,0.7857011220179766,0.9956767089704643,0.883197331035678,1.0,1.0,-0.4286531805992126,-0.4034255445003509,-0.424479603767395,-0.311000645160675,-0.4339498579502105,-0.3446171581745147,-0.4404406249523163,-0.3892375826835632,-0.4051262140274048,-0.4247568845748901,-0.4054180383682251,-0.3675211369991302,-0.4184559881687164,-0.3847978711128235,-0.4280710816383362,-0.4181261956691742
O,0.0,0.0,1.0201855499055559,1.438083490616967,1.0555494596285753,1.283919807589753,1.0314829132539047,1.1430689615730691,0.9768184825501419,1.0470346669781456,1.0374576222929264,1.045337168653792,1.0563875556937685,0.8222803222400974,1.051791320645167,0.9010344091322782,1.0416734541635624,1.0159129522358903,0.9815258093675647,1.0384435835509347,0.9874457200677237,0.787848986133318,0.9943299645247385,0.8879334466823141,1.0,1.0,-0.4260477721691131,-0.4059866666793823,-0.422107458114624,-0.3149670958518982,-0.4323250949382782,-0.3484953045845032,-0.4393206834793091,-0.3921644687652588,-0.4027974307537079,-0.4280264675617218,-0.4043498039245605,-0.3707457184791565,-0.4175907671451568,-0.388445645570755,-0.4268431365489959,-0.4222555756568908
O,0.0,0.0,1.0173524827907632,1.4617750845426705,1.0493857422386326,1.3003531627599971,1.0245344343107805,1.1497550893382136,0.9732960609286816,1.0510297684060201,1.034166564855988,1.0663624524029534,1.0553193978754858,0.8337518621971692,1.0515591255012156,0.9025643021627835,1.0416001665170211,1.0222390509373493,0.9799665673123726,1.0582096286625482,0.9855902659941345,0.7973288792764465,0.9935520549919877,0.8826202725899474,1.0,1.0,-0.4281593263149261,-0.4036598205566406,-0.4239924848079681,-0.3098472356796264,-0.4343444406986236,-0.3366314172744751,-0.4418372213840484,-0.3791576325893402,-0.4050245285034179,-0.4249547123908996,-0.406398057937622,-0.3687824308872223,-0.4200059473514557,-0.3809017539024353,-0.4304346740245819,-0.411006897687912
O,0.0,0.0,1.0093726586419678,1.4662026393963785,1.0419115830941916,1.2953423035738914,1.017564363069317,1.1376924068806118,0.9672369891145481,1.0259614563535733,1.0325295041760214,1.067141579346192,1.057157590381098,0.836363182598961,1.0528737520392315,0.909407105959264,1.0416982719084007,1.0268320987881878,0.9787898609954366,1.0542040366653425,0.989567302195492,0.7920946645645102,0.9963472556412615,0.8806958875744929,1.0,1.0,-0.4280172288417816,-0.3936280608177185,-0.4258184134960174,-0.2998887598514557,-0.4362315237522125,-0.3269825875759125,-0.4425700306892395,-0.3691304624080658,-0.4045744240283966,-0.4134058058261871,-0.4089231193065643,-0.3579921722412109,-0.4226508736610412,-0.3704636991024017,-0.4317207932472229,-0.3998376429080963
O,0.0,0.0,1.0066314106537564,1.4774144511057925,1.041998120507219,1.3134844025315466,1.0192447599343013,1.160575207607554,0.9730780965864019,1.0441406309706815,1.0344006916738984,1.0686088845088395,1.063368261751808,0.8352799568359709,1.0575400355729019,0.9103690856358222,1.044355451524695,1.0299705065961893,0.9798514648288834,1.0529293105648148,0.9949012816650533,0.7860438811956031,0.9985992447342408,0.87762113298057,1.0,1.0,-0.4302840828895569,-0.3918306529521942,-0.4294710159301758,-0.298964262008667,-0.4383649826049804,-0.3270641267299652,-0.4440801739692688,-0.3696391880512237,-0.406653493642807,-0.4116944372653961,-0.4102522432804107,-0.3560130596160888,-0.4231548011302948,-0.3690376579761505,-0.4323960244655609,-0.3985908627510071
O,0.0,0.0,1.0261258975326235,1.3874393381234986,1.066519954835139,1.2565795883229247,1.0379007923146413,1.1608922130196522,0.9818058676371131,1.0909538447185863,1.0320970240524432,0.990703875569863,1.0474974569842004,0.7940177602976839,1.0498854959499881,0.9058395414762205,1.0434499856407644,1.0203442766305566,0.9726131268176171,0.995941359546389,0.9742434226500299,0.7664981999977563,0.9907995408903755,0.8885560362515789,1.0,1.0,-0.4260153770446777,-0.4194181561470032,-0.4209077954292297,-0.3380915820598602,-0.436651736497879,-0.3835459947586059,-0.4468400776386261,-0.4265348315238952,-0.4040091037750244,-0.4525051116943359,-0.4066458940505981,-0.4090831875801086,-0.4252409040927887,-0.4342098832130432,-0.4385166764259338,-0.4627678394317627
O,0.0,0.0,1.0158781714320109,1.4785480478885442,1.0547313122198831,1.3281108957476413,1.0298678588482948,1.1943719394534233,0.9835960136062418,1.0863903529102006,1.033424520892351,1.0773248643773663,1.057353120660676,0.8509859573052779,1.0553569272086125,0.9207688371963273,1.0436898410645987,1.0371226619788143,0.9774079618043691,1.0676433398693737,0.9853020024695363,0.801099512710508,0.9956610137753616,0.8814495637430976,1.0,1.0,-0.4290970861911773,-0.4075337648391723,-0.4264192879199981,-0.3146364986896515,-0.4376504123210907,-0.3433391451835632,-0.4444077014923095,-0.3865527212619781,-0.4059601426124573,-0.4300289154052734,-0.4099606275558471,-0.3733154237270355,-0.4241619408130646,-0.3882773816585541,-0.4337979853153229,-0.4195502400398254
O,0.0,0.0,0.996466411904785,1.500154775889522,1.0338378239993373,1.3366408860162016,1.0165925500431665,1.1805116417011663,0.975424654182943,1.0616108240130377,1.0241512268348847,1.1152536258993242,1.0528105176455538,0.88908658735713,1.0539520266869102,0.9302109806040225,1.0439616754569052,1.0400018265936763,0.972165076252059,1.0920337108375728,0.9848212640981199,0.8268036031531409,0.9965463604800426,0.8817809518310658,1.0,1.0,-0.4352897405624389,-0.4012168347835541,-0.4352664053440094,-0.3094481825828552,-0.4466581344604492,-0.3253677189350128,-0.4526981115341186,-0.3668009638786316,-0.4118614494800567,-0.4172791838645935,-0.4178172945976257,-0.3611772060394287,-0.4305281043052673,-0.365222305059433,-0.4387592673301697,-0.3923953473567962
O,0.0,0.0,0.9849819683575196,1.5572323315132144,1.0266787331616551,1.3760195241211695,1.0142883091611343,1.2012911555514025,0.9689698004967089,1.0830194042195533,1.0149136529113743,1.141009727633388,1.0450263596536953,0.9245038710245279,1.052017134455902,0.9518539893404581,1.0428580555740594,1.0566820899377445,0.9644220823296836,1.1114901871465805,0.9766699296886047,0.8427514894002393,0.9959942959437905,0.8835872324960174,1.0,1.0,-0.4408040940761566,-0.3958083093166351,-0.4398998022079468,-0.3065496683120727,-0.4548285007476806,-0.3190467357635498,-0.4612904787063598,-0.3589740395545959,-0.4166395962238312,-0.4124574661254883,-0.4236204028129577,-0.3537983894348144,-0.4384247958660126,-0.3576370775699615,-0.4467437863349914,-0.3858218193054199
O,0.0,0.0,1.026926238991878,1.3855648259352384,0.9884979520847819,1.2772072099721696,0.991777262061571,1.1589701057278825,1.0160483599010535,1.0581600348835998,0.9918295403910347,1.0465574305426069,0.9643291458119622,0.867412064259019,0.9603610665793972,0.9432789715128852,0.9703987776474897,1.0461847944797746,1.0289359194525942,1.0196079098446569,1.008716799863152,0.8075711135535294,0.9974893717340767,0.8975680068053132,1.0,1.0,-0.7031733989715576,-0.4218686521053314,-0.6959695219993591,-0.3433927297592163,-0.683262288570404,-0.3824827373027801,-0.6794896721839905,-0.4243069589138031,-0.732057511806488,-0.4343871474266052,-0.7224958539009094,-0.3799574375152588,-0.7061936855316162,-0.4005146026611328,-0.6974512934684753,-0.4312374889850616
O,0.0,0.0,1.0295297401189958,1.4050952917419044,0.9918337071955323,1.298144805922635,0.9901892044786587,1.1807773514882143,1.0113975506959207,1.073258117071711,0.9905044360081342,1.0489491966858986,0.9616799703053696,0.8662360369923002,0.9607258336190025,0.9508127330116849,0.9725173788219914,1.0585949590683965,1.0266913990199802,1.021503500544467,1.0048149595412457,0.8013401204701985,0.9963531933088651,0.8948764515267557,1.0,1.0,-0.7071527242660522,-0.4065852761268616,-0.6994119882583618,-0.3278360664844513,-0.6876413226127625,-0.3658270835876465,-0.6837243437767029,-0.4071560502052307,-0.7352169752120972,-0.4190845489501953,-0.725712776184082,-0.3644396662712097,-0.7105609774589539,-0.3841377198696136,-0.7021576762199402,-0.414063423871994
O,0.0,0.0,1.0429533589598619,1.4052729461141393,1.0016109527543138,1.3022979484352954,0.9908109743278539,1.1916603369958405,1.0083002178267153,1.0838903021980486,1.0015337209477242,1.0451971848036685,0.9701599964190858,0.8653747825760945,0.9637973613505624,0.9446700005957187,0.9731950596592774,1.0434818676494004,1.0371928934997234,1.0205321308964939,1.014407309174148,0.8004047206987863,0.9996830927651225,0.8980272971031588,1.0,1.0,-0.6988970041275024,-0.3991281390190124,-0.6893939971923828,-0.3216174244880676,-0.6749393343925476,-0.3630769252777099,-0.6706188321113586,-0.4045605361461639,-0.7262344360351562,-0.4116932451725006,-0.7138614654541016,-0.3598723709583282,-0.6964133381843567,-0.381260871887207,-0.6876288056373596,-0.4103383719921112
O,0.0,0.0,1.0503776324142104,1.4222363992843086,1.0070643120572709,1.3094556794815024,0.9904023507136241,1.1911213483369365,1.0036344200365248,1.0654829923903437,1.016978802969546,1.0527470033058188,0.9876107014864293,0.8622393244031297,0.9718507849949017,0.9348883144918831,0.9741692654503794,1.0304463880371957,1.0520523800156587,1.0305381473378001,1.031255286509507,0.8025422139361107,1.0069215704848393,0.8937298432297783,1.0,1.0,-0.697432279586792,-0.3985126316547394,-0.687592089176178,-0.3202382028102875,-0.6685405373573303,-0.3590144515037536,-0.6607140302658081,-0.4005559682846069,-0.7234175801277161,-0.411592036485672,-0.7073609232902527,-0.3608613908290863,-0.6864226460456848,-0.3810913264751434,-0.6742420792579651,-0.4102895855903625
O,0.0,0.0,1.0559391629535357,1.4409584545128706,1.0123558261990417,1.324491196011426,0.994218144823634,1.2065716786539038,1.0014437297811751,1.0756718721146556,1.0253289609963319,1.070125217933608,0.9959154154123192,0.8806314620859105,0.9768529896351018,0.9492875978025691,0.9763063537795014,1.0418879570484592,1.0593424210607023,1.0456779522194437,1.0370174265486187,0.8127225047441089,1.0094441841862896,0.8967629326229927,1.0,1.0,-0.696353018283844,-0.3967689275741577,-0.6862455606460571,-0.3172561824321747,-0.6657047271728516,-0.3520327508449554,-0.6564809679985046,-0.3925996720790863,-0.7217785716056824,-0.4097650051116943,-0.7055556774139404,-0.359245628118515,-0.6831320524215698,-0.3764384388923645,-0.6691209673881531,-0.4035634696483612
O,0.0,0.0,1.0652907857827754,1.4583722027603274,1.0188753365690602,1.3324406553145791,0.9970349415903929,1.2082795644626845,1.0047247034276245,1.0734944454471367,1.0345469462987478,1.0766838928396574,1.0073137473775937,0.8798938128731353,0.9832427388148055,0.9447827423529411,0.9779198910508559,1.0362908567912994,1.0676212960294547,1.0527926752079941,1.0432012669672248,0.8149951383518043,1.011755679567245,0.8966438479673654,1.0,1.0,-0.6916800737380981,-0.3914546370506286,-0.6791179776191711,-0.311864286661148,-0.6568394303321838,-0.3447261750698089,-0.6464416980743408,-0.3844234943389892,-0.7168576717376709,-0.4040458500385284,-0.698476254940033,-0.3530155122280121,-0.6749823689460754,-0.3701753616333008,-0.6603724360466003,-0.3972164094448089
O,0.0,0.0,1.0697879823968182,1.4584083690579521,1.0198145457739136,1.3234952181505906,0.9981086224233596,1.191473056464533,1.0057583195280713,1.055260595364896,1.0416723693086156,1.0872200836873738,1.0190006442828112,0.8871391372714967,0.989439680829555,0.9488962835977717,0.9779427715577345,1.0400347348283574,1.0736890204803782,1.0642262524454231,1.0526251771011526,0.8265486612184118,1.0156882433567374,0.8984423825816136,1.0,1.0,-0.6892538070678711,-0.3960369527339935,-0.6765133142471313,-0.3176981210708618,-0.6527507305145264,-0.3423614501953125,-0.6411715149879456,-0.3791780471801758,-0.7136342525482178,-0.4054144918918609,-0.6953784227371216,-0.3541846871376037,-0.6719696521759033,-0.364793986082077,-0.6566425561904907,-0.3882457315921783
O,0.0,0.0,1.0687332299953438,1.4717967725594867,1.019623602812522,1.3332452313436824,0.9991474901055428,1.1897888378263988,1.0088166520050428,1.0415851464619348,1.0407861532924583,1.0957786514286163,1.0164303980996863,0.8968465096175192,0.9882329298867648,0.9561474252302429,0.9783449368346064,1.0434327562653012,1.0731899897390813,1.0701194914544065,1.0510865223395047,0.8308043216149519,1.0152887116776934,0.8996847767439498,1.0,1.0,-0.6945001482963562,-0.3909338414669037,-0.6825182437896729,-0.3130134344100952,-0.659490168094635,-0.3362728953361511,-0.6479650139808655,-0.3719000518321991,-0.7195387482643127,-0.4010800719261169,-0.7014690041542053,-0.3498638868331909,-0.6788690090179443,-0.3596696257591247,-0.6638380885124207,-0.382304698228836
O,0.0,0.0,1.046357924154652,1.39724035282713,1.0026843848901557,1.2935253664400714,0.984013806888638,1.1836055871247901,1.000511928337436,1.07156678653874,1.015082452666062,1.038827337361849,0.9842950343321426,0.8525227393705853,0.969040550794914,0.9242310660412805,0.9725212378079251,1.016882193571282,1.0494649367955433,1.0206780082152218,1.0284589402380115,0.7974830491900701,1.0056673021043474,0.8952982378291356,1.0,1.0,-0.6996139287948608,-0.4063558876514435,-0.689826488494873,-0.327092170715332,-0.6710694432258606,-0.3685373663902282,-0.6635954976081848,-0.410774290561676,-0.7258360981941223,-0.4203708469867706,-0.7109448313713074,-0.3683594763278961,-0.6911474466323853,-0.3911068439483642,-0.680248498916626,-0.4215675294399261
O,0.0,0.0,1.0468883198426875,1.3897664808608257,1.0035764343047093,1.2931874241172352,0.9868088408781732,1.183913513474171,1.002978651789257,1.0711932155823374,1.0106107541670022,1.033606237083724,0.9782474958867524,0.8515154262922568,0.9668237574987351,0.9342391071129909,0.9723444279019776,1.0320984000156483,1.0454074682595806,1.011555181393072,1.0217344561200608,0.7922333502201784,1.0030595471089725,0.8954678002334234,1.0,1.0,-0.7041966915130615,-0.4003224670886993,-0.6931366920471191,-0.3221986889839172,-0.6764891147613525,-0.3656986355781555,-0.6704598069190979,-0.4082593321800232,-0.7309222221374512,-0.4128537178039551,-0.7154510617256165,-0.3626812100410461,-0.6966103911399841,-0.3858581781387329,-0.6864458322525024,-0.4160080850124359
O,0.0,0.0,1.0443346861915146,1.351843663252918,0.9997566705200703,1.2749418669676025,0.9829131786312209,1.1891902474574036,0.9989987500172858,1.08833656795843,0.9987436982289515,0.9954919551013046,0.9654246850385155,0.8393117586627552,0.9612475137029665,0.9477044145601303,0.9700608580125321,1.0504139825804353,1.0381086751401252,0.9709704116361472,1.0129181670229301,0.7769219075275877,1.0010741480881051,0.8950843317059031,1.0,1.0,-0.7023348212242126,-0.4005290269851684,-0.6898790001869202,-0.3340052664279938,-0.6759182214736938,-0.3859205842018127,-0.6694925427436829,-0.4305054545402527,-0.7308219075202942,-0.4164506793022156,-0.7152009606361389,-0.3752652406692505,-0.6978849768638611,-0.4051294028759002,-0.6875125765800476,-0.4372476637363434
O,0.0,0.0,1.032077903363291,1.3177039937323896,0.9907156456500219,1.2452531887877527,0.9845343380898066,1.1717410542794364,1.0035975007370221,1.094167295936888,0.9919184912659585,0.9655754499129303,0.9606067834630936,0.825371312568171,0.9624635638731647,0.9385275069633127,0.9726779367068191,1.0403337587422905,1.0330521567500426,0.9424524563970198,1.0093169199227943,0.7686978093056358,1.0016714280247923,0.8941494513360406,1.0,1.0,-0.7083323001861572,-0.395996630191803,-0.6969931721687317,-0.3364265561103821,-0.6857338547706604,-0.3935331702232361,-0.6794698238372803,-0.4398454427719116,-0.7372583746910095,-0.4129961431026459,-0.7230158448219299,-0.3765015602111816,-0.7071706056594849,-0.4120611846446991,-0.6968448162078857,-0.4464958310127258
O,0.0,0.0,1.0234092435438886,1.2688281432510848,0.9819093564275493,1.2129428195263234,0.9736881611844872,1.1575183492008814,0.9968598628965278,1.0900809036415626,0.9841816585771913,0.9279043139228111,0.9591377204743665,0.8046807542507385,0.9624396678981437,0.929143043917715,0.9720851329230749,1.0327165904172195,1.0288600391573839,0.9084441756057602,1.0094280825824926,0.7566115611408903,1.0025928007609188,0.8921272798968979,1.0,1.0,-0.7167873382568359,-0.4075283110141754,-0.7081013917922974,-0.3573782444000244,-0.6971559524536133,-0.4209694266319275,-0.6893831491470337,-0.4690706431865692,-0.7463240623474121,-0.4278706908226013,-0.7343961596488953,-0.4012370705604553,-0.7185528874397278,-0.4421271085739136,-0.7061287760734558,-0.4775690138339996
O,0.0,0.0,1.0225265530878227,1.2472452360488178,0.9822113713938533,1.1937946532789476,0.9721622488400342,1.1476973658598644,0.9952757397743361,1.0933440014906917,0.9881737203848462,0.9056464561566314,0.9628450124170578,0.8011333531546747,0.9643259319804053,0.92849154181663,0.9725311837523601,1.0334554417697952,1.03389280275057,0.8902209129403668,1.0114206387602072,0.7557233463333357,1.003008101117638,0.8913583966408766,1.0,1.0,-0.7195107936859131,-0.4123665690422058,-0.7093989253044128,-0.3681801557540893,-0.6981583833694458,-0.4337928295135498,-0.6903377771377563,-0.4832221865653991,-0.748698890209198,-0.4348989129066467,-0.7357558608055115,-0.4117565155029297,-0.7199728488922119,-0.45436692237854,-0.707875669002533,-0.4904148578643799
O,0.0,0.0,1.0209779815328526,1.2554990353405096,0.9831622804247023,1.2013024226023477,0.982934233671906,1.1501172619545281,1.0071164683659184,1.090757432323025,0.9829682265564191,0.9223448448660323,0.9581219261421163,0.8202583520038776,0.9621663656378153,0.9446451873386722,0.9716315549612302,1.0478760558073772,1.02622519813123,0.8990281836144409,1.002987805030376,0.7646224228563446,0.9994402326576511,0.8947612322241778,1.0,1.0,-0.7148480415344238,-0.4120246171951294,-0.7060548663139343,-0.363485723733902,-0.6984376907348633,-0.4275144040584564,-0.6928847432136536,-0.4769667387008667,-0.7448723316192627,-0.4320127964019775,-0.7354507446289062,-0.4046270847320556,-0.7218631505966187,-0.4461944699287414,-0.710881769657135,-0.4835253357887268
O,0.0,0.0,1.0366934419291998,1.3475451821486657,0.9960304993419598,1.2699030512037484,0.9920173897780361,1.1818755695305792,1.012313156279964,1.0942606265723,0.9880319900397259,1.0104943840511214,0.954216009083735,0.8578889859050981,0.9588083902808104,0.9661071234811173,0.973088399068005,1.0694102616184238,1.02615589493379,0.9754315242887845,0.999302984320963,0.7797830236874893,0.995628570592734,0.8974759225406169,1.0,1.0,-0.7001602649688721,-0.3971821963787079,-0.687424898147583,-0.3281944990158081,-0.6796540021896362,-0.3815822601318359,-0.677808940410614,-0.4257314205169678,-0.7298097014427185,-0.4085953831672668,-0.7156050801277161,-0.3672545552253723,-0.7017871141433716,-0.3986157178878784,-0.6950496435165405,-0.4311325252056122
O,0.0,0.0,1.0560317439710207,1.4627526246643026,1.011098976403759,1.3522927046449158,0.9970902231629033,1.2159519652204007,1.0105954581740362,1.0682127618241255,1.0078271820080635,1.0942070412510472,0.9746172079946852,0.9010400695379815,0.9648995209805333,0.9700966954540736,0.975609020289515,1.0726832855900634,1.041838993157812,1.055342632690211,1.0178968928040417,0.812527163274027,0.999546824253271,0.8917530062347482,1.0,1.0,-0.6883487105369568,-0.3766452670097351,-0.679214358329773,-0.2969915866851806,-0.6639878153800964,-0.3242311775684356,-0.660782516002655,-0.3633038401603699,-0.715640127658844,-0.3831560015678406,-0.7027601599693298,-0.3283330202102661,-0.6853897571563721,-0.3424850106239319,-0.6764495968818665,-0.3716032803058624
O,0.0,0.0,1.064276325767388,1.495086279736988,1.016041531758626,1.3615906864019045,1.000310662639461,1.2064067499702529,1.0154455935598055,1.0501517428846225,1.0202276732148723,1.106822437413846,0.9899234918029349,0.9043252199036835,0.9723896698654702,0.9658692128829174,0.974366665221797,1.066759051199961,1.0517431004263056,1.0647350395261757,1.0274351592818314,0.8159127060664079,1.0038374922228561,0.8883102780084289,1.0,1.0,-0.6886345148086548,-0.3647604286670685,-0.6782140731811523,-0.2868090867996216,-0.6613872647285461,-0.3092018961906433,-0.6570772528648376,-0.3475471138954162,-0.7146533131599426,-0.3694435954093933,-0.7007849812507629,-0.3152549862861633,-0.682682454586029,-0.3236875236034393,-0.6727822422981262,-0.3496373295783996
O,0.0,0.0,1.0454309840360028,1.4131932112546544,1.0036519495167988,1.297244195261032,1.0094717233634356,1.1494827234529268,1.0338067328477238,1.0323671221001025,0.9864987401780276,1.0788414746850978,0.9490019076016437,0.8962784411995529,0.9579695747052623,0.9889267685808821,0.9772708503882536,1.0948590983371655,1.0186590956250994,1.011324968259788,0.9830110459886691,0.7936171753260579,0.9861084971994194,0.8944136588885272,1.0,1.0,-0.6917097568511963,-0.3664522171020508,-0.6745516061782837,-0.2828171849250793,-0.6708449721336365,-0.3211804926395416,-0.6756559014320374,-0.3635421991348266,-0.7200438976287842,-0.36536905169487,-0.7056475281715393,-0.3082421422004699,-0.695816159248352,-0.3301690518856048,-0.6951053142547607,-0.3643922209739685
O,0.0,0.0,1.0376605475734786,1.4340393373309492,0.9924800747589653,1.337792535588331,0.9852750896298892,1.2091302221739257,1.0062232345832098,1.0876799997365656,0.9884012184273661,1.0601111034276098,0.955380488988328,0.8604542266391376,0.9579427806381469,0.9391519390412965,0.9731090564376275,1.0433398862622292,1.023601009964867,1.0204335305797858,1.0002833113189746,0.7784282684790949,0.995045421462652,0.8831709919290308,1.0,1.0,-0.7042867541313171,-0.3662010133266449,-0.6931057572364807,-0.287872850894928,-0.6849774122238159,-0.3309788405895233,-0.6846989989280701,-0.3746441006660461,-0.7327979803085327,-0.3714407384395599,-0.719171404838562,-0.3163754045963287,-0.7071635723114014,-0.3437944650650024,-0.7028350234031677,-0.3792929649353027
P,0.0,0.0,1.0420748651505902,1.4579298560942644,0.9957937463523894,1.338298578534523,0.9781245801678404,1.1995752770241477,1.0018946271817901,1.0748324331877541,1.0073293969809614,1.0633704488622016,0.9804014869106644,0.8446916422985798,0.9666036151662277,0.9062337863950748,0.9717628934818842,1.0070529259587844,1.0415783640465393,1.0394936006831983,1.024290389598805,0.7772342915571238,1.0033215806013382,0.8804395068237728,1.0,1.0,-0.7086519002914429,-0.3722345530986786,-0.6998077630996704,-0.2906686663627624,-0.682925820350647,-0.3287226557731628,-0.6783922910690308,-0.3710972666740417,-0.7353905439376831,-0.381572276353836,-0.721200704574585,-0.3247377574443817,-0.7039896249771118,-0.3457766771316528,-0.6967672109603882,-0.3774361610412597
P,0.0,0.0,0.9972385970370367,0.6280525281603502,1.0585033244459918,0.7224405195107781,1.055706267237174,0.8159859005213502,1.0248052101953795,0.8729404236081039,1.032019791708631,0.6891218592469343,1.024872254880368,0.8173139363131647,1.014439969571123,0.8921439719356318,1.0001642300726583,0.9538169700833651,0.9432786527076498,0.6913580540827597,0.9586989302550022,0.8568404397730809,0.9836764570530275,0.9398539851033031,1.0,1.0,-0.351732850074768,-0.5301389694213867,-0.3675712645053863,-0.6428354978561401,-0.3786372244358063,-0.6227915287017822,-0.3794351518154144,-0.5857724547386169,-0.3285540044307709,-0.5475563406944275,-0.3504158854484558,-0.6310889720916748,-0.3605135679244995,-0.6136969327926636,-0.3574471473693847,-0.5824663043022156
P,0.0,0.0,0.9922500640538917,0.6103446732263147,1.051776384061286,0.7090682990998405,1.0390444300022579,0.8078081782406998,1.0008327737148566,0.8716365046367197,1.0336367752404505,0.6634289692651103,1.0308795330559029,0.7798043029031827,1.0193769603708223,0.8509526509350556,1.001021791192502,0.9130058412458428,0.9449483123115675,0.6719643784238536,0.9638989048246911,0.8385315083745832,0.987659023292218,0.929285486196903,1.0,1.0,-0.3541106879711151,-0.5307446718215942,-0.3706076443195343,-0.6452696323394775,-0.3798075914382934,-0.6184679269790649,-0.3789002895355224,-0.5779536366462708,-0.3298826515674591,-0.5503009557723999,-0.352877527475357,-0.6344555020332336,-0.3616799712181091,-0.6121487617492676,-0.3574918806552887,-0.5775372982025146
P,0.0,0.0,1.0282272342838112,0.8030440802556689,1.0878078089498038,0.9338551096138976,1.0744877342721537,1.06010531654961,1.0343311807258442,1.1298091961213639,1.0569856598720209,0.8761868551181557,1.0396876866762057,1.0456184947445448,1.0276808014107355,1.148874025673451,1.0088304518091404,1.227225580874137,0.9566216655578803,0.878985622493129,0.9766210936217885,1.0866049852490935,0.9992585203198406,1.0644217819615513,1.0,1.0,-0.3472926020622253,-0.5254270434379578,-0.3630241453647613,-0.6351361274719238,-0.3742355406284332,-0.6177321076393127,-0.3739427924156189,-0.5814710259437561,-0.3268301486968994,-0.5411108732223511,-0.3484902083873749,-0.6248104572296143,-0.3594131469726562,-0.607339084148407,-0.3557222485542297,-0.5763247609138489
P,0.0,0.0,0.940746095049023,0.7083863035666018,1.0243609100635818,0.824293201125436,1.0154879887961459,0.9410491190070621,0.9675561270253037,1.0053860024344539,0.9493907423765433,0.7617028841566396,0.9501422606349086,0.8994868962164378,0.9334902396933742,0.9865037469183842,0.9105244326625227,1.0521633442357683,0.8558022279909463,0.7968990644948871,0.9218104023925233,0.9801324437236623,0.9716928839848441,1.0069909823620007,1.0,1.0,-0.3297893106937408,-0.5544306635856628,-0.3676831424236297,-0.6465622186660767,-0.3782110810279846,-0.621211051940918,-0.375939667224884,-0.5869195461273193,-0.3154705464839935,-0.5855727791786194,-0.3538636565208435,-0.6505334973335266,-0.3633222579956054,-0.6251505017280579,-0.3572730422019958,-0.5942679047584534
P,0.0,0.0,0.9575492151622956,0.6559403410248505,1.0291232077702301,0.7581135203800995,1.0046458894614794,0.8545793219043069,0.943758950902331,0.9027337064567648,0.9364761816284038,0.7053674665841445,0.9190489045789636,0.8240920773927567,0.8862076591124786,0.8927113525701886,0.8506807877340532,0.9426822932325064,0.8396023076068323,0.7347968670086324,0.8992136867972026,0.8960202329560452,0.9626876661074345,0.9620414436910895,1.0,1.0,-0.3189407885074615,-0.5816684365272522,-0.356919914484024,-0.6639333963394165,-0.371610164642334,-0.6428881883621216,-0.3713392317295074,-0.6146895289421082,-0.3058042824268341,-0.6136531829833984,-0.3441644310951233,-0.6682513952255249,-0.3547025024890899,-0.6449669599533081,-0.3498451113700866,-0.6215547919273376
P,0.0,0.0,1.0198549446783272,0.8111626661448221,1.078420552268772,0.950340276573778,1.0563186963433249,1.0824084230587374,1.014872712755097,1.1453470485363082,1.0411839287624085,0.8932787914264151,1.0787034955227364,1.0873034810042683,1.0983491001720902,1.2014783305782002,1.1081624077567014,1.2932052830653635,0.9401720477283111,0.8971459911526756,0.9799774161910687,1.1157153971406506,1.0017303214296132,1.0722303569694949,1.0,1.0,-0.3379543125629425,-0.5697871446609497,-0.3617958724498749,-0.6870426535606384,-0.3709093332290649,-0.6574615240097046,-0.3676708936691284,-0.6183038353919983,-0.3158538341522217,-0.5833005905151367,-0.3426770269870758,-0.6670054197311401,-0.3514652848243713,-0.6434090733528137,-0.3460104763507843,-0.6134435534477234
P,0.0,0.0,1.0259016990161336,0.6235477104905057,1.068547860438725,0.727875963790324,1.0399382732098696,0.8256440251183202,0.9975836164007286,0.8849674236809368,1.0431327416574776,0.6886897594883696,1.0440206377925179,0.8185491577974522,1.0332652493159737,0.8982600322348196,1.0187195361620192,0.9639652715918569,0.9493197206082752,0.6908149219274906,0.9632549717136527,0.8558206207695014,0.986773245810577,0.9396533134479587,1.0,1.0,-0.3388972580432892,-0.5541714429855347,-0.3549590408802032,-0.6645712852478027,-0.3669702410697937,-0.6450386047363281,-0.3684914708137512,-0.6093406081199646,-0.3165240883827209,-0.5688204765319824,-0.3377949893474579,-0.6466367244720459,-0.3479762971401214,-0.6281434893608093,-0.3452441096305847,-0.5999099612236023
P,0.0,0.0,0.9800395009485281,0.6283277135706374,1.0329915604959041,0.7236370393118478,1.0315990333476297,0.8187038676221476,1.0250698368653344,0.8823756337174249,1.0425275002715897,0.6975694049954151,1.0675355651406062,0.8351370062512847,1.0764909861888858,0.9172087546289786,1.080495191930079,0.9844717693573595,0.9634725276120824,0.702606203760685,0.9783341107172274,0.8616359070175462,0.9906647674481043,0.9407793769886809,1.0,1.0,-0.3838165402412414,-0.533445417881012,-0.3962458968162536,-0.6366731524467468,-0.401181548833847,-0.6151326298713684,-0.4002479612827301,-0.5804420113563538,-0.3567397594451904,-0.548976480960846,-0.3764516413211822,-0.6271952986717224,-0.3813174962997436,-0.6073474884033203,-0.3777834177017212,-0.5794013142585754
P,0.0,0.0,1.012936980694759,0.634440897092052,1.0672623265287562,0.7240917847583985,1.0612244830024495,0.8063680298683739,1.0506040806158066,0.8562566908273712,1.0802519022592498,0.6943392041692292,1.097367724983088,0.8070901876845,1.1019695243058636,0.8759649562128685,1.1001969384496273,0.9367536388763972,1.0048650408054256,0.6855452720092059,1.0006412599799912,0.8528957028395588,1.0008065015985894,0.934210014758469,1.0,1.0,-0.4182736575603485,-0.5349013209342957,-0.421863853931427,-0.6555967926979065,-0.4259178638458252,-0.6314854025840759,-0.4271056652069092,-0.5974868535995483,-0.3895870447158813,-0.5439671277999878,-0.4012026786804199,-0.6398709416389465,-0.4063156545162201,-0.6203615069389343,-0.4062423408031463,-0.5889615416526794
P,0.0,0.0,0.9982691148779951,0.6410009866311781,1.0548463249580005,0.7245130996570982,1.0522284256647203,0.805268876900153,1.046972915652132,0.8472303284667286,1.0774774570145689,0.6756166751080487,1.0953237383071919,0.7772032466351345,1.101143700016115,0.8421736905701699,1.103658930193029,0.9026259026511656,1.0044336349246785,0.6652806264464926,1.0026176382147896,0.8407409777753825,0.9981830242457719,0.9281635584620312,1.0,1.0,-0.4262701570987701,-0.5208489894866943,-0.4330023527145386,-0.6471590995788574,-0.43549445271492,-0.6255812048912048,-0.4372153580188751,-0.5889108180999756,-0.3984361886978149,-0.5296341180801392,-0.4115698337554931,-0.6336494088172913,-0.4163738787174225,-0.621522843837738,-0.4160573184490204,-0.5898330807685852
P,0.0,0.0,0.9980781246013265,0.6357031405030568,1.0549786818117286,0.7169653975925739,1.0515388545816275,0.7986928690884697,1.0485024275322257,0.843242604065012,1.0819364255446653,0.6783823526302547,1.0969034489210714,0.7862556137583253,1.0989810318173223,0.8518417839103622,1.0979502220140307,0.9096587753134477,1.007402255926862,0.6711535958106087,1.0060733120620315,0.8424915859695986,1.0004238122560118,0.9294526251503018,1.0,1.0,-0.4263561367988586,-0.5328181982040405,-0.432001918554306,-0.6553505063056946,-0.4343473017215729,-0.6333460211753845,-0.4361275136470794,-0.597145140171051,-0.397766500711441,-0.5405082702636719,-0.4112468659877777,-0.6415082812309265,-0.41582190990448,-0.6287369728088379,-0.4155079126358032,-0.5970320701599121
P,0.0,0.0,0.9970125302579202,0.6369232078519182,1.0495949548968158,0.7224596907456141,1.044689768117313,0.8055540268957913,1.0426755502396132,0.8496835523927836,1.078583545618826,0.6846585159530432,1.0955564405282332,0.7956763537585333,1.0986159424229536,0.8649820034143744,1.0969745776223645,0.9271808135858057,1.0031403663276577,0.682805254058742,1.002622729277982,0.8494233544528956,1.0008108033312222,0.9321123201055648,1.0,1.0,-0.4241213202476501,-0.5449278354644775,-0.4308049082756042,-0.6631879806518555,-0.4334508180618286,-0.6386396884918213,-0.4344300627708435,-0.6029700040817261,-0.3945957124233246,-0.5539905428886414,-0.4092811048030853,-0.6503313183784485,-0.4131098687648773,-0.6340935230255127,-0.4118763208389282,-0.6016606092453003
P,0.0,0.0,0.9831003178909202,0.6339089937514846,1.0397813326818515,0.7204408820659488,1.0352589376535837,0.8062394307491669,1.0263091046534372,0.8560905293778014,1.0620832625992394,0.6877941017129015,1.0786880952221012,0.8061340211941869,1.0826794872605914,0.878391478863611,1.081699786092274,0.9424540793120506,0.9844274340588135,0.6924646429038167,0.9907092737761284,0.8534905276272634,0.9965184151797724,0.9333499986569148,1.0,1.0,-0.4176774621009826,-0.5539917945861816,-0.4308891594409942,-0.6664024591445923,-0.4363686442375183,-0.6412519216537476,-0.4366018772125244,-0.607848584651947,-0.3905509412288666,-0.5664629936218262,-0.4112908840179443,-0.6555982828140259,-0.4177975356578827,-0.6367587447166443,-0.4168176352977752,-0.6062528491020203
P,0.0,0.0,0.9869329356712102,0.6446197455214081,1.0408696368468326,0.7339815338553981,1.0407982331878622,0.8222316186402153,1.0398863435503964,0.8726078515043717,1.0692455158339884,0.6974036158658687,1.088321847189289,0.811584412510332,1.0928193689305672,0.8838475803178587,1.0908973122559253,0.9473048557386241,0.99499771930222,0.6987362587858814,0.9982998788799206,0.8636165863397323,0.9993671688442726,0.939649736841484,1.0,1.0,-0.4243056178092956,-0.5516725778579712,-0.4328260719776153,-0.6660496592521667,-0.4358079731464386,-0.6405282020568848,-0.4364685118198395,-0.6062061190605164,-0.3950297832489013,-0.5602176785469055,-0.4107315242290497,-0.6525925993919373,-0.414212018251419,-0.6340656876564026,-0.4127035140991211,-0.6030119061470032
P,0.0,0.0,1.0116528603371755,0.6295325302494782,1.0758073095276661,0.7159425385566152,1.0711296274460282,0.7975876353491991,1.0547402637938512,0.8531318401046695,1.0816265995465393,0.6831053810623607,1.0879081632583671,0.7922332015048421,1.0835426077213988,0.8515038710996515,1.0784264524458547,0.9041099925744189,1.001326979824113,0.6830565027149668,0.9997373784933521,0.8420229991535754,1.0019491248692503,0.926771289120589,1.0,1.0,-0.406290739774704,-0.5632323026657104,-0.413660854101181,-0.6831724047660828,-0.4231188893318176,-0.6576080322265625,-0.4259961247444153,-0.6205015778541565,-0.3781861364841461,-0.57393479347229,-0.3956451714038849,-0.6659198999404907,-0.4054414331912994,-0.6465988755226135,-0.406669020652771,-0.6108214259147644
P,0.0,0.0,0.9372827069291032,0.6460450000315653,1.0082443455383068,0.7338314046949618,1.0368509263302017,0.8184386838772031,1.0619939865348074,0.85121757313531,1.0462097806075095,0.693720117009609,1.09820582079329,0.7884104932160483,1.1360149676917728,0.8449045896485408,1.1668122808199728,0.8942682336817566,0.9799785410496052,0.6893820437196292,0.9989679070945515,0.8565201090895943,0.998663103407718,0.9393019109618169,1.0,1.0,-0.4199344217777252,-0.578433096408844,-0.4290058016777038,-0.7106171250343323,-0.4225873649120331,-0.692539632320404,-0.4181134104728699,-0.6559584736824036,-0.3876621127128601,-0.5914644598960876,-0.4012981057167053,-0.6980798840522766,-0.401331752538681,-0.6848849058151245,-0.399056077003479,-0.6529576182365417
P,0.0,0.0,0.9509008133566725,0.6524414019809704,1.0252904514958283,0.7408709404207359,1.0506965411466858,0.8261065160146256,1.0645550164428537,0.873004961125206,1.0656180610137864,0.7034218503258658,1.1081607676012193,0.8082774311860076,1.1365547556502815,0.8705085354365981,1.159189661857112,0.9261246598757065,0.9979048045456091,0.7012421746375139,1.0071094836208687,0.8704660633040922,1.001381754607964,0.9449881348505559,1.0,1.0,-0.4193602204322815,-0.5762786269187927,-0.425843209028244,-0.703690767288208,-0.4212112724781036,-0.6787959933280945,-0.4186497926712036,-0.6414533257484436,-0.3869572281837463,-0.5858262181282043,-0.4002187252044678,-0.6883998513221741,-0.3997224569320678,-0.672276496887207,-0.3970830142498016,-0.6400594115257263
P,0.0,0.0,0.9842084572396459,0.6446540454475124,1.0449991882939609,0.726803536375194,1.0427964531993392,0.81003677128574,1.0324640682706683,0.864217481797964,1.0710155145054723,0.7001415377199807,1.0852260736951183,0.8025080341373294,1.087378729239766,0.8659334038288627,1.0840128270420668,0.92281609437179,0.9937897184736366,0.7022190404954747,0.9926249516071571,0.8577376924574299,0.9963276387784319,0.9356030469470278,1.0,1.0,-0.3932649493217468,-0.5926014184951782,-0.3976373672485351,-0.7160758376121521,-0.4040354192256927,-0.6917389035224915,-0.4080479741096496,-0.6541907787322998,-0.3643389940261841,-0.6028937697410583,-0.3757833838462829,-0.7001487016677856,-0.3824241459369659,-0.6834163069725037,-0.3845934867858886,-0.6500115394592285
P,0.0,0.0,0.9743483985360842,0.6578350703838819,1.02578050752743,0.7476486852010066,1.0064831005772639,0.8427996650301494,0.9659932688187164,0.9052582788278313,1.022254630516649,0.7078772943635749,1.0236894509074161,0.8184941031055261,1.0126274348913313,0.8883184555829837,0.9958595626262398,0.9455100423932989,0.9359705671069948,0.7197574361119793,0.9601460954191172,0.8595500624011864,0.9851689624944707,0.9396268345560768,1.0,1.0,-0.3647419512271881,-0.6249862313270569,-0.3817096948623657,-0.7304961681365967,-0.3924873471260071,-0.7081499099731445,-0.3933507204055786,-0.6699745059013367,-0.3411955237388611,-0.6471140384674072,-0.3657664060592651,-0.7243137359619141,-0.3763922154903412,-0.7052480578422546,-0.3740941286087036,-0.6737594604492188
P,0.0,0.0,0.9921860909725863,0.6192359215874613,0.9469131613310395,0.6724652247055348,0.9373755324734538,0.7515864225594563,0.9596610126226851,0.8056800659418638,0.959076375584846,0.6218369018116475,0.9522325485800195,0.7044180913823643,0.9606679755424199,0.7391587825577834,0.9907790715432191,0.7538796830797333,1.0222748295798878,0.6153004550366337,1.0149982021662907,0.8116271775452305,0.9963790704869643,0.9261519927582667,1.0,1.0,-0.7355350255966187,-0.5599883198738098,-0.7159545421600342,-0.7116600275039673,-0.7089628577232361,-0.6851280331611633,-0.7104578018188477,-0.6396700143814087,-0.7681641578674316,-0.5828366279602051,-0.7454341053962708,-0.711281418800354,-0.7404999732971191,-0.6866961717605591,-0.7432774901390076,-0.6413043141365051
P,0.0,0.0,0.9655286822211839,0.8465153916499769,0.9139343418348725,0.9983194777427158,0.9376381103661593,1.1899897209649137,0.9972922024804479,1.2812703732049966,0.9414096949926649,0.8769644611611185,0.9598263040245858,1.1158342251780042,0.9689669735154733,1.1272149649458918,0.9811723439849918,1.105745199132276,1.0098482632177657,0.8647693003349356,1.0097973150492723,1.1482064721117056,1.0013319306906086,1.092313482266805,1.0,1.0,-0.7180996537208557,-0.5412934422492981,-0.6996746063232422,-0.7156789302825928,-0.6891905069351196,-0.7145613431930542,-0.6827998161315918,-0.6900286674499512,-0.7522708177566528,-0.5617095828056335,-0.7295616865158081,-0.6870628595352173,-0.7212313413619995,-0.6689654588699341,-0.7236648797988892,-0.6317127346992493
P,0.0,0.0,0.99865663867484,0.5996958221113622,0.9629112900588997,0.6887929416387245,0.9514453497299736,0.7662499126682646,0.9351690491434577,0.8235719661742035,0.9432528563410377,0.6450289476048592,0.9116492667621958,0.7344288627673387,0.882030105893862,0.7980981286408609,0.8584785328016284,0.8506759048645539,0.9998535453571478,0.630422428308771,0.995344245849614,0.8123227490805448,0.9957664011312058,0.9239561436960652,1.0,1.0,-0.6999012231826782,-0.5495654344558716,-0.6959244012832642,-0.7166748046875,-0.6943113207817078,-0.7132444977760315,-0.6963304281234741,-0.6738553643226624,-0.7375732660293579,-0.5586423873901367,-0.7264859676361084,-0.6897291541099548,-0.7198585271835327,-0.6880242824554443,-0.7151097059249878,-0.6521278619766235
P,0.0,0.0,1.0082113382116447,0.6031866593793206,0.9667286357616939,0.6867242147097848,0.9502101650225112,0.7768368747294971,0.930965723198695,0.8398797644769177,0.9478194292379307,0.6345811349491753,0.9259783252142647,0.7327672227533543,0.9079751769954565,0.8047518510787983,0.8951433984453899,0.8664883646069298,0.9982778529814434,0.6269220991424098,0.9947288931249073,0.8211020992447815,0.9942569112148888,0.9290440647466671,1.0,1.0,-0.7045367360115051,-0.533527672290802,-0.6998800039291382,-0.6862988471984863,-0.7017116546630859,-0.6680264472961426,-0.7059527635574341,-0.6273338198661804,-0.7402787804603577,-0.5501207113265991,-0.7303482294082642,-0.6742091774940491,-0.7264841794967651,-0.6620951890945435,-0.7246274352073669,-0.6229547262191772
P,0.0,0.0,0.986019087197133,0.6134731067794934,0.9435174013871426,0.6841886124622296,0.9299521298671098,0.7711200524745766,0.9293217971015579,0.8388682637329777,0.9248121159523178,0.6346993412945497,0.9206057333690617,0.7409287077653209,0.9149884190631402,0.8048007093472751,0.9165034841857772,0.8496906929972002,0.9784635710225035,0.6119300383189807,0.9821387572646877,0.8151586204443458,0.9886212621842547,0.92584642685753,1.0,1.0,-0.6953086853027344,-0.4854086935520172,-0.6889479160308838,-0.6361303925514221,-0.6851112246513367,-0.6410948634147644,-0.6886788010597229,-0.617277979850769,-0.7304995656013489,-0.4975989460945129,-0.7193543314933777,-0.6201945543289185,-0.7119410037994385,-0.6176656484603882,-0.7097797989845276,-0.5817577242851257
P,0.0,0.0,1.0119735172430853,0.6152555266850241,0.9705641750494263,0.691834173460666,0.9494161481374099,0.7725221729762296,0.9232688865257392,0.8333517220771446,0.9419869597914018,0.6352974002372771,0.9155337599310566,0.7324237637504123,0.8971847405931946,0.8053057231904395,0.8842928629353902,0.8646035937885682,0.9931625893543857,0.6195024101228459,0.9883661615199347,0.8132655689185314,0.992156740058803,0.925166365592224,1.0,1.0,-0.6912999153137207,-0.5079708099365234,-0.6853688955307007,-0.6578647494316101,-0.6895077228546143,-0.6455779671669006,-0.6956039071083069,-0.6088293790817261,-0.725764274597168,-0.5210488438606262,-0.7172061204910278,-0.6466776728630066,-0.7149543166160583,-0.6369827389717102,-0.7141543626785278,-0.5970589518547058
P,0.0,0.0,1.00879025875452,0.6198842437219408,0.9707813332444795,0.6951144788003797,0.9545399826090134,0.7734977164313739,0.93335085330126,0.8295556043160345,0.9381358825782371,0.6353044502405898,0.9101491669416477,0.7528912341758044,0.8920323915186158,0.8365655494415862,0.8801742573987827,0.9032397023044272,0.9892434920843065,0.6185572378728895,0.9861547468185494,0.8104300216054822,0.9913317361141715,0.9233595575658061,1.0,1.0,-0.6984943747520447,-0.5098457336425781,-0.6929910778999329,-0.6571086049079895,-0.6959481239318848,-0.6481634378433228,-0.7022459506988525,-0.6137056350708008,-0.7333393096923828,-0.5232662558555603,-0.7248969078063965,-0.645476222038269,-0.7229584455490112,-0.6378192901611328,-0.7230034470558167,-0.5984598994255066
P,0.0,0.0,0.9922903269977617,0.6137536687221667,0.9554942653424002,0.6923948213814923,0.9430608414146371,0.7795516580828903,0.934548765679754,0.8402278917155294,0.9284365276883111,0.6385402616374506,0.9089265794395578,0.7586952488322388,0.8958638252587784,0.843398903628389,0.8886853577840613,0.9103698111998361,0.9815204057692721,0.6219605771421925,0.9841378051212759,0.8116462983474889,0.9898085262483197,0.9240037176098521,1.0,1.0,-0.7003568410873413,-0.5215057730674744,-0.694286584854126,-0.6650035381317139,-0.6935562491416931,-0.6498061418533325,-0.6967042088508606,-0.6113992929458618,-0.734790027141571,-0.53354811668396,-0.726125180721283,-0.6551681756973267,-0.7213343977928162,-0.6459004282951355,-0.7186052203178406,-0.6062400341033936
P,0.0,0.0,0.9817732172736173,0.6224102593106925,0.9406970468807291,0.6933903923466296,0.9324749269558512,0.7790668363613187,0.9365553151917498,0.8477160843485393,0.92369381263018,0.6507208768922337,0.9214650005015832,0.7598357965949484,0.9178746608196394,0.8366416708702746,0.9183078224961647,0.8942994769917422,0.97710517273862,0.6275018883937069,0.9858620817416368,0.8223730656345649,0.9902583625457498,0.9299089408085109,1.0,1.0,-0.7085956335067749,-0.5199759602546692,-0.70657879114151,-0.6709468960762024,-0.7049755454063416,-0.6624503135681152,-0.7085880637168884,-0.6258665323257446,-0.7438539266586304,-0.5306110382080078,-0.7364822626113892,-0.6544089317321777,-0.7299127578735352,-0.6502876281738281,-0.7269832491874695,-0.6119563579559326
P,0.0,0.0,0.976631159799606,0.6260384450534316,0.9389028884141355,0.6946234026022432,0.9310876659487096,0.7823991878237097,0.9366538356217903,0.8458862017114364,0.9209282962778316,0.6473484282238636,0.9185615991104477,0.7490320799990242,0.9184181708642081,0.8197765437292202,0.9282299389901165,0.868313522967836,0.9756853724427753,0.6240267259100746,0.9871353341209504,0.8151437321134426,0.9897555872556355,0.9267655657903359,1.0,1.0,-0.7080532908439636,-0.5240538120269775,-0.7062026262283325,-0.6737481951713562,-0.7034816741943359,-0.6635270714759827,-0.7068176865577698,-0.6257210969924927,-0.7422654628753662,-0.5342329144477844,-0.7360032200813293,-0.6600229144096375,-0.7285113334655762,-0.6547681093215942,-0.7244798541069031,-0.6166054606437683
P,0.0,0.0,0.9774110931110279,0.630205389498209,0.9367981520237788,0.7016010519153707,0.9275444821347549,0.7839348979110944,0.9323327680223106,0.8478101893752727,0.9240197898711613,0.6483918133865183,0.9199918070191714,0.7467611250328403,0.9205697141244877,0.8188075346403492,0.9310105284341729,0.871100737803337,0.9782072644371833,0.6272845110907136,0.986107626340381,0.817597985919627,0.9899573149887827,0.9277502408049707,1.0,1.0,-0.7101114988327026,-0.5242217183113098,-0.7068554759025574,-0.6729488372802734,-0.7013147473335266,-0.6772692203521729,-0.7032865285873413,-0.6491364240646362,-0.7454847097396851,-0.5350228548049927,-0.737077534198761,-0.6602128744125366,-0.7272687554359436,-0.6644471287727356,-0.7227278351783752,-0.6307404637336731
P,0.0,0.0,0.9986070374658185,0.6373462111971869,0.955566439323747,0.7054258861371202,0.9423415956758239,0.7801797706726995,0.9343430913505913,0.8382335502612069,0.9231742678601882,0.6419937751131923,0.8978394122197019,0.7607608007102611,0.879819673893542,0.8431106120068708,0.8699670228925771,0.909154684904782,0.9755035318537978,0.6222088123584044,0.9737454393149583,0.8163111695368465,0.9871807675826343,0.9254162863496654,1.0,1.0,-0.6966919898986816,-0.5206987261772156,-0.6903272867202759,-0.6631404757499695,-0.6946325898170471,-0.6459964513778687,-0.6987076997756958,-0.6065317392349243,-0.7324705123901367,-0.5327621698379517,-0.7218982577323914,-0.6515828371047974,-0.7212810516357422,-0.6380743384361267,-0.7214949131011963,-0.5934731364250183
P,0.0,0.0,1.0048423575969812,0.6331256972673429,0.9659442516842118,0.7044689904884021,0.9488301830782595,0.779295813712192,0.929647179478926,0.8338668401945045,0.9314617335545419,0.6455658269912344,0.9070839050197983,0.7572046592766218,0.8889448020232448,0.8367846797101949,0.8796900755229674,0.8995787473448509,0.9829191037386842,0.6271968532326153,0.9834207125079857,0.8142780963232042,0.9900859396200739,0.9250110112195042,1.0,1.0,-0.6960097551345825,-0.5277917385101318,-0.6907826066017151,-0.6708870530128479,-0.692543625831604,-0.6614882946014404,-0.697465181350708,-0.6259273290634155,-0.730003297328949,-0.5423123836517334,-0.7215721011161804,-0.6662278771400452,-0.7181752920150757,-0.6605255603790283,-0.7160065770149231,-0.6204147934913635
P,0.0,0.0,0.9991016443369034,0.6369637122363031,0.9553493417106759,0.7133596311437179,0.9399575746032922,0.8002882120234771,0.9322558038764204,0.8684060180243377,0.9291861149357763,0.6491823348976928,0.9156580201319752,0.7726517601412373,0.9054080471635375,0.8546064125632487,0.9032088509289555,0.9179831358007754,0.9839903942905026,0.6302837316274342,0.9852846735850089,0.8193849314608473,0.9907450042392141,0.9270242937348794,1.0,1.0,-0.6943109631538391,-0.5258061289787292,-0.6861498951911926,-0.6707512140274048,-0.6870809197425842,-0.657067596912384,-0.6929609179496765,-0.6186840534210205,-0.7287912964820862,-0.5383796691894531,-0.717364490032196,-0.6592392325401306,-0.7127895355224609,-0.6521610021591187,-0.7114392518997192,-0.6113326549530029
P,0.0,0.0,0.9981935189979961,0.6411612393654461,0.9539617749013292,0.7145948015261078,0.9433418048165616,0.7991933190309313,0.9435612570833695,0.8614134030304454,0.9217562831955075,0.6491461396441771,0.907644921405249,0.7766440417565637,0.8981248943522819,0.8582410247091944,0.8933857980683374,0.924531666098998,0.97614290159519,0.6311863966355002,0.9780460131065296,0.8197525090098543,0.987419083122172,0.926081282091597,1.0,1.0,-0.6925747394561768,-0.5232247114181519,-0.6861804723739624,-0.6614118814468384,-0.6861534118652344,-0.6472341418266296,-0.6894038319587708,-0.6109302639961243,-0.7274338006973267,-0.5359861850738525,-0.7158695459365845,-0.6554250121116638,-0.7125815749168396,-0.6456705927848816,-0.7114866971969604,-0.6034300327301025
P,0.0,0.0,0.9886161986375247,0.6576042247535461,0.946078076566435,0.7222756026998428,0.9330178907591661,0.8018556927247968,0.9282432679301243,0.866413118731639,0.9220650860967641,0.6501627248304637,0.9146986215832099,0.7651023208065577,0.9058515994791094,0.8396262317948994,0.9043785907695658,0.8998279179622004,0.9806716674598912,0.6275638638531446,0.9801563897236817,0.8212362879659009,0.9874780938134078,0.9260790846912728,1.0,1.0,-0.7017674446105957,-0.5143104195594788,-0.6953251361846924,-0.6518669724464417,-0.6940028071403503,-0.6366452574729919,-0.6963679194450378,-0.6013430953025818,-0.7371923327445984,-0.5261101126670837,-0.7255915999412537,-0.6408612728118896,-0.7209991812705994,-0.629862904548645,-0.7185542583465576,-0.5885977149009705
P,0.0,0.0,1.0100010332531588,0.6702689430840374,0.9603803228947377,0.7276892325419906,0.9429195947754362,0.7844677563222933,0.9322056436341112,0.8287809552790275,0.9245745734169235,0.6446605456161996,0.9000658442138225,0.7571935803241854,0.8834827114956245,0.8328882556159904,0.8703185125655462,0.895958895268889,0.9779359817061501,0.6212371800095039,0.9694800057476382,0.8122512346778444,0.9847607215196984,0.9226861282709319,1.0,1.0,-0.6952986717224121,-0.5171552896499634,-0.6899265050888062,-0.6566319465637207,-0.695633053779602,-0.6533021330833435,-0.7002902030944824,-0.6253820657730103,-0.7330542802810669,-0.5315849781036377,-0.7208257913589478,-0.6488143801689148,-0.720557689666748,-0.6467187404632568,-0.7201662063598633,-0.6122130751609802
P,0.0,0.0,0.9884909522197293,0.6448942865186357,0.9496583125321493,0.7104948737959568,0.9428118416327652,0.7912408727910284,0.9442011217943796,0.8550181207838442,0.9256625006393672,0.6532979113881198,0.9272788383985983,0.7568308406119373,0.9245547613706242,0.8305750542554442,0.9291953168229939,0.8877455036580107,0.9819347956907135,0.6288877723017494,0.9871976539019296,0.8111058132614917,0.9906459814972624,0.9223166807427918,1.0,1.0,-0.7103208899497986,-0.5268353223800659,-0.70394366979599,-0.6672847270965576,-0.7048876881599426,-0.6563624143600464,-0.7116310000419617,-0.6187319159507751,-0.7455601692199707,-0.5376989245414734,-0.7363489270210266,-0.6577149033546448,-0.7313297986984253,-0.6505163311958313,-0.7303228974342346,-0.6086432933807373
P,0.0,0.0,0.962224112505736,0.694934779813339,0.9265827665000435,0.7652798678583765,0.933394836549594,0.8438822038549655,0.9625220335705849,0.9026338222569328,0.9169716651051687,0.6759905047642638,0.9150705930257266,0.779790431644107,0.9322809474527665,0.8422919015303004,0.9580186419700454,0.8791942916187013,0.9710370372110962,0.6572840840264833,0.9807974348241024,0.8573990482162377,0.9899488985648429,0.9491683574812091,1.0,1.0,-0.7310391664505005,-0.5161682367324829,-0.726935088634491,-0.6588252782821655,-0.7235082387924194,-0.6440885663032532,-0.7238892316818237,-0.6044228672981262,-0.7643699645996094,-0.5281785726547241,-0.7538397312164307,-0.6397625207901001,-0.7457879781723022,-0.6322057247161865,-0.7425786852836609,-0.5935750007629395
P,0.0,0.0,0.9751380668573751,0.6619893944524035,0.9417934975764329,0.7329781920366171,0.9387680047127005,0.8193062041370603,0.9403256200094735,0.8824764862784632,0.922358362869121,0.657112851255985,0.920789681648055,0.7590544206726711,0.9195367250794737,0.820514911276085,0.9303155405085881,0.8629953132075455,0.9787189307965624,0.6295157097408118,0.9826412822432289,0.8172887126215203,0.9890183669272029,0.9265389195777345,1.0,1.0,-0.7173542380332947,-0.5167673826217651,-0.7120228409767151,-0.6501270532608032,-0.7092003226280212,-0.6427247524261475,-0.7126282453536987,-0.6068471670150757,-0.7514166235923767,-0.5291415452957153,-0.741428554058075,-0.6413698792457581,-0.7346380949020386,-0.6334513425827026,-0.7330242991447449,-0.59049391746521
Q,0.0,0.0,1.0233357500567597,0.9564653526696969,1.0895055537256395,1.0074606266100714,1.1204973540118115,1.1029299680157636,1.1134845365623192,1.192072702985298,1.0977881757563985,0.7918708426705409,1.0887465535906324,0.9922381797677163,1.0727943277566216,1.1277243748717642,1.0688428328899882,1.2122669497660794,1.0210030147115117,0.7517906797774719,1.0091561994509546,0.9997640153617989,1.002586220233542,1.026799865515456,1.0,1.0,-0.4244288206100464,-0.4366869926452636,-0.4246602952480316,-0.5690181255340576,-0.4251413345336914,-0.56432044506073,-0.427163302898407,-0.5330143570899963,-0.392789214849472,-0.4471385478973388,-0.3963527083396911,-0.5410072207450867,-0.4020786583423614,-0.5444175601005554,-0.405640184879303,-0.5261324048042297
Q,0.0,0.0,1.0394279844202734,0.9585019688752628,1.0923636841663031,1.0120671733670132,1.1035680501760445,1.1055127680925474,1.079594027229286,1.1769086953853796,1.1131362467169548,0.8178253716421219,1.0914024871185366,1.041474994282111,1.0659591913070112,1.1707578584042018,1.054900715832613,1.2529802752975008,1.0318730501624922,0.7762114331746649,1.0041572365229128,1.0223714600998786,0.9978412537505997,1.0354244657053726,1.0,1.0,-0.418351411819458,-0.4469533562660217,-0.413308709859848,-0.5788801312446594,-0.4139014780521393,-0.5692973732948303,-0.4185218214988708,-0.534527063369751,-0.3880372047424316,-0.4561999142169952,-0.3879204094409942,-0.5538631081581116,-0.3930662274360657,-0.5503662824630737,-0.3972321152687073,-0.5236391425132751
Q,0.0,0.0,1.048952651506326,0.8907804887599017,1.0972666305055945,0.9295001760527862,1.108098677579994,1.0247231181109968,1.1104534825178092,1.123630398268869,1.0994314263734675,0.7372235516589957,1.0491131020642899,0.9313185434417083,1.005662993598461,1.0540007511188023,0.9801061477462399,1.1353391259652468,1.0145660869558564,0.7071285129686256,0.9813222197037595,0.9337245484964058,0.9928900303033865,0.9861663156708446,1.0,1.0,-0.4016660749912262,-0.4297279417514801,-0.3957672715187073,-0.5515804290771484,-0.4067863523960113,-0.5470907092094421,-0.4153099358081817,-0.5195505619049072,-0.3745473325252533,-0.4454179406166076,-0.3768136203289032,-0.539850652217865,-0.3902545571327209,-0.5434778928756714,-0.4004040658473968,-0.5220916867256165
Q,0.0,0.0,1.03363726933349,0.9705716490607398,1.0922530397497774,1.0236447795110566,1.1109138326071255,1.1146528091316406,1.0952909520128133,1.1813315568670837,1.1075890676586126,0.8239119187122541,1.0887784004538328,1.0507081582736701,1.0684462045975276,1.1836974557166193,1.06022175790649,1.2717339542728114,1.0246575708595624,0.7833811513704719,1.0017430994656509,1.0363467877656527,0.9989987885769422,1.0405365847882526,1.0,1.0,-0.4209112823009491,-0.4533582329750061,-0.4183806180953979,-0.590205729007721,-0.4195856153964996,-0.5786454677581787,-0.4229629933834076,-0.5442083477973938,-0.3898806273937225,-0.4643628895282745,-0.3921365737915039,-0.5666307210922241,-0.3983974754810333,-0.5618240833282471,-0.4021914303302765,-0.5350291728973389
Q,0.0,0.0,1.0258206420289822,0.9912840055188474,1.0851563469953627,1.0534237087404545,1.0979800188191422,1.1565220293847955,1.0817165170646492,1.2372629707382092,1.1178870067326354,0.8371529817696183,1.1001971626440024,1.0527096311820296,1.081071787186865,1.1886023077850927,1.073532899193434,1.2818515817592795,1.037907353296726,0.7934834380932471,1.0122504122132747,1.056593545514831,1.0005017212763039,1.0565470529859853,1.0,1.0,-0.4182432293891907,-0.4358263611793518,-0.413289874792099,-0.5673129558563232,-0.4129370450973511,-0.5552829504013062,-0.4168789684772491,-0.5196157097816467,-0.3864708840847015,-0.4445704817771911,-0.3868221640586853,-0.5440552234649658,-0.3934045732021332,-0.5380151867866516,-0.3989440202713012,-0.5098927617073059
Q,0.0,0.0,1.013441501181422,0.932178714519114,1.075398243176744,0.9997008158624817,1.1002156421124485,1.0938119229414915,1.102139063170353,1.1732165494986746,1.1382656408696439,0.7866448228682358,1.1514815093033748,0.9673343959471267,1.136367557880446,1.0951339758730574,1.1247967360160886,1.1810659210026269,1.0589479151899037,0.7565638068743961,1.0614864729484101,0.9839772488458332,1.022505093605918,1.0251095346923995,1.0,1.0,-0.4213544428348541,-0.4542560577392578,-0.4243600964546203,-0.5816521644592285,-0.4165294766426086,-0.5854799747467041,-0.4130517840385437,-0.5521606802940369,-0.3883362412452698,-0.4630199670791626,-0.3914873003959656,-0.5586515665054321,-0.3931113183498382,-0.5616874098777771,-0.3942782580852508,-0.5323356986045837
Q,0.0,0.0,0.9951380239681357,0.9154673274394348,1.0611951411149854,0.9765701804544484,1.0918231020547848,1.0706431568738624,1.0994488355909424,1.1520164669194652,1.1448022362331394,0.7961734253116267,1.1613931672024775,0.9798728716668413,1.1450292804576256,1.0975426164161213,1.1325637485916293,1.1790473948602087,1.0685568213864016,0.7574452272800142,1.0682957482503699,0.9775013144327074,1.0219580041648337,1.0142365801973816,1.0,1.0,-0.4235307276248932,-0.4474838972091675,-0.4213210344314575,-0.5795037150382996,-0.411283940076828,-0.5800946354866028,-0.4101609885692596,-0.5491173267364502,-0.3905684351921081,-0.4555837213993072,-0.3909364640712738,-0.5562183260917664,-0.3896713256835937,-0.5564725399017334,-0.3923981189727783,-0.5270841717720032
Q,0.0,0.0,1.0279400198886388,0.9317805391651253,1.0972713798982907,1.0049657170900985,1.1303530183955075,1.103053893917348,1.1205647367566711,1.1729859687963609,1.1544461307923117,0.7836514751086,1.1462963520212792,0.9575470755463238,1.1199155093097843,1.0884862305489413,1.105108306056739,1.1677143632121585,1.0747262839848424,0.7448022806467683,1.0602996745174376,0.9589127280845103,1.0211283235380586,1.0161862814734506,1.0,1.0,-0.4179084300994873,-0.4378804564476013,-0.4144780337810516,-0.5648157596588135,-0.4057684242725372,-0.5781159996986389,-0.4029206931591034,-0.5489398241043091,-0.3863681256771087,-0.4436878859996795,-0.3866286873817444,-0.5439353585243225,-0.3865039944648742,-0.5565124154090881,-0.3868305385112762,-0.5317713618278503
Q,0.0,0.0,1.033325751417455,0.9443277677867592,1.0995022423699665,1.0218857773026708,1.1289230112188446,1.1215763488259287,1.1226310389054546,1.1824773639828532,1.1566694856812216,0.8002160006433408,1.1411837716511575,0.9768983291067141,1.1094788411641647,1.1075178160834172,1.0910604666904753,1.17969891036716,1.0778969777413367,0.7584536054487276,1.0538898104518664,0.9742159668372169,1.0163295720355272,1.025873977940992,1.0,1.0,-0.4171177744865417,-0.4352157115936279,-0.4101771414279938,-0.5590211153030396,-0.4038081467151642,-0.5688756704330444,-0.4038615524768829,-0.5356324315071106,-0.3857160210609436,-0.439074158668518,-0.3827899694442749,-0.5374017953872681,-0.384467214345932,-0.5488753914833069,-0.3872971832752228,-0.5220769643783569
Q,0.0,0.0,1.0200064760547431,0.9261485496818676,1.0757320874039369,1.0051811137046973,1.0887520568778657,1.1213039378274776,1.072083213548622,1.2143038656131657,1.116025764129743,0.8112501055318477,1.083373982194058,1.0107335100303152,1.0557428835592932,1.1384320988616035,1.0419967985651366,1.2226471450819212,1.0365488158056697,0.7685869217144226,0.9977972811902833,1.0183321188837058,0.9950173428691407,1.0362675853955292,1.0,1.0,-0.4165176153182983,-0.4316360652446747,-0.4051430225372314,-0.5634922385215759,-0.4095466136932373,-0.5540540814399719,-0.4147952795028686,-0.5194060206413269,-0.3853947222232818,-0.4371505379676819,-0.3790540695190429,-0.5385698676109314,-0.3881044685840606,-0.5327258110046387,-0.3950539827346802,-0.5019574165344238
Q,0.0,0.0,1.005650528611242,0.9809306205777872,1.0688730675103506,1.059571772369224,1.0864978052615826,1.1749516650515828,1.0755471748603522,1.249050517793458,1.1163904596921204,0.8346864819838474,1.103539144684309,1.0383656334415037,1.0825353505175443,1.1720785820034625,1.0709154464403077,1.2563617110503813,1.0338747773993262,0.7974382921473905,1.012818349955061,1.04814945674977,1.0006612401757564,1.0538636451275833,1.0,1.0,-0.4077825546264648,-0.4540338814258575,-0.4038722515106201,-0.5897250175476074,-0.40333953499794,-0.5773147344589233,-0.4051937460899353,-0.5366008877754211,-0.3750203847885132,-0.4629659056663513,-0.375389039516449,-0.5726263523101807,-0.3804954290390014,-0.5661784410476685,-0.3834945559501648,-0.5302876234054565
Q,0.0,0.0,0.9845670305785137,0.85301610988717,1.0666562326191786,0.9732392232585283,1.0987007344538469,1.1165687138716434,1.1313762117581938,1.2097789774791559,1.0851224969617723,0.8160957196007002,1.0976090255755035,1.0306019497444774,1.0974933756241099,1.1447502562399545,1.0925596220492932,1.2365659162250422,1.0029910343625001,0.8017417459930991,1.0295171337902627,1.0602702957023844,1.0067777537219953,1.0468805185478063,1.0,1.0,-0.4123603403568268,-0.4617759883403778,-0.4271667301654815,-0.5957325100898743,-0.4219261407852173,-0.5750622749328613,-0.4208040535449981,-0.5404716730117798,-0.3807131052017212,-0.4781164526939392,-0.3993570804595947,-0.5868121981620789,-0.4001721143722534,-0.5740177631378174,-0.3973332047462463,-0.5417728424072266
Q,0.0,0.0,0.9770987452471429,0.8444300036111674,1.024878631937451,0.9235540576218019,1.0553701682553338,1.0299007247257934,1.0796795741639915,1.0838172768733916,1.0274060204774311,0.8288745252588047,1.0434222484830464,1.0602889084941842,1.0447322452602534,1.0683693135577594,1.0467958456904956,1.0111944030466298,0.9958494224429881,0.8075552051681448,1.0107024343534496,1.0865358482537195,1.0019737700978895,1.0651965140744357,1.0,1.0,-0.4142598509788513,-0.4500828385353088,-0.4194315075874328,-0.5963408350944519,-0.4169623255729675,-0.5726355910301208,-0.4193623960018158,-0.5341150760650635,-0.3994534015655517,-0.4654489457607269,-0.4045900404453277,-0.5744877457618713,-0.4074220359325409,-0.5597565174102783,-0.4105408191680908,-0.5301973819732666
Q,0.0,0.0,1.0038466328135611,0.9250863166108131,1.0792898011159897,0.9803487430272427,1.1062971625271412,1.0763275148321878,1.1035698670074936,1.1481568124962367,1.1061262760693111,0.7932542413912275,1.1163102410924832,0.992951875499527,1.1049747727230774,1.1187055477702437,1.1004656707634415,1.1997722280738075,1.0183447748968688,0.7728888515890421,1.0293381259603323,1.0072763913140663,1.007869042426954,1.0324280124414693,1.0,1.0,-0.4040327072143554,-0.4531753957271576,-0.4127359092235565,-0.5812995433807373,-0.4095923006534576,-0.5729737877845764,-0.4084432125091553,-0.5357409715652466,-0.3735982775688171,-0.4665570259094238,-0.3840839862823486,-0.5660887360572815,-0.3868750929832458,-0.5586897730827332,-0.3868888914585113,-0.5232002139091492
Q,0.0,0.0,1.0233508396455884,0.91193999664353,1.0855459357216075,0.9833204135875973,1.1087566692162647,1.089861698271377,1.1053219815350668,1.173558597962717,1.1295286930649193,0.7799515770798587,1.1204188019115378,0.9656211815799056,1.097662961227675,1.0934930586847433,1.08574350348161,1.1716315989317492,1.0490426485488682,0.7457136873692015,1.0290213126221102,0.9792694944209444,1.0108539831643049,1.0222104875549345,1.0,1.0,-0.4134547114372253,-0.4319234490394592,-0.4093936085700989,-0.5585352182388306,-0.4084475040435791,-0.5643144249916077,-0.4079955220222473,-0.5340904593467712,-0.3823262155056,-0.4377925395965576,-0.3814258575439453,-0.5346113443374634,-0.3863600492477417,-0.5402170419692993,-0.3884785175323486,-0.5137519836425781
Q,0.0,0.0,1.023217467938782,0.9442229828377285,1.0826408481602718,1.0199701574716211,1.1040494690181142,1.1264055866348552,1.1047667378710535,1.2077658198482244,1.1421785715335375,0.7903510201832588,1.1364148089636634,0.9785730938445036,1.1124295484537152,1.1114876619366252,1.0972327557721249,1.1962537587539022,1.0624824444074652,0.7544455411426362,1.0432359867709031,0.9951497020860758,1.0146678331440908,1.0324607938513288,1.0,1.0,-0.416607916355133,-0.4288704991340637,-0.4129790663719177,-0.557603120803833,-0.4088784456253052,-0.5654221773147583,-0.4074791669845581,-0.5368094444274902,-0.385028064250946,-0.434550404548645,-0.3854028582572937,-0.5313740372657776,-0.3885821104049682,-0.538504958152771,-0.389909029006958,-0.5135040879249573
Q,0.0,0.0,1.0227337555927805,0.9274088933604928,1.0782255690722373,0.9993803552725983,1.1002944974959203,1.1031723418467907,1.0999808878821817,1.1876382371617777,1.139216616071029,0.7813767947121449,1.139341275542323,0.9654110210376137,1.116916647424987,1.0981958040227942,1.098935289058351,1.1867668585424587,1.0585493321298791,0.7467857025045562,1.0444647027757532,0.9805978319135075,1.0160197225290268,1.0244858113624555,1.0,1.0,-0.4147595167160034,-0.4303622245788574,-0.4124049544334411,-0.5567856431007385,-0.4093886613845825,-0.5648477673530579,-0.4085128605365753,-0.5364114046096802,-0.3838471174240112,-0.4366176724433899,-0.3846246302127838,-0.5308395624160767,-0.3889572620391845,-0.5372521877288818,-0.3914494812488556,-0.511957049369812
Q,0.0,0.0,1.0281142579318052,0.9149026038279364,1.0929596837758377,0.9855473956106073,1.1144685742729683,1.0915309633836794,1.1018867349886923,1.1757415677773988,1.128266517225586,0.7866951563634984,1.1037813458145027,0.9728402504568657,1.0797235229756361,1.1025247913829552,1.0674249519887453,1.1831580439524416,1.0483059611818388,0.7491641256050721,1.0180637802240418,0.9871130858345006,1.0063921754832976,1.0245376974587461,1.0,1.0,-0.4176290035247803,-0.430259495973587,-0.4100676774978637,-0.5606366395950317,-0.4114675521850586,-0.5631141066551208,-0.4129858314990997,-0.5328352451324463,-0.3867102861404419,-0.4358134269714355,-0.3840118050575256,-0.5357630252838135,-0.3899691104888916,-0.5400297045707703,-0.3932269513607025,-0.5145356059074402
Q,0.0,0.0,1.0278804306750202,0.9427891207979098,1.0856982909790691,1.018604052815307,1.0988129149302461,1.1318087562264092,1.0783608323790048,1.2151741187124503,1.1352918270713197,0.8036457678161568,1.1129444347035322,0.9912622992738545,1.0872944689637563,1.1229160058838583,1.0729963414888437,1.2095553656514613,1.0555661970500114,0.7640379841986695,1.025850726288347,1.0107045494704918,1.0067774350408347,1.036308860103315,1.0,1.0,-0.4180078506469726,-0.4280117154121399,-0.4114364981651306,-0.5577806830406189,-0.4109581410884857,-0.5553535223007202,-0.4127020835876465,-0.5236884951591492,-0.3866428434848785,-0.4331980645656585,-0.384866863489151,-0.5318183898925781,-0.3902105689048767,-0.5322567224502563,-0.3938401043415069,-0.505855143070221
Q,0.0,0.0,1.0264703383954077,0.9487720182834692,1.087178985895538,1.0224645602480844,1.1021321335903997,1.13349730646271,1.0866779190380635,1.2202986061289494,1.1407234478997526,0.7987000034417095,1.122207064811784,0.9913865624791219,1.0976648647105491,1.1290102975309944,1.0862675354157918,1.2171155043047475,1.0592620539780762,0.7607100300046745,1.0313718512240766,1.0118960612244963,1.0077019174886117,1.0405944844633452,1.0,1.0,-0.4146865308284759,-0.4231676757335663,-0.4088670909404754,-0.5537625551223755,-0.4070567190647125,-0.5549533367156982,-0.4084565639495849,-0.5229495763778687,-0.3832787573337555,-0.4286544919013977,-0.3820489346981048,-0.52777099609375,-0.3862053751945495,-0.530720591545105,-0.3889842331409454,-0.5035463571548462
Q,0.0,0.0,0.9892358198496838,0.9929536032772418,0.9530322630633908,1.0124965498895058,0.9445496915857311,1.069339730564529,0.9562722972904686,1.107371410750181,0.9245708140048039,0.8399509630347898,0.9389744846567691,1.0819566938499057,0.9600067039256707,1.2214128838020943,0.9730555246748259,1.298729973470466,0.9730943501739989,0.796818907331848,0.9964976199379466,1.0695810113181783,1.0027747177782045,1.0570829860524744,1.0,1.0,-0.7277795672416687,-0.417225033044815,-0.7356714606285095,-0.5511911511421204,-0.7347803115844727,-0.5424326658248901,-0.730358898639679,-0.5083743333816528,-0.763252854347229,-0.4256448745727539,-0.7649824619293213,-0.5237767696380615,-0.7605693340301514,-0.5251858234405518,-0.7576838731765747,-0.5000228881835938
Q,0.0,0.0,0.9846364835129139,0.9596804257051822,0.9485217809416464,1.0005426471259322,0.941707189729142,1.0892671607331148,0.9516812601575535,1.1525141547898998,0.9214980782069446,0.8180507383329765,0.940246261563496,1.058496434269373,0.9599739519976395,1.2054176751511265,0.969615062770001,1.2900850665230483,0.9715654483975132,0.7701463394631992,0.9977286669804518,1.0411638022731877,1.0041168228204593,1.0441597699520093,1.0,1.0,-0.7237094640731812,-0.4133748114109039,-0.7330448031425476,-0.5484098196029663,-0.7315021753311157,-0.5454350113868713,-0.7252600789070129,-0.5157667994499207,-0.7581709623336792,-0.4205698370933532,-0.7618287801742554,-0.5183544754981995,-0.7569896578788757,-0.526019811630249,-0.752852201461792,-0.5066001415252686
Q,0.0,0.0,0.9882116900069295,0.9488210975816708,0.9482439035561282,1.0083667303527555,0.9407376716168776,1.1245250159860471,0.9460550276631097,1.2059249140797017,0.9239023177979435,0.8068065502250091,0.9428512298909166,1.0318710052357665,0.9669575329069293,1.188207018288726,0.9813139362192081,1.2902172489287251,0.9762241445555455,0.7568230255860636,0.9987200245630433,1.0183167945227813,1.0031222885021038,1.030609758274621,1.0,1.0,-0.7262282967567444,-0.4162758290767669,-0.7333114147186279,-0.5504370927810669,-0.7305910587310791,-0.5463964939117432,-0.7262622714042664,-0.5159830451011658,-0.7609220743179321,-0.4240171611309051,-0.7645557522773743,-0.5193160772323608,-0.7589093446731567,-0.5263976454734802,-0.7548018097877502,-0.5082767605781555
Q,0.0,0.0,0.9861562606088291,0.9303537761889039,0.9464115066496215,0.9926408650246171,0.9397963087832595,1.1120901569646695,0.9433364689555153,1.1998052396907068,0.923607941225633,0.7826937517104319,0.9433132934788708,1.0020337329879068,0.9642978811077674,1.1556331619979834,0.9749695514136064,1.2516931117538004,0.9775320120821485,0.7319405860705039,0.99855548018102,0.9862176470003406,1.003982107173761,1.0189060875416718,1.0,1.0,-0.7264212369918823,-0.412865936756134,-0.7322200536727905,-0.541644811630249,-0.7288094162940979,-0.547205924987793,-0.7227221727371216,-0.5225160717964172,-0.7611832618713379,-0.4191021025180816,-0.7640023827552795,-0.5056235194206238,-0.7587999105453491,-0.5219979882240295,-0.7542568445205688,-0.5130332708358765
Q,0.0,0.0,0.9794087805481925,0.8822473996264508,0.9403551900455781,0.9431273554394738,0.9314296851017416,1.0594005658589971,0.9315774857824444,1.1482237633893342,0.9224169384431494,0.7552791793779347,0.9433854804023992,0.9566802754332111,0.9617063241460475,1.1012871592075444,0.9695872705722739,1.1955293501794206,0.9744511425486124,0.7039347502739941,0.996344714348209,0.948512445576795,1.0028706120888744,1.0006015612521013,1.0,1.0,-0.7336450815200806,-0.4187345206737518,-0.7411002516746521,-0.5517290830612183,-0.7374842166900635,-0.5630869269371033,-0.7310115098953247,-0.5421305894851685,-0.768013060092926,-0.424151211977005,-0.7720246911048889,-0.5162574648857117,-0.7675474286079407,-0.5365609526634216,-0.7633348703384399,-0.529924750328064
Q,0.0,0.0,0.9882027278361206,0.9793474192182176,0.9511226709839918,0.9867319865455958,0.9416814459036071,1.0295120186351232,0.9528828536449022,1.0565311018868853,0.9225501074327107,0.8146567839650775,0.9372591451061861,1.0413736988891682,0.9595427033639309,1.1835782151474519,0.9738933789805684,1.2633863062423445,0.9709552992884037,0.774367545467486,0.9956116883550633,1.0324033272235529,1.0033877823250335,1.041296704233322,1.0,1.0,-0.7253143191337585,-0.419772207736969,-0.7348285913467407,-0.5499097108840942,-0.7327715158462524,-0.5467040538787842,-0.7261757254600525,-0.5143395066261292,-0.7607799768447876,-0.4293558597564697,-0.7634053826332092,-0.5262678265571594,-0.7587859034538269,-0.5318489074707031,-0.7550057172775269,-0.5078017115592957
Q,0.0,0.0,0.988245495298552,0.9459980273077754,0.947526400944586,1.0040204256105734,0.9393507386906709,1.1233017432655328,0.9403677051484685,1.2138585126460255,0.9260192283489004,0.7936167741161412,0.9448170176430876,1.0100624049929081,0.9632816307990549,1.1661131497764345,0.9716555139008162,1.2674681090962818,0.9787568410622616,0.7419332871356766,0.9996412986102301,0.9970030171210438,1.004240392943978,1.0255877641358788,1.0,1.0,-0.732353687286377,-0.4147478342056274,-0.7388254404067993,-0.5462666749954224,-0.7352218627929688,-0.5547257661819458,-0.7294684648513794,-0.5304778814315796,-0.7671947479248047,-0.4233562350273132,-0.7702038288116455,-0.5165238380432129,-0.7648593187332153,-0.5349940657615662,-0.7602664232254028,-0.5257198810577393
Q,0.0,0.0,0.9880083877688381,0.9241699969180456,0.9478736524809778,0.9786128747876677,0.9400983014742865,1.0927668271125979,0.9424326397168611,1.180032416835867,0.928537737178364,0.7673917962674562,0.9468603869891832,0.9810532502331943,0.9654724210500459,1.1369737255709038,0.9736728472356527,1.231311018345308,0.98194116094736,0.719532730662784,1.0038623543814669,0.9757997978811308,1.007250757930159,1.0188679090731303,1.0,1.0,-0.7356553673744202,-0.4174886345863342,-0.7432950139045715,-0.5505929589271545,-0.7385353446006775,-0.5604764819145203,-0.731071412563324,-0.5348345041275024,-0.7700328230857849,-0.4265070855617523,-0.7736510038375854,-0.5169960260391235,-0.7676165103912354,-0.5367072820663452,-0.7622631788253784,-0.5273496508598328
Q,0.0,0.0,0.9873892470458527,0.9452534589342283,0.9486950196805919,0.9939946592174147,0.9423580934254884,1.095546425538659,0.9513696510628158,1.1705526594379743,0.9227084211524835,0.7848978376421717,0.9397135414588029,1.0118239312195598,0.9629598884272137,1.1695144938958981,0.976245663795987,1.2612939164608432,0.9750388742837549,0.7381363403374133,0.9973962821002187,1.002092862382593,1.0040815582347147,1.0318919676447293,1.0,1.0,-0.7316922545433044,-0.4116741418838501,-0.7404359579086304,-0.5436884760856628,-0.7377408742904663,-0.5478715896606445,-0.7310724854469299,-0.5176055431365967,-0.7664875984191895,-0.4210034608840942,-0.7701566815376282,-0.515320360660553,-0.7648686170578003,-0.5308154225349426,-0.7596967220306396,-0.5156580209732056
Q,0.0,0.0,0.9871166057660177,0.9178429168327564,0.9500650546721167,0.9749086318476953,0.9407498662454588,1.0885290925783373,0.9450538680044956,1.1723248826583432,0.9250773540840971,0.7666010227989196,0.9422929440496454,0.9771758852806839,0.9633942139628897,1.127829381113657,0.9745482666629297,1.2168117809917371,0.9782594442717772,0.7165048819127314,1.0009565097129904,0.9690467723823808,1.0065150598354506,1.012873783925842,1.0,1.0,-0.7394152283668518,-0.4156741201877594,-0.7476646900177002,-0.5466232895851135,-0.7434840798377991,-0.5508817434310913,-0.7354283928871155,-0.5225208401679993,-0.7737300395965576,-0.426027238368988,-0.7773101329803467,-0.5177034735679626,-0.7717580795288086,-0.5325335264205933,-0.7668949961662292,-0.5175864100456238
Q,0.0,0.0,0.982567863778984,0.9198095706944398,0.9431072659366325,0.9728470725102905,0.9352503434920069,1.0748491370185356,0.9420072103394752,1.1519135863157284,0.9239062123838013,0.7639731316625831,0.942678815354924,0.9792027807812715,0.9661234749021397,1.1271364118338212,0.9794052766756625,1.2130063404330833,0.9765023868205476,0.7171895377061855,0.9963238374807305,0.9669769921843323,1.0033329199015213,1.0149090957181188,1.0,1.0,-0.7396001219749451,-0.4154292047023773,-0.746805727481842,-0.5431191921234131,-0.7443192601203918,-0.5547786951065063,-0.7385478615760803,-0.5318946838378906,-0.773989200592041,-0.4244076013565063,-0.7777309417724609,-0.5101882815361023,-0.7725866436958313,-0.5348933935165405,-0.7677866816520691,-0.5317816734313965
Q,0.0,0.0,0.9954979087644176,0.9143089416835187,0.9567370810946223,0.9243426403691312,0.9419087198966982,0.9650137105130288,0.9403827998552075,0.989710932075603,0.9369630810577431,0.752797499633535,0.9504741723227292,0.9576488214508552,0.969367140631336,1.0981041146418868,0.9789733517596629,1.1734233613790421,0.9882777179459195,0.7105128276794516,1.0091740429297598,0.9544561027316264,1.0112148602733682,1.0118453121949267,1.0,1.0,-0.7483305335044861,-0.4206807613372803,-0.7557840943336487,-0.5505343675613403,-0.7501080632209778,-0.5594953298568726,-0.7393297553062439,-0.5312460660934448,-0.7823013067245483,-0.4313379526138305,-0.7850345373153687,-0.5238461494445801,-0.7781015634536743,-0.5422146916389465,-0.7710804343223572,-0.5272241830825806
Q,0.0,0.0,0.9990474465138296,0.9403491753059698,0.9622467652648281,0.9705768305790585,0.953445213852908,1.0461020537384922,0.9574728039106959,1.100416424467873,0.9391155105058674,0.769774763686823,0.9536611907256041,0.9915000032702677,0.9746657646778879,1.1349939510429508,0.989604466836315,1.2162054949010297,0.9916475224514297,0.7292052242474465,1.0117374870251317,0.9888848272971632,1.0108096260167847,1.022363543927845,1.0,1.0,-0.7575328946113586,-0.4209014177322387,-0.7634473443031311,-0.5552096366882324,-0.7562832832336426,-0.5533258318901062,-0.7464237809181213,-0.5200924277305603,-0.7914904356002808,-0.4353341460227966,-0.7923753261566162,-0.5300976037979126,-0.7840355634689331,-0.5358206629753113,-0.7775493264198303,-0.5112074017524719
Q,0.0,0.0,0.9946913342214697,0.902887459580308,0.9616689308770408,0.9110622890860144,0.957373566415942,0.9501431357655807,0.9692891311650654,0.9715889792553455,0.9380351315079049,0.7481218877141159,0.9522322898882416,0.9649245431531129,0.9723713965248182,1.0997864818878438,0.9849179406071681,1.1762801156596971,0.9872285703099013,0.714087878834551,1.0113178987557427,0.9647055736009255,1.0115070033688423,1.00993803597383,1.0,1.0,-0.7542258501052856,-0.4225992858409881,-0.7620099782943726,-0.555453360080719,-0.7561573386192322,-0.5544428825378418,-0.7459826469421387,-0.5227712392807007,-0.7877481579780579,-0.4358319342136383,-0.789843738079071,-0.534105122089386,-0.7823357582092285,-0.5408958196640015,-0.775928258895874,-0.5159831643104553
Q,0.0,0.0,0.9921283346802501,0.8899566443065784,0.9556341315930811,0.9177589136547649,0.9454794302223939,0.9839571848162743,0.9477645891163796,1.0264225628718977,0.9357287222134133,0.735559494900822,0.9523352334955894,0.9446153901021738,0.9741044174240998,1.0835392606588194,0.9872736375715786,1.162214726590858,0.9863706127978369,0.6940163317936996,1.0069075679844568,0.9353024952210066,1.009285397142294,0.9964444844234933,1.0,1.0,-0.7594546675682068,-0.4168784618377685,-0.7679001688957214,-0.5474109053611755,-0.761483907699585,-0.5555146336555481,-0.7513153553009033,-0.5306935906410217,-0.7935115694999695,-0.4274072647094726,-0.7975611686706543,-0.5175974369049072,-0.790073812007904,-0.5343139171600342,-0.7830727100372314,-0.5210880637168884
Q,0.0,0.0,0.9942366996509081,0.9303375479222404,0.9619407408708048,0.940673182940081,0.9591476155358899,0.9823223190777676,0.9718004082710326,1.0048381603173295,0.9345385230187344,0.7552228400785352,0.9455257643863838,0.9765895571360633,0.964797272426943,1.1202816220366587,0.9767848688694313,1.1973750700734076,0.9813765360563541,0.7154718364679282,1.0059160443102184,0.9723473728117835,1.009435739908331,1.018796623723734,1.0,1.0,-0.7580739259719849,-0.4030239582061767,-0.7683266997337341,-0.5347505211830139,-0.7635570168495178,-0.5376965403556824,-0.75327467918396,-0.5064538717269897,-0.7915290594100952,-0.4160813689231872,-0.795440673828125,-0.513422966003418,-0.7889744639396667,-0.5236068964004517,-0.7827714681625366,-0.5003187656402588
Q,0.0,0.0,1.0047215169039307,0.9266654651952387,0.9669933214780726,0.946372787587829,0.9585756866847113,1.0163833323725724,0.9680358857624188,1.0651896406802688,0.9477163949188173,0.7354923365615594,0.9546870549554738,0.9520024997820079,0.9678882972939322,1.1053580492377142,0.9751710531459751,1.1847370536077544,0.9983421963069538,0.69443562301739,1.013912985058495,0.9491646478547596,1.012535656946908,1.0162492073722342,1.0,1.0,-0.7627738118171692,-0.4005501866340637,-0.7677767872810364,-0.5314547419548035,-0.7596297264099121,-0.546396017074585,-0.747267484664917,-0.5175302624702454,-0.7951786518096924,-0.414898157119751,-0.796230137348175,-0.5092536211013794,-0.7882123589515686,-0.5276023745536804,-0.7805144786834717,-0.5084494352340698
Q,0.0,0.0,1.0071017064649814,0.9001311281248678,0.9713118617284856,0.9275952353881339,0.9626268524234107,0.9952702676351728,0.9683477715278455,1.041927800432454,0.9460942250931326,0.7148646274358276,0.9516315301627782,0.9225706072403165,0.9653619978516176,1.0646854749977075,0.9732312993524087,1.143415849153357,0.9947885198352252,0.6766970732318528,1.0145063269927033,0.9148254179965226,1.0138510769077695,0.9917731176444177,1.0,1.0,-0.7630252242088318,-0.4062963426113128,-0.7707191705703735,-0.5342199802398682,-0.7641727924346924,-0.5449808239936829,-0.7523442506790161,-0.5169773697853088,-0.7956644892692566,-0.4219275116920471,-0.7995212078094482,-0.5140442848205566,-0.7928324937820435,-0.5269213914871216,-0.7858298420906067,-0.5040978193283081
Q,0.0,0.0,1.0041006867679338,0.9337474500217375,0.9690644860276606,0.9470126921322419,0.9594538734939898,1.0032647809122501,0.9675412729167617,1.0363861379105184,0.9434132487844678,0.7489902818314773,0.950637959423245,0.9758212990096915,0.9643799693288108,1.135120924652227,0.9728223472032493,1.225134474263498,0.9915975294879278,0.7159270117697357,1.0148087517666808,0.9874113641435625,1.0124097116454938,1.025937811677671,1.0,1.0,-0.7585341334342957,-0.3952031135559082,-0.7663448452949524,-0.5292146801948547,-0.7585711479187012,-0.5263209939002991,-0.7475393414497375,-0.4904219210147857,-0.7918131351470947,-0.4117904603481293,-0.7932626605033875,-0.5086190104484558,-0.7841215133666992,-0.5099369287490845,-0.7770416736602783,-0.4791217446327209
Q,0.0,0.0,1.005362794832665,0.875837999312176,0.9712320033782215,0.9043610913023712,0.9623730655350591,0.968201180771275,0.9673926362281973,1.0108083366506473,0.944439027812684,0.7012353849833312,0.950605533682245,0.9088075532401512,0.9659251224588814,1.0470576005853076,0.9766107736146937,1.1256542443464108,0.9933058940675914,0.6662384527105027,1.0106884509688505,0.9069600466621117,1.0107115906001383,0.9842597019734417,1.0,1.0,-0.7573175430297852,-0.4012926518917084,-0.7636727094650269,-0.5288773775100708,-0.7572987675666809,-0.5327516794204712,-0.7463279962539673,-0.501095712184906,-0.7904306054115295,-0.4163414537906647,-0.7938697934150696,-0.5090641975402832,-0.786921501159668,-0.5176356434822083,-0.7801728248596191,-0.490952730178833
R,0.0,0.0,0.9692253957941246,2.1410106174386097,1.0079409524952891,1.9133786198177296,0.9713441640449093,1.7247470836906253,0.9282192295152779,1.5756979804446831,0.9923436449899425,1.577639008628162,0.9924435718985288,1.3265430572152126,0.9896284343254228,1.1623030850743359,0.985213642318163,1.0155887050361376,0.940642651252735,1.5619169211045958,0.9650678361292859,1.2833146116325709,0.985832977292228,1.1278828915243087,1.0,1.0,-0.4478644132614136,-0.4999014139175415,-0.4570836126804352,-0.4448543190956116,-0.4648328125476837,-0.5153780579566956,-0.4675467908382416,-0.5644488334655762,-0.4218457341194153,-0.5335001349449158,-0.437389612197876,-0.5091640949249268,-0.4492754638195038,-0.5636199116706848,-0.4529843032360077,-0.6023994088172913
R,0.0,0.0,0.9551001104129023,2.1024294922828304,0.9970457276954884,1.878303490975039,0.9681637368659257,1.6839517140001221,0.9246758875207823,1.5393003979467021,0.9794473770245758,1.5546989901786321,0.9833334690710075,1.3119839208920971,0.9823623241857775,1.1530719131465017,0.9791418509111682,1.0109197191156833,0.9310003711455833,1.537978250498598,0.9600106922505035,1.2656944045411822,0.9843055447288601,1.1177913872461207,1.0,1.0,-0.4493357241153717,-0.4982514679431915,-0.4593236744403839,-0.4383975267410278,-0.466753214597702,-0.5096608996391296,-0.4691073000431061,-0.5602999925613403,-0.423591136932373,-0.5317676663398743,-0.4392927885055542,-0.4992328584194183,-0.4506600201129913,-0.5531031489372253,-0.4537834525108337,-0.5940762162208557
R,0.0,0.0,0.9496430711321372,2.115868264960312,0.992636504155593,1.8925091353173298,0.9653710534731642,1.7013348281513359,0.9265034043331385,1.5532226090458652,0.9791411651834453,1.556081276525664,0.9839730070246248,1.3073665066768156,0.9859598252849733,1.1477395654099418,0.9861873858176833,1.0074991182790027,0.930546423267645,1.5355919146853256,0.9584227608319273,1.2639121817350205,0.9827755860286793,1.1140801768103745,1.0,1.0,-0.4547346234321594,-0.493606686592102,-0.4657691121101379,-0.4373151957988739,-0.47248575091362,-0.5068301558494568,-0.4748201072216034,-0.557688295841217,-0.428799957036972,-0.5247772932052612,-0.4455102682113647,-0.4997888505458832,-0.4572444558143616,-0.5535739660263062,-0.4614514112472534,-0.5941085815429688
R,0.0,0.0,0.9476327997311402,2.0962624522394853,0.9902027075547845,1.8790807272393133,0.9595872314634756,1.6912470697359308,0.9231403154505267,1.535495655361874,0.9800300456429509,1.5471441229063778,0.9864441872021646,1.3007998977167314,0.9890190356095445,1.1450034802108144,0.9898588199473196,1.003587352161652,0.930528383940805,1.5231055776297908,0.9592789045691781,1.2569171367124534,0.9831359493532719,1.1159897351433883,1.0,1.0,-0.4542866945266723,-0.4956153929233551,-0.4659983515739441,-0.4365114867687225,-0.4716790318489074,-0.5063120126724243,-0.4729572832584381,-0.5558158159255981,-0.4277128577232361,-0.5261784195899963,-0.4448345005512237,-0.5010383725166321,-0.4555118381977081,-0.555617094039917,-0.4583978652954101,-0.5951856374740601
R,0.0,0.0,0.9512631879111924,2.127229155265528,0.9944903154948669,1.9095660476705472,0.9630116058397649,1.7242172875648898,0.9249548426622084,1.5707567784175454,0.9802296543918967,1.5613053035809499,0.9861595632852467,1.312466259835071,0.9887061708694036,1.1543141275991864,0.9909283647706995,1.0103451942554509,0.9302781969654177,1.5394244294900992,0.9565326629163186,1.2638003154292652,0.9809531276278248,1.12024959145952,1.0,1.0,-0.4586476683616638,-0.4969831705093384,-0.4718555212020874,-0.4391497373580932,-0.4782299101352691,-0.5101169943809509,-0.4795863628387451,-0.5597447156906128,-0.4317892789840698,-0.5283805727958679,-0.4503035545349121,-0.5032883882522583,-0.4614866971969604,-0.5589843988418579,-0.4642570614814758,-0.599298894405365
R,0.0,0.0,0.9571530375811927,2.1048714545855405,1.001596692358231,1.8857926981202509,0.972538004036916,1.7028679393391701,0.9293993251068406,1.5654438347979571,0.9831012184202259,1.5529309964704034,0.9871364314811331,1.3083537513448678,0.9878901601903406,1.1490831043975245,0.9876520868203741,1.0082811988365505,0.9340627021906496,1.536814387648816,0.9573581871184028,1.2612056165667958,0.9816195324157272,1.1153793612807408,1.0,1.0,-0.4619414210319519,-0.5073113441467285,-0.4756801128387451,-0.4505312144756317,-0.4832722544670105,-0.5191277861595154,-0.4846015870571136,-0.568587064743042,-0.4352183938026428,-0.5397771596908569,-0.4550383687019348,-0.5148077607154846,-0.4663415253162384,-0.5675026178359985,-0.4680560231208801,-0.6067162156105042
R,0.0,0.0,0.9601808526915434,2.131025063458228,1.0038774918843127,1.9059514572350365,0.9757154691548224,1.7198501441338414,0.9345477870546338,1.5755998101906779,0.9817998918400582,1.5671999685298121,0.98538114225395,1.314780555300589,0.9844520935627796,1.1553556425800005,0.9826746447402542,1.0078562397724267,0.9322750879211289,1.5520351766767901,0.9568384810400348,1.2711791419546827,0.9817904639098263,1.1227014267815483,1.0,1.0,-0.4614720642566681,-0.5026897192001343,-0.4749432802200317,-0.4436534345149994,-0.4832156002521515,-0.5125492215156555,-0.485108345746994,-0.562595546245575,-0.436327189207077,-0.5354422926902771,-0.4566555321216583,-0.5096055865287781,-0.4686834812164306,-0.5629628300666809,-0.4710720777511596,-0.6033508777618408
R,0.0,0.0,0.9615650694317559,2.1481769372113533,1.006368422254705,1.915749727153331,0.9775617805591084,1.7264500181897782,0.9342698245934586,1.585358134376214,0.9815211035994884,1.5773423000203481,0.9840858532797369,1.3246195176317526,0.9819938790425726,1.1603779620049453,0.9786517906084414,1.0121341619445183,0.9324038461538461,1.5646100335123538,0.9563777293075096,1.2796780486376167,0.9819525397405445,1.125254444934301,1.0,1.0,-0.4590710997581482,-0.500013530254364,-0.4739387929439544,-0.4420974850654602,-0.4826710820198059,-0.5112419724464417,-0.4841155707836151,-0.5597702860832214,-0.433889091014862,-0.5323179364204407,-0.4557424187660217,-0.5059849619865417,-0.4673631489276886,-0.559425950050354,-0.4683987200260162,-0.5986939072608948
R,0.0,0.0,0.9826092592592592,2.157878257328055,1.018073611111111,1.9225510182989893,0.97883125,1.7368646588279246,0.9310696759259259,1.592399159577017,0.9976826388888889,1.590826237304277,0.99064375,1.3389379076085917,0.9808674768518518,1.1737400162450133,0.969699074074074,1.0234897190194503,0.9458766203703703,1.5826510989116147,0.9663719907407406,1.2946094804428256,0.9865608796296297,1.1334863352796216,1.0,1.0,-0.4587604701519012,-0.5113639235496521,-0.4667358100414276,-0.4524856209754944,-0.4767797291278839,-0.5219728350639343,-0.4812513291835785,-0.5711979269981384,-0.4324033558368683,-0.546546220779419,-0.4485742449760437,-0.5198246836662292,-0.4628716707229614,-0.5728383660316467,-0.4683557748794555,-0.6117629408836365
R,0.0,0.0,1.027132606178516,2.15990965383692,1.069201321944373,1.9158211271982144,1.0422434971510164,1.7502993957670763,0.9951098824827326,1.6487685991714771,1.0096836174833572,1.5870364138759259,0.9984440107755603,1.3388096625717825,0.9891904706885035,1.1788801524352848,0.9813682690801151,1.0333668885703609,0.9573375917146805,1.595621304091114,0.9617052457100691,1.3080664785091356,0.9830621910251227,1.1355994335226842,1.0,1.0,-0.4607636332511902,-0.5189681649208069,-0.4823542237281799,-0.4651079177856445,-0.4997440278530121,-0.5334786176681519,-0.5061433911323547,-0.5836716890335083,-0.4425734579563141,-0.5539747476577759,-0.4738239645957947,-0.5438125133514404,-0.4874282479286194,-0.592801570892334,-0.4887895882129669,-0.6271374225616455
R,0.0,0.0,1.0010735354600748,2.205516234545676,1.0423894094030843,1.9675511050148378,1.0163491841394074,1.798959001674707,0.9739315841168549,1.675113689126983,0.9955097843795777,1.6086559039600101,0.9902161361043108,1.3552450311715496,0.984287625910938,1.1901293890658862,0.9786372402437824,1.0404450642418557,0.945799809701859,1.6114814054641422,0.95784585621386,1.3082539564731497,0.9818552109156828,1.1375437218998155,1.0,1.0,-0.466252326965332,-0.5028507113456726,-0.4863592982292175,-0.4511374235153198,-0.4998432099819183,-0.520011305809021,-0.5029640197753906,-0.5684840083122253,-0.4454084038734436,-0.5385399460792542,-0.4739958941936493,-0.5228928923606873,-0.4865480065345764,-0.5739867687225342,-0.4862636625766754,-0.6090468168258667
R,0.0,0.0,0.9834505006062966,2.2136674123596864,1.0256624923960183,1.9696822561881528,0.9973146173803481,1.782276816832361,0.9486233687906591,1.6588406321236855,0.9937720428815465,1.6120594378614654,0.9916895484173608,1.3519207626156204,0.9863194764185578,1.1816648928140625,0.9793495208841589,1.0300019987165712,0.943439316326218,1.6068278924606285,0.9626869077487534,1.309698827292645,0.984412602881223,1.137560816013629,1.0,1.0,-0.4589885175228119,-0.4967632591724396,-0.4736652374267578,-0.4439080059528351,-0.4840623140335083,-0.5121936202049255,-0.4869498014450073,-0.5615774393081665,-0.4347261488437652,-0.5314314365386963,-0.4571668207645416,-0.5112353563308716,-0.4694637656211853,-0.56269770860672,-0.4709542393684387,-0.6005963683128357
R,0.0,0.0,0.974070611621556,2.176249221564665,1.001266683485931,1.9583948905840995,0.95538140460066,1.7796333200985859,0.9087156253307647,1.6186110137199567,0.9984438807067281,1.6052312813792589,0.9931112849128222,1.3609536933713704,0.9838072512301617,1.1981306384213053,0.9717631022089394,1.0401534995621564,0.944326468827192,1.578590547372903,0.9707115608471812,1.2803874851990755,0.9886486633863942,1.1283553048757848,1.0,1.0,-0.4455915987491607,-0.4950876533985138,-0.4454457461833954,-0.4700928330421448,-0.4517156481742859,-0.5375896096229553,-0.4564303457736969,-0.5795166492462158,-0.4206351637840271,-0.5250876545906067,-0.426895260810852,-0.5216328501701355,-0.4372459650039673,-0.575835108757019,-0.4446016252040863,-0.6085001230239868
R,0.0,0.0,0.9732234351732123,2.248583852693558,1.005111031416976,2.0021659113371215,0.962243606988868,1.8070717688313307,0.9164482635604404,1.6380321876734338,0.997780239487391,1.6439312932383126,0.9930429600121777,1.373276496089338,0.9842373314275542,1.1988097989899278,0.9733883222865221,1.0337818747215755,0.9444890997421616,1.6204292892961951,0.9676131100969784,1.310480667747549,0.987132706918668,1.1445257921579572,1.0,1.0,-0.4512693285942077,-0.489415168762207,-0.4572382867336273,-0.4327434301376343,-0.4652203917503357,-0.5022518038749695,-0.4689935743808746,-0.5489382743835449,-0.4251501858234405,-0.5229304432868958,-0.4389216899871826,-0.5029894709587097,-0.4506174027919769,-0.558140754699707,-0.4552226066589355,-0.5945024490356445
R,0.0,0.0,0.975423924421951,2.256781981762224,1.0085757458047295,2.012044217295273,0.9650612428636456,1.8123807933972607,0.9180348765733178,1.6462560939226372,0.9970676406534149,1.6522923703051666,0.9915927711720971,1.38058313986162,0.9824408589142846,1.2062456713976635,0.9717311893071001,1.0439614547265925,0.9440010708264324,1.6334481535848169,0.9670922296107631,1.318520247849122,0.9865903113395063,1.144978431163596,1.0,1.0,-0.4521325528621673,-0.4907403290271759,-0.4579971730709076,-0.4345263540744781,-0.4661096632480621,-0.5027727484703064,-0.4701277315616607,-0.5505461692810059,-0.4265522062778473,-0.5242379307746887,-0.4399880468845367,-0.5023621916770935,-0.4524790346622467,-0.5572693347930908,-0.457894504070282,-0.596137285232544
R,0.0,0.0,0.9757793967352067,2.25420584147357,1.009276344781675,2.0102274785371232,0.965869279345166,1.8168381422252644,0.9187335916476798,1.6499874042039688,0.9976682559327914,1.6413893239982498,0.9922688531968158,1.3709623547314789,0.9834397532183811,1.1944597994010457,0.9724456297525621,1.032460623386725,0.9441303221662775,1.6204516734451377,0.9681583616963424,1.311300558268255,0.9875377392103363,1.141020685324179,1.0,1.0,-0.4513829946517944,-0.4871307611465454,-0.4576546549797058,-0.4352940917015075,-0.4661722779273987,-0.5058648586273193,-0.4702963829040527,-0.552740216255188,-0.4255299866199493,-0.520989716053009,-0.4395891427993774,-0.5017371773719788,-0.451855719089508,-0.557353675365448,-0.4568586945533752,-0.5936064720153809
R,0.0,0.0,0.9747326971011627,2.2860419709983457,1.0082826761052672,2.035297673969572,0.9651920802780113,1.830822659633341,0.9176066667524436,1.6638099714752523,0.9982524864637882,1.671875189589074,0.9935589972968516,1.3903532858852883,0.9851025055881834,1.2072435027989286,0.9742158120732832,1.0394629096508818,0.945547758936707,1.652492710547404,0.96958735754665,1.330779558618172,0.9882425324208209,1.1517516579646931,1.0,1.0,-0.4531490504741668,-0.4833710193634033,-0.4594987332820892,-0.4283831119537353,-0.4676283597946167,-0.4979742169380188,-0.4712340831756592,-0.5450818538665771,-0.4269623160362243,-0.5168936848640442,-0.4407131373882293,-0.4953799545764923,-0.452094167470932,-0.5494651794433594,-0.4558852910995483,-0.5857295989990234
R,0.0,0.0,0.9691266095911326,2.3689924235869495,1.0031006439996326,2.1077735470349057,0.9618911713818553,1.891543835120099,0.9160321897246322,1.7078163190816935,0.9958914893488064,1.7060940936096163,0.9934530045312622,1.4144422273760229,0.9853929852387806,1.2220879031176444,0.9742903672331793,1.0421341360747183,0.9428745214760565,1.6784158194739376,0.9695937692464416,1.349031579026973,0.9886707955747579,1.162183460719002,1.0,1.0,-0.453250378370285,-0.4652630686759949,-0.4599200785160064,-0.4124878048896789,-0.4676985144615173,-0.4819521903991699,-0.4712884128093719,-0.5290274024009705,-0.4267681241035461,-0.4986193776130676,-0.4410798549652099,-0.4809326827526092,-0.4530007839202881,-0.5353156328201294,-0.4577444493770599,-0.571324348449707
R,0.0,0.0,0.9711896740536315,2.3357697623391807,1.0011146116327956,2.079681834863341,0.9568134395284422,1.8741496465844014,0.9112827055928646,1.6967577469896558,0.9973738255637493,1.687439105542296,0.9938120728134616,1.4051744780753928,0.9856006227164148,1.219326762154382,0.9739782002264465,1.04882032848954,0.9449556540108279,1.6625811528454144,0.9711307011362976,1.3344836583785136,0.9892867824775721,1.1529538637994325,1.0,1.0,-0.4507294595241546,-0.4738819301128387,-0.4559372663497925,-0.4174518883228302,-0.4631570279598236,-0.4844356775283813,-0.4666280746459961,-0.5299712419509888,-0.4247540235519409,-0.5087065100669861,-0.4372069239616394,-0.4866687655448913,-0.4486604928970337,-0.5408117771148682,-0.453510046005249,-0.5773292183876038
R,0.0,0.0,0.9830361567583107,2.2611671118322674,1.0135975841611273,2.0123236574130674,0.9666683887685118,1.8192131661996855,0.9159728906367522,1.6549092936499998,1.0017330224909502,1.6578885896421103,0.9961975151210442,1.380109371198959,0.986723194809741,1.1973157934382221,0.9754244065994063,1.0293075585949478,0.948009565285691,1.646733414751508,0.973685383753595,1.3235628436758702,0.9909046621017166,1.1475485226388216,1.0,1.0,-0.4429465532302856,-0.4959804713726043,-0.4468639492988586,-0.4366182088851928,-0.4554626047611236,-0.5045738220214844,-0.459725946187973,-0.5521819591522217,-0.4175588190555572,-0.5323944687843323,-0.4295732676982879,-0.5040659308433533,-0.4414811730384826,-0.5589091181755066,-0.4463817775249481,-0.5980477929115295
R,0.0,0.0,1.0634356618302716,2.4738489181555625,1.0278364018981314,2.233877645396102,1.0515223488806777,1.9790876673681743,1.0866780386076829,1.7868178107910562,1.0168468457187696,1.75180581209256,1.0123190336012968,1.429664235051402,1.015831832631741,1.197714816179743,1.02068055963458,0.9957021316661924,1.0593088273126932,1.6911813060105794,1.027605889580236,1.3323616189746907,1.0108141581234817,1.1520178826827163,1.0,1.0,-0.6939757466316223,-0.4211590588092804,-0.6884104013442993,-0.3499897718429565,-0.687728762626648,-0.4189163744449615,-0.6869485974311829,-0.4720591008663177,-0.7245177626609802,-0.4486700296401977,-0.7177819609642029,-0.4125231206417084,-0.7100765109062195,-0.4662333130836487,-0.7040882110595703,-0.5090500712394714
R,0.0,0.0,1.0749447970777828,2.475713552457459,1.035942630475046,2.233286727848857,1.0515109113503198,1.9682030720510257,1.0856102376552503,1.776153942234107,1.0252964304748375,1.7651754400903041,1.0168868764951138,1.4406930047548472,1.0195757234717697,1.1970763190115088,1.0239290225530844,0.9857243211669342,1.065273231835971,1.6991333555514996,1.0317149164423434,1.3402473831116515,1.0126798247572015,1.154348675026559,1.0,1.0,-0.6976153254508972,-0.3987078964710235,-0.6891268491744995,-0.3306329250335693,-0.6887454986572266,-0.3980296850204468,-0.6887503266334534,-0.4519760012626648,-0.7277825474739075,-0.4232711791992187,-0.7180658578872681,-0.3866690397262573,-0.7106461524963379,-0.4390817284584045,-0.7050933241844177,-0.483275294303894
R,0.0,0.0,1.0680985956848068,2.4340604748156887,1.0298461583706089,2.199515884810448,1.0448790996812873,1.9355581153679264,1.0821532676864207,1.7548282498399144,1.0206648503669422,1.7436588275613965,1.0122439606036104,1.426788475432983,1.0155051704974956,1.1938798159740978,1.0208171400650312,0.9902938336692041,1.0603135575575917,1.6822367755182617,1.0272983498483987,1.3303596391633254,1.0104243515910198,1.1512021960050225,1.0,1.0,-0.7024804353713989,-0.4084772169589996,-0.6946344375610352,-0.3397394716739654,-0.6934040784835815,-0.4085517823696136,-0.6928686499595642,-0.4637961685657501,-0.7322977781295776,-0.4337556660175323,-0.7230175733566284,-0.3970770239830017,-0.7152568697929382,-0.449343204498291,-0.7095167636871338,-0.4936205744743347
R,0.0,0.0,1.067745599759728,2.453420642531843,1.0300650721027897,2.220946674616235,1.0451416705778345,1.957519780176729,1.0801052978944659,1.7751112097598793,1.0221541723490404,1.7585379228021045,1.0122720440398276,1.4417775824957673,1.014007143196757,1.216905924221034,1.0180542014886131,1.0106850556480247,1.061757817667243,1.6940155399523102,1.026759637125228,1.3440497975845695,1.010347325820439,1.164193890010515,1.0,1.0,-0.699898898601532,-0.4083691835403442,-0.6913461685180664,-0.3400484025478363,-0.690211832523346,-0.409437745809555,-0.6894401907920837,-0.4644694924354553,-0.729973554611206,-0.4337396919727325,-0.7204955816268921,-0.3969130516052246,-0.7121449112892151,-0.449210375547409,-0.7057037353515625,-0.4937846660614013
R,0.0,0.0,1.0685988757890428,2.4182981655859863,1.0298255371459892,2.200753570026951,1.0461686458660628,1.9428579568143762,1.0834719243873907,1.7662488844049513,1.0215801569673515,1.7457032706275182,1.0132537461690576,1.4312541719693759,1.0155488963648316,1.2063041619247226,1.0193266449075438,0.999421941255724,1.0614882049921224,1.6829650784981056,1.0275300126748357,1.3372888965076533,1.011098949240586,1.1624380068067874,1.0,1.0,-0.7045372724533081,-0.4167224168777466,-0.6965134143829346,-0.3478306233882904,-0.6956226825714111,-0.4175070524215698,-0.6954552531242371,-0.4726376533508301,-0.7347227334976196,-0.4431897401809692,-0.725579023361206,-0.4032357335090637,-0.7175683975219727,-0.4533192813396454,-0.7120274305343628,-0.4963981807231903
R,0.0,0.0,1.0702241153087744,2.38272217655698,1.030026771733468,2.1642995822404396,1.0452184430150928,1.9165906073171006,1.0807176720309648,1.736771022151955,1.0232750629549963,1.7161252313769466,1.0145147278120024,1.4144098730419679,1.0170056857280614,1.1908505831583056,1.0217711587749636,0.9913323206736894,1.062523416870297,1.6524286001533677,1.0275504610231325,1.3160088424425256,1.0105536382539486,1.1466314183597852,1.0,1.0,-0.7066814303398132,-0.4187267422676086,-0.6980494856834412,-0.351016640663147,-0.6974517703056335,-0.4220394790172577,-0.6971054673194885,-0.4783397912979126,-0.7368777990341187,-0.4446147382259369,-0.7274536490440369,-0.4076170623302459,-0.7190856337547302,-0.4614714980125427,-0.7122006416320801,-0.5074414610862732
R,0.0,0.0,1.0775487759139937,2.3610362917650165,1.0368624119053111,2.150883578077362,1.048837228811536,1.904395214581965,1.0815956481466382,1.7187539233632638,1.0278140225904338,1.700364459305537,1.0166159857202925,1.4034322936389505,1.015992846196139,1.1859687208600942,1.0174539391872002,0.9912447744618051,1.066991504810786,1.6343563439118836,1.0308491296359257,1.303323719191215,1.0125058663812032,1.1406434540264896,1.0,1.0,-0.7025402784347534,-0.4137360751628876,-0.6918627023696899,-0.3473296761512756,-0.692402720451355,-0.4175382852554321,-0.693313479423523,-0.4725514352321625,-0.7331594824790955,-0.4384041726589203,-0.72210294008255,-0.4042081534862518,-0.7142552733421326,-0.4575099050998688,-0.70836341381073,-0.5025833249092102
R,0.0,0.0,1.0993729744294247,2.2147917695341675,1.0572270650383673,2.0381026802279116,1.0692276456703074,1.81061606646057,1.101732028872208,1.6393872227789505,1.038266775709092,1.633007286340669,1.0238862682443663,1.3596229807769065,1.0204131025479495,1.1653085366081557,1.0182681798516922,0.9919786844316567,1.0773872321692866,1.5590705829753069,1.035550329024766,1.2697501549831334,1.0152470911478297,1.1281885234382352,1.0,1.0,-0.7058365345001221,-0.434327483177185,-0.6939226984977722,-0.3706514835357666,-0.6975144147872925,-0.4386270940303802,-0.7001295685768127,-0.4904663860797882,-0.738104522228241,-0.4571518898010254,-0.7284542918205261,-0.4224533140659332,-0.7225847840309143,-0.4752731025218963,-0.7179623246192932,-0.5190315842628479
R,0.0,0.0,1.0724868741430893,2.311265399460688,1.0270065992996973,2.1278271999859,1.0327538668014118,1.9132541109289907,1.0642173656387077,1.7531804622922502,1.0302344470974056,1.693606580130069,1.019781911732662,1.4209157281587619,1.0200026313312176,1.2304129434780309,1.0227270654045681,1.048062399760306,1.0693140416692646,1.6433868238777558,1.034598902082222,1.3313244637727137,1.0156417499913715,1.1643149993831403,1.0,1.0,-0.7066361904144287,-0.4523493349552154,-0.6952347159385681,-0.3898878097534179,-0.6916493773460388,-0.460314929485321,-0.6890416145324707,-0.516177237033844,-0.7376992106437683,-0.4779410064220428,-0.7243028879165649,-0.4460899829864502,-0.7124658226966858,-0.4966365396976471,-0.7035804390907288,-0.5399512648582458
R,0.0,0.0,1.0309797035845787,2.4057580768525515,0.9885543234629464,2.193425806989072,0.9789010559645175,1.9862200455138985,1.0039891665541942,1.8250474879920104,1.0162324922725434,1.718234964141817,1.0065837359479237,1.4171029221546205,1.003994506310948,1.2238834923503568,1.0034748006751661,1.0420447790112162,1.0545685393684614,1.699690162829121,1.0345369942951144,1.3473841308334595,1.0165891511977903,1.1640043734499588,1.0,1.0,-0.7093355655670166,-0.4435734152793884,-0.6912615895271301,-0.3864906430244446,-0.6765468120574951,-0.4538284540176391,-0.6686651706695557,-0.5087569355964661,-0.7332706451416016,-0.4752083122730255,-0.7078885436058044,-0.4523416757583618,-0.6882113218307495,-0.4981893897056579,-0.6771304607391357,-0.538223385810852
R,0.0,0.0,1.0662954101921334,2.3072590327590077,1.0223120861364576,2.123720013130222,1.0178074712878318,1.919096810776624,1.0423359649594557,1.7513561091597836,1.0324876633433224,1.6730193525369346,1.0181301479385156,1.3920887620852,1.0136936724873291,1.205218424138581,1.011610540357623,1.0289384931896766,1.0701377776739105,1.6352942360677338,1.0385811650504209,1.3129563632642358,1.0177668316747586,1.1516320227530856,1.0,1.0,-0.7070032358169556,-0.4453363716602325,-0.6901447772979736,-0.3912074565887451,-0.6832308173179626,-0.4616152048110962,-0.6802076697349548,-0.5161265730857849,-0.7346835136413574,-0.4730454981327057,-0.7159059643745422,-0.4426847696304321,-0.7014222741127014,-0.4922727644443512,-0.6922312378883362,-0.5358477234840393
R,0.0,0.0,1.086980287659931,2.248249296712556,1.0483074510963855,2.088519576532623,1.061751769253464,1.8819268581058124,1.0906497947913718,1.713311498579835,1.0328234334965642,1.6645919845616515,1.0225127040168642,1.3867357405922562,1.019951068233464,1.190271339847519,1.018864123135687,1.0056866395770763,1.0714696195889222,1.596199013359064,1.0329616593559294,1.2967526738512969,1.0148274213079151,1.145909354062759,1.0,1.0,-0.7097312808036804,-0.4425697326660156,-0.7009628415107727,-0.38064706325531,-0.7056549191474915,-0.4505135715007782,-0.7077906727790833,-0.5040145516395569,-0.741649866104126,-0.4662066102027893,-0.7351130247116089,-0.4281238317489624,-0.7297097444534302,-0.4815525710582733,-0.7238378524780273,-0.5272650718688965
R,0.0,0.0,1.0737335576929372,2.3275971211721354,1.0390690635356092,2.142324232521423,1.0559600118602548,1.9325938959748268,1.0860812240381548,1.7698770613688348,1.0242752664114405,1.7035984193357074,1.016856340325708,1.4207657663640503,1.017069039216475,1.2239285963837367,1.0190200885403562,1.035224005400545,1.0614216217682442,1.6398983182198525,1.026683515461825,1.3260521448283946,1.0115804911903936,1.1638181947326205,1.0,1.0,-0.7038581967353821,-0.4299848079681396,-0.6980035305023193,-0.3650001585483551,-0.7017571330070496,-0.4335121810436249,-0.7030908465385437,-0.4858642220497131,-0.7340831756591797,-0.454934298992157,-0.7302113771438599,-0.4171697795391083,-0.7247406840324402,-0.4697306156158447,-0.7185377478599548,-0.5137414932250977
R,0.0,0.0,1.0702155949029173,2.463732677932664,1.032854979258078,2.26323403982802,1.0496160667646308,2.0160549370146343,1.0822125405205498,1.8280219983974433,1.025296837813141,1.7782336202673017,1.0186891781092584,1.4601168618984575,1.020886381012142,1.2327010306512207,1.0239003073624788,1.0216314874813335,1.0645951183385436,1.70635141519792,1.0299642982687922,1.3509933590436096,1.0130495529891694,1.1721210192832134,1.0,1.0,-0.704280436038971,-0.4104602634906769,-0.6969395279884338,-0.3467751145362854,-0.6984937191009521,-0.4172841608524322,-0.6986954212188721,-0.4700931906700134,-0.7344220280647278,-0.4389979243278503,-0.7291550040245056,-0.3987235128879547,-0.7208203673362732,-0.4504736661911011,-0.7126739025115967,-0.4947121441364288
R,0.0,0.0,1.0779465302853193,2.450843580710867,1.0415723686533518,2.2611212435432306,1.056098970635515,2.0196372333207964,1.0866759648317503,1.8285034802135804,1.027875725470592,1.7723572109481516,1.02007511628901,1.4593787094493464,1.0211698962458582,1.2352048609883415,1.0238086300104627,1.0229243616332255,1.0661898646903265,1.7023620586475543,1.0305071185785515,1.3550855343557064,1.0134100788144933,1.1777958913188373,1.0,1.0,-0.7121962308883667,-0.4113911092281341,-0.7058535814285278,-0.3479972779750824,-0.7081599235534668,-0.4164941310882568,-0.7082645893096924,-0.4680996537208557,-0.7426720857620239,-0.4375615119934082,-0.7380629777908325,-0.396226018667221,-0.7309067249298096,-0.4472343623638153,-0.7231689095497131,-0.4906770288944244
R,0.0,0.0,1.0787879556174818,2.4176967344572713,1.0430461323011864,2.2303352415044158,1.0568218043904525,1.9899846149130234,1.086538379081351,1.7972526754501197,1.0276097883444995,1.747969390663932,1.019329079617173,1.4377950168302702,1.0197611190258784,1.2185681382381777,1.0217487799430809,1.0151263936336,1.0654683717324864,1.672740572088943,1.0284573685696037,1.3318691211487796,1.0123793505482939,1.1632673322988911,1.0,1.0,-0.709219753742218,-0.4081931710243225,-0.7012252807617188,-0.3462972640991211,-0.7049061059951782,-0.4160231053829193,-0.7061629891395569,-0.4675800800323486,-0.7395448088645935,-0.4330508708953857,-0.733731746673584,-0.3978427052497864,-0.7275869846343994,-0.4509468972682953,-0.720947802066803,-0.4944232702255249
R,0.0,0.0,1.0870599434943224,2.4630918456273965,1.049426212275402,2.265910258483803,1.0631657936818093,2.019949437634217,1.091149400796877,1.8184194435453744,1.032271525037937,1.775463368441504,1.0233958308380475,1.45764811901054,1.0229582939623962,1.2300365087371359,1.0240491677234427,1.0167533962616133,1.070651321181374,1.6979952906434297,1.0334362796756817,1.3512224674385898,1.0149517366576462,1.1736431821098938,1.0,1.0,-0.7054888010025024,-0.4018888473510742,-0.6976097822189331,-0.3382957577705383,-0.7014174461364746,-0.4074710607528686,-0.7030662298202515,-0.4603185951709747,-0.7364619374275208,-0.4271039366722107,-0.7311039566993713,-0.38812255859375,-0.7243460416793823,-0.4402379393577575,-0.717146098613739,-0.4851810932159424
R,0.0,0.0,1.102424724821627,2.3973463131183093,1.0622672546699652,2.2146347001082685,1.0693978702807356,1.9651827179473995,1.0949344232906673,1.7610424864888095,1.0393531963715894,1.7603013629246198,1.0267874224660285,1.4498247423487096,1.023748162489692,1.2276286443077622,1.0225557109222807,1.0218420305121327,1.0772863886797415,1.6750075671113034,1.0363519892916473,1.3413479506200805,1.0161364358873233,1.1674781516350985,1.0,1.0,-0.7000870704650879,-0.4055342674255371,-0.6894315481185913,-0.3383323848247528,-0.6935644745826721,-0.4042321145534515,-0.6958205103874207,-0.4559584558010101,-0.7318097949028015,-0.4278565645217895,-0.723451554775238,-0.390343964099884,-0.7174723148345947,-0.441039502620697,-0.7117543816566467,-0.485653668642044
R,0.0,0.0,1.0992191719553128,2.448292149775332,1.0580137214633485,2.256736612395945,1.0650899965553253,2.001054131622896,1.090114281081825,1.786193731379792,1.0392645068999258,1.7723254010510179,1.026377460743485,1.4593368209610158,1.0233644470703562,1.2298695004949887,1.022198770655965,1.0209130384697958,1.0776982336638046,1.6904341819299642,1.037973160633158,1.343265403349743,1.0168813949372757,1.1655293532305526,1.0,1.0,-0.6995913982391357,-0.394840657711029,-0.6887848973274231,-0.3298302888870239,-0.6918751001358032,-0.3967950940132141,-0.6938467025756836,-0.4491583704948425,-0.7315481305122375,-0.4176147580146789,-0.7224915623664856,-0.381805419921875,-0.7152317762374878,-0.4312288761138916,-0.7083967924118042,-0.4743368327617645
R,0.0,0.0,1.1091870748842338,2.370212291783878,1.0690184716209012,2.1927464760943733,1.0784604379145881,1.9451502417105049,1.1041267208850638,1.7365941191842866,1.044728409154677,1.7263454647296734,1.0308906821478407,1.4243022608537683,1.0271888631296322,1.2016032383921504,1.02517921409932,1.0006040591084495,1.0827212150661922,1.635646634852225,1.038611703629251,1.311561229729337,1.016957740107507,1.150789681955682,1.0,1.0,-0.7035026550292969,-0.3962064981460571,-0.691908061504364,-0.3351548910140991,-0.6980125308036804,-0.4046413600444793,-0.7014409899711609,-0.4559121429920196,-0.7354232668876648,-0.4181287586688995,-0.7273817658424377,-0.3837116360664367,-0.7220708727836609,-0.4373500943183899,-0.7161582708358765,-0.4817519783973694
S,0.0,0.0,0.9987296144086791,1.2632911624650844,1.0540125236435964,1.1222380150159272,1.0388822287789181,0.9520600637085374,0.9875802442309501,0.8546729795158259,1.0523483407674004,0.9580643274761594,1.0897686002162794,0.8014236161926844,1.064650859648596,0.9317641657465484,1.0434757888213237,1.002481344762436,0.9975633020483267,0.9294756838677041,1.029515081780918,0.7738766184965754,1.0132635894362951,0.936168620785989,1.0,1.0,-0.4538041055202484,-0.3866361081600189,-0.4677378535270691,-0.3299408555030823,-0.4663121402263641,-0.4056661427021026,-0.4600278735160827,-0.4425677955150604,-0.4238953292369842,-0.3954693973064422,-0.4421199560165405,-0.352365493774414,-0.4458464980125427,-0.4059198796749115,-0.4402134418487549,-0.437762439250946
S,0.0,0.0,0.9926715109867141,1.2346725389516564,1.062218986061237,1.1061722541273247,1.0637145812484718,0.9368490577951799,1.0222561890066435,0.8348675929078908,1.0524745681667025,0.9583351163635268,1.0911980333304416,0.8313340594843133,1.0691708841821783,0.92506239145558,1.045127022746816,0.9937038760976081,1.003015509979084,0.9253885596245185,1.036694653570862,0.7830586096569634,1.0203620426870768,0.9184206910303956,1.0,1.0,-0.4679319858551025,-0.4039241671562195,-0.4838286936283111,-0.3458378314971924,-0.4794135987758636,-0.4161118268966675,-0.4700246453285217,-0.456463873386383,-0.4381392002105713,-0.4057103097438812,-0.4574795365333557,-0.3671960234642029,-0.4577321410179138,-0.4181362688541412,-0.4502206742763519,-0.4519730508327484
S,0.0,0.0,1.0185004091207248,1.2882583018444547,1.100142284348797,1.1364275391643544,1.065955219877031,0.9916363630555151,0.9895281624581206,0.972103338572355,1.0618340830749249,0.9274347473737584,1.0952747871182198,0.8328069194254406,1.0731553439030994,0.984915270846258,1.051744066497208,1.013709286319139,0.9997476024423518,0.9075466287621798,1.032834599265812,0.8185070364960785,1.0198248858106114,0.9874377378594164,1.0,1.0,-0.4470834136009216,-0.3932735919952392,-0.4616458117961883,-0.3695575892925262,-0.4616026282310486,-0.4449245929718017,-0.4526717066764831,-0.4554044902324676,-0.4168225228786468,-0.4023727774620056,-0.4380133152008056,-0.3970070481300354,-0.4408870041370392,-0.4530891478061676,-0.4322575330734253,-0.464603453874588
S,0.0,0.0,1.0027582283243048,1.2695662216937076,1.07317532024994,1.1246746319893954,1.060757887778695,0.9629983433497131,1.001626460644735,0.9078863423963512,1.037979196855848,0.9287303929239727,1.0762765428636256,0.7962423343346179,1.0639951614094816,0.9366947261013813,1.0428511133040397,0.9995125046067148,0.9865313076503495,0.9152184936399416,1.0234628280610778,0.7784448296155182,1.018708567672451,0.9382972337940826,1.0,1.0,-0.4669452309608459,-0.3894046545028686,-0.486623078584671,-0.3523962795734405,-0.4878942668437958,-0.4238352477550506,-0.4789163768291473,-0.4512806832790375,-0.4405287206172943,-0.4006427526473999,-0.468129813671112,-0.3818241953849792,-0.4709055721759796,-0.4365405738353729,-0.4609626233577728,-0.4625570774078369
S,0.0,0.0,1.0016108600865437,1.2490694244913905,1.0642512725715803,1.1203438122728389,1.0443369715175035,0.978070788838942,0.9896055926159295,0.8959768436070414,1.0503844171025079,0.9305819910536759,1.0882784337102587,0.7888429416944172,1.0658106157178489,0.9206101993392873,1.0444355151111504,0.9889895000959953,0.9959450282087106,0.9128467831630797,1.0292977870895272,0.7629348892302058,1.0155374849150631,0.9250316398431415,1.0,1.0,-0.4623644053936004,-0.3958846926689148,-0.4783141613006592,-0.3432868421077728,-0.4779749810695648,-0.4191774427890777,-0.4712609350681305,-0.4574219286441803,-0.4342109858989715,-0.4039791226387024,-0.4543575346469879,-0.3692179322242737,-0.457177460193634,-0.423855185508728,-0.4504938423633575,-0.456817477941513
S,0.0,0.0,0.9952973109378924,1.2377925991943983,1.0634754219869655,1.1336774524574766,1.0371606976103458,0.9770621710546004,0.9846996657263444,0.9092509933994638,1.0646953623492295,0.9608162198749538,1.0999290491365208,0.8255992907048931,1.0653784167960931,0.9519719992752522,1.0484214042419353,1.009545027670453,1.0110479759498519,0.9238118518010687,1.0436932972158492,0.7946905294738885,1.0134397636921757,0.9484633390301113,1.0,1.0,-0.4684242010116577,-0.3975028991699219,-0.4818218946456909,-0.3400723934173584,-0.473808616399765,-0.4091996550559997,-0.4669660925865173,-0.4419440031051636,-0.4394334852695465,-0.397152692079544,-0.453621357679367,-0.3534692525863647,-0.4524590373039245,-0.4022315144538879,-0.4469096660614013,-0.4331560432910919
S,0.0,0.0,0.9970877461668783,1.24650977019023,1.0650838628344952,1.1401842560457658,1.035052161798807,0.9796184898849094,0.9777501818969727,0.9247320578933704,1.065641903171595,0.9500881270407611,1.098524924011953,0.8231813293197634,1.0654872669664606,0.9566126359505265,1.0501962008216215,1.0086102430793034,1.0104370847565336,0.9185049695629729,1.0405119243843686,0.7958166375941955,1.0119758990883398,0.9548426527297054,1.0,1.0,-0.4646065831184387,-0.3918566107749939,-0.4754389226436615,-0.3407388925552368,-0.4686163067817688,-0.4091801047325134,-0.46338552236557,-0.4383964836597442,-0.4359893798828125,-0.3941599428653717,-0.4472398161888122,-0.3546608388423919,-0.4477820694446563,-0.4008321166038513,-0.4435396790504455,-0.4288195967674255
S,0.0,0.0,1.007650549298454,1.2778822581103524,1.073579521739036,1.1425588053557272,1.0332684227790427,0.9816644634730388,0.967229779948566,0.9446232425506059,1.066774992296074,0.9574582952915393,1.0963218214594603,0.8195294919548649,1.0643821047963573,0.9646323463597557,1.0511757292661983,1.0174036114894522,1.0107922615033655,0.924963592913316,1.0369628936101014,0.7953112052044364,1.0103389944646555,0.9613299300234145,1.0,1.0,-0.4595122039318084,-0.3845053017139435,-0.4688218533992767,-0.3271146416664123,-0.4624153673648834,-0.3968515992164612,-0.4580667614936828,-0.4240387082099914,-0.4310938715934753,-0.3846987783908844,-0.4409736692905426,-0.3406958878040313,-0.4408879280090332,-0.3877164423465729,-0.4375302493572235,-0.4145009517669678
S,0.0,0.0,1.025492283277449,1.258325545211251,1.087266800533172,1.1262372162887102,1.0362807790909154,0.9839191805283307,0.9658701769851495,0.9382480835533465,1.0670164131535989,0.9281196053375423,1.088367201424221,0.8086199892270843,1.0644717519070412,0.9587020918171681,1.053617090346734,1.0018771521173455,1.0079161053753407,0.9116771848727373,1.0272649053842473,0.7999511126127705,1.009831369699276,0.9690138626350064,1.0,1.0,-0.4489229321479797,-0.3873299360275268,-0.4532098174095154,-0.3391951620578766,-0.4518657028675079,-0.4103917479515075,-0.4501359164714813,-0.4324207007884979,-0.4202653765678406,-0.3940126001834869,-0.4271710813045501,-0.3571379482746124,-0.4310124516487121,-0.4037519097328186,-0.4292230010032654,-0.4281974136829376
S,0.0,0.0,1.000227330093303,1.2576637788168366,1.0648973054835849,1.1216671486653345,1.0320791795656932,0.9623627292270812,0.9750282216720448,0.9041068828280067,1.0605443048437249,0.9597145372304433,1.0952380893548113,0.818326205966315,1.064736074085889,0.9564304741398302,1.0480966231967874,1.0132884773323183,1.0064163301089937,0.9271205305449711,1.0389599302294292,0.7929628853494624,1.0126281866829785,0.9578170911079154,1.0,1.0,-0.4597538709640503,-0.3866536021232605,-0.471620112657547,-0.332360029220581,-0.4653619825839996,-0.4020157754421234,-0.4595780968666076,-0.4271321892738342,-0.4307157397270202,-0.387074738740921,-0.4446716010570526,-0.3477749228477478,-0.4439594149589538,-0.3964316546916961,-0.4386407732963562,-0.4211212694644928
S,0.0,0.0,1.0008845322791853,1.2482269493567069,1.0651489607468427,1.1151779044648444,1.032153772440063,0.9545379332585817,0.9779065597838889,0.8915396024342414,1.0622122471523794,0.9544401437379318,1.097598581894428,0.8061654111852358,1.0672926029827208,0.9410775223259104,1.0503233115865056,1.0019388355392727,1.007786479652559,0.9231683213732292,1.0393616556702387,0.7824883169663691,1.013138573443365,0.9473768559079151,1.0,1.0,-0.4625516235828399,-0.385814368724823,-0.4741864204406738,-0.3288241624832153,-0.4680002629756927,-0.3998769521713257,-0.4621147811412811,-0.4300021529197693,-0.4337801933288574,-0.3856324553489685,-0.4474370777606964,-0.3423618078231811,-0.4468920826911926,-0.3931466042995453,-0.4417203664779663,-0.4224523603916168
S,0.0,0.0,1.014202484870336,1.2753011582640321,1.0797916840803872,1.125313890158121,1.0346794607090326,0.9726539570904897,0.9669667440563593,0.9404235678577901,1.0616165005969527,0.9322696711325045,1.0901996204952524,0.8029427591848595,1.0668356265383852,0.9562066292034392,1.0517959107802053,1.0028644090673877,1.0026830436729872,0.9140336812909534,1.028318888782154,0.7905107323634776,1.012550541374376,0.9667957188071266,1.0,1.0,-0.4522756934165954,-0.3841862380504608,-0.4608481824398041,-0.3342829048633575,-0.460085928440094,-0.4078489243984222,-0.4555891752243042,-0.4296517372131347,-0.4226659536361694,-0.3902726769447326,-0.4352099299430847,-0.3545901179313659,-0.4383267164230346,-0.4056138098239898,-0.4344027638435364,-0.4276831448078155
S,0.0,0.0,1.0165805944166917,1.2633264504827841,1.079180525502357,1.1222784606732545,1.0333398348425438,0.9774010678263314,0.9671259542284606,0.9436411098621661,1.0591719230578809,0.9284443679842963,1.0858562119738095,0.7971259320197422,1.0639123712953713,0.9463796622904729,1.0496538632246246,0.9957177286794396,1.0012265778869787,0.9117736124243716,1.024908429111081,0.7839014164242435,1.0114550439968018,0.9564491907225094,1.0,1.0,-0.4522604346275329,-0.3814902901649475,-0.4594011306762695,-0.3275546729564667,-0.46071857213974,-0.4001946151256561,-0.4577041864395141,-0.4302689731121063,-0.4232330322265625,-0.3912464678287506,-0.4335227310657501,-0.3539392352104187,-0.4384126365184784,-0.4063724279403686,-0.4362676739692688,-0.4365022182464599
S,0.0,0.0,1.0129270230287626,1.2729437888010688,1.0737111918109141,1.1285519711814609,1.0268908752975947,0.9806440862721062,0.9620394863450257,0.9373320830129539,1.0584738380117282,0.9311735333356578,1.0834106385878761,0.7980034022905819,1.0613454701179401,0.9511349593615291,1.0484043490560713,0.9996071400389409,1.0004366023615454,0.9121710614449273,1.022726902696436,0.7840134183110765,1.0091571715477987,0.9610145946154254,1.0,1.0,-0.4518238604068756,-0.3735905289649963,-0.4578935205936432,-0.3212384283542633,-0.4588030278682709,-0.3932381272315979,-0.4563826322555542,-0.4210972189903259,-0.4226983189582824,-0.3835913836956024,-0.432334691286087,-0.3449018001556396,-0.436599463224411,-0.3960031569004059,-0.4345802068710327,-0.4250635504722595
S,0.0,0.0,1.0151204101904652,1.2677094734451564,1.0763215351546975,1.1340875306748912,1.0391315184700425,0.984195310889124,0.9751359327640025,0.934952153531946,1.0590960249926353,0.9210659217260192,1.0855166972942263,0.7730149209129333,1.0632514437664153,0.9283761057340683,1.048223515618192,0.991047050422121,1.0029960082415226,0.9048350823946235,1.0236045972208307,0.765118678036923,1.0100865672908095,0.9466408134044672,1.0,1.0,-0.4554124474525451,-0.3658939003944397,-0.4607331156730652,-0.3092407286167145,-0.4616088271141052,-0.3812585473060608,-0.4591463804244995,-0.4136810302734375,-0.4273580908775329,-0.3776215612888336,-0.4341024756431579,-0.3379284143447876,-0.4396432936191559,-0.3866982161998749,-0.43880495429039,-0.4160899221897125
S,0.0,0.0,1.0157537763441948,1.257066366706768,1.0755399343770147,1.1285092180325789,1.0429009296805039,0.986192137868798,0.9795518674406094,0.920094479838142,1.0570971435269034,0.9133231544675702,1.0825439793487233,0.7635983284804162,1.061082095338313,0.9119488048617599,1.0449925769238084,0.9798352460217566,0.9993170659097881,0.9010162744077017,1.0219691906480013,0.7560888567484896,1.0111665941195398,0.9354700794055789,1.0,1.0,-0.4572999179363251,-0.3769896328449249,-0.4638978242874145,-0.3203436136245727,-0.4670550227165222,-0.3940499126911163,-0.4642810821533203,-0.4295258522033691,-0.4288342595100403,-0.3918496966361999,-0.4380243122577667,-0.3503488898277282,-0.4451112151145935,-0.3999960124492645,-0.4441896080970764,-0.4311450719833374
S,0.0,0.0,1.0200672259748882,1.2755107923054267,1.0866781599799857,1.132339038754802,1.041223096605757,0.9889256872417823,0.9676557975591571,0.9569641649714995,1.062963045529869,0.9209371025667029,1.0833775479115113,0.8006322600080417,1.062393581578993,0.9557698356719034,1.0490827642409335,0.99783884972478,1.0033334324136205,0.9059737635197946,1.0212242360290602,0.7878606822274445,1.0115946229128119,0.9666343057949323,1.0,1.0,-0.4558529853820801,-0.38289874792099,-0.4600815176963806,-0.3387594819068908,-0.4630015790462494,-0.4127892553806305,-0.4601048529148102,-0.4327336251735687,-0.426361083984375,-0.3939981460571289,-0.4343242347240448,-0.3673353493213653,-0.4406501948833465,-0.4197244942188263,-0.4397906363010406,-0.4400190412998199
S,0.0,0.0,1.0203494010978456,1.2694351811238176,1.0862050947133817,1.1305003657342714,1.0401624091097106,0.9920832309974279,0.9681152084981396,0.952929284780604,1.0625962501983863,0.9259794100510156,1.0822345855050117,0.8048495991283479,1.0616761711594511,0.9536474487755556,1.047379120517051,1.0015165072479164,1.003525876526878,0.908967046888112,1.0221939522901584,0.7847574091723523,1.0121987506848773,0.9591810846782366,1.0,1.0,-0.4562128782272339,-0.3895015120506286,-0.460730642080307,-0.3432908356189728,-0.4631715714931488,-0.4172694385051727,-0.4599382281303406,-0.4397695660591125,-0.4265024363994598,-0.4006516337394714,-0.4349331259727478,-0.3736561834812164,-0.4407604336738586,-0.4260804057121277,-0.439491868019104,-0.4474242925643921
S,0.0,0.0,1.0091136938936565,1.2640946795280887,1.0729249124376086,1.1303799038854274,1.0340224496695312,0.9912424494020496,0.9731460296494812,0.930667804548304,1.0586478140581879,0.9353716872013582,1.0904152022136837,0.8130091635189844,1.0663819789167537,0.9556204928821413,1.0481967737149338,1.0056599891614368,1.0030139213504474,0.9123452254373734,1.035496767606993,0.7805802446129391,1.0169435010595023,0.9520247425558132,1.0,1.0,-0.4636132717132568,-0.3842172026634216,-0.4751583337783813,-0.3344813585281372,-0.4736461341381073,-0.4087906777858734,-0.4677142202854156,-0.4348969459533691,-0.4336684644222259,-0.390382707118988,-0.4474919438362121,-0.3608562350273132,-0.4500417113304138,-0.4143936038017273,-0.4454615414142608,-0.4377599954605102
S,0.0,0.0,1.012192093467326,1.2642045026939792,1.078075046870756,1.130331305067691,1.0347519258879105,0.9855565512608603,0.9670005129657075,0.9245352084802503,1.0630456539479678,0.9298326471793358,1.0871044439590172,0.8171377065081963,1.0621259420859634,0.9604076367964368,1.0464843471950873,1.00819252542765,1.0048087931657825,0.9062641632498336,1.0283767924855853,0.7903731711464114,1.0126774322899357,0.9601757985076499,1.0,1.0,-0.4615107178688049,-0.3887071311473846,-0.469091922044754,-0.3460346460342407,-0.4684115946292877,-0.4205781519412994,-0.4643192589282989,-0.4428527355194092,-0.4313964247703552,-0.3952538073062897,-0.4430129826068878,-0.3702408671379089,-0.4460006058216095,-0.4249615967273712,-0.4430909752845764,-0.4466578066349029
S,0.0,0.0,1.0035499368539584,1.2129682773209287,0.9579288025889967,1.09896847615682,0.9707990117784996,0.9624302507922108,1.0174037269850489,0.8999749645005529,0.9608092119442908,0.9389290459413948,0.9334946290063567,0.822615340829502,0.9512450383634634,0.9582750958603427,0.9673118856131256,1.013477258214582,0.9989714636449378,0.9120047447701846,0.973535763209686,0.7996129662165569,0.9865654009723783,0.9564704652119342,1.0,1.0,-0.682790219783783,-0.3873147964477539,-0.6681271195411682,-0.3542112708091736,-0.6725744605064392,-0.4244852364063263,-0.679501473903656,-0.4458694159984588,-0.7105100154876709,-0.3919775784015655,-0.692366898059845,-0.3717059791088104,-0.6915253400802612,-0.4205075204372406,-0.6973251104354858,-0.4386414587497711
S,0.0,0.0,1.0016894451408398,1.213026042835792,0.9538079679328637,1.0974738910393207,0.9644846490073058,0.9584044386149155,1.0106228421085897,0.8956644680112822,0.959380390930313,0.9458085635773336,0.9322698607038301,0.8435494152700305,0.9516532388864626,0.9684776820382199,0.9684948416778779,1.014138143842266,0.996433303559845,0.9126404860044413,0.9705286581303996,0.801896405080576,0.9856059093937021,0.9548223570283497,1.0,1.0,-0.6848613619804382,-0.3879492282867431,-0.6706182956695557,-0.3569899797439575,-0.6767053604125977,-0.4270202219486236,-0.6839677691459656,-0.4484766721725464,-0.7123440504074097,-0.3892762959003448,-0.6946792006492615,-0.3690768480300903,-0.6961657404899597,-0.4173381328582763,-0.7024714946746826,-0.434588760137558
S,0.0,0.0,1.0086513742968795,1.232944281501904,0.9633774689174237,1.1113260152525635,0.9756981157848102,0.9665306466192028,1.0219696520731716,0.9032553100454166,0.9579349013083482,0.9584362464462011,0.9310644540213479,0.8476834067080306,0.9534943912960836,0.9763600607076445,0.9704492383567267,1.0272219472480117,0.995087821874415,0.921195325382911,0.9704505031246996,0.8034551827920305,0.9875010208484353,0.9570197585325964,1.0,1.0,-0.6824158430099487,-0.3794546723365783,-0.6692042946815491,-0.3452562987804413,-0.6753544807434082,-0.4135894477367401,-0.6810789108276367,-0.4342751502990722,-0.7099833488464355,-0.3822108209133148,-0.6943885087966919,-0.3632322549819946,-0.6947174668312073,-0.4119219481945038,-0.6992745995521545,-0.4302394390106201
S,0.0,0.0,1.0090424645858616,1.2293979304126457,0.9641994568027202,1.112052619579277,0.9775442719454687,0.9687180994946328,1.023943782067726,0.9110434895185894,0.9578017419874084,0.9598118077840957,0.9307727483199129,0.8485707714322704,0.9540327666903282,0.978699269961768,0.97072588325324,1.0302839982768712,0.9950117270600968,0.9211680153431764,0.9699944485799266,0.8023765482665027,0.9878590119191831,0.9580175028155508,1.0,1.0,-0.6853358745574951,-0.3776833117008209,-0.6728025674819946,-0.3440419137477875,-0.6793188452720642,-0.4123447835445404,-0.684775173664093,-0.4319462180137634,-0.7128145694732666,-0.3803168833255768,-0.698254406452179,-0.361115425825119,-0.6985755562782288,-0.4092622697353363,-0.7027738690376282,-0.4268977642059326
S,0.0,0.0,1.008092925523926,1.234314913584619,0.9642933158761434,1.1143324142028475,0.9790703473554738,0.974225705627759,1.0247391043380365,0.9079615655759008,0.9571001015531564,0.952689046652535,0.9316568559479306,0.8497574928633778,0.9544763317417432,0.9810950129388152,0.97110586249742,1.0323048454371886,0.9943053794531095,0.9133139428695493,0.9706641519147863,0.8041361014898554,0.9880671908477925,0.9614812622814336,1.0,1.0,-0.6881709694862366,-0.375434011220932,-0.6766669750213623,-0.3468286991119385,-0.6825013160705566,-0.4150827527046203,-0.6873390674591064,-0.4321997463703155,-0.7155372500419617,-0.3786192834377289,-0.701945424079895,-0.3628727793693542,-0.7017804980278015,-0.4105221331119537,-0.7053923606872559,-0.4256934225559234
S,0.0,0.0,1.009543326078982,1.2374706606892134,0.9652554431208409,1.1137711825030567,0.9795442555100219,0.9696752497978176,1.0249681995394153,0.9104827701818942,0.9581202863366004,0.9613056446002043,0.9314743515197994,0.8451375108363809,0.9540535091858767,0.9781831081528299,0.9702028000569333,1.0324714941015782,0.9948109909934989,0.9224376279548767,0.9702927797576205,0.8001466129923147,0.987928172491625,0.9589875167389533,1.0,1.0,-0.6860393285751343,-0.3689741492271423,-0.6735024452209473,-0.3356221914291382,-0.6801813244819641,-0.4029941260814667,-0.685590922832489,-0.4207168519496918,-0.713306188583374,-0.3721331655979156,-0.6994818449020386,-0.3517808318138122,-0.6999189853668213,-0.3977945744991302,-0.7040992379188538,-0.4132029414176941
S,0.0,0.0,1.014399564943996,1.2261721992465884,0.9679156380932489,1.1035011345404613,0.9826316444361493,0.9619582754469729,1.0277796293950914,0.9054794364675591,0.9590755541335134,0.9738630245724424,0.9298570329239778,0.8432180086032856,0.9528319931327217,0.9716477598059011,0.9694920124932324,1.0315057810502581,0.9964255453568474,0.9312190167974392,0.9692292679964242,0.8023484311266635,0.987763864725283,0.9563415004359325,1.0,1.0,-0.667233943939209,-0.3794013261795044,-0.6536024808883667,-0.3421148955821991,-0.6612223386764526,-0.408852219581604,-0.666972279548645,-0.4277239739894867,-0.6945073008537292,-0.3789362907409668,-0.67920982837677,-0.3535481095314026,-0.6810053586959839,-0.3973088562488556,-0.6868195533752441,-0.4118383824825287
S,0.0,0.0,1.0147947602253469,1.2309568672906674,0.9703963724637017,1.1059652832923723,0.9851742774698851,0.9536334176246009,1.0268632803554252,0.8954517266301024,0.9591465213209363,0.990587770721225,0.9311207804699309,0.8458482914682919,0.9538895250309165,0.9673501701610899,0.970511610864288,1.0327522053117049,0.9952650574817936,0.9487460707293199,0.9676618879677552,0.8011636324009646,0.9868510969633124,0.9482912341693146,1.0,1.0,-0.6726946234703064,-0.3880109786987304,-0.6599422097206116,-0.3430661857128143,-0.667697548866272,-0.4083239138126373,-0.67396479845047,-0.4324984848499298,-0.6992580890655518,-0.3848750591278076,-0.6845608949661255,-0.3488284945487976,-0.6862407326698303,-0.3926636278629303,-0.6925376653671265,-0.4143252074718475
S,0.0,0.0,1.0151927269507761,1.2277509001401905,0.9708192298840767,1.1061701215898416,0.9844818141232676,0.9551606550872594,1.0261401900346512,0.9010457004680267,0.9582219255931789,0.9854436154182927,0.9299924194007981,0.8436113506687851,0.953659634853599,0.9677125574328869,0.9703478597753206,1.031647112932582,0.9947270338135418,0.9438520184156319,0.9666482047471177,0.804386896684851,0.986893931277116,0.952220619356395,1.0,1.0,-0.6721424460411072,-0.3839163780212402,-0.6583066582679749,-0.3396450877189636,-0.6667646169662476,-0.4044768512248993,-0.6733195781707764,-0.4278836250305176,-0.69868004322052,-0.381210446357727,-0.6835475564002991,-0.3480918109416961,-0.6854187250137329,-0.3922819793224334,-0.691698431968689,-0.4133730828762054
S,0.0,0.0,1.0220890054127636,1.2358630605712704,0.9703958456719802,1.115927588217585,0.9787269863241412,0.9587989833652594,1.0235712147404386,0.8977604700956138,0.9599077724091245,0.9890600017448232,0.927883378823378,0.8590050676918811,0.9518144213272467,0.9816211697991186,0.9700794709015645,1.038226966002433,0.9955168530122077,0.9412417169501809,0.964146843010623,0.8050961167995595,0.9850633572374103,0.9539789272594307,1.0,1.0,-0.6665621995925903,-0.3709383904933929,-0.6509225368499756,-0.3324644565582275,-0.6605851650238037,-0.3960029184818268,-0.6682153940200806,-0.4152750968933105,-0.6935266852378845,-0.3668031990528106,-0.675164520740509,-0.3406575322151184,-0.6785213947296143,-0.3856375813484192,-0.6857928037643433,-0.4030857980251312
S,0.0,0.0,1.029313016959939,1.234390423422534,0.9752482279235414,1.121407314789992,0.977283617161021,0.9616677142264609,1.0184427422653726,0.8798572179743153,0.9617834879152415,1.002271189797335,0.9258966449130752,0.8731143470974023,0.95446209464203,0.9933183383907641,0.9735673837798586,1.042794405168699,0.9950413753382735,0.9503849266129856,0.958465839617299,0.8188366486904586,0.9842576971702777,0.9653865575321119,1.0,1.0,-0.6631166934967041,-0.3771385252475738,-0.6436491012573242,-0.3356014788150787,-0.6561083793640137,-0.3985732793807983,-0.6653884649276733,-0.4149227440357208,-0.6889774203300476,-0.370149701833725,-0.6674039363861084,-0.3427235782146454,-0.6723776459693909,-0.3874762058258056,-0.6814782619476318,-0.4044479429721832
S,0.0,0.0,1.0293174648859278,1.235465098932121,0.9754478877649374,1.1218872080528375,0.979717182204747,0.958873020749933,1.021922283721297,0.8796282806418716,0.9629091718707856,1.0067727972071636,0.9285697406706626,0.8726885431674494,0.954250491489011,0.9895335584140296,0.972654952652933,1.0439440052943498,0.9968760517237146,0.9545450906826227,0.9613110595135085,0.8184586450242995,0.9842580440537353,0.960823471073851,1.0,1.0,-0.6672300100326538,-0.3766160905361175,-0.649429440498352,-0.3368820250034332,-0.6605693101882935,-0.3985576331615448,-0.6692227125167847,-0.4159336388111114,-0.6929529309272766,-0.3687386512756347,-0.6733660697937012,-0.343198150396347,-0.6778300404548645,-0.3872635960578918,-0.6863731145858765,-0.4036786556243896
S,0.0,0.0,1.02618497223924,1.2407800150913482,0.9746974651807553,1.1233895194720165,0.982179228417455,0.9624934338735673,1.0250519251746197,0.887406690756725,0.9621796195050123,0.9980739362464154,0.9287640470994862,0.8641193521317295,0.9544212356116213,0.9874324956616296,0.9726719267943125,1.044840300670113,0.9969231370903935,0.9454054751685893,0.9628611633637293,0.8070723524544962,0.9850765968962775,0.9553780657710452,1.0,1.0,-0.6685587763786316,-0.3639598190784454,-0.6512913107872009,-0.3236374855041504,-0.6618720293045044,-0.3869830965995788,-0.6697918772697449,-0.4066991806030273,-0.6949556469917297,-0.3583863079547882,-0.6759810447692871,-0.332185298204422,-0.6797841191291809,-0.3763080537319183,-0.6874085664749146,-0.3934391438961029
S,0.0,0.0,1.0246302625406596,1.2463038380678448,0.9739773536496547,1.1252040555100626,0.9823571550080528,0.9615424151603688,1.0238637426422559,0.8775750204415063,0.9615138339950056,0.9954603278846367,0.9276448296405614,0.8607020160525434,0.9538702673126532,0.9873046929701657,0.9722907705370628,1.046057238034206,0.9957558344618951,0.9423713025323245,0.962133990660737,0.8016637213639136,0.9848348359958554,0.9539249735785679,1.0,1.0,-0.6689955592155457,-0.3582293689250946,-0.6519880890846252,-0.3174906969070434,-0.662956953048706,-0.3817104697227478,-0.6712291240692139,-0.4018574953079223,-0.6954064965248108,-0.3528165817260742,-0.6771142482757568,-0.3266409039497375,-0.6808509230613708,-0.3721790313720703,-0.6882845759391785,-0.3904470801353454
S,0.0,0.0,1.0219035329494937,1.2414285647464054,0.9745480820283999,1.121833227234189,0.9840813073606747,0.9598776241054439,1.0245369520119425,0.8846387954098174,0.9610807621149247,1.0011742074514645,0.9291373469042118,0.8618020297100738,0.9548819860951615,0.9898885679844536,0.9730363292312464,1.0503930697920119,0.9953964072378336,0.9479940170041292,0.9637776026194663,0.8049938973502474,0.9855494690821363,0.957257309712983,1.0,1.0,-0.6890504360198975,-0.3611977100372314,-0.6729419827461243,-0.3199442028999328,-0.6829264163970947,-0.3829176723957062,-0.6903576850891113,-0.4005508124828338,-0.715783953666687,-0.3553430140018463,-0.6984930634498596,-0.3269758224487304,-0.7014134526252747,-0.3702086806297302,-0.7084662318229675,-0.3863801956176758
S,0.0,0.0,1.0263716249193438,1.2472667158106492,0.9750886431788038,1.1286936030441386,0.9816537408565709,0.9608629852236799,1.0229942990644747,0.8774273109972968,0.9609926248984646,1.0011394758426388,0.9271328407238284,0.8604752321808922,0.9552894099836714,0.988762168516639,0.973493799923759,1.0483364751796684,0.9953153074955718,0.9457436543430677,0.9609118433340941,0.8019356053037033,0.985584867187723,0.9556306623645076,1.0,1.0,-0.6751416921615601,-0.3553477823734283,-0.6577308177947998,-0.3150094151496887,-0.6697690486907959,-0.3787877857685089,-0.6777837872505188,-0.3982614874839782,-0.7016639113426208,-0.3487794101238251,-0.6830711960792542,-0.3216979503631592,-0.6875074505805969,-0.366472452878952,-0.6951391100883484,-0.3844108283519745
S,0.0,0.0,1.0249938470964008,1.2451898517605613,0.9754953926223557,1.1248255235970204,0.9848057287567943,0.9593628162571922,1.0260274623539332,0.870904891319479,0.961160442153003,1.0059457942557932,0.92724103077141,0.861586846437653,0.9553161359148746,0.9878070370884258,0.9734476591489097,1.0488125841012683,0.9960779206976422,0.9505471383200181,0.962526141905454,0.8013936601840786,0.9863804549321802,0.9545004747924456,1.0,1.0,-0.679512619972229,-0.357443630695343,-0.662784218788147,-0.3145248293876648,-0.6740660667419434,-0.3782021999359131,-0.6811856627464294,-0.397704541683197,-0.7061542272567749,-0.3508407771587372,-0.688666820526123,-0.3212915360927582,-0.692567765712738,-0.365627259016037,-0.6994019746780396,-0.3841758072376251
S,0.0,0.0,0.9949039774893487,1.2126304294385182,0.9583969593388645,1.0824876958180258,0.980497083711594,0.9414597565676711,1.0260013542672395,0.898010906708497,0.9626244786818255,0.9409546875683054,0.9437855885098577,0.7978828404563888,0.9564400964817101,0.930031018063544,0.9691709775060389,1.0049625495275614,0.9997465008864604,0.9205047510691821,0.9821893497690939,0.7820868908869287,0.9901430701460272,0.9372198595089226,1.0,1.0,-0.7077255845069885,-0.3842405676841736,-0.6983518600463867,-0.3387320339679718,-0.6992871761322021,-0.4055761098861694,-0.7041279673576355,-0.4370792210102081,-0.7349153757095337,-0.3899953067302704,-0.7228806018829346,-0.3471666276454925,-0.7196793556213379,-0.3924366533756256,-0.7236120700836182,-0.4231642782688141
S,0.0,0.0,1.0076686197283067,1.2444426575882657,0.9704091284884756,1.1058833850789305,0.9881035738421666,0.9524360122408436,1.0275389676998468,0.8916212409745455,0.9604296378734652,0.9741997740359251,0.9372422998979137,0.8188885783860119,0.9580752401588343,0.9541783434788684,0.9717515274538008,1.0253030552018458,0.9964604615370709,0.9398855445385619,0.9755570534478732,0.7860892221229199,0.9912452279546489,0.9461284831612239,1.0,1.0,-0.7027193307876587,-0.3770323097705841,-0.6922826170921326,-0.3308192491531372,-0.6980255842208862,-0.3986895382404327,-0.7024856805801392,-0.4236423075199127,-0.7296925187110901,-0.3803229331970215,-0.7177227735519409,-0.3411136865615845,-0.7174198031425476,-0.3872761130332947,-0.721549391746521,-0.4120575785636902
S,0.0,0.0,1.017491994414363,1.2348266352982267,0.9733070556877078,1.099589993003863,0.9853232178716406,0.9479231127733987,1.024955715995637,0.903342066377048,0.9575949127881083,0.9936715308335837,0.9296673942024791,0.8490598519346217,0.9575249008552777,0.9717175037243515,0.9732720080970757,1.0345329466231303,0.9921177885419853,0.9501049420555864,0.9675768162435676,0.802054329920217,0.9898931406453985,0.95014888532121,1.0,1.0,-0.737750768661499,-0.3872095644474029,-0.7264037132263184,-0.3460812270641327,-0.7374935150146484,-0.411268025636673,-0.7426988482475281,-0.4313668310642242,-0.7668830156326294,-0.3828884363174438,-0.7521169185638428,-0.3488397896289825,-0.7561065554618835,-0.3923687636852264,-0.7625146508216858,-0.4116868376731872
T,0.0,0.0,1.0142649910207238,1.1263889631324835,1.0561261349620472,0.9588488503273352,1.0468602971343064,0.8184907091617755,1.041170300305605,0.7024686766016702,1.0469698227116504,0.8516932102779129,1.0879771354300676,0.7280341349592712,1.0717451717041062,0.8106065050799072,1.0473078300901884,0.9127997343248595,0.9888226026451079,0.8463228373896413,1.0089846744840005,0.7412214736191451,1.0014451652782588,0.8844953857942399,1.0,1.0,-0.425268292427063,-0.411815345287323,-0.4354450106620788,-0.3816047608852386,-0.4370851814746856,-0.4533438682556152,-0.4386646449565887,-0.5007973313331604,-0.3964885175228119,-0.424665093421936,-0.4108239710330963,-0.395610511302948,-0.4152856767177582,-0.4482408165931701,-0.4164599478244781,-0.4841717481613159
T,0.0,0.0,1.018016554672048,1.102374777646145,1.0534367605043449,0.9388096489833991,1.0507665435574691,0.7934992424261242,1.034998531322437,0.6777838090706619,1.0338862968532896,0.8393233887081957,1.076512309161707,0.7427844170807264,1.0702918335767972,0.8043859246790951,1.0538288608504534,0.8995616450407554,0.9753433013580753,0.8340476063095146,0.9989222579362786,0.7490176259906217,0.9967222507789427,0.8814433692397559,1.0,1.0,-0.4205161929130554,-0.417022705078125,-0.4343603551387787,-0.3980373740196228,-0.4379102885723114,-0.4704755842685699,-0.4414262175559997,-0.5236483812332153,-0.3903169631958008,-0.4321144223213196,-0.4082146883010864,-0.4154970049858093,-0.4164683818817138,-0.4702958166599273,-0.4209087491035461,-0.5096821188926697
T,0.0,0.0,1.0278137032702934,1.1233053224765406,1.0607093696674446,0.9463805173526638,1.0427872560764477,0.8066185268854577,1.0176294129318681,0.6895473784817041,1.0405427769087412,0.8418765825927212,1.0752653265027257,0.7534682984956059,1.058139792433116,0.8546852192046075,1.0322223292585548,0.9525474777816395,0.9796609736928423,0.8398628419641528,0.9944657955113986,0.7532774564321534,0.9963441839744305,0.8921140335633783,1.0,1.0,-0.4133750796318054,-0.4127542078495025,-0.4226138293743133,-0.3944457769393921,-0.4306239187717438,-0.4670054018497467,-0.4354792535305023,-0.5147427320480347,-0.3847013115882873,-0.4305965006351471,-0.3987424075603485,-0.4119735062122345,-0.4094865918159485,-0.4642007648944855,-0.414831280708313,-0.4980200827121734
T,0.0,0.0,1.0114325046850619,1.1563439106442637,1.0543942243528324,0.9825327491207926,1.0470053894970044,0.8318525562264595,1.0441106814250838,0.7037196223405847,1.047703443069151,0.878139446055508,1.087192815172896,0.7726885924325751,1.066089345184623,0.8586834688380431,1.036763101928585,0.9565221764522008,0.9918500682260505,0.8688619254976845,1.0112807623165296,0.750333990482174,1.0032727103017727,0.8826478017494396,1.0,1.0,-0.4308284521102905,-0.40587317943573,-0.4413522779941559,-0.3724445402622223,-0.4426657259464264,-0.4443073272705078,-0.443356990814209,-0.4942904114723205,-0.4018661379814148,-0.4179463982582092,-0.4174062311649322,-0.3893008232116699,-0.4220410883426666,-0.4425467848777771,-0.4231498539447784,-0.479899913072586
T,0.0,0.0,1.0249883786324998,1.1127619341765012,1.066720036690855,0.9396921076438215,1.0435894402765795,0.7955308705842333,1.0243897170029264,0.6816465969920142,1.0436950325355738,0.8393893594748282,1.0698593279370212,0.7196221636181087,1.054751451991756,0.81408788819815,1.0383565681036355,0.9177129554914799,0.9825966543947032,0.8435889304516373,0.9922742863995926,0.7402742316438602,0.9924550304957381,0.8841578038134035,1.0,1.0,-0.4195715487003326,-0.4061036705970764,-0.4261203706264496,-0.3757141530513763,-0.4321404099464416,-0.4484336376190185,-0.4377147257328033,-0.4976342916488647,-0.3911792933940887,-0.4205459654331207,-0.4032320380210876,-0.3896517753601074,-0.4111657738685608,-0.4432089924812317,-0.4157878160476684,-0.4802792370319366
T,0.0,0.0,1.019774777314259,1.0964555171495232,1.0629655515759533,0.9311769497095357,1.0401615962285329,0.7943904956029421,1.0166448662095613,0.6872644145741256,1.0443818677074268,0.8307871706540979,1.0770715785558236,0.7165639751469722,1.0630219934526115,0.8057776069864496,1.0437045651875256,0.9035247920358953,0.9827973783009596,0.8272500687630492,0.9978289475360343,0.7486393213678405,0.9965691308793702,0.8931070507853353,1.0,1.0,-0.4202645719051361,-0.4018760323524475,-0.4269780218601227,-0.3801985383033752,-0.4325897395610809,-0.45263671875,-0.4374566674232483,-0.500098466873169,-0.3918525576591491,-0.4108859896659851,-0.4041636288166046,-0.3832698762416839,-0.4103038609027862,-0.4336432516574859,-0.4128730297088623,-0.4671579003334045
T,0.0,0.0,1.020526680481592,1.0929842020996001,1.063326187308269,0.9354657773856496,1.0414176455853503,0.8016626511227585,1.0216754880496557,0.6949539883451537,1.0460828830470041,0.8357168285738085,1.0807027394541913,0.7205834826951139,1.066744763286564,0.8068476077949882,1.0465763166198758,0.9010314754887293,0.9855744851120862,0.8322755948506435,1.003367697147337,0.7499271032246719,0.9999440462984349,0.8938840746922017,1.0,1.0,-0.4237460196018219,-0.4054481089115143,-0.4318794310092926,-0.3794437050819397,-0.4361296892166137,-0.4509043991565704,-0.4392506778240204,-0.4986369609832763,-0.3950966894626617,-0.4144461452960968,-0.4080583453178406,-0.3799176514148712,-0.413675844669342,-0.428382933139801,-0.4150370359420776,-0.4630427062511444
T,0.0,0.0,1.0197679302587375,1.1086031655124338,1.064834314391947,0.9440157261527017,1.0448369327984097,0.8040976547545637,1.0322316488749386,0.6923132436577063,1.0505267417254882,0.8395051792870007,1.0818551896601893,0.7315178435361275,1.0640415876163005,0.8232089341802574,1.0431398367306084,0.9210182085289798,0.990233162150305,0.8350432252384231,1.0057582873310993,0.7388371951928538,0.9995489512516197,0.8852691534084045,1.0,1.0,-0.4267588853836059,-0.4019770622253418,-0.4343657493591308,-0.3747956752777099,-0.4379892647266388,-0.447386234998703,-0.441245287656784,-0.496353805065155,-0.3977773487567901,-0.41152223944664,-0.4108442664146423,-0.3794326484203338,-0.4160876870155334,-0.4296044707298279,-0.4176086485385895,-0.4650134444236755
T,0.0,0.0,1.0167526967009093,1.1151458941004981,1.062624121730524,0.952830173230822,1.0476674836333464,0.8116476326565367,1.0361924050987914,0.6973314008766092,1.0518684144599013,0.852465973326857,1.0879446139308218,0.7406412477899603,1.0670327295423077,0.8278569405948425,1.041502353099045,0.9266423698778601,0.9928721804960345,0.8453405010245916,1.011074720932834,0.7381673765161664,1.001813197310859,0.8819360223470329,1.0,1.0,-0.4277182519435882,-0.4023424685001373,-0.4368434250354767,-0.3734479546546936,-0.4382168054580688,-0.4449571669101715,-0.4394540786743164,-0.4937375783920288,-0.3983565270900726,-0.410369724035263,-0.4133095443248749,-0.3768922686576843,-0.4166822135448456,-0.4267592430114746,-0.4160255193710327,-0.4626313745975494
T,0.0,0.0,1.0165802547324323,1.111335081999706,1.0621197766743582,0.9484967617304839,1.0495809399715004,0.804917379643211,1.0385070613366834,0.6893144488710291,1.0517866830016587,0.8503814123154596,1.087562781136199,0.7394538199667801,1.0658166284680495,0.8265308484619002,1.0408503064108787,0.9227548402613039,0.9931007586946194,0.842525051885639,1.009512234372526,0.7372773509831682,1.0002089460036805,0.8824364515102956,1.0,1.0,-0.4281639456748962,-0.4035598337650299,-0.4363541603088379,-0.3745313584804535,-0.4379530549049377,-0.4471603035926819,-0.4399848282337188,-0.4963454008102417,-0.3991613984107971,-0.4116374850273132,-0.4132728278636932,-0.3794276714324951,-0.4169003963470459,-0.4299741983413696,-0.4172533750534057,-0.4657535851001739
T,0.0,0.0,1.0170591418897943,1.1077404412961656,1.0648470922090891,0.9467625455675533,1.0494901346867058,0.8081374154626307,1.0377642491163366,0.6978553035945955,1.0521003622459688,0.8466786248094671,1.086112320209326,0.7428141386437517,1.064961058979228,0.8322404314303895,1.0417621516097353,0.9282520681133182,0.9918388784426544,0.8387757065128921,1.009829698678335,0.7428495321155677,1.0005904903277827,0.8866800306825637,1.0,1.0,-0.428225040435791,-0.4075093269348144,-0.4364265203475952,-0.3804368078708648,-0.4384703040122986,-0.4540699124336242,-0.4407922029495239,-0.5029833912849426,-0.3992219865322113,-0.4157705008983612,-0.4128832817077636,-0.3860386312007904,-0.4168792963027954,-0.4380931258201599,-0.4176898598670959,-0.4735574722290039
T,0.0,0.0,1.017512899985226,1.117561692982693,1.0659906978338307,0.9559034949310637,1.0534451327725445,0.8106328687732925,1.0462729928459056,0.69383132922332,1.0561735189196755,0.8491549575910062,1.0898804344749817,0.7414740549549161,1.0673289909722823,0.829522551641058,1.0416942218607916,0.9280741972626363,0.9963592091211392,0.8399680219619882,1.0117509758238712,0.7364385851423185,1.0012689669963424,0.8825118314050295,1.0,1.0,-0.4293688535690307,-0.3967384696006775,-0.4369497299194336,-0.3683570623397827,-0.4379710555076599,-0.440439760684967,-0.4397657811641693,-0.4886148869991302,-0.4001986682415008,-0.4045580327510834,-0.4137600064277649,-0.3743178844451904,-0.4171880483627319,-0.4242483377456665,-0.4177345335483551,-0.4584672152996063
T,0.0,0.0,1.027376792874822,1.110311367180899,1.0761779371341555,0.9499470936199211,1.0614194062061197,0.8009562535012504,1.0455111609268566,0.6848558150203038,1.0661928109733296,0.8605424236337799,1.100423245983925,0.7361104235842146,1.0712352683148922,0.8196673533084712,1.0434645386197432,0.9160370026659606,1.0047319968231456,0.8493689577844578,1.0134330144283241,0.7406331809773731,0.9988388604903626,0.8820858181503688,1.0,1.0,-0.425668329000473,-0.4012500047683716,-0.4281059503555298,-0.3704134821891784,-0.4292423129081726,-0.4409677982330322,-0.4336327314376831,-0.4909652173519134,-0.3970590233802795,-0.4077156484127044,-0.4047259390354156,-0.3759136497974396,-0.408854603767395,-0.425240159034729,-0.4127925634384155,-0.4606232941150665
T,0.0,0.0,1.0199136414761083,1.124296537705579,1.07482746334312,0.9732997794207965,1.0715564627476983,0.8213424703401677,1.0696265434285175,0.7002599261440042,1.0779153079193713,0.8864184773232275,1.1191772910763913,0.7661310479233598,1.0859411230426599,0.8324981583268506,1.0507474503655088,0.9226754693096739,1.018323699756854,0.8627796531094527,1.0321195220088752,0.7440641850798319,1.0076920919524852,0.8797774675018862,1.0,1.0,-0.4334683716297149,-0.3978427052497864,-0.4366306662559509,-0.3642123937606811,-0.4324328303337097,-0.4336086213588714,-0.4331185519695282,-0.4834268391132355,-0.4048398733139038,-0.398987203836441,-0.4147655367851257,-0.3655694127082824,-0.4142614901065826,-0.4140874743461609,-0.4143015444278717,-0.4494702816009521
T,0.0,0.0,1.0213147903871327,1.113948775188362,1.0750433815362153,0.9588854844476988,1.0699391931391207,0.8081917933445,1.0661929664668592,0.6888020838253273,1.0753222581190167,0.8733001882077865,1.1142870476204074,0.7542633919040802,1.0825428414978933,0.824861400954629,1.0480649970823388,0.9154997040793719,1.014814566571985,0.8535983230450692,1.028298536886138,0.7383771332388452,1.0064523011978141,0.8801004429803961,1.0,1.0,-0.4298973083496094,-0.4004554152488708,-0.4333167374134063,-0.367440789937973,-0.4306226670742035,-0.4375692009925842,-0.4318893849849701,-0.4872209727764129,-0.4010519981384277,-0.402202159166336,-0.4113865196704864,-0.3660771548748016,-0.4116870164871216,-0.4131890535354614,-0.4118440747261047,-0.4479718506336212
T,0.0,0.0,1.0176901085125034,1.1200021739259098,1.0731840769108976,0.9666210731951816,1.0709350630521115,0.8148063955423827,1.0709230355371004,0.6935538323812755,1.0770338018521453,0.8766886348158942,1.1198319723290915,0.7577881882128541,1.0885938211566355,0.827200382448043,1.0535522805515805,0.9172243980926726,1.0173284286485418,0.853543324224185,1.0336599537578195,0.7377657323727923,1.0091075235524047,0.8796310078965822,1.0,1.0,-0.4337817728519439,-0.3950658738613128,-0.4388824701309204,-0.3619997799396515,-0.4341532289981842,-0.4310978651046753,-0.4335545599460602,-0.4794483780860901,-0.4054279923439026,-0.3952460885047912,-0.416754812002182,-0.3598598539829254,-0.4159629642963409,-0.405548095703125,-0.4149116575717926,-0.4389205873012543
T,0.0,0.0,1.0135070469730723,1.1298251836940452,1.0663016609374278,0.9683823345922862,1.0577263551639176,0.817789802265959,1.0502004429907283,0.6991827371740271,1.0597050802924686,0.8719418288018997,1.0946834407005444,0.7530018199837776,1.0725594494055555,0.8226313643805855,1.0443360493971126,0.9188915202230085,1.0015131014223715,0.8553394693580683,1.0176020577106448,0.7397986791581591,1.0042855773456154,0.8800811626890098,1.0,1.0,-0.4395672082901001,-0.3905089497566223,-0.4468429088592529,-0.3577324748039245,-0.4452386498451233,-0.4272778928279876,-0.4453642666339874,-0.4744409322738647,-0.4104533493518829,-0.3958902657032013,-0.4236300885677337,-0.35767263174057,-0.4246262311935425,-0.4040824770927429,-0.4235058724880218,-0.4377872943878174
T,0.0,0.0,1.014865804192015,1.1066523647655964,1.061249388830085,0.942969970928131,1.0472949679157135,0.7996189608185189,1.0361376419397632,0.6819199040551365,1.0511018260458858,0.8363043589888192,1.0857972712749142,0.7187437667316534,1.0668146510177101,0.8060559517722132,1.0436892506446398,0.9049733548871157,0.9903871806913022,0.8283176379557515,1.0054461368037453,0.7372526547651534,0.9991291412580298,0.8858945229749517,1.0,1.0,-0.4297837018966675,-0.393510639667511,-0.4365861117839813,-0.3700282573699951,-0.4394764006137848,-0.4439413845539093,-0.4424024224281311,-0.4921982586383819,-0.4007547795772552,-0.4015147387981415,-0.4128347635269165,-0.3737129271030426,-0.417725533246994,-0.4257249236106872,-0.4194294512271881,-0.4602003693580627
T,0.0,0.0,1.0177532747714377,1.1229189440496607,1.064781158157824,0.9563737985074143,1.0533487255053609,0.8067271052434206,1.0433244486416517,0.6807409444482541,1.0583619060024587,0.8472628890424623,1.094619719456498,0.7377846205221448,1.0726956436788158,0.818381243505261,1.043656411550642,0.9162782543041134,0.9979879674028966,0.8368364729700281,1.0151439434028315,0.7392247502829263,1.004336815025278,0.8828303922650482,1.0,1.0,-0.4282836616039276,-0.3905996680259704,-0.4363219738006592,-0.3640919923782348,-0.4382334351539612,-0.4350302219390869,-0.4397298991680145,-0.483424574136734,-0.3984310328960418,-0.3999803960323334,-0.4121242165565491,-0.3681201934814453,-0.4167760610580444,-0.4182468950748443,-0.4177570939064026,-0.4534068405628204
T,0.0,0.0,1.0087047189162452,1.1152303896808176,1.0648615657699834,0.9712657569508746,1.0684422854877564,0.8307152622336372,1.0704385775596026,0.7208404295887949,1.06364536635615,0.8871840170472678,1.1063945460882099,0.7844553240362546,1.0867359304056297,0.831536895184811,1.0543241267131274,0.9110907265420081,1.0102313477440374,0.8605882339012833,1.03131209505341,0.7514959332080692,1.0115852180734735,0.8809026430547825,1.0,1.0,-0.4451062977313995,-0.3953605890274048,-0.4548928141593933,-0.3637917637825012,-0.4489360153675079,-0.4310061037540436,-0.4458028972148895,-0.4792602658271789,-0.4162876904010772,-0.3959698975086212,-0.4314686059951782,-0.3625730872154236,-0.4297245740890503,-0.407295674085617,-0.4268072545528412,-0.4415769875049591
T,0.0,0.0,0.9992941341483247,1.1481749620874675,0.9648874004868694,1.0020544172350714,0.9684783621836954,0.8497700766411196,0.973227280216846,0.7226825071914804,0.9730560690598181,0.8958727362987847,0.9420450233460814,0.7967259892960848,0.9379642224142061,0.8059502614774667,0.94750660558406,0.8676418744772151,1.0098712982296194,0.8684565008942597,0.9931471705701439,0.7689330767295254,0.9946861924910758,0.883126304837163,1.0,1.0,-0.6995442509651184,-0.3772261440753937,-0.686619758605957,-0.3451014161109924,-0.6860009431838989,-0.4073602259159088,-0.6877999901771545,-0.4563824236392975,-0.7281978130340576,-0.3799930512905121,-0.711373507976532,-0.3453203439712524,-0.707815408706665,-0.3865121304988861,-0.7082006931304932,-0.4212324321269989
T,0.0,0.0,0.996315255194349,1.1331527221753666,0.9556821484887283,0.9994478430178704,0.9524898146059848,0.8503020976250969,0.9531027663333007,0.7259553782055544,0.9465538747485512,0.8902261306706216,0.9122563684060467,0.7997373784907696,0.9310564784907179,0.8538285427294338,0.9551800109303067,0.9300538988857582,0.9864894427358664,0.8504835753549224,0.9689821067249871,0.7684148874784699,0.9871281874162869,0.8973700737195192,1.0,1.0,-0.7059378623962402,-0.3950711190700531,-0.6949315071105957,-0.3670288920402527,-0.7025418877601624,-0.436503529548645,-0.7071818113327026,-0.4821543097496032,-0.736171543598175,-0.3931040167808532,-0.7204468250274658,-0.3646005094051361,-0.7218647599220276,-0.4110234379768371,-0.724290668964386,-0.4400318562984466
T,0.0,0.0,0.9971562228003626,1.1435981973749076,0.959866541023824,1.0034135574370773,0.9621980344631511,0.854942767052434,0.9678369691382618,0.7301138891045417,0.9570975567331949,0.8846680821210753,0.9287461909132769,0.7919899365491725,0.938102497831829,0.8443345194877327,0.9557802308734902,0.9275571618143514,0.9958818833634484,0.8508427901884316,0.979279764219471,0.7647166252291552,0.9894743930486101,0.890686467063648,1.0,1.0,-0.713127613067627,-0.3891242146492004,-0.7007391452789307,-0.3644972443580627,-0.7045251727104187,-0.4325608611106872,-0.7083806395530701,-0.4792062938213348,-0.7428907155990601,-0.3915790319442749,-0.7257530689239502,-0.3645648658275604,-0.7247511148452759,-0.4109601974487304,-0.7263780832290649,-0.4422427117824554
T,0.0,0.0,0.9957309845086715,1.1269517672629397,0.9565152074669734,0.9935011878125444,0.9623145423400882,0.846537945397722,0.9783927218251266,0.7253158225330023,0.965725771937431,0.8635645378149109,0.9374719413788369,0.761104991882961,0.9409234356434364,0.8167291595506653,0.9524613153497297,0.9024782874007437,1.0050043478853277,0.8394880828564812,0.9885781978268608,0.7612249884544876,0.9936373964953494,0.8895902334560164,1.0,1.0,-0.7137745022773743,-0.38925302028656,-0.7009773850440979,-0.3633312284946441,-0.7011668682098389,-0.4303951263427734,-0.7030262351036072,-0.4795237779617309,-0.7429439425468445,-0.3940871059894562,-0.7254404425621033,-0.3653154373168945,-0.7222632169723511,-0.41120246052742,-0.7232309579849243,-0.4453574120998382
T,0.0,0.0,0.9960551292474658,1.1271907138756727,0.9570889012284082,0.9924942999568646,0.9616437155129706,0.8425677599722378,0.9730990166608158,0.7180113579237897,0.9656035509646598,0.8717409537153256,0.9346519756747935,0.7628134050744169,0.9377403374698109,0.8171077835183618,0.9502856849096326,0.9009923102120774,1.0032741001198233,0.8459958940229819,0.9860545729127678,0.7636985577188151,0.9922589371824183,0.8905711070245939,1.0,1.0,-0.7063027620315552,-0.3850974440574646,-0.693141520023346,-0.3551626801490783,-0.6945604085922241,-0.4207049906253814,-0.6975600719451904,-0.4677531719207763,-0.735382616519928,-0.387280523777008,-0.71714848279953,-0.3538730144500732,-0.7152948379516602,-0.3984622061252594,-0.7176441550254822,-0.4315308332443237
T,0.0,0.0,1.0070901454202656,1.1267343062787794,0.9662522257998927,0.9891407805575441,0.955477751466387,0.8569988721281412,0.9391180273785107,0.7505699379941538,0.9744569566175182,0.8787656502223862,0.9401272441835867,0.7912513517553263,0.9330722811576937,0.8164161374738718,0.938356337469884,0.8817272496577533,1.0091348318830715,0.8507441398550779,0.9840214780481058,0.7684931358322746,0.9900148971544497,0.8913587564444749,1.0,1.0,-0.6997349262237549,-0.3895038664340973,-0.6831961274147034,-0.3621294498443603,-0.6859941482543945,-0.4266216456890106,-0.6899693012237549,-0.4736188650131225,-0.7275526523590088,-0.3922474384307861,-0.7076840400695801,-0.3631810545921325,-0.706180214881897,-0.4079140126705169,-0.7084036469459534,-0.4427234530448913
T,0.0,0.0,0.9940542899381624,1.1315437981633962,0.9617166121709588,0.9863880896218225,0.9648527618536694,0.8414753762728151,0.9629300580966764,0.7215591456343042,0.9599820931426045,0.8810502845082108,0.9287400161921104,0.7825763380425145,0.9422824051740565,0.8486795825138113,0.9612723527325455,0.934452577292276,0.9999813652500232,0.855256399473551,0.9842265152720088,0.7689405075236558,0.9927140752203494,0.8962034364239955,1.0,1.0,-0.7094867825508118,-0.3951378166675567,-0.6982737183570862,-0.365906298160553,-0.6996942758560181,-0.4341815114021301,-0.7008311748504639,-0.4796838462352752,-0.7387470602989197,-0.4007878303527832,-0.722248911857605,-0.3727495968341827,-0.7198931574821472,-0.4199222922325134,-0.7204124331474304,-0.4513015747070312
T,0.0,0.0,0.9908121617925074,1.1206033493342493,0.9577962912945157,0.9942853427192099,0.9629251869874865,0.8550682893455928,0.9736108389507097,0.7330174218022514,0.9600836168710694,0.8866155122704282,0.9317012790039771,0.7989952681716799,0.9382483303480222,0.8484261202896778,0.9539813232780207,0.9293032056900166,0.9973131769591863,0.8603967841363503,0.9818545906819156,0.7774536111886318,0.990196621892892,0.8938419029858524,1.0,1.0,-0.7168837785720825,-0.4085132777690887,-0.7050778269767761,-0.3766736388206482,-0.7072100639343262,-0.442432552576065,-0.7107418775558472,-0.4906441271305084,-0.7457187175750732,-0.4121575057506561,-0.7290317416191101,-0.3799510300159454,-0.7267338633537292,-0.424024373292923,-0.727973461151123,-0.4564887881278991
T,0.0,0.0,0.9887335167571764,1.1240304460594852,0.9558689618691371,0.9941790973927811,0.9636270347509179,0.8550822169686099,0.9841048126431925,0.7357648271460786,0.9660731153543618,0.8800306108174129,0.941644253921801,0.790308554427505,0.9408461541103772,0.8490950495014691,0.9485677311432389,0.9395124923429004,1.0034007261385847,0.8589810902604706,0.9865522672080075,0.7670759913291116,0.9910628965166645,0.8858259583649685,1.0,1.0,-0.7239853739738464,-0.4066268503665924,-0.7113377451896667,-0.3717767596244812,-0.7110554575920105,-0.4392328262329101,-0.714056670665741,-0.4904455542564392,-0.7524741291999817,-0.4133350551128387,-0.7345600724220276,-0.3788203597068786,-0.7306391000747681,-0.4234614968299866,-0.7322486639022827,-0.4581072032451629
T,0.0,0.0,0.9911135760392531,1.126966456462655,0.9573465360856511,0.9890632004372264,0.9595707128831553,0.8448968724555544,0.9640961050041107,0.7245492168512608,0.9659779359605042,0.8880166418715413,0.9401537479885576,0.7960881350468977,0.9361750808904522,0.8410082924874842,0.9408500083037077,0.9227754348671471,1.001711472124822,0.8645648521296926,0.9855959379873287,0.7748969814864316,0.9914586640748358,0.8920745330063409,1.0,1.0,-0.7231218218803406,-0.4096452593803406,-0.7107914686203003,-0.3731034398078918,-0.7113326191902161,-0.4373260140419006,-0.7144761085510254,-0.4864149689674377,-0.7509768605232239,-0.4139548242092132,-0.7345951199531555,-0.3769663572311401,-0.7312654256820679,-0.4191634356975555,-0.7323751449584961,-0.4536753594875335
T,0.0,0.0,0.991542184920436,1.1213863069366987,0.95952140578946,0.981947155443323,0.9663789511897868,0.8446769825719238,0.9752990241414778,0.7290148180190024,0.9693527698304997,0.8818948138580235,0.9431471221249341,0.7834930063426965,0.9458152178610634,0.8400539212161892,0.9570962806738523,0.9270242842460653,1.0063648621783514,0.8644827699989691,0.9927090662356409,0.7771628623682272,0.9946947524915077,0.8916948637823138,1.0,1.0,-0.7208858132362366,-0.4141083657741546,-0.7104089260101318,-0.3813905715942383,-0.7082815766334534,-0.4455516040325165,-0.7091481685638428,-0.4938715696334839,-0.7493665218353271,-0.4193612933158874,-0.7343936562538147,-0.3828746080398559,-0.7302600145339966,-0.424017995595932,-0.7307344079017639,-0.4566390216350555
T,0.0,0.0,0.9933303410362941,1.1273337495512037,0.9590825420211592,0.9884830358591631,0.9638862073170911,0.8457031246275919,0.9715429267137016,0.7232371920051849,0.9642570032240229,0.8844614064278523,0.9369105025736607,0.7878843482102516,0.9416678399893792,0.8478333228569138,0.9552167570017115,0.9370916540096901,1.0017054018740492,0.8612743042073832,0.9862788227912772,0.7722199931141642,0.9916097270224734,0.8900252431922288,1.0,1.0,-0.7181119322776794,-0.4012666046619415,-0.7064704895019531,-0.3671250939369201,-0.7065567970275879,-0.4319605827331543,-0.7093299627304077,-0.4804736375808716,-0.7469893097877502,-0.4049396812915802,-0.7310264110565186,-0.3692842423915863,-0.7276263236999512,-0.411144345998764,-0.7288406491279602,-0.4438259601593017
T,0.0,0.0,0.9903359724085719,1.121624870010285,0.9565151835245963,0.985076429737933,0.9623555260737157,0.8418553161317543,0.9729846247584852,0.7188704220948007,0.9623177239477413,0.8828421688314559,0.933910800900756,0.7856785287252475,0.9384296154913799,0.844786148896774,0.9527193345932323,0.9316804034797095,0.9993157815198637,0.86085407861129,0.9835936195853502,0.773881619478079,0.9904710290950076,0.891743291599101,1.0,1.0,-0.7202930450439453,-0.4023423790931701,-0.7085593938827515,-0.3676880002021789,-0.7093237638473511,-0.4326049089431762,-0.7127082347869873,-0.4816484153270721,-0.7490274310112,-0.4060661196708679,-0.7326744198799133,-0.3704749345779419,-0.7296053171157837,-0.4138064086437225,-0.731097936630249,-0.4484701156616211
T,0.0,0.0,0.9931346080887826,1.12901472825105,0.960123096456312,0.9881393838719325,0.9657288979224805,0.8448405148480008,0.9715922118322148,0.7237748063645814,0.9700259646904996,0.8829401636973352,0.9435618274294819,0.7857582927927363,0.9458077456162638,0.8422844876474429,0.957094743234618,0.92863717153898,1.0069741805905847,0.8628976407050875,0.9922610281081029,0.7727936356453035,0.9945708080038173,0.8915176889337505,1.0,1.0,-0.724267840385437,-0.4077079594135284,-0.7129721641540527,-0.3739532828330993,-0.7110334634780884,-0.4383518099784851,-0.7119211554527283,-0.4861864745616913,-0.7529640793800354,-0.4140558838844299,-0.7369858026504517,-0.3782747387886047,-0.7328671216964722,-0.4214226305484772,-0.7330201268196106,-0.4557983577251434
T,0.0,0.0,0.9943432334971443,1.1297869337551347,0.966816210581102,0.9755848862223199,0.9766562936483573,0.837128037285792,0.9854382111105744,0.7182187433047983,0.9888104376354089,0.8639254259035455,0.9597778466888325,0.7599569798649161,0.9535252073348373,0.8263557934508421,0.9554712520567266,0.9206476611868524,1.026608497425618,0.8594689614926075,1.0069096318089272,0.7754077230601729,1.0010803279542888,0.8930711717170561,1.0,1.0,-0.7335327863693237,-0.4138076901435852,-0.7177912592887878,-0.3836638927459717,-0.7100667357444763,-0.4474803209304809,-0.7068706154823303,-0.4945990145206451,-0.7608544230461121,-0.4253820478916168,-0.740867018699646,-0.3921261131763458,-0.7327432036399841,-0.4344744384288788,-0.7312120199203491,-0.4677609205245971
T,0.0,0.0,1.0057895323923198,1.1240742152690744,0.971612882323645,0.9831940466716543,0.9732613244780189,0.8532666941467436,0.9768622074387141,0.7393609214244528,0.98687400202296,0.8653571734914153,0.9515149002038367,0.7750694547031437,0.9493932484478945,0.8396813303851817,0.9576411817544817,0.9287831964889038,1.0256241018371715,0.8530170503552554,0.9997419577037775,0.7781093786484566,0.9969041087182993,0.8988083097846545,1.0,1.0,-0.721812903881073,-0.4300704896450043,-0.703369677066803,-0.4053583145141601,-0.6983621716499329,-0.4748611450195312,-0.6979042291641235,-0.5216847658157349,-0.7498223781585693,-0.4397991597652435,-0.7277708649635315,-0.413161963224411,-0.7209870219230652,-0.459997683763504,-0.7210498452186584,-0.4928165972232818
T,0.0,0.0,0.9961642496881271,1.1150157019877531,0.9586293426194825,0.9849488167641575,0.9610093975839338,0.8510802173852446,0.9706033202463943,0.7361526279510027,0.9655480526697043,0.8768518990971889,0.930537315097764,0.7882099025281453,0.9377569854842716,0.8567096174025364,0.9541946162829329,0.9365026804641949,1.0036400178341733,0.8540633470203075,0.9843819339962371,0.7819443440481032,0.9915607257413844,0.9034835640559365,1.0,1.0,-0.7179765701293945,-0.4282357692718506,-0.7040672302246094,-0.4006059169769287,-0.7052581310272217,-0.469851016998291,-0.7078930735588074,-0.5160216689109802,-0.746720016002655,-0.4328145086765289,-0.727763831615448,-0.4021694362163543,-0.7254588603973389,-0.4504563212394714,-0.727423906326294,-0.4843299686908722
T,0.0,0.0,0.9962806442337785,1.123524066148691,0.9567274999309948,0.99595626216172,0.9565081544182027,0.854410580965856,0.962832140806148,0.7286278997210702,0.9620766750577502,0.8803474813495173,0.9281162789067751,0.7874782065773105,0.9320227056783837,0.8482091178949962,0.9474012921397557,0.9322676553997616,0.9982570035464752,0.8512880303656732,0.978880531454709,0.7748923359695862,0.9884469377246506,0.9036765994384606,1.0,1.0,-0.7144874334335327,-0.4034042656421661,-0.7006915211677551,-0.3708338141441345,-0.7038246989250183,-0.4384269416332245,-0.7087993025779724,-0.4814851284027099,-0.7436032891273499,-0.4062204658985138,-0.7256876230239868,-0.3733468651771545,-0.7249394059181213,-0.4203023612499237,-0.7283064126968384,-0.4509368240833282
T,0.0,0.0,0.9924858116482075,1.1292846989821854,0.955351865607049,1.0009944753731506,0.9566583698688995,0.8530763024749475,0.9651730189240094,0.724457358637572,0.9600875232851733,0.8842249289432553,0.9280762291571405,0.7822829851896068,0.9325049811822006,0.8414323229827066,0.9482219989972116,0.9236488615677261,0.9964306700129728,0.853906611098768,0.9792850753505103,0.7674995986068193,0.9885552640526581,0.9017769133080321,1.0,1.0,-0.7156177759170532,-0.3909638226032257,-0.702766478061676,-0.3543809354305267,-0.705527126789093,-0.4222427010536194,-0.7105942964553833,-0.4646683037281036,-0.7447623610496521,-0.3952257931232452,-0.7274620532989502,-0.3631344139575958,-0.7262463569641113,-0.4107395708560943,-0.7296123504638672,-0.4403426349163055
T,0.0,0.0,0.9940572587078661,1.1320602989791346,0.9560677813392443,1.0048498916571011,0.957482075525188,0.8585138561254079,0.9664190222869602,0.7301718645931035,0.9615756269537776,0.8844189519644662,0.9300187624697525,0.7901641241810118,0.9343489343720277,0.8542202907050763,0.9496892826780543,0.9359946569302481,0.9975076436340562,0.855903436453275,0.9786977808515269,0.7727038535105412,0.9882349818812137,0.9055079537435413,1.0,1.0,-0.716315746307373,-0.3971058428287506,-0.7028225660324097,-0.3614991307258606,-0.7062658071517944,-0.4299482107162475,-0.7116280198097229,-0.4712826311588287,-0.7450259327888489,-0.4002406299114227,-0.7270427942276001,-0.368236631155014,-0.7267810106277466,-0.4159623086452484,-0.7307417988777161,-0.4440643787384033
U,0.0,0.0,1.0178866737130547,2.5700468548109927,1.0678074851295356,2.3143427057456964,1.0361481131083279,2.1284559229788695,0.9801819148313459,2.004700055251263,1.026110698406187,1.8231534331916521,1.0285812965512515,1.4740140694947772,1.0256273101627411,1.2457575078635164,1.0196539021078725,1.053272114644195,0.9603348596805901,1.8290554209319627,0.9730001551410951,1.4429487207374954,0.9883299751155586,1.1889823761523368,1.0,1.0,-0.450870156288147,-0.524562418460846,-0.4669947028160095,-0.5008019804954529,-0.4805361926555633,-0.5714719295501709,-0.486359179019928,-0.6246476173400879,-0.4245157837867737,-0.5614330172538757,-0.4492866992950439,-0.5605960488319397,-0.4641844034194946,-0.6174030303955078,-0.4695938527584076,-0.6592747569084167
U,0.0,0.0,1.0535946881502731,2.514139486331111,1.0995962100650807,2.26683478801559,1.050629980603547,2.104435360795744,0.9838154046899333,2.003466584096951,1.0590184998577383,1.8035970534875156,1.052574001314812,1.4552614201928105,1.0468498660576415,1.2396893639937454,1.0333303232106108,1.0514598113643185,0.9899772028780988,1.8048901977126806,0.9928824777191163,1.4280816621208174,1.000081735162759,1.1910533445092244,1.0,1.0,-0.4560418426990509,-0.5372101664543152,-0.4692512452602386,-0.5384043455123901,-0.4840211570262909,-0.602169394493103,-0.4901172518730163,-0.6417496204376221,-0.4302136600017547,-0.5751568675041199,-0.4511699676513672,-0.5940278172492981,-0.467174768447876,-0.6431324481964111,-0.4739694595336914,-0.6705324649810791
U,0.0,0.0,1.0255805602007824,2.5394331556419836,1.0711011988444594,2.2885213156341613,1.0311965971943315,2.104421580261658,0.9742018577784716,1.9784990292427456,1.0394986059989342,1.827874773865283,1.0400951999575818,1.4705813321705716,1.0362197010393512,1.243203870149062,1.0259327065160413,1.0480454504171384,0.9706766157251161,1.8196097779416185,0.9821299325430786,1.439859852370442,0.9941174324117027,1.1894420293335681,1.0,1.0,-0.4590179026126861,-0.5277580618858337,-0.4769985675811767,-0.5262887477874756,-0.4905296564102173,-0.591717004776001,-0.4964476525783539,-0.6373932361602783,-0.4326481819152832,-0.5620060563087463,-0.4586498737335205,-0.5815958380699158,-0.473949521780014,-0.6350169777870178,-0.4811468124389648,-0.6702175140380859
U,0.0,0.0,1.0242054795808957,2.5402522081486727,1.070928171027633,2.283363526326168,1.0365094947423863,2.094787365834499,0.9820809663098888,1.9669911484505507,1.0367630876018135,1.817726296939011,1.0364536502323132,1.4621959713167105,1.0320345271909859,1.2345249738106614,1.021969112695397,1.0374992986200613,0.9696848958823197,1.8113036491034669,0.9818407761328793,1.4398140624281455,0.9935270922292658,1.189046690849062,1.0,1.0,-0.46132892370224,-0.5221875309944153,-0.4813702702522278,-0.5215566754341125,-0.4948693215847015,-0.5879589319229126,-0.5008718371391296,-0.6334959268569946,-0.4358870387077331,-0.556313693523407,-0.4626748561859131,-0.5754120945930481,-0.4770849645137787,-0.628276526927948,-0.4837360084056854,-0.6624700427055359
U,0.0,0.0,1.0328834995593472,2.5719078092753995,1.078118235367365,2.3232765206594843,1.035765501806376,2.143988536040719,0.9754105622130911,2.025617819098119,1.0461057922425556,1.8398694358110266,1.0462294883821641,1.4734683212642907,1.0434485635520725,1.2394230221317983,1.033943163155326,1.0382400302567327,0.9762498110688724,1.838058012997577,0.984285878035842,1.438732577141052,0.9947253609954029,1.1906888361252965,1.0,1.0,-0.4627597332000732,-0.5248048305511475,-0.4782634377479553,-0.523184061050415,-0.4931031465530395,-0.589693009853363,-0.5001915693283081,-0.6336719989776611,-0.4361314475536346,-0.5622999668121338,-0.4585651755332947,-0.5778412222862244,-0.4753656089305877,-0.6300507187843323,-0.4837782084941864,-0.6624735593795776
U,0.0,0.0,1.0229698997742076,2.57357828647811,1.067560514889993,2.322876913891088,1.0380419421386917,2.1303796885279955,0.9868615798035398,1.9932146330482938,1.037117887716481,1.8477934575061208,1.0377126520269093,1.485590465330727,1.0331975021291309,1.2538046420957396,1.0252989485458093,1.0557469531140682,0.9708782461994722,1.8434522479990891,0.9792859347406869,1.457711882746495,0.9907947285735171,1.197271686709815,1.0,1.0,-0.4675856232643127,-0.5276057720184326,-0.4841275215148926,-0.5191358923912048,-0.4976121485233307,-0.58697909116745,-0.5042984485626221,-0.6368611454963684,-0.4403780698776245,-0.5632457733154297,-0.4636009335517883,-0.5723746418952942,-0.4801718294620514,-0.623830258846283,-0.4889813065528869,-0.6608341932296753
U,0.0,0.0,1.0290788495580576,2.6033906719753515,1.0730645558443033,2.351941578068323,1.0403483918175611,2.1689651218874912,0.9884973726433736,2.0304762783278467,1.0404918735573279,1.8636208082988488,1.0395075166743701,1.5034048784584246,1.0349730049521564,1.2741149611236215,1.0271540065268483,1.0787152291975641,0.9750929431188579,1.8666128720309156,0.9818348393679449,1.473194672547092,0.9922639719562437,1.2071434678569073,1.0,1.0,-0.4689995050430298,-0.5356948971748352,-0.4816777110099792,-0.5199459195137024,-0.4967822134494781,-0.5872936248779297,-0.5044847130775452,-0.6356159448623657,-0.4423220455646515,-0.5741678476333618,-0.4624697566032409,-0.5750343799591064,-0.4811618626117706,-0.625174343585968,-0.4916839003562927,-0.6611229181289673
U,0.0,0.0,1.023147941051925,2.638918856275258,1.0697342385889101,2.3958453374689417,1.0263938492189957,2.2422759558981356,0.965572096384548,2.120855412804455,1.033002596587468,1.8776985568126308,1.0349026969233348,1.5188093546858832,1.0321549914486214,1.2902477914018162,1.0257884500878316,1.087337587436225,0.9705135045494168,1.8744737983765312,0.9784963943753507,1.4786725167634704,0.9909659476895285,1.221424731655348,1.0,1.0,-0.4691968262195587,-0.5397158861160278,-0.4773181080818176,-0.4949515461921692,-0.4914272725582123,-0.5697492957115173,-0.4981336593627929,-0.6240630149841309,-0.4426261782646179,-0.5829219222068787,-0.4587293863296509,-0.5741657614707947,-0.4764050543308258,-0.6299792528152466,-0.4855987727642059,-0.6711150407791138
U,0.0,0.0,1.0132498306681474,2.5427540939397333,1.0662443398464496,2.3076232239549106,1.0239989364469766,2.1634641915267547,0.9609517882704313,2.0772501842579802,1.0286867068478833,1.821992641333466,1.0330269888040415,1.481241684461278,1.0309629166107956,1.263214553696167,1.0251369840249294,1.0727037668532065,0.9649181075632602,1.8103946887090954,0.9721005286821226,1.4367488444080252,0.9887030727284605,1.1960899228883994,1.0,1.0,-0.4723151326179504,-0.5400316119194031,-0.4894460141658783,-0.5205480456352234,-0.5013072490692139,-0.5891816020011902,-0.5032835602760315,-0.6354495286941528,-0.4474688470363617,-0.5768787264823914,-0.472913920879364,-0.5876339077949524,-0.4854173958301544,-0.6421658992767334,-0.4875697195529938,-0.6773092746734619
U,0.0,0.0,1.0097959605903726,2.524916321193774,1.0597034405608776,2.285814890505933,1.0126816316840004,2.1199040893004173,0.9489263287593814,2.019093298791457,1.028991145194413,1.826783273437164,1.0305290178131727,1.4708827926788628,1.029476698234718,1.251684288394636,1.0224557049487129,1.059419312195781,0.9619413389721228,1.8051192393523443,0.970749086808935,1.4242611074192923,0.9887336719110619,1.1894269841717175,1.0,1.0,-0.4670848250389099,-0.5327428579330444,-0.4847535490989685,-0.5301644802093506,-0.4965202510356903,-0.5959130525588989,-0.4992153942584991,-0.6370736360549927,-0.4408751428127289,-0.5659247636795044,-0.4659229815006256,-0.5910701751708984,-0.4783347547054291,-0.6441779136657715,-0.481088787317276,-0.6733691692352295
U,0.0,0.0,1.0066786613388006,2.5340541203920615,1.0542857707390438,2.2829488833309926,1.005967581841554,2.113830039521124,0.9412412161109831,2.0069884080267824,1.0261583808122439,1.8258943896144129,1.0329874404624921,1.474967450998399,1.034505022187819,1.2541044419733602,1.0296748421050184,1.0610210640978128,0.9597407895562667,1.8042972562591753,0.972476527867854,1.4305144092441584,0.9895001290124619,1.1937028885314773,1.0,1.0,-0.4615991711616516,-0.531551718711853,-0.4766328930854797,-0.5173998475074768,-0.4882383346557617,-0.5858252048492432,-0.4914017021656036,-0.6311978101730347,-0.4352321922779083,-0.5665493011474609,-0.4579998254776001,-0.5874750018119812,-0.4703667163848877,-0.6431413292884827,-0.4737647473812103,-0.6761347055435181
U,0.0,0.0,1.0158174423208775,2.549446811257561,1.062297049839538,2.2912735200505043,1.0142919801209471,2.1233888111118926,0.9498724309092061,2.014158480617107,1.0310321056007008,1.826490503007539,1.0349584892182353,1.4744197320512271,1.0346786610008873,1.2516791656058301,1.0275199568023978,1.0571656325853367,0.9653734845421276,1.8113921865368199,0.977537106241095,1.4345187524432867,0.9924153428827251,1.1960856240151208,1.0,1.0,-0.4607171714305877,-0.5299861431121826,-0.4746111035346985,-0.5118985176086426,-0.4867434501647949,-0.5821617245674133,-0.4901495575904846,-0.6285560131072998,-0.4343836009502411,-0.566725492477417,-0.4562090337276459,-0.5820868611335754,-0.4692672789096832,-0.6372976899147034,-0.4731480479240417,-0.6707309484481812
U,0.0,0.0,1.0175595285935892,2.512288924258999,1.0664873679972995,2.2741858451584136,1.0205605246234324,2.1216254581840617,0.954982126256785,2.0259285258786504,1.0337629359801201,1.8111930153825415,1.0367913876564812,1.4635217569382155,1.0369602281493826,1.2465312809452458,1.029966899519491,1.056211653817639,0.9658362585134502,1.7923866010649052,0.9762106796129035,1.4203980692758749,0.991575457796506,1.1920108253275337,1.0,1.0,-0.4597421884536743,-0.5365616679191589,-0.4745573997497558,-0.5272514820098877,-0.4874381721019745,-0.5985814929008484,-0.4919394850730896,-0.6423859596252441,-0.4330493211746216,-0.5735253691673279,-0.4544969499111175,-0.5963082313537598,-0.4684595763683319,-0.6515947580337524,-0.4736692905426025,-0.6819428205490112
U,0.0,0.0,1.0460395321529163,2.4322705238883353,1.0965422487597891,2.2043569802089498,1.0504992573287788,2.057620223259682,0.9811864178722052,1.9685238335430997,1.0533118889900959,1.7673145505557322,1.0504162346545232,1.4302188602378922,1.046383312824188,1.2200947612778048,1.0342493581249854,1.0332319151439169,0.9838445748738079,1.7589461398507416,0.9891196757535142,1.4094111433235623,0.9980682317554094,1.1863454481872844,1.0,1.0,-0.4613754451274872,-0.5407808423042297,-0.4784792363643646,-0.5503084659576416,-0.4935104846954345,-0.6195933818817139,-0.4996942579746246,-0.6621111631393433,-0.4351579248905182,-0.5737566351890564,-0.4578505158424377,-0.5978245139122009,-0.4737770855426788,-0.6511819958686829,-0.4811955392360687,-0.6832543611526489
U,0.0,0.0,1.025981278282541,2.515949152889629,1.0755368872296438,2.276684730845723,1.0293498586150758,2.108777539619484,0.9625644022542046,2.0011631880329803,1.0398836027877874,1.8143851293132962,1.0412152202093297,1.4719048084307145,1.0398123664025345,1.2563851538166375,1.0316724689033878,1.0682483951083506,0.9716207809987646,1.8039448526561574,0.9796760487364489,1.4251731269177341,0.993188327713574,1.1914846564296924,1.0,1.0,-0.4642319679260254,-0.5448429584503174,-0.4780087769031524,-0.5335783958435059,-0.4923192262649536,-0.603759765625,-0.4979154765605926,-0.6490200757980347,-0.4371468424797058,-0.5821078419685364,-0.4582336246967315,-0.5960747003555298,-0.474268764257431,-0.6491006016731262,-0.4813669323921203,-0.6807996034622192
U,0.0,0.0,1.03711956273298,2.473785967822653,1.0871191925620798,2.22416059890356,1.0439282394918763,2.0470133509368016,0.9776556031006454,1.9452422480415794,1.0379849400376022,1.7691653889389203,1.0398722240561025,1.438403579987766,1.0375128840038343,1.2283725559847625,1.0301645803325499,1.0485293501771444,0.9717690044271264,1.7758703337076382,0.9775583597927184,1.408065216389182,0.9918065315303934,1.1764367017842194,1.0,1.0,-0.463016539812088,-0.5520984530448914,-0.4781003296375274,-0.5344945788383484,-0.494388222694397,-0.5995548963546753,-0.5003904700279236,-0.6475149989128113,-0.4368223845958709,-0.5908054709434509,-0.4612619280815124,-0.593450665473938,-0.4782348275184631,-0.6478099822998047,-0.4847194254398346,-0.6880022883415222
U,0.0,0.0,1.0571074387389678,2.536485933034205,1.1056338307986924,2.2996175087188355,1.0556513352169763,2.1625701274925673,0.9827882083978784,2.083552498884196,1.0585051025058367,1.8234089176381447,1.050810860771746,1.4722130043693145,1.0447782397737917,1.2555107353778476,1.0338293438114103,1.0663760614501243,0.9922002488335431,1.8303137945142651,0.9949474063599203,1.451238080376126,0.9993240916606774,1.2067269331456547,1.0,1.0,-0.4554896652698517,-0.5472078919410706,-0.45756396651268,-0.5380686521530151,-0.4734909534454345,-0.608259379863739,-0.4846190512180328,-0.6526772975921631,-0.4293652176856994,-0.5857442617416382,-0.4389529824256897,-0.596091091632843,-0.456517219543457,-0.6491671800613403,-0.4687051773071289,-0.6800360083580017
U,0.0,0.0,1.0784163745413762,2.5065589736594163,1.124458664973382,2.2786782725305366,1.0761375289551294,2.1522633614303803,1.004507459225699,2.079450234334218,1.0709174000842898,1.8037452335702793,1.0618843856520588,1.4643749257423997,1.0530493038101774,1.2517254114856056,1.0425339165480756,1.0656200280666868,1.004631635094172,1.8198885417081345,1.0061325407044128,1.4662719292096478,1.003507937084393,1.2114086895796417,1.0,1.0,-0.4525851607322693,-0.5574132204055786,-0.4493979513645172,-0.545168936252594,-0.4661397337913513,-0.6192394495010376,-0.4801633059978485,-0.6718692779541016,-0.4278663396835327,-0.5995471477508545,-0.4324143230915069,-0.6039681434631348,-0.4503832757472992,-0.6592262983322144,-0.4650869071483612,-0.6972818374633789
U,0.0,0.0,1.0601176426298782,2.4961649405803685,1.1052035678599312,2.2645282675912264,1.0547501299772426,2.1318662015371177,0.9849321128800372,2.0450322940855767,1.0604429240585969,1.7946710255345293,1.0531312274354463,1.4549339681794637,1.0468810013746954,1.2451106999709844,1.0366196271664616,1.0620943266360283,0.9946008080856794,1.8033329218313474,0.9972033670810765,1.4404336627079362,0.9998972115606298,1.2011612701387053,1.0,1.0,-0.4541789591312408,-0.5544025897979736,-0.453633040189743,-0.5442666411399841,-0.4691884815692901,-0.6147000789642334,-0.4808819890022278,-0.6607038974761963,-0.4290381073951721,-0.5956376791000366,-0.4357678294181824,-0.6042928695678711,-0.4528668224811554,-0.6574259996414185,-0.4656978547573089,-0.6903316974639893
U,0.0,0.0,1.0540266282642259,2.540015456323161,1.0998152151115363,2.295387739218367,1.0506416318302714,2.141068489473963,0.9813917979242464,2.033579684650862,1.0569912927934626,1.8166798125085302,1.0506470034840059,1.4697249865049478,1.0450104295540574,1.2560846209377616,1.0348575156638644,1.0680344136514783,0.9902520355515577,1.8251003941890105,0.9936786012604342,1.4486088636601853,0.9988811699852498,1.2058284968948187,1.0,1.0,-0.4549644589424133,-0.5527491569519043,-0.4563985168933868,-0.5360124707221985,-0.4725649654865265,-0.6096404194831848,-0.4832870066165924,-0.656653642654419,-0.4291339516639709,-0.5945379734039307,-0.4383564293384552,-0.5989564061164856,-0.4562844038009643,-0.6538283228874207,-0.4681089520454407,-0.6869645118713379
U,0.0,0.0,0.9950230211870167,2.567269209777747,0.9674209197051674,2.3352146796706235,0.9999964249510835,2.1455414966155124,1.0405563763508472,2.0137987290510098,0.9712194942991164,1.876043240870089,0.9661726317918375,1.5218149751490522,0.9681467397554206,1.3011447210322717,0.9729882923106401,1.0986716451625578,1.0140606673884294,1.8379260135643771,1.0017988454464644,1.4569602763825535,0.9992109356320104,1.2219013562870185,1.0,1.0,-0.7397118806838989,-0.4873172342777252,-0.7367472648620605,-0.4554431140422821,-0.7294942736625671,-0.5311995148658752,-0.7256477475166321,-0.5809221863746643,-0.7668042182922363,-0.5169832706451416,-0.7581812739372253,-0.5170563459396362,-0.7460075616836548,-0.5739875435829163,-0.7392947673797607,-0.6105564832687378
U,0.0,0.0,1.0091494082488413,2.5262527199579052,0.9781061800796785,2.2691448727309993,1.0065877261525515,2.0465761138167404,1.0418077415209144,1.8841059983958157,0.97855235556701,1.867268051836834,0.9698697926914224,1.5088060950558164,0.9698185071585695,1.2889027127548196,0.9735968585232794,1.0901134186313388,1.0212303944186119,1.831718533973535,1.0072252926756389,1.444482424824112,1.001104930805611,1.211393518539191,1.0,1.0,-0.7344845533370972,-0.4767815470695495,-0.7226130962371826,-0.4527207911014557,-0.7153804898262024,-0.5249361991882324,-0.7143843770027161,-0.5703125596046448,-0.762255072593689,-0.5028298497200012,-0.7435714602470398,-0.4948605298995971,-0.7343739867210388,-0.5531536936759949,-0.7332120537757874,-0.5896260142326355
U,0.0,0.0,1.0158368384261862,2.596610260271092,0.9880636847313541,2.3350126350252047,1.018248046063842,2.1001382130391195,1.053673981073353,1.9320816720032241,0.9822489621449972,1.9167125597636108,0.9710220970396564,1.5377185722375244,0.969422202320625,1.3035298162591578,0.9717462455200042,1.096641822380788,1.0236897561275746,1.8763020758612434,1.0079118818802224,1.4687916142405526,1.0014316331710251,1.2188529027360677,1.0,1.0,-0.7443474531173706,-0.4654327929019928,-0.7368957996368408,-0.4418767988681793,-0.7298715114593506,-0.5114455223083496,-0.7276498675346375,-0.5564675331115723,-0.7719098925590515,-0.492238849401474,-0.7584517002105713,-0.4847010970115661,-0.7480571866035461,-0.5409809350967407,-0.7440847754478455,-0.5780686736106873
U,0.0,0.0,1.0174112663814137,2.5911872379846814,0.988473618667418,2.3326414204785233,1.0171018987342317,2.101979670616834,1.0531857062314856,1.941586109115902,0.9847675891721841,1.9082101183654567,0.9730539658094846,1.5390381476797088,0.9713131582848906,1.311068308142686,0.9732671681579188,1.1072460844078182,1.0263952614570604,1.867966744599193,1.0094184207346528,1.4646501906116876,1.002392920371079,1.220176056419933,1.0,1.0,-0.7397677302360535,-0.4669137001037597,-0.7312638163566589,-0.4420166909694671,-0.7248640656471252,-0.5141850709915161,-0.7229335904121399,-0.5602125525474548,-0.7678000330924988,-0.4939378499984741,-0.753961443901062,-0.4840287864208221,-0.7438347935676575,-0.5419334173202515,-0.7398586869239807,-0.5797320604324341
U,0.0,0.0,1.0185181134584185,2.641508060590529,0.9908598252207131,2.3791017570889377,1.0183048062581594,2.145745727833945,1.051399198784743,1.9715981264996874,0.9838800209432019,1.9343481291534423,0.97193705672232,1.5534125011562787,0.9694871671219287,1.3165365821357318,0.970507545408513,1.1025105025503847,1.024927491052637,1.8956065952629721,1.0088906992204858,1.4799601077474982,1.0019522302098798,1.2275480974094803,1.0,1.0,-0.7395741939544678,-0.4594327807426452,-0.7323892712593079,-0.4360078573226928,-0.726915180683136,-0.508224606513977,-0.725767195224762,-0.55193692445755,-0.7676562070846558,-0.4853690266609192,-0.754676342010498,-0.4734102785587311,-0.7459396719932556,-0.5319773554801941,-0.7430754899978638,-0.5680169463157654
U,0.0,0.0,1.015242075635915,2.5665735922324915,0.9876756889869948,2.3178942913820992,1.015819523237363,2.096710977478221,1.052024004152302,1.9481635978324958,0.9841722908545244,1.900473481434218,0.9723293282925193,1.5351256747653688,0.9700376151004765,1.3106310378655253,0.9711853476337737,1.1104231590849303,1.0250727543900982,1.8618191238523663,1.0090507151968229,1.460231650576213,1.0023514021053643,1.2171856170317836,1.0,1.0,-0.746849775314331,-0.4697714745998382,-0.737999439239502,-0.4421807825565338,-0.7321376204490662,-0.5123177766799927,-0.7309410572052002,-0.5573544502258301,-0.7747281193733215,-0.4969261586666107,-0.7613417506217957,-0.4822854101657867,-0.7516077160835266,-0.5371467471122742,-0.7483677864074707,-0.573261559009552
U,0.0,0.0,1.0136025514212827,2.5561466253099714,0.9857253078518871,2.313295025594391,1.0154587247398985,2.0903414815909596,1.0524234781819213,1.934569902075522,0.9821586187264875,1.8875924134886508,0.9707393087215657,1.5222581892179572,0.96889550818515,1.2977068312204867,0.970850919749964,1.0958312893285382,1.02339718712903,1.846980786274687,1.0073168367454908,1.4548185477367996,1.0012144952348576,1.2133601609464224,1.0,1.0,-0.7450929880142212,-0.4693857431411743,-0.7385790348052979,-0.4452169835567474,-0.7324569821357727,-0.5169269442558289,-0.7306565046310425,-0.563262403011322,-0.7728400230407715,-0.4958539605140686,-0.7609175443649292,-0.4860422313213348,-0.750842273235321,-0.5423083901405334,-0.7470098733901978,-0.5795605778694153
U,0.0,0.0,1.0223225600669479,2.458274863605595,0.9948935163193807,2.232038369326114,1.0229503670638833,2.028349315308626,1.0580898101831289,1.8828476787555541,0.9857843986274332,1.8379232631456877,0.9729144409328104,1.4968875826030046,0.9699991082774149,1.286789856876894,0.9705514618248416,1.098540182074957,1.0270019600748361,1.7910804711259178,1.0103466400064478,1.4242259297248556,1.0029401122541546,1.201870237208052,1.0,1.0,-0.7445607781410217,-0.4849877059459686,-0.7381629347801208,-0.4650711119174957,-0.7335604429244995,-0.537043571472168,-0.7329726219177246,-0.581165075302124,-0.7730647325515747,-0.5094900131225586,-0.7611366510391235,-0.504662275314331,-0.7525175213813782,-0.5613994598388672,-0.7498664855957031,-0.5961180925369263
U,0.0,0.0,1.0245138185343046,2.465456759657357,0.9996544883685904,2.240360066732996,1.0321066640577363,2.0367800809294834,1.0670255662301429,1.890345596452734,0.9871136862855654,1.8485555628214947,0.9723532337219696,1.508311416723028,0.9683772753584383,1.2959261692133532,0.9677379157821835,1.1045763420986952,1.0276908777977882,1.7969339976462888,1.0092339828625887,1.4374966483029497,1.0024143762360773,1.2092048405633071,1.0,1.0,-0.7434877157211304,-0.4830503165721893,-0.742848813533783,-0.4611693322658539,-0.7382016777992249,-0.5293422341346741,-0.7346411347389221,-0.5710904002189636,-0.7714857459068298,-0.5072177052497864,-0.7663761973381042,-0.5011670589447021,-0.7571907043457031,-0.5556602478027344,-0.7504478693008423,-0.5900723338127136
U,0.0,0.0,1.0091923158494207,2.534669441659673,0.9810604212701851,2.2938087156518523,1.012198564224335,2.0905913627752826,1.052493333189547,1.9565716819057697,0.9825217361386059,1.870532230980653,0.971964647717331,1.5160123246685189,0.9699506110836377,1.295974899541777,0.971252134757298,1.0977455973804768,1.0246694667356158,1.8308267244001113,1.008568128820289,1.451847650335781,1.0023512499745377,1.2153277860213305,1.0,1.0,-0.7441434264183044,-0.4749043881893158,-0.7368002533912659,-0.4501218199729919,-0.7306777238845825,-0.5233626961708069,-0.7281908988952637,-0.5727781057357788,-0.7721609473228455,-0.5020525455474854,-0.7601165771484375,-0.4945748448371887,-0.7488375306129456,-0.5508130788803101,-0.7432364225387573,-0.5902022123336792
U,0.0,0.0,1.0120371513886262,2.5668163865573677,0.9843807569101348,2.309948569498533,1.0136087945510657,2.087295125439287,1.0509306487814623,1.9367370818123035,0.9860950975240663,1.8815996222693747,0.9742653502391103,1.5218921754202617,0.9721972227904885,1.2983608447423687,0.9733376025439742,1.0977604548107311,1.0279028796859937,1.8506978423078453,1.010893771989013,1.458429326738029,1.0034033127920423,1.216275758989346,1.0,1.0,-0.7449188232421875,-0.4666560888290405,-0.7365385890007019,-0.434195876121521,-0.7300612926483154,-0.5044103860855103,-0.7276585102081299,-0.5516955852508545,-0.7721418738365173,-0.4964591264724731,-0.7595146298408508,-0.4782863557338714,-0.7488281726837158,-0.5327659249305725,-0.7442731857299805,-0.5721037983894348
U,0.0,0.0,1.013625823693441,2.55991173207274,0.9885344222422502,2.2894649312908815,1.0181954889667886,2.0513540428539305,1.0549636567817309,1.8978396350669793,0.9878872230550391,1.8714475989492856,0.9760201039891667,1.5165849554088817,0.9738948417933249,1.3008614277559636,0.9750150931686445,1.11000686967631,1.0292532660708056,1.8384995935029669,1.0118176445122131,1.4379115936907707,1.0037246536159596,1.2052433175100141,1.0,1.0,-0.7452081441879272,-0.458969235420227,-0.7367690801620483,-0.4210074841976166,-0.7297635078430176,-0.4866726994514465,-0.7275087833404541,-0.5309701561927795,-0.7722781300544739,-0.4895141124725342,-0.760454535484314,-0.4655755162239074,-0.7496232986450195,-0.5165637731552124,-0.7452939748764038,-0.5533701181411743
U,0.0,0.0,1.0158906695092065,2.5044343433169036,0.9910583096179179,2.2508608987419834,1.0200765787344375,2.0213249951180345,1.0555268588850883,1.8667911498683945,0.9883515677513266,1.8466224035120729,0.9765866272107898,1.500156483902801,0.973903769116006,1.289094460042743,0.9744857113409051,1.1022295456319633,1.0296062036855997,1.811847148327046,1.0125719380918938,1.4246108248896485,1.0042474591604622,1.1982424449358178,1.0,1.0,-0.7467739582061768,-0.4694660007953644,-0.7384466528892517,-0.4311114251613617,-0.7322124242782593,-0.4978631436824798,-0.7305495142936707,-0.543932318687439,-0.7741091847419739,-0.4987014532089233,-0.762315034866333,-0.4759682118892669,-0.7519272565841675,-0.5284624695777893,-0.7480149865150452,-0.5670312643051147
U,0.0,0.0,1.0133154259761505,2.500158855173861,0.9882915949546232,2.2447038914728887,1.0177409616377076,2.018252205260986,1.0538208680148318,1.8629332291561853,0.9880444331561282,1.841595792744073,0.9770043119794469,1.4963583914610057,0.9747504216126399,1.287614534462114,0.9759625126279032,1.101241175024585,1.0290352405629966,1.8091434602334127,1.0117264068194474,1.425604166959803,1.0035850831669164,1.1993695690241988,1.0,1.0,-0.748671293258667,-0.4708693325519562,-0.7401084303855896,-0.4321812093257904,-0.7343176603317261,-0.500870406627655,-0.733147919178009,-0.5473518967628479,-0.775755763053894,-0.5005067586898804,-0.7636561393737793,-0.4759976863861084,-0.753521203994751,-0.5291633009910583,-0.7499774694442749,-0.5677099823951721
U,0.0,0.0,1.0168716408548903,2.53721075637661,0.9922786841484035,2.2768002257541227,1.0205724477359568,2.043170799349148,1.0551464230422944,1.8868713898677334,0.9906657626597567,1.862716043366107,0.9783909866485133,1.5090100126703643,0.975065896202073,1.29347611321648,0.9750514851607449,1.102311942994869,1.0313175946462296,1.832365626670443,1.0134161647964337,1.4354499074505325,1.0045743904815758,1.2019456401942763,1.0,1.0,-0.7461475133895874,-0.4590223729610443,-0.7377131581306458,-0.4186420142650604,-0.7318775057792664,-0.4847027659416199,-0.7303142547607422,-0.5307314395904541,-0.7729749083518982,-0.4892241358757019,-0.7614607214927673,-0.4631946980953216,-0.7510861158370972,-0.5146390795707703,-0.7468315958976746,-0.5533564686775208
U,0.0,0.0,1.0116707338887336,2.4990045529686036,0.9868390849158432,2.2507566452326815,1.0166692341856136,2.0350367486306897,1.0531557188338907,1.8890264721231569,0.9875658118018814,1.8531424941800394,0.9764809313258396,1.505824345942645,0.9748216509520904,1.2918883956726823,0.9761300654088204,1.1028410509863027,1.028120198654552,1.821660718796081,1.011948144959059,1.4343438174602485,1.004070112651169,1.2036248329217096,1.0,1.0,-0.7503390312194824,-0.4736907482147217,-0.7424561977386475,-0.4341118931770324,-0.7361952662467957,-0.5005252361297607,-0.7342364192008972,-0.5458032488822937,-0.7772583961486816,-0.5046522617340088,-0.766578733921051,-0.4796602129936218,-0.7549567222595215,-0.5291925072669983,-0.7494738698005676,-0.5659106969833374
U,0.0,0.0,0.9972297048081032,2.5205825798890573,0.9763295719191535,2.3013596802041287,1.0117954755174081,2.151214925328851,1.0535217569037674,2.050812441730029,0.9787513332170444,1.8558672796924371,0.9717064212792759,1.5156266796301305,0.9716368476557351,1.298558156997132,0.9741471572017688,1.0994980081227053,1.0195550150931487,1.827181622007762,1.0065619744528318,1.451899272973346,1.0020458473534726,1.2194374358816353,1.0,1.0,-0.7589672207832336,-0.495559811592102,-0.7614956498146057,-0.4529660046100616,-0.7552879452705383,-0.5240473747253418,-0.7497710585594177,-0.5722271203994751,-0.7852293252944946,-0.5294589400291443,-0.7847542762756348,-0.5097956657409668,-0.7725698351860046,-0.5613046884536743,-0.7620302438735962,-0.5983538627624512
U,0.0,0.0,1.013564267029142,2.4439152455740905,0.987875750785441,2.220491032015241,1.0170032249715169,2.025005316810414,1.054510356431477,1.8977097057257133,0.991132351371508,1.8091179054090278,0.9782179721998384,1.4827835870509303,0.9742847993932675,1.280933337026804,0.9737675660689483,1.0992989182301363,1.0318187584422334,1.7768500042891915,1.014587309701275,1.4106017423053687,1.005505589393639,1.1953443059194415,1.0,1.0,-0.7504360675811768,-0.4902020394802093,-0.745894730091095,-0.4366164803504944,-0.7399175763130188,-0.5036624073982239,-0.7367059588432312,-0.5529329180717468,-0.777759850025177,-0.5229032635688782,-0.7708718776702881,-0.4918432831764221,-0.7590699195861816,-0.5418181419372559,-0.7516152858734131,-0.581887423992157
U,0.0,0.0,1.0224723218660148,2.4444424165918903,0.9979534244765776,2.217331492493848,1.027177764161725,2.011465928978971,1.062452931349743,1.8671082878897212,0.9957615580428133,1.8174345749987189,0.982718918049201,1.4873722804948188,0.9782862087798478,1.2828165970718939,0.9767848406309609,1.1004911346229351,1.036792228479743,1.7809878683720908,1.017566662660029,1.416529476808408,1.0071762500321193,1.1979969323097186,1.0,1.0,-0.7462956309318542,-0.4860722422599792,-0.7406173944473267,-0.4431601762771606,-0.7350783348083496,-0.5088169574737549,-0.7317876219749451,-0.5548913478851318,-0.7738644480705261,-0.5169867277145386,-0.7661378383636475,-0.4936781525611877,-0.7546746134757996,-0.5436457395553589,-0.7472754716873169,-0.581620991230011
U,0.0,0.0,1.0086045373279884,2.4405359914139173,0.9819992446506202,2.2131264167759404,1.0125807217672782,2.028044561527399,1.0528361591116626,1.9146060110458758,0.984835480699182,1.8139800810217548,0.9749972174488101,1.4871510645754498,0.9736621057902881,1.2814186813816666,0.974922845112857,1.0980174871880362,1.0271111955327359,1.7814587153514745,1.010121647495986,1.4215003856824524,1.0035225131899765,1.2029407247854902,1.0,1.0,-0.74625164270401,-0.5000952482223511,-0.7402520179748535,-0.4604344069957733,-0.7344348430633545,-0.5308345556259155,-0.7311632037162781,-0.5794244408607483,-0.7742209434509277,-0.5299444794654846,-0.7651246190071106,-0.5132215619087219,-0.7533506751060486,-0.5670784711837769,-0.7459912896156311,-0.6063270568847656
V,0.0,0.0,1.0811826111507081,2.294347466325675,1.1257124986839104,2.0856573166711847,1.0728897781545677,1.953747782138623,1.003340943495751,1.8697891051290698,1.0937737572949207,1.695716552247671,1.117703367010879,1.40377391216856,1.1317783186955455,1.219592303955321,1.139092711557101,1.064297331207891,1.0173035627641396,1.6901783749974661,1.0030057075565797,1.3652064009562992,1.0022121397029076,1.1616757120620875,1.0,1.0,-0.4352571368217468,-0.5598621964454651,-0.4435682296752929,-0.5529582500457764,-0.4592023193836212,-0.6153509616851807,-0.4665199816226959,-0.6585805416107178,-0.4109586179256439,-0.5965386033058167,-0.4264779686927795,-0.6095893979072571,-0.4421337246894836,-0.658534049987793,-0.4495157897472381,-0.6908583641052246
V,0.0,0.0,1.0183752655689946,2.25786562571523,1.064691133042902,2.0516171924101125,1.026415504791824,1.8938534699794014,0.9733497428069537,1.7869736359309891,1.0475463948812502,1.678991030331213,1.0838362106982762,1.4115118923494427,1.1049719838329697,1.235979851849699,1.1204474529700177,1.0926922084857642,0.9811997874166242,1.6681151706925428,0.9830663314700243,1.3498742102949564,0.9921866392678996,1.1521334297266956,1.0,1.0,-0.4493217766284942,-0.5679725408554077,-0.4652988016605377,-0.5435751676559448,-0.4760866165161133,-0.6071453094482422,-0.4777817130088806,-0.6536935567855835,-0.423848807811737,-0.6022120714187622,-0.4460397064685821,-0.5895985960960388,-0.4580262899398803,-0.6416515111923218,-0.4597727656364441,-0.6819037795066833
V,0.0,0.0,1.0392381242266193,2.184714865338431,1.0885275263607088,1.9877177499367504,1.0386109611693675,1.8462307950097736,0.9774766604685698,1.7562671021810403,1.0598046852754992,1.6317738383045006,1.0921187335358855,1.365027229508442,1.109448783718225,1.1921221129221582,1.1205002630788223,1.0486765091244692,0.9872430163587252,1.6177378262399267,0.9871280065144153,1.3314056857454766,0.9940044302337334,1.1427640395790972,1.0,1.0,-0.4448160231113434,-0.5718163251876831,-0.4638121426105499,-0.5709437131881714,-0.4755782783031463,-0.634458601474762,-0.4787917137145996,-0.680670440196991,-0.4205310642719269,-0.601944625377655,-0.4458857774734497,-0.6149197816848755,-0.4592577219009399,-0.6694109439849854,-0.4639882147312164,-0.7104020118713379
V,0.0,0.0,1.08471129242895,2.2444739611308546,1.1326860627949686,2.0370098631028033,1.0798443467235455,1.899799082454142,1.010481672287149,1.821505658617571,1.0947504269199564,1.6659122440541176,1.1227291887272697,1.3817031088238418,1.1370322845000023,1.2032546402545585,1.1444458111401568,1.0566478173007703,1.0176338668749565,1.6618467659890723,1.0039234729729887,1.3467137997875698,1.0026682254758204,1.1493839200558718,1.0,1.0,-0.4395706057548523,-0.5754501223564148,-0.4533427059650421,-0.5669893622398376,-0.4687938988208771,-0.6277909278869629,-0.4750000834465027,-0.6730846762657166,-0.415829986333847,-0.6109752058982849,-0.4375403523445129,-0.6206738948822021,-0.4542344808578491,-0.6714156866073608,-0.4616848826408386,-0.7091028094291687
V,0.0,0.0,1.1224776291428014,2.28046876516051,1.1675042694408213,2.0619054352814707,1.1061269606275375,1.9222465311361412,1.033507395414609,1.8376005056188072,1.1297994173662198,1.683471076452004,1.155798905813378,1.3906762280146208,1.170249110359246,1.2069496773913206,1.1764511069480728,1.0532579386637295,1.0484676474303365,1.683678872634218,1.0228915106998435,1.3597738345609993,1.011751688035425,1.1582568481515938,1.0,1.0,-0.4272640943527221,-0.5645151734352112,-0.4384476840496063,-0.5578562021255493,-0.4535360336303711,-0.6207520961761475,-0.4593041539192199,-0.6639790534973145,-0.403239369392395,-0.6004053354263306,-0.4219390749931335,-0.6092801094055176,-0.4376900196075439,-0.6609683036804199,-0.4443326890468597,-0.696112871170044
V,0.0,0.0,1.0938148797033787,2.2730101826638385,1.1408598826743988,2.0527641047168657,1.0877376189233001,1.9070617386684894,1.0175111350564283,1.8254707763863245,1.105169825943883,1.679874843507948,1.1300268117745849,1.3876121448977088,1.1437364004222519,1.202960532425896,1.151529686048559,1.0505061612360365,1.0279529974307473,1.6784969704624735,1.0102372830171944,1.3562307055051768,1.0051687964477634,1.1526151354283143,1.0,1.0,-0.4347241520881653,-0.5613595247268677,-0.4441023766994476,-0.5537770390510559,-0.4587666988372803,-0.6152480840682983,-0.4654406011104584,-0.6617000699043274,-0.4100415110588074,-0.5967533588409424,-0.4275994896888733,-0.6061583161354065,-0.4432516992092132,-0.6568644046783447,-0.4506204724311828,-0.6949506998062134
V,0.0,0.0,1.10124460569703,2.313126446935997,1.147047985757326,2.08916403226239,1.0920436856712181,1.9455769568831698,1.0220042088089776,1.848645839230327,1.1076379762371014,1.6924778695143066,1.1340575093575607,1.403311621223814,1.1485053750579914,1.2162022194545667,1.1567350111071493,1.0599603200614978,1.031919327697274,1.7007222389407166,1.012098687588435,1.3699807894572187,1.0061810966056888,1.161797612201786,1.0,1.0,-0.435816079378128,-0.5712515711784363,-0.442290723323822,-0.5526037216186523,-0.4582702815532684,-0.6151973605155945,-0.4655320346355438,-0.6618462800979614,-0.411448061466217,-0.611004650592804,-0.4260050058364868,-0.6060444712638855,-0.4435572028160095,-0.6577696204185486,-0.4521810114383697,-0.6985152363777161
V,0.0,0.0,1.062212144881138,2.426384813461884,1.1142179268102554,2.2107957775031197,1.0603177874203293,2.0781998333069915,0.9918177881921452,1.9820906130631168,1.0850476647685146,1.7772027185293322,1.1167559142955201,1.467303333172989,1.1360996753742922,1.2712383876918123,1.147429673434462,1.103703569174163,1.009144151514637,1.7601197283826757,0.998191185452405,1.398315988294185,0.9998323230265057,1.180542567091973,1.0,1.0,-0.4377836287021637,-0.5560401082038879,-0.4423294067382812,-0.5520095229148865,-0.4563814997673034,-0.6218944787979126,-0.4635045826435089,-0.6649996638298035,-0.4120874404907226,-0.5915065407752991,-0.4223872423171997,-0.6067883372306824,-0.4371124804019928,-0.6624955534934998,-0.4451144337654114,-0.6951199173927307
V,0.0,0.0,1.1120358688462137,2.361346796338871,1.1603091620034471,2.1283104010252734,1.1127063548082807,1.9827044858210923,1.043036222420247,1.900488033629642,1.1094881787545063,1.7104558570489754,1.1271791446117798,1.3975371169313624,1.1346664335600471,1.199199930024944,1.137603707439015,1.0332156100632297,1.0302157062543464,1.7200575829976028,1.0097565557975052,1.3807944480804157,1.0044278950341767,1.1632463917666793,1.0,1.0,-0.4412567317485809,-0.5590032339096069,-0.4544094204902649,-0.5464150309562683,-0.4719224274158478,-0.6090686917304993,-0.4800940155982971,-0.6566638946533203,-0.41821950674057,-0.5986716151237488,-0.4404360055923462,-0.6055933833122253,-0.459658533334732,-0.6568701267242432,-0.4694746434688568,-0.6955910921096802
V,0.0,0.0,1.0914619526110156,2.3668260213426446,1.1406626606756152,2.1458344470436583,1.0854302196099561,2.008342702793667,1.0123751500023552,1.9190888377304764,1.1000236292170533,1.7198347925678195,1.1236345460313193,1.4097563978429613,1.1358619409349475,1.2170518746496282,1.1401952313314525,1.0535631059477515,1.0205056111174724,1.7131495766090246,1.005033081226062,1.375268017069618,1.0034854867183758,1.1642385161099926,1.0,1.0,-0.4422227740287781,-0.5597450733184814,-0.455436110496521,-0.5580121278762817,-0.4714957773685455,-0.6196144223213196,-0.4781557917594909,-0.6619028449058533,-0.4182573556900024,-0.5969974994659424,-0.4388486444950104,-0.6166452169418335,-0.4556106925010681,-0.6670823097229004,-0.4634411633014679,-0.7002893686294556
V,0.0,0.0,1.1071051731631267,2.4157007604577516,1.1591729949655634,2.190903984174395,1.103190231079348,2.065515700890006,1.0262383226421234,1.9983710811801678,1.110815900878135,1.7532784906083054,1.1289107150305593,1.4212939530798432,1.1388989292824854,1.2161041934046626,1.1398228940360327,1.0451455458796355,1.0301365538851588,1.7512609272639814,1.0111345516106423,1.3974355639834948,1.0071994775691173,1.1777352128979754,1.0,1.0,-0.4375498294830322,-0.5488186478614807,-0.4509221017360687,-0.5608977675437927,-0.4678562879562378,-0.6232763528823853,-0.4754645526409149,-0.6596192121505737,-0.4142240881919861,-0.5865845084190369,-0.4330032765865326,-0.6134278178215027,-0.4487660229206085,-0.6634190082550049,-0.4561789929866791,-0.6901624798774719
V,0.0,0.0,1.0840756501817213,2.4183988556886615,1.133329750922557,2.1791639478501827,1.08013818460645,2.02268038954694,1.0074115859298063,1.924537322506535,1.0965349476227433,1.7442673985057455,1.1132759579245857,1.4150459229420838,1.1236761011521241,1.2145000354530677,1.1288108755790849,1.0493878686283828,1.0194079256704878,1.7459647577558197,1.0020319631989965,1.389145238004771,1.0013507023419668,1.1697374209174694,1.0,1.0,-0.4407023191452026,-0.5467903017997742,-0.4499478638172149,-0.5366540551185608,-0.4647295773029327,-0.5992224812507629,-0.4708796441555023,-0.6436587572097778,-0.4160401523113251,-0.584812581539154,-0.4326181411743164,-0.596751868724823,-0.4479289650917053,-0.6492633819580078,-0.4545404016971588,-0.685567319393158
V,0.0,0.0,1.0928756245481617,2.3558719873946496,1.1406668010678473,2.1175958918779667,1.084451623921527,1.9718015945408767,1.0116668357382155,1.882752155685663,1.094882268417991,1.7061042562528739,1.1121890742112812,1.3973494652162124,1.122376640903587,1.2073301924802253,1.1262485505859934,1.0509075260651866,1.0187566692305619,1.7126433940984314,1.0024237155591624,1.3717812621226892,1.0020791306212544,1.1617350255297287,1.0,1.0,-0.4436652660369873,-0.5721327066421509,-0.4521113932132721,-0.5594140887260437,-0.4687649607658386,-0.622746467590332,-0.4760542809963226,-0.66724693775177,-0.4191921055316925,-0.6121089458465576,-0.4367643594741821,-0.6210325956344604,-0.4539221227169037,-0.6717166304588318,-0.4614621996879577,-0.7060712575912476
V,0.0,0.0,1.120267965318939,2.294203636876584,1.1690829963676694,2.095265202289114,1.1060886684177682,1.9932480456456858,1.0309839207422566,1.9205230288466997,1.1202539165693803,1.6882980635821847,1.1370775592365194,1.3884582629334314,1.1475796622084198,1.2017808310896692,1.1496329002099428,1.0454354358891065,1.0397962639736187,1.6905097997289098,1.0161488388145217,1.371924681543338,1.0083851154558712,1.1701584213449432,1.0,1.0,-0.4387868642807007,-0.5907486081123352,-0.4481664896011352,-0.6005530953407288,-0.4656262397766113,-0.6622341275215149,-0.4743678569793701,-0.6977524161338806,-0.4157994091510772,-0.6314969062805176,-0.4303144216537475,-0.6532115340232849,-0.44788259267807,-0.7015041708946228,-0.4576201140880584,-0.728474497795105
V,0.0,0.0,1.0938890828623167,2.321555429239968,1.143759491356295,2.104008562913514,1.0937882294623205,1.966344741825801,1.0218623072433002,1.883773867191903,1.0975054889367082,1.693727057761436,1.117790443891093,1.396636902944082,1.128300416330249,1.2103578222357076,1.1323690649004412,1.0551177737936095,1.019336434479515,1.6968441482634762,1.0041207369865401,1.3732218429856067,1.0029574716295486,1.1642485947140977,1.0,1.0,-0.4451643526554107,-0.5892390012741089,-0.4559435248374939,-0.576645016670227,-0.4732608497142792,-0.638805091381073,-0.4808074235916137,-0.6840137243270874,-0.4205942153930664,-0.6306591033935547,-0.4402630925178528,-0.6401538252830505,-0.4588759839534759,-0.6898047924041748,-0.4675688743591308,-0.7248382568359375
V,0.0,0.0,1.089987963379649,2.319500904094456,1.1395568155851001,2.11312923249689,1.0877680312201035,1.9872074603440213,1.0164978717905793,1.9060719855899624,1.093127159796797,1.696592141449314,1.1164081859202732,1.3919341161580263,1.128807878098507,1.2038780898561678,1.1326385914035235,1.0464605463909304,1.0149089869825003,1.69542956484672,1.0033063469461931,1.370338220193943,1.003053138719026,1.1646810468992268,1.0,1.0,-0.4454655051231384,-0.5799042582511902,-0.4600030183792114,-0.5841241478919983,-0.4761722981929779,-0.6442200541496277,-0.4826963543891907,-0.6827042698860168,-0.4219114184379577,-0.6201277375221252,-0.4424163103103637,-0.642082691192627,-0.4592018723487854,-0.6898730397224426,-0.4666699469089508,-0.7188856601715088
V,0.0,0.0,1.1155005062261676,2.320890387127495,1.1615545888793863,2.142006546717389,1.09564546576684,2.0616426768414913,1.0223484081880578,1.9922813269893902,1.1203442097324288,1.7211882006595967,1.1415381361947567,1.4171635773703668,1.1547865040932537,1.2258331122426132,1.159589570484408,1.0609353993436499,1.0441351151995377,1.720176214700081,1.0202589386280645,1.3979819927422656,1.0099276204857046,1.1855328873092164,1.0,1.0,-0.4378153681755066,-0.5871305465698242,-0.4363550841808319,-0.5951216220855713,-0.4529966413974762,-0.662428617477417,-0.4640172719955444,-0.7028037309646606,-0.4142802953720093,-0.6254720687866211,-0.4191650450229645,-0.6444141864776611,-0.4364566802978515,-0.6945607662200928,-0.448859840631485,-0.724418044090271
V,0.0,0.0,1.0740732309752976,2.349354915121995,1.1236290872584385,2.168219995893625,1.0684761496912871,2.0623076276873293,1.0012846597847098,1.9738702474889043,1.0964717738936696,1.743964508952983,1.1280833936592065,1.4488339016919962,1.147030654252363,1.262838191038744,1.1577432876607086,1.103718349011045,1.020090358823941,1.7279509234372676,1.0071055622373528,1.3963159923969126,1.0038171177343322,1.1830249280312632,1.0,1.0,-0.4404122233390808,-0.5869201421737671,-0.4415916800498962,-0.590057909488678,-0.4555568099021911,-0.6614258289337158,-0.4642391800880432,-0.7053701281547546,-0.4151769280433655,-0.6239917278289795,-0.4215984344482422,-0.6442193388938904,-0.436486005783081,-0.6996771097183228,-0.4465063512325287,-0.7322622537612915
V,0.0,0.0,1.063873667945152,2.3652983438397808,1.110904097121364,2.1691495812135226,1.0646971041879452,2.0327911823389027,1.0002113097624286,1.9253600227609857,1.0828360254623828,1.7373701923925815,1.1141281238145913,1.4457010152338783,1.1314062144971553,1.2555240988122385,1.1440742791209286,1.094781010158892,1.0092208126806137,1.7306299991025942,0.9982858176860694,1.4055330819746796,0.9978412685937855,1.1824211798032296,1.0,1.0,-0.4450303614139557,-0.5913815498352051,-0.4448678493499756,-0.5778645873069763,-0.4588328003883362,-0.6458364129066467,-0.46802619099617,-0.6947180032730103,-0.4199493825435638,-0.6315595507621765,-0.4264303743839264,-0.6366769671440125,-0.4428743720054626,-0.6887068748474121,-0.454198271036148,-0.7259159684181213
V,0.0,0.0,1.0808119552422297,2.307424309770458,1.1308834943653887,2.140077991082806,1.0718514226322722,2.0420956569830504,1.0009279978524297,1.9560097300273427,1.10066665250372,1.717878026401917,1.1323518930954792,1.426271443934789,1.1501096296538844,1.2395971647425037,1.1596920975369662,1.0814272939180987,1.0243517577029053,1.7030249655356682,1.0108603165080774,1.3870597404080593,1.0050207646341085,1.1764358787179798,1.0,1.0,-0.4407161474227905,-0.597717821598053,-0.4395036101341247,-0.6063394546508789,-0.4533904194831848,-0.6757173538208008,-0.4630506634712219,-0.7207226753234863,-0.4160292446613312,-0.6344947218894958,-0.4206271171569824,-0.6592416763305664,-0.4366898834705353,-0.7139284014701843,-0.4491440057754516,-0.749074399471283
V,0.0,0.0,0.9667942685786965,2.662609598375809,0.9429192102545896,2.4360072889374886,0.9779127441757718,2.235547055525619,1.0215624762929472,2.115756073845906,0.9478655004861717,1.9489978933854482,0.9215094739831562,1.5812390682335666,0.9084380235373557,1.3526030736405699,0.9003445784438836,1.1508161033000441,0.9977698772827804,1.9225705477964927,0.9961325313157217,1.5078395210851006,0.9966929163558937,1.2393398288671673,1.0,1.0,-0.7349166870117188,-0.5393648147583008,-0.7362844347953796,-0.4865309000015259,-0.725658655166626,-0.5606158971786499,-0.7195704579353333,-0.6140779256820679,-0.7621464729309082,-0.5827912092208862,-0.7602530121803284,-0.5490841269493103,-0.7456873655319214,-0.599597692489624,-0.7349815368652344,-0.6415488123893738
V,0.0,0.0,0.9620493371249977,2.7026624183356667,0.9358021149468695,2.4492553765283738,0.9646469158707781,2.243177792009312,1.0064283321333747,2.128022712884779,0.9440007566263606,1.946275768769807,0.9211771357553411,1.5791768393616208,0.909610077292408,1.3455252945990641,0.9027323735935738,1.1429932681936361,0.9924601651263896,1.934542906523972,0.9960336954706887,1.5093674917702655,0.996969671533238,1.2359534704636155,1.0,1.0,-0.7429159283638,-0.5282044410705566,-0.7424938082695007,-0.475990742444992,-0.7286279797554016,-0.5506990551948547,-0.7215479016304016,-0.603817343711853,-0.7690072059631348,-0.5717723965644836,-0.7610112428665161,-0.5400636792182922,-0.7444121241569519,-0.5937066078186035,-0.7343877553939819,-0.6362053751945496
V,0.0,0.0,0.9620859008571606,2.6406546412294203,0.9330798316982273,2.393347467781357,0.9629272106528416,2.225673747724647,1.0035931716798683,2.119405889075672,0.9432680327741716,1.8998438546612217,0.9240784057930023,1.542449196982767,0.9145775688378122,1.3163661199869154,0.909225385343194,1.122477476291479,0.9919404960152871,1.8928037035764378,0.9955975352434817,1.4969139094303485,0.9970134041394964,1.2304964475708222,1.0,1.0,-0.7438210248947144,-0.5310644507408142,-0.7413790822029114,-0.5009246468544006,-0.7280806303024292,-0.571573793888092,-0.7209507822990417,-0.6190505027770996,-0.7692664861679077,-0.5715960264205933,-0.7607585787773132,-0.5542880296707153,-0.7432790398597717,-0.6076536178588867,-0.7317039966583252,-0.6476852893829346
V,0.0,0.0,0.9777338780309434,2.74178682996341,0.9483934663086876,2.4873575920286983,0.9808439601469153,2.2996167245996433,1.0213132771441829,2.1609003228113535,0.9532212134213812,1.9815673849041275,0.9298439056138292,1.6135955382415152,0.9170655229023271,1.3746352147213057,0.9091354114199067,1.1621242738035524,1.0027273327884547,1.953842530119945,1.0001155117624814,1.5274999923715782,0.998640150073696,1.2473622676646678,1.0,1.0,-0.7363839745521545,-0.518961489200592,-0.7336310744285583,-0.473546028137207,-0.7229133248329163,-0.5470129251480103,-0.7176649570465088,-0.5973069667816162,-0.7639456987380981,-0.5578003525733948,-0.7555150389671326,-0.5340721607208252,-0.740525484085083,-0.5892226099967957,-0.7313219904899597,-0.6298574805259705
V,0.0,0.0,0.9819987272544648,2.7951505314005853,0.9522673367945121,2.538192102224861,0.9808845187907925,2.336177412043105,1.0228200125974087,2.197702152960012,0.9559876962227795,2.021405527632732,0.932675731028725,1.6423479254093531,0.9207246196521972,1.3989990745797836,0.9130327055219668,1.1792802907221935,1.004269207412177,1.9877387994030695,1.001500070413389,1.543436849699708,0.9998880914788848,1.2567342345234087,1.0,1.0,-0.7309961318969727,-0.50053870677948,-0.7266685366630554,-0.4549971520900726,-0.7169012427330017,-0.5292136073112488,-0.7121061682701111,-0.580639123916626,-0.7589877843856812,-0.5375803112983704,-0.7503395676612854,-0.5128458142280579,-0.7356516122817993,-0.5681947469711304,-0.7263455390930176,-0.6100512742996216
V,0.0,0.0,0.984864399512752,2.709371905352633,0.9561514215730312,2.4672594304692708,0.9867101006045469,2.276671935599996,1.0271299752501488,2.139998927198694,0.9585557293159069,1.9745163913827999,0.9349557053026333,1.6136896489111008,0.9228465436852116,1.3815427234903932,0.9146856070653523,1.1717783770910675,1.006823516488476,1.936995811262559,1.0026601938688662,1.5149857079156421,1.0003342273026665,1.2436161573266635,1.0,1.0,-0.7359670996665955,-0.5120978355407715,-0.7328976988792419,-0.4648645222187042,-0.7241359353065491,-0.5372159481048584,-0.7197461724281311,-0.586801290512085,-0.7639443874359131,-0.548784613609314,-0.7571847438812256,-0.5245205163955688,-0.7428296804428101,-0.5786489248275757,-0.7332306504249573,-0.6191896200180054
V,0.0,0.0,0.9888426098107873,2.6961135415749786,0.9599927743595732,2.4414414013705077,0.991565685169553,2.237168118390226,1.0350464994138384,2.1075821264769288,0.961624630551839,1.9698256246219312,0.9370897747242846,1.6092058344866595,0.9241148290409017,1.37694875393988,0.9150506283512251,1.1692116307684242,1.0098512365121521,1.9319090227225484,1.0044693861069145,1.5101254674949391,1.0013114691695435,1.2428478190436418,1.0,1.0,-0.7334996461868286,-0.5109963417053223,-0.7293241620063782,-0.4627436399459839,-0.7209430932998657,-0.5347704291343689,-0.7169255018234253,-0.5839707255363464,-0.7620875239372253,-0.5465154051780701,-0.7541260719299316,-0.5210370421409607,-0.7403642535209656,-0.5753296613693237,-0.7317013144493103,-0.6157589554786682
V,0.0,0.0,0.9936289960368404,2.62366947251417,0.9631928799022791,2.3907400282159803,0.9915269165090824,2.202581514707636,1.032036156455956,2.073169842652032,0.9653498336828485,1.9194003991638708,0.9381778754925566,1.5783948617214447,0.923811830510463,1.3595299811668455,0.9140249473146966,1.1647496000486015,1.0135943650507089,1.8866975377394364,1.0066986152938155,1.48580886935821,1.0019777093560256,1.2286555332797813,1.0,1.0,-0.7334903478622437,-0.5193244218826294,-0.7297512888908386,-0.4736387133598327,-0.7201991677284241,-0.5451434254646301,-0.7153782844543457,-0.5947633981704712,-0.7611503005027771,-0.5548865795135498,-0.7534743547439575,-0.5330671668052673,-0.7392004132270813,-0.5872636437416077,-0.7299604415893555,-0.6277086734771729
V,0.0,0.0,0.9937231306342463,2.599782002260526,0.964760144934016,2.3820121828089578,0.9942247185921909,2.2055235618792173,1.0312482110767702,2.068059438752006,0.9587307267417834,1.9095211508318688,0.9334288651417847,1.572169930239148,0.9197402439596132,1.3566843734049958,0.9102643933472488,1.1644322592105394,1.0050635145571238,1.8612845666982745,1.0011639648580892,1.4858901643735354,0.9996225136944293,1.2273981466929715,1.0,1.0,-0.7480756640434265,-0.5081821084022522,-0.7467969655990601,-0.4955865144729614,-0.7401227951049805,-0.5676207542419434,-0.7367117404937744,-0.6137614250183105,-0.7758967876434326,-0.5392847061157227,-0.7718890905380249,-0.5410735607147217,-0.7595246434211731,-0.5975493788719177,-0.7505735158920288,-0.6365830302238464
V,0.0,0.0,0.9713148135048556,2.589762913068125,0.9479879947856139,2.3647068369513264,0.9825869418030053,2.202650305111874,1.0214042867103894,2.0708219680549536,0.9468196489384278,1.8934907243767158,0.925346888042281,1.5583749597074483,0.9142799397718201,1.339991219002523,0.908099881766828,1.1437819422677202,0.9919916731509646,1.8544348483332775,0.9924558747738917,1.4822114775417652,0.9949457643218772,1.2284234219213712,1.0,1.0,-0.7619666457176208,-0.5157856941223145,-0.7642688155174255,-0.5066328048706055,-0.7535485029220581,-0.5795565247535706,-0.747061014175415,-0.6234219074249268,-0.7880991697311401,-0.550400972366333,-0.7853301763534546,-0.5552957653999329,-0.7714095115661621,-0.6121231317520142,-0.7615486979484558,-0.6475743055343628
V,0.0,0.0,0.9668228088262404,2.654342703228145,0.9426768998698883,2.407586660612384,0.9767511181018566,2.223184870221439,1.0154718281032074,2.0850758794604745,0.9447015336255815,1.9308248358551603,0.924949365680175,1.573320576259359,0.9150762378566932,1.3440242152795607,0.9097322591015523,1.1416615394022314,0.9906212881338118,1.903354278975761,0.9932396973067428,1.5042833358173497,0.9954088539132642,1.2352496621679916,1.0,1.0,-0.7493404746055603,-0.5097670555114746,-0.7487086057662964,-0.4890362322330475,-0.7382270693778992,-0.562229573726654,-0.732875406742096,-0.608700692653656,-0.7758496403694153,-0.5443013906478882,-0.7711302042007446,-0.5329277515411377,-0.7574998140335083,-0.5904048085212708,-0.7483090758323669,-0.630064070224762
V,0.0,0.0,0.9703994921441783,2.8826022111973604,0.9466078232747263,2.5945456813037207,0.9821052815318391,2.3664595885559434,1.0223119817242727,2.1936698993484307,0.9470344328552183,2.0692142414381225,0.9246231483135601,1.6555761469286339,0.9130838936759974,1.3946816348372568,0.9063586124565154,1.163107715017699,0.9943845885368134,2.035723796503753,0.9946650417418432,1.5712594548868963,0.9958662801122848,1.2669828024624117,1.0,1.0,-0.7407214641571045,-0.4768436551094055,-0.7366735339164734,-0.4482243955135345,-0.7263513207435608,-0.5204697847366333,-0.7219582796096802,-0.5657808184623718,-0.7680280804634094,-0.5116388201713562,-0.759615957736969,-0.494132250547409,-0.7453402876853943,-0.5499818325042725,-0.7371561527252197,-0.5884628891944885
V,0.0,0.0,0.9724856393428248,2.890762295669155,0.9477297431125616,2.595819591882219,0.9830644106631284,2.3702892802088615,1.0226855418326803,2.200688509714753,0.9485671221463076,2.0703041382219736,0.9256785108776858,1.6592790945102296,0.91369431833138,1.3978981217879498,0.9059278118695131,1.1659592306733069,0.9960052970415536,2.0375164831082966,0.9947544997618306,1.5698570712202942,0.9959934994352628,1.2646143151649902,1.0,1.0,-0.7407094240188599,-0.4786193966865539,-0.7359843850135803,-0.4470402002334595,-0.7267206907272339,-0.5207085609436035,-0.7230769395828247,-0.5682259798049927,-0.7682452201843262,-0.5146653056144714,-0.7596777081489563,-0.4957964420318603,-0.7453876733779907,-0.5515679121017456,-0.7369909882545471,-0.5909255743026733
V,0.0,0.0,0.9732726691493133,2.7703316778637617,0.9486545676909592,2.5043898264568174,0.9837357480020493,2.29287047804924,1.0240587261505496,2.1398581065436857,0.9481328065569762,2.003677128461325,0.9268921409812596,1.6119931363607958,0.9164733484396081,1.368465051501712,0.9104037885729808,1.1515614303347255,0.9948804690779381,1.9691977724102288,0.9954437642663847,1.5319056165711078,0.996449505557098,1.2494282700741597,1.0,1.0,-0.741690993309021,-0.48800989985466,-0.739583432674408,-0.4602196812629699,-0.7297836542129517,-0.5334619879722595,-0.7253854870796204,-0.57856684923172,-0.7688065767288208,-0.5222898721694946,-0.7626695036888123,-0.510702908039093,-0.7492517828941345,-0.5677557587623596,-0.7412798404693604,-0.6051293015480042
V,0.0,0.0,0.9807306947135345,2.8266290610061344,0.9571619320802824,2.5547518010919346,0.9894332754615068,2.320126960398948,1.0274070066846153,2.1476886352479774,0.9525273213731559,2.0369385798873383,0.9295116121077925,1.6379317420096149,0.9188729252111483,1.3859217249600864,0.9126943948200522,1.164489492318421,0.9990740507762373,1.9975748426802913,0.9984341896686209,1.5451518275205096,0.9979073883031813,1.25238231412117,1.0,1.0,-0.7407823204994202,-0.4801047146320343,-0.7372410893440247,-0.4493700861930847,-0.7282283306121826,-0.5230420827865601,-0.7241758704185486,-0.5687822699546814,-0.7681741118431091,-0.5139870643615723,-0.7619402408599854,-0.4953699111938476,-0.7486117482185364,-0.5522791147232056,-0.7400215864181519,-0.5912094116210938
V,0.0,0.0,1.020163446082923,2.8527535678086555,0.9900593291986514,2.5897337372028963,1.018920982212235,2.337430304959129,1.0545034930607795,2.14793722902656,0.9777604289872868,2.082001256526447,0.9432409799644739,1.697052325199263,0.925052701532151,1.4500879329022331,0.9116999015644713,1.2322173700278796,1.024112559774868,2.022069708212846,1.0125028216992358,1.553676856629588,1.004899612950559,1.2531815638139545,1.0,1.0,-0.730715274810791,-0.4669424593448639,-0.7221730351448059,-0.4326386451721191,-0.7187982797622681,-0.5022476315498352,-0.7193082571029663,-0.5491077899932861,-0.7594347596168518,-0.4968406856060028,-0.7491175532341003,-0.4729349315166473,-0.7394963502883911,-0.5283309817314148,-0.735217273235321,-0.5700243711471558
V,0.0,0.0,1.0087917257691519,2.8352422170197022,0.9809319585664846,2.5626575071575712,1.0115243956812834,2.320915525016819,1.0478600567366725,2.142013528341158,0.9708106035576191,2.057108780697768,0.9414801235333667,1.672841407014004,0.9257481477318994,1.427573006832014,0.9146807532098656,1.2096776726934442,1.0168078773122782,2.0032157099501693,1.008406679806485,1.5493497238670935,1.0028021409412133,1.255541829901707,1.0,1.0,-0.7388034462928772,-0.4673263132572174,-0.7318108081817627,-0.4356984198093414,-0.7266056537628174,-0.5082855224609375,-0.7255255579948425,-0.5553274154663086,-0.7671971321105957,-0.497791588306427,-0.7573934197425842,-0.4801362156867981,-0.7470188736915588,-0.5371832847595215,-0.7419267296791077,-0.5776334404945374
V,0.0,0.0,1.005851126881787,2.861733354839331,0.9770251489023232,2.5886417360893774,1.0072387058425372,2.3416211533552036,1.044421853552611,2.1629314239996247,0.9695988441709487,2.0803110108922183,0.9409464638812011,1.6845036921594623,0.9259115811390963,1.432209912056853,0.9151697409176884,1.2061146817949249,1.0155999986256492,2.025303816709092,1.0079827450252794,1.5650361898922533,1.0028539254036726,1.2641792702844454,1.0,1.0,-0.7358437776565552,-0.4666293561458587,-0.7278154492378235,-0.4342303276062011,-0.7231160402297974,-0.5077471733093262,-0.7226316332817078,-0.5553538799285889,-0.7642639875411987,-0.4963746964931488,-0.7531371116638184,-0.4768185615539551,-0.7425420880317688,-0.5346505045890808,-0.7375548481941223,-0.5756547451019287
V,0.0,0.0,1.0052028262679482,2.9042339248869338,0.9779907560731383,2.6221325012759795,1.0086253989001441,2.37191557457771,1.0453432582501996,2.183538386005174,0.968600695361399,2.1005918819141756,0.939848625487725,1.6923487631382066,0.9247039145423593,1.4353473624681996,0.9140323001075121,1.2065190046665744,1.0143719353314582,2.04806080595912,1.0069219274567995,1.5728024877453346,1.0021342716419022,1.2655110284124387,1.0,1.0,-0.7388947606086731,-0.4618173241615295,-0.7326240539550781,-0.4286716878414154,-0.7272335290908813,-0.5014664530754089,-0.7258660793304443,-0.5485952496528625,-0.7670079469680786,-0.492673397064209,-0.758669912815094,-0.4730888903141022,-0.7477564811706543,-0.5298833250999451,-0.7418065071105957,-0.5704612135887146
V,0.0,0.0,1.0009194404543214,2.866330003681749,0.9737940689004944,2.5901495261690894,1.0053697200683716,2.3480630088195844,1.0428923667319296,2.1724583204043384,0.9665738575333419,2.0805772467913317,0.9387466549697677,1.6842948486061609,0.9243011953750352,1.4325106473286418,0.9141700201628083,1.2065153023026742,1.0122530593804866,2.0279342655071573,1.0051763558502622,1.566847458226619,1.0013062542610558,1.2633724659840158,1.0,1.0,-0.7378596067428589,-0.4667460918426513,-0.7327203154563904,-0.4352293908596039,-0.7273346185684204,-0.508621335029602,-0.7256395816802979,-0.5562863349914551,-0.7664570808410645,-0.4980919659137726,-0.7590872645378113,-0.4779793918132782,-0.7476345300674438,-0.5346596837043762,-0.7407581806182861,-0.5755011439323425
W,0.0,0.0,1.037686047313608,2.7251279298103066,1.069351240524425,2.465105149114407,0.9998339070406109,2.293260831713051,0.9316461323351454,2.174440155934106,1.0485612173880332,1.9486393249949219,1.087193097956599,1.5709671880592395,1.1087113217839477,1.3428423392050457,1.1217369222955818,1.1288168548129662,0.978341014113826,1.9300307370111345,0.9908922872423804,1.4935880321541546,0.9976593997078169,1.2335812124553818,1.0,1.0,-0.4384715259075165,-0.5001431107521057,-0.4218400716781616,-0.4141727983951568,-0.4127054512500763,-0.3510555922985077,-0.4035983085632324,-0.2932756543159485,-0.41726154088974,-0.5481595993041992,-0.4247111678123474,-0.4941824078559875,-0.4391192197799682,-0.5308571457862854,-0.4489264190196991,-0.5734331607818604
W,0.0,0.0,1.0370107163261135,2.745373136622043,1.0711488911238023,2.483005227087478,1.0050052682927317,2.303021543669665,0.9371839828168187,2.18334506034318,1.0499934353145615,1.9551097624948146,1.0868821602441276,1.5749380322357998,1.1079961614539278,1.3452059703225543,1.121318446054362,1.127336422238704,0.9798907109420101,1.9327228214197767,0.9907405783028997,1.496913716893761,0.9972754838560243,1.236790343627611,1.0,1.0,-0.4413784146308899,-0.4956313073635101,-0.4252939522266388,-0.4114959239959717,-0.4161514639854431,-0.3501878380775451,-0.4071811437606811,-0.2940422296524048,-0.4203226566314697,-0.5418751239776611,-0.4272141456604004,-0.4909081757068634,-0.4412270486354828,-0.5290800333023071,-0.4509867429733276,-0.5724180936813354
W,0.0,0.0,1.0311464294009176,2.773677925812635,1.0650720230199322,2.5088621691953037,1.0007247662233003,2.3240490853722675,0.9353809558696307,2.203559518550554,1.0472403048332817,1.970666701314,1.0873138164796403,1.5872207022767013,1.1094443760317119,1.3516112866163539,1.1231224056203053,1.1321798246102484,0.9775859935061595,1.946640755410862,0.9892657408605353,1.5032030222374013,0.9962259033468375,1.23923785765638,1.0,1.0,-0.4407345056533813,-0.4929114282131195,-0.4241101741790771,-0.4065313935279846,-0.4148419201374054,-0.3446103632450104,-0.4062682092189789,-0.2886052131652832,-0.4190346896648407,-0.5399715900421143,-0.42507404088974,-0.4843049347400665,-0.440201997756958,-0.5197731852531433,-0.4515557885169983,-0.5622432231903076
W,0.0,0.0,1.0326173511012722,2.753485650623325,1.0720486782836223,2.4823782811141113,1.0087111292618476,2.3021860301017734,0.9395132856440711,2.1788964296309703,1.0527638802553567,1.9674233408525659,1.0850205892231315,1.5980186636996268,1.105305822101268,1.3644034841745243,1.1160953283054271,1.1455663550081137,0.9839363905219537,1.9376212639570003,0.9937413991084487,1.5110492063668748,0.9991065189193934,1.2426721361379538,1.0,1.0,-0.4435814023017883,-0.5004897117614746,-0.4307703375816345,-0.4212886095046997,-0.4227118194103241,-0.3587501645088196,-0.4134463369846344,-0.301819235086441,-0.4200711548328399,-0.5450093150138855,-0.4338046610355377,-0.5166966319084167,-0.4513807594776153,-0.5555495619773865,-0.4620430171489715,-0.5931771397590637
W,0.0,0.0,1.0193829543213648,2.7923874243581235,1.0564974368142133,2.5218524615398374,0.993167661803557,2.3267371656915046,0.9274032916102841,2.1932593252579027,1.0413239310175566,1.9946580116798025,1.0746536015232253,1.6142269598041281,1.0951281691833097,1.3748900747108088,1.1067111556971576,1.1483673915557997,0.973766403650081,1.9606947316035699,0.986864588806576,1.519614246090927,0.9955446246499315,1.247689256200844,1.0,1.0,-0.4424676895141601,-0.4868467450141907,-0.4303325116634369,-0.4040080308914184,-0.4242332577705383,-0.3411505222320556,-0.4174229502677917,-0.2847250699996948,-0.4198586046695709,-0.5305916666984558,-0.4288640916347503,-0.490777850151062,-0.4436514675617218,-0.5265522599220276,-0.4530673325061798,-0.5644544363021851
W,0.0,0.0,1.0058566254277306,3.008633623158735,1.0437368339197612,2.7165479530043943,0.9835668511569116,2.4833157465569067,0.9205539506804641,2.3254203823844306,1.0323876338269717,2.1219384109920973,1.069205854585962,1.6964024116203136,1.0923338859634495,1.4296440833760442,1.1071151285196281,1.1806543122191522,0.9659817704725279,2.076498901673677,0.981887344912818,1.5797605066674334,0.9926938272634699,1.2749716917170142,1.0,1.0,-0.4444307386875152,-0.4625404477119446,-0.4322702586650848,-0.3767794072628021,-0.4264051020145416,-0.3130407333374023,-0.4204736053943634,-0.255961537361145,-0.4212189316749573,-0.5061761140823364,-0.4278969764709472,-0.4606154263019562,-0.4422199130058288,-0.4947293996810913,-0.4519946575164795,-0.5329249501228333
W,0.0,0.0,1.0109042256092617,2.9836434620947214,1.0492790625278436,2.693851567954335,0.9850750341661116,2.4811218314429637,0.9197353161084024,2.324214998944713,1.03471347447263,2.1104666989396073,1.0713454537586613,1.6953682869484896,1.0936426782050048,1.4348400591834398,1.1073370805542282,1.1844758964546453,0.9673390448853303,2.0658604165284418,0.9845381858794496,1.5765113060411287,0.9942922567307816,1.276332548898829,1.0,1.0,-0.4469516277313232,-0.4724950492382049,-0.4342244267463684,-0.3895642161369324,-0.4269544780254364,-0.3261903524398803,-0.4193828999996185,-0.2677895128726959,-0.4236843585968017,-0.5163597464561462,-0.4336089491844177,-0.4783158898353576,-0.4493415355682373,-0.5166531801223755,-0.4597269594669342,-0.5557243824005127
W,0.0,0.0,1.0169490709417561,2.921301931008737,1.0553712594724036,2.6351303080823167,0.9924540108581995,2.4336841533055704,0.9260812157634153,2.2876667813816405,1.038891992202807,2.069728050902005,1.0741281817482644,1.6648797244815479,1.0957636494451637,1.4142931925523472,1.1092073841021948,1.172597270902807,0.9709900346042185,2.031210067098267,0.9862983578140313,1.5564955255164876,0.9950404601577354,1.2674705508277269,1.0,1.0,-0.4472794830799103,-0.4763925671577453,-0.4346216917037964,-0.395418256521225,-0.4273363649845123,-0.3331929445266723,-0.4192759096622467,-0.2756907343864441,-0.4237267673015594,-0.5204539895057678,-0.4352482855319977,-0.4842873811721802,-0.4519745707511902,-0.5228148102760315,-0.4623586237430572,-0.5620758533477783
W,0.0,0.0,1.0230532518190638,2.9703116496202226,1.062082599523556,2.6798837141227825,0.9991471811006872,2.476172832947738,0.9342706537014884,2.3177802147049706,1.0452553352377238,2.0985177507800454,1.0798825578331763,1.6842972868074184,1.1003758858441601,1.4255763880908343,1.1121421091786692,1.1739726599174745,0.9767706338343718,2.0585879819857715,0.9901591142078003,1.5765908267941051,0.9968156985675505,1.2781746066163477,1.0,1.0,-0.4482671320438385,-0.4754180312156677,-0.4351173341274261,-0.3992234170436859,-0.4270735085010528,-0.3393890261650085,-0.4182532429695129,-0.2834032773971557,-0.4246473908424377,-0.5205299854278564,-0.4375925958156585,-0.4902620613574981,-0.4550921022891998,-0.5290588140487671,-0.4656510651111603,-0.5676487684249878
W,0.0,0.0,1.0364546568746877,2.8807025495014957,1.0765550429850128,2.590390135737499,1.016854640865669,2.3913717571204565,0.9513093532693427,2.239582366137374,1.058532883732416,2.029452797049552,1.086759873234557,1.6348682719684697,1.105304225602626,1.3838914879180317,1.1131924061598442,1.1494208511757316,0.9897131633668291,1.9965212761467568,0.9965414512543453,1.5382429120092462,1.0009904507917877,1.2523769483249523,1.0,1.0,-0.4536147713661194,-0.4811980426311493,-0.445545881986618,-0.414793312549591,-0.4412051141262054,-0.3588932156562805,-0.4339928030967712,-0.3087271451950073,-0.4300789833068847,-0.5245147943496704,-0.4490997195243835,-0.5068368911743164,-0.4671335220336914,-0.5382710099220276,-0.4765817523002624,-0.5672246813774109
W,0.0,0.0,1.0090344034229126,2.809082183191318,1.0413420047924413,2.5408531836044896,0.9827385421703,2.314991676458139,0.9251152110750558,2.139715284882791,1.0363210056548382,2.0102503263296634,1.071023008871018,1.621975669062809,1.0901448796509188,1.3829164602390325,1.1009178995102982,1.156947009630759,0.9719976537953802,1.9659681978060781,0.9866382131257115,1.5140433431596054,0.995951675459882,1.2439293191779341,1.0,1.0,-0.4505889117717743,-0.4806728363037109,-0.4407430291175842,-0.3959617614746094,-0.4353155493736267,-0.3356544375419616,-0.4279163181781769,-0.2808873653411865,-0.4273215532302856,-0.5200263857841492,-0.4394849240779876,-0.4710689187049866,-0.4500495791435241,-0.5090325474739075,-0.4547864198684692,-0.5499335527420044
W,0.0,0.0,0.9794410407933298,2.784807570761899,1.0079901178004849,2.5158234225701688,0.9461153510816346,2.306007408478777,0.8863640773733159,2.1534914851083338,1.0116315415518746,2.008146884603383,1.0535413768143063,1.612932348506906,1.0776061090179097,1.3792992848440127,1.0926449596222734,1.1572307188404638,0.9491204538448907,1.965686409644542,0.9737431083499286,1.5123581013982506,0.9895837882810122,1.2441906557298013,1.0,1.0,-0.4434519112110138,-0.4827395975589752,-0.4351997077465057,-0.3915247619152069,-0.4327654540538788,-0.3267371356487274,-0.4287518560886383,-0.2668796181678772,-0.4192758500576019,-0.5227252244949341,-0.4286868274211883,-0.4643579423427582,-0.4412199556827545,-0.5005252957344055,-0.4483771920204162,-0.5432596206665039
W,0.0,0.0,0.9858262190131913,2.8584944033896007,1.0172817039197282,2.585948005742699,0.9541088809704416,2.363751159965532,0.8924959597303407,2.2075046635713473,1.0148615826953553,2.050858293297228,1.0574641592289,1.640089084313499,1.0811748340682148,1.3936794723743402,1.0962098597897674,1.1588313861242205,0.9520808157659953,2.0103342324649525,0.9756940344403816,1.5350500888153928,0.9903198769447058,1.2553987195981207,1.0,1.0,-0.4432531893253326,-0.4789187610149383,-0.4359889626502991,-0.3899716734886169,-0.4334194362163543,-0.3251382708549499,-0.4289984703063965,-0.2635045945644378,-0.419573575258255,-0.521195113658905,-0.4273958206176758,-0.4652753472328186,-0.4388817846775055,-0.50051349401474,-0.4446964561939239,-0.5434321761131287
W,0.0,0.0,0.9844880426766782,2.929529813529849,1.0150208786262247,2.6386628702656787,0.9527277494181758,2.4032475313368664,0.8934027611504314,2.235388846123434,1.013584395621235,2.088065734597509,1.0555098503059963,1.660474694302087,1.0793468006857383,1.4012885505799693,1.0939706980931494,1.1591751275811053,0.9512420627699615,2.041260922368646,0.9751411462174249,1.5511947106303057,0.9904222893700975,1.2591519463763992,1.0,1.0,-0.4462401270866394,-0.4673952758312225,-0.4380612671375274,-0.3767166137695312,-0.4355785846710205,-0.3121347427368164,-0.4315342605113983,-0.2539758086204529,-0.4221102595329284,-0.506756603717804,-0.4300533533096313,-0.4530321657657623,-0.4417048692703247,-0.4880719184875488,-0.4480119943618774,-0.5291615128517151
W,0.0,0.0,0.9868652075463372,2.961849567279432,1.0196351707632119,2.6767577758691177,0.955033495171413,2.4394964676235107,0.8920777148880363,2.277724357175381,1.0153817509611796,2.1108278845687876,1.056988008588364,1.678723355904147,1.0803465701512747,1.41854766661638,1.094517322932728,1.170994237419836,0.952467332361993,2.0614696208503176,0.9758874568954302,1.5630825518973095,0.9907726278684478,1.267752029716701,1.0,1.0,-0.4462208151817322,-0.4660757482051849,-0.438162237405777,-0.3790121078491211,-0.4359152019023895,-0.3145815730094909,-0.4318707287311554,-0.2548470199108124,-0.4222031831741333,-0.5064255595207214,-0.4299138784408569,-0.456087976694107,-0.4420537948608398,-0.4913053512573242,-0.4486202299594879,-0.5320672392845154
W,0.0,0.0,0.9904643928900231,2.951450828008456,1.0222746436241774,2.6712416303094457,0.9580893250771825,2.439169022367891,0.8969316204227682,2.2720579770570537,1.0171374235463457,2.0985105400336765,1.05697586282767,1.6720764561689894,1.079738183050161,1.4110987342488708,1.093997654833421,1.1649444442781296,0.9544898158969854,2.0522317950130353,0.9767747769104506,1.556781902118403,0.9908659912695691,1.2644711993923397,1.0,1.0,-0.4471629858016968,-0.4673737287521362,-0.4393351376056671,-0.3810722827911377,-0.436410129070282,-0.3183629810810089,-0.4322012066841125,-0.2600281536579132,-0.4236074686050415,-0.5088413953781128,-0.4299580454826355,-0.461989015340805,-0.4408618807792663,-0.4976350367069244,-0.447154700756073,-0.5371315479278564
W,0.0,0.0,1.045367218408737,2.9729073341492844,1.0881122301485486,2.6891887923866284,1.0291727604706118,2.5087046212156583,0.9624061931479482,2.378494632385925,1.0557463225957446,2.081841585190027,1.0845594233866744,1.6639001482377571,1.1008123298883936,1.3928964954050358,1.1094169480547516,1.139083009760959,0.9885169910902124,2.0531493588429472,0.9949347670735058,1.5714395706179374,0.99837698544204,1.268661076797442,1.0,1.0,-0.4496067464351654,-0.4768390953540802,-0.43525031208992,-0.3958444893360138,-0.4265561401844024,-0.3346538543701172,-0.4180558621883392,-0.2803146839141845,-0.4277788996696472,-0.5235581994056702,-0.4384025037288666,-0.4897429049015045,-0.4549064338207245,-0.5238189101219177,-0.4658484160900116,-0.5605359673500061
W,0.0,0.0,1.0045414554784104,2.961711782772137,1.0410558111712382,2.6816211276266233,0.9784082707411491,2.468615930135361,0.9147585688991359,2.315491768415833,1.0286474484754933,2.1066003656917096,1.0644986055947667,1.69238754329945,1.0855809926019655,1.4314407936509441,1.099026957543318,1.1840506091544256,0.9636580591737399,2.0569653600335496,0.9808186664955288,1.572951135890774,0.9920822064505191,1.2732725616524185,1.0,1.0,-0.452412337064743,-0.4723639488220215,-0.4407638907432556,-0.3864941596984863,-0.4346575140953064,-0.3238004446029663,-0.4286145865917206,-0.2658920884132385,-0.4292337000370025,-0.515159010887146,-0.4378719925880432,-0.4735678732395172,-0.4516692459583282,-0.5102502107620239,-0.4607982635498047,-0.5483218431472778
W,0.0,0.0,0.9909432893854727,2.7826734609662274,1.0305390560162813,2.4901758954252653,0.9833067367693138,2.242210499046184,0.9277772512937822,2.059709267737249,1.0268160452930533,1.9964239563056843,1.0613415364752543,1.606121678921732,1.0806070584614604,1.3696522537817313,1.0922261171612462,1.148970589891696,0.9645130565163887,1.9416858744034171,0.9817982623838809,1.4944721652503632,0.993743728129086,1.229591118397138,1.0,1.0,-0.4619590938091278,-0.467646986246109,-0.4527508914470672,-0.3804532587528229,-0.4504374563694,-0.3185899257659912,-0.4456424415111542,-0.263765275478363,-0.4371223747730255,-0.5030919313430786,-0.4540830254554748,-0.4549762308597564,-0.4657136499881744,-0.4928295314311981,-0.4696981906890869,-0.5328477621078491
W,0.0,0.0,0.9831228187255393,2.7007171463900788,1.0184705934861262,2.4201827353902945,0.967111121816511,2.1828603519225696,0.9132343068084219,2.005530663385725,1.0201507902828657,1.9548437819118294,1.0571486529025134,1.5835186971984643,1.078237661298302,1.3591332997303447,1.0924288891832874,1.145027354495643,0.9584193799542485,1.8978434981550876,0.9775037234719596,1.4735559214401313,0.9910068735752864,1.2237762712684819,1.0,1.0,-0.4562571048736572,-0.4717031419277191,-0.4477649629116058,-0.3837396502494812,-0.4459173083305359,-0.32539963722229,-0.4425911605358124,-0.2725764513015747,-0.4324367046356201,-0.505113422870636,-0.4441967904567718,-0.453450471162796,-0.4540396630764007,-0.4901137948036194,-0.458301693201065,-0.5285314917564392
W,0.0,0.0,1.0139047941329606,2.6625240734643243,0.9952258952837193,2.452275880520206,1.0411976042404774,2.2897358361330484,1.0867636264474556,2.1555505441281406,0.9838216292323354,1.9688852800207122,0.9557367850676192,1.627035121860543,0.944897248394738,1.4144694639557889,0.9354885655326277,1.206994687806885,1.0282237525794753,1.8899790744886245,1.0114486849532427,1.4859197702492692,1.006685000575768,1.229690930220997,1.0,1.0,-0.7213086485862732,-0.4797353148460388,-0.7336438894271851,-0.4012717604637146,-0.7438149452209473,-0.3483340144157409,-0.7498725652694702,-0.2963093817234039,-0.7471807599067688,-0.5150465965270996,-0.7473424077033997,-0.4682583510875702,-0.7400386929512024,-0.5050455927848816,-0.7323694825172424,-0.5442304015159607
W,0.0,0.0,1.0101287134820383,2.662194879550704,0.9911766668173386,2.437204035140486,1.036816739129473,2.260791922681237,1.0845445002721206,2.138872994728977,0.9852637608261497,1.9534577984985266,0.9610229545130579,1.6129899440157143,0.950887213528411,1.4020968315353644,0.9429218429790434,1.198367748897469,1.0271752658283,1.8822983338702934,1.0110829789288576,1.4787578320818389,1.0054349490545103,1.227476157170886,1.0,1.0,-0.7318401336669922,-0.4677871465682983,-0.744164764881134,-0.3898397386074066,-0.7518666982650757,-0.3382357954978943,-0.756154477596283,-0.285646378993988,-0.7568730711936951,-0.5053409934043884,-0.7581589818000793,-0.4572410583496094,-0.7506897449493408,-0.4908895194530487,-0.742678701877594,-0.527197539806366
W,0.0,0.0,0.9828937816420631,2.709504627456132,0.9594202711454507,2.4874688353598904,0.994890967340765,2.325621943091209,1.0403949488885877,2.21160109559213,0.9671714765829907,1.9866498033651467,0.9441049639713492,1.6325691108004494,0.9361562410573855,1.4092986752431156,0.930750803087125,1.1965309815272456,1.0106625872207484,1.9332156783423509,1.002544145586302,1.5130630876063191,1.0019358433974728,1.2402384796258326,1.0,1.0,-0.726474940776825,-0.4798222482204437,-0.7410383820533752,-0.4008759260177612,-0.7515870332717896,-0.3459869623184204,-0.7598770260810852,-0.2949181795120239,-0.7504135370254517,-0.5206567645072937,-0.7438197135925293,-0.4787736535072326,-0.7309979796409607,-0.5161503553390503,-0.7207648754119873,-0.5556464791297913
W,0.0,0.0,0.9860138260483372,2.8022697149352025,0.9621553684593974,2.5636269495636563,0.9968599841773449,2.3872053565126627,1.0418607200646026,2.2627294138605607,0.9691654175286186,2.0339649846217482,0.9455519391816157,1.6663194004031245,0.9369770614662241,1.4312463585876651,0.9312449097534626,1.206236181515729,1.0131239126240703,1.973635198005581,1.0037352860313924,1.532706361457821,1.0021661413309244,1.2485739727929042,1.0,1.0,-0.7264291048049927,-0.4681515395641327,-0.7404358386993408,-0.3868665695190429,-0.7495339512825012,-0.33294278383255,-0.7571142315864563,-0.2835265100002289,-0.7506072521209717,-0.5078822374343872,-0.7424232959747314,-0.4671489596366882,-0.7301398515701294,-0.505851149559021,-0.7212651371955872,-0.5452181696891785
W,0.0,0.0,0.9851964685197557,2.7753567401995403,0.9619016423010562,2.542507335105558,0.9982360911641989,2.371275667039199,1.0439292771031676,2.24749059450697,0.9687511715481677,2.0193494422780383,0.9451760375835244,1.651725197652041,0.9369608179008586,1.4188858983292054,0.931661921734622,1.1965712414110665,1.0124385806425085,1.9605991530327294,1.0031544771236918,1.5259191004516244,1.0019161992999304,1.2458454267887413,1.0,1.0,-0.7252951264381409,-0.4668212532997131,-0.739250659942627,-0.3871980309486389,-0.7486450672149658,-0.332836240530014,-0.7564031481742859,-0.2830305695533752,-0.7494805455207825,-0.5057119727134705,-0.7416607141494751,-0.4679115712642669,-0.7297312021255493,-0.5069060325622559,-0.7210027575492859,-0.5465087890625
W,0.0,0.0,0.9841227969578272,2.754901879862157,0.9604959697346318,2.5259396731392254,0.9961239798351686,2.3553153566785663,1.0413563533620838,2.2297244175728936,0.9684351752928783,2.0072504178617856,0.9448386362187067,1.6435081818369408,0.9363028145284054,1.4126714007139762,0.9311118054662084,1.1925106013082682,1.011819453983198,1.9505483791089742,1.0027390496476263,1.5191736654216792,1.0014488262738217,1.2420265780730895,1.0,1.0,-0.7253873348236084,-0.4666792154312134,-0.7397011518478394,-0.387130469083786,-0.7486205101013184,-0.3338627219200134,-0.7561081647872925,-0.2850843966007232,-0.7492102980613708,-0.505521297454834,-0.7411183714866638,-0.4665851891040802,-0.7284772992134094,-0.5053799152374268,-0.7193716764450073,-0.5449295043945312
W,0.0,0.0,0.9828766510868965,2.7290799752574917,0.9595451800231887,2.5017756369578246,0.9956717133396011,2.3297504959553175,1.0417974855645307,2.214153393942442,0.9693599773521291,1.9886262622315087,0.9452819282412541,1.624115809290485,0.9370794181252597,1.3971055365366831,0.9317090149428779,1.1811145852987088,1.0123365931834711,1.9378881032548056,1.0033141603359723,1.5096182177129325,1.0019862673525186,1.238684290525227,1.0,1.0,-0.7246177196502686,-0.4676641225814819,-0.7387869358062744,-0.3886774778366089,-0.7473902702331543,-0.3353610038757324,-0.7541891932487488,-0.2853298783302307,-0.7478999495506287,-0.5085656642913818,-0.741838812828064,-0.4635828137397766,-0.7289019823074341,-0.4993531107902527,-0.7185701727867126,-0.5377218127250671
W,0.0,0.0,0.9856913623625124,2.869249559758194,0.96197647740953,2.624796535941024,0.9955840269219162,2.4084165058034284,1.0385795755714735,2.257495332907502,0.9691039404186649,2.0515190547946656,0.9448092454223326,1.6530904445471775,0.9374770929412432,1.405433942555061,0.9329196964811487,1.1709077627246645,1.0117395179278883,1.9925615897405133,1.0014404870955254,1.534122604255259,1.0012486229941853,1.2511156203792255,1.0,1.0,-0.7266126871109009,-0.4368582963943481,-0.7394821643829346,-0.3594088554382324,-0.7475807070732117,-0.3057717680931091,-0.7533887028694153,-0.2544619441032409,-0.7498785853385925,-0.4775687158107757,-0.7470273375511169,-0.4248582124710083,-0.7352116703987122,-0.4541741907596588,-0.7245659828186035,-0.489296019077301
W,0.0,0.0,0.9827047489977699,2.819315863697304,0.9604912072931878,2.5763242411517773,0.9961245133374175,2.3717278497258185,1.039049140170557,2.232634673776311,0.9687588722060607,2.02522262653488,0.9453665234381255,1.6381357990218801,0.9376759292890476,1.4016399389862855,0.9324427247846069,1.1789414011173125,1.011359250016979,1.9714931794631982,1.0034297084901942,1.5187623121826919,1.0022473900137638,1.243951731575068,1.0,1.0,-0.7298681735992432,-0.4412801861763,-0.7438116669654846,-0.3638753890991211,-0.7516210079193115,-0.3126326203346252,-0.7577781081199646,-0.2638466358184814,-0.752497136592865,-0.4819826781749725,-0.7493780851364136,-0.4294257760047912,-0.7374396920204163,-0.4601553082466125,-0.7278333306312561,-0.4957306087017059
W,0.0,0.0,0.9880006978154481,2.975558856495767,0.9666112641932547,2.7083066221724867,1.0014906237270467,2.474582852057351,1.043210325197273,2.3135489459737175,0.9732840171515692,2.1117969538699692,0.9483647460409141,1.6891017413551481,0.9398259460174706,1.4364365388576692,0.934222913592307,1.1979032595142616,1.0153186451705414,2.0532183841999356,1.0044940962427547,1.5577810980548774,1.0024532520714144,1.261522981000057,1.0,1.0,-0.7310460805892944,-0.4240410029888153,-0.7441117167472839,-0.345398485660553,-0.7513267993927002,-0.2935460209846496,-0.756909966468811,-0.2432283759117126,-0.7536298036575317,-0.4659136533737182,-0.7513638138771057,-0.4074771404266357,-0.740188479423523,-0.4361213147640228,-0.731160581111908,-0.4723593890666961
W,0.0,0.0,0.9837414137032198,2.9333888457175332,0.9629084427328408,2.6764842334598233,0.9980444337128169,2.450612734250326,1.0389454061415149,2.2927817146002174,0.9706018771935748,2.088937837843048,0.9457239977722778,1.667123635598562,0.9377581516317588,1.4166919096779111,0.9329576524746576,1.182189154001051,1.0117899263439745,2.0352585188305454,1.0021973689550612,1.545001876360102,1.001238599208838,1.2545147922563193,1.0,1.0,-0.732727587223053,-0.4251515865325928,-0.7458295226097107,-0.3482086956501007,-0.7533045411109924,-0.2967124581336975,-0.7589612007141113,-0.2453090995550155,-0.7547823786735535,-0.4686004221439361,-0.752449631690979,-0.4106128513813019,-0.7402607202529907,-0.4383039176464081,-0.7300414443016052,-0.4747460186481476
W,0.0,0.0,0.9827288216598196,2.9025194526379705,0.9622961074552723,2.637988592662219,0.998427106749871,2.4162554014786752,1.039580961351401,2.261863466711531,0.9706889010229935,2.062655141073914,0.9468440232355051,1.6509454119204672,0.9390774584374281,1.4053815277201238,0.9341422036476208,1.1733210201868551,1.012241001707231,2.0095454437395883,1.0027141687919796,1.5346433789712188,1.0015621666561956,1.2504455225559168,1.0,1.0,-0.7343111038208008,-0.4258287250995636,-0.7476505637168884,-0.3494502902030945,-0.7553372383117676,-0.2981668412685394,-0.7613740563392639,-0.248119369149208,-0.7566677331924438,-0.4677774310111999,-0.7547266483306885,-0.4104476571083069,-0.7430933713912964,-0.43836110830307,-0.7334547638893127,-0.4735990762710571
W,0.0,0.0,0.9802147202753207,2.919032599121405,0.9591421901196027,2.6492053223913583,0.9939272828057145,2.422848932258222,1.0352547295252281,2.2733166342337725,0.9675342705665908,2.0648474102684395,0.9440372954903301,1.65112821113414,0.9371271556194888,1.4041665113578363,0.9329738792138939,1.1717970044106238,1.0089131528921265,2.011966536221953,1.0001634887113724,1.5323365483915488,1.0004619002438302,1.2483390777383008,1.0,1.0,-0.7329647541046143,-0.4245171546936035,-0.7462611198425293,-0.3481954932212829,-0.7541803121566772,-0.2963855266571045,-0.7602652907371521,-0.2462958544492721,-0.7553573846817017,-0.4669212996959686,-0.7526472210884094,-0.4092275500297546,-0.7402172088623047,-0.4365339279174804,-0.7296326160430908,-0.4718577265739441
W,0.0,0.0,0.9673644013382448,2.3000394623085576,0.945167449562367,2.0983654621266767,0.9811194282045217,1.9208786885839533,1.0260296204927173,1.849552931958997,0.9629459126085634,1.728749094198053,0.9389470616065696,1.4232577431921343,0.9316713696732114,1.2509792536891495,0.9295344868372141,1.09530775045501,1.0052328410665405,1.7075191746081648,0.9993298638099423,1.362592159304278,0.999794025210368,1.1642036329190544,1.0,1.0,-0.7346706986427307,-0.5110589265823364,-0.7479893565177917,-0.4291711151599884,-0.7519027590751648,-0.3766188025474548,-0.7531774640083313,-0.3266745805740356,-0.7556291818618774,-0.5557810068130493,-0.7511586546897888,-0.4840536415576935,-0.7382299304008484,-0.5032525062561035,-0.725907027721405,-0.541152834892273
W,0.0,0.0,0.9610502013087902,2.151359049553612,0.9421060217071922,1.9499690660052011,0.9792974025167183,1.787084563671791,1.021709120473298,1.7167836541401242,0.9585966495570335,1.6336794891485475,0.9388645230116476,1.3724993175262628,0.9317274743215067,1.218989861834576,0.9280790904888901,1.079089823173101,0.9986120798353411,1.617005464123066,0.9978946439981424,1.3187616965406408,0.9992834864245997,1.1460642088624813,1.0,1.0,-0.7341678738594055,-0.5175131559371948,-0.7488827705383301,-0.4409877061843872,-0.7525826692581177,-0.3929053246974945,-0.7546733617782593,-0.3486777544021606,-0.7546141147613525,-0.5573750734329224,-0.7516149878501892,-0.4916867315769195,-0.7363489270210266,-0.5116742253303528,-0.7224075794219971,-0.5454512238502502
W,0.0,0.0,0.9477592579478904,2.13893064942579,0.9347388141147539,1.953863600165517,0.9715574347081875,1.8099272678811573,1.011326095189142,1.7516184499502143,0.9525996406153,1.6321010245693142,0.9372507637613567,1.355054700530246,0.9325531432549417,1.2004945401907974,0.931326458171254,1.057358801969296,0.9901912996752769,1.6243536419396245,0.9926535823498651,1.3175804369009645,0.9966094391877757,1.1476601584581316,1.0,1.0,-0.7519627213478088,-0.5099232792854309,-0.7689877152442932,-0.4367415606975555,-0.7760277390480042,-0.3906556367874145,-0.7812790870666504,-0.3454673290252685,-0.7706364393234253,-0.5540671944618225,-0.7705029249191284,-0.4873462319374084,-0.7560766339302063,-0.5046193599700928,-0.742409884929657,-0.5385618209838867
W,0.0,0.0,0.9660430200828212,2.1264994759388407,0.948066069943803,1.9399252000634097,0.981953810164608,1.7834832767093536,1.0215846268188253,1.7255593849261102,0.9619305554695244,1.6331803699667302,0.940699254748371,1.368000868137628,0.9340008232396253,1.218387126620343,0.9319795501914401,1.0819127736288618,0.9999416214324692,1.6171796500279694,0.9967109447171087,1.3137197935986593,0.998089035291626,1.1443859859749612,1.0,1.0,-0.7254140377044678,-0.4905577301979065,-0.7377939224243164,-0.4153900146484375,-0.7407932281494141,-0.3704471588134765,-0.7428010702133179,-0.326937586069107,-0.7442493438720703,-0.5306636095046997,-0.738653838634491,-0.4622576832771301,-0.7261823415756226,-0.4799643158912658,-0.7161020040512085,-0.5156587958335876
W,0.0,0.0,0.9655523529548619,2.1135074418190536,0.9386283740307784,1.917461482470485,0.9691256028367952,1.7647195115901304,1.014875649070062,1.7079514964685358,0.9579235667729791,1.6058140259480125,0.936221781786793,1.3627673893527554,0.9284357430615712,1.2143552567618865,0.9242694846684714,1.0765522323121506,0.9980166820154885,1.5887936367026039,0.9962936118956285,1.3104115210228153,0.9983530937739711,1.1428528986373134,1.0,1.0,-0.7255146503448486,-0.5245839357376099,-0.7374795079231262,-0.4485280811786651,-0.7423178553581238,-0.401247888803482,-0.7469626069068909,-0.3591596484184265,-0.7471935153007507,-0.5609212517738342,-0.73774254322052,-0.5024635791778564,-0.7247674465179443,-0.5275605916976929,-0.7159906029701233,-0.5607099533081055
W,0.0,0.0,0.9620983417815224,2.1620967887205302,0.936838355061971,1.9873434105937329,0.9682014575176346,1.8455381316107764,1.0122044282301497,1.7872222561651059,0.9577025528154577,1.646601594135264,0.935375496396049,1.3854217832468532,0.9291530232083266,1.2308721688926902,0.9257247165496663,1.0888454358077446,0.9990271079663714,1.6288997510243064,0.9961183926312316,1.3288029797601162,0.9990412762969583,1.152832950439036,1.0,1.0,-0.7183271050453186,-0.5404039621353149,-0.7316094636917114,-0.4623006284236908,-0.7364271283149719,-0.4116014838218689,-0.7390461564064026,-0.3632137775421142,-0.7381459474563599,-0.584010660648346,-0.7311622500419617,-0.5167793035507202,-0.7164634466171265,-0.5394337773323059,-0.7044621109962463,-0.5758673548698425
W,0.0,0.0,0.9551021763046,2.146364467801615,0.9307990160054422,1.9603314778620144,0.9635258462411224,1.8163846628814435,1.0060380941198235,1.7573743610694574,0.95313686665249,1.6297819395633224,0.9326818084227996,1.3689536163120537,0.9270665404645063,1.2170455758847534,0.924635823368403,1.0789543126941166,0.9944991639049988,1.6168370326696042,0.9943284121089904,1.319405289718151,0.9981231809088399,1.1475904716363587,1.0,1.0,-0.7188585996627808,-0.5368142127990723,-0.7323113083839417,-0.4587650895118713,-0.7375444769859314,-0.4098325967788696,-0.7405792474746704,-0.3617838323116302,-0.7377945780754089,-0.5806666612625122,-0.7302684783935547,-0.5118456482887268,-0.7158961296081543,-0.5335118174552917,-0.7036799192428589,-0.5698911547660828
X,0.0,0.0,1.0262234851924938,1.1822985088169213,1.0722008495507476,1.0406315553133287,1.0424967243561292,0.9327118884641811,0.9802310758054436,0.8997369938509056,1.0224083826271215,0.812452861949381,1.0116592882068962,0.6479310462679921,1.014879472568801,0.5711531124157901,1.0227281656278593,0.571191181655832,0.9597220214695608,0.8412436673400342,0.9796020474152306,0.7448997252568489,0.9950040149517132,0.8940889416641804,1.0,1.0,-0.4437925815582275,-0.4370899498462677,-0.4542316198348999,-0.4129197597503662,-0.4678708612918854,-0.4859615564346313,-0.4723199307918548,-0.5305753946304321,-0.418517529964447,-0.4712790250778198,-0.4295843541622162,-0.4473165273666382,-0.4456952214241028,-0.4986127018928528,-0.4521919190883636,-0.5306507349014282
X,0.0,0.0,1.0406231885425483,1.1842879198875043,1.0780644600240588,1.0444772180585036,1.0348275447877076,0.9511202036697917,0.9720439755882159,0.9189300152608677,1.0293566723222178,0.8189738088237589,1.0179110664764879,0.6618783351411388,1.0095542944404305,0.5888406793649835,1.0058940187252898,0.568832309543207,0.9661573525185139,0.8567575226219265,0.965109974673705,0.7662034944191694,0.9841632236489603,0.9030425255807168,1.0,1.0,-0.4264586567878723,-0.4413474202156067,-0.4273616373538971,-0.4186482727527618,-0.4437020123004913,-0.4863545894622803,-0.4537925124168396,-0.5280289649963379,-0.4026352167129516,-0.4791054725646972,-0.4057167172431946,-0.4550082087516784,-0.4244187772274017,-0.5013225078582764,-0.437185138463974,-0.5314300656318665
X,0.0,0.0,1.0469522293893212,1.18880561235787,1.0834872657228072,1.0440295580761072,1.0394379835167955,0.9398789466292116,0.9720131350456109,0.9097412794458859,1.0283732508006946,0.8252311920212457,1.0154906776316284,0.6744586113880499,1.0065546951063236,0.5960989540955569,1.0038574446134936,0.556279431426121,0.9653511537284422,0.8582745474958509,0.9638155874425377,0.7591725836006217,0.9840607416172282,0.8992855042128015,1.0,1.0,-0.4195356070995331,-0.4344139099121094,-0.4206303060054779,-0.4103433191776275,-0.4382346868515014,-0.4771626889705658,-0.4488770067691803,-0.5199130773544312,-0.3966994285583496,-0.4715138673782348,-0.4010569155216217,-0.4495249688625335,-0.4200072884559631,-0.4954512119293213,-0.4319854080677032,-0.5262457728385925
X,0.0,0.0,1.044457436360514,1.1840127021072369,1.078798607935488,1.0486942293441555,1.03801762655702,0.9553878892320545,0.9746885316755134,0.921008708453317,1.027497647627078,0.8167698029034808,1.0109320542084481,0.6639283032192927,1.0030752251235358,0.5852234183290314,1.0029686528219148,0.5590739994728178,0.9641154273858012,0.8542288965479512,0.9640802463061474,0.7627703673863201,0.9843962585854374,0.9033642679876062,1.0,1.0,-0.4219323694705963,-0.4383955895900726,-0.4234265983104706,-0.4191287159919739,-0.4411999583244324,-0.4854705929756164,-0.4519880712032318,-0.5253105759620667,-0.3985218703746795,-0.4756655395030975,-0.4021969437599182,-0.4567676186561584,-0.4220147728919983,-0.5024718046188354,-0.4349556267261505,-0.5302332043647766
X,0.0,0.0,1.0480436680828582,1.1847576194438896,1.0841664612501094,1.0510060645574852,1.0402241481055448,0.960848063520001,0.9731392971477106,0.9264656465663199,1.0287800532489422,0.8157265028658944,1.0133403583724834,0.6580259550912646,1.0028439374603215,0.5898776240565728,0.9981603745542287,0.5812380212992873,0.9638335837464174,0.8483919765674699,0.9604805576743962,0.7759426632616095,0.9821687528028813,0.9103189755555502,1.0,1.0,-0.4144366681575775,-0.4392096102237701,-0.4159058630466461,-0.4292347431182861,-0.4339119791984558,-0.494797021150589,-0.4450390338897705,-0.5324558019638062,-0.3913720250129699,-0.4768597185611725,-0.3949608504772186,-0.4655279815196991,-0.4143275618553161,-0.5093774795532227,-0.4273059070110321,-0.5338272452354431
X,0.0,0.0,1.0445792217137677,1.1773417989058084,1.081555546318799,1.0418027928129283,1.0327806866345142,0.951845476984073,0.964606862708168,0.9284501418756742,1.0253960728485683,0.8029425233463225,1.0053208914220695,0.6297457291535076,0.9957317524624256,0.5704027665756459,0.9926359740787742,0.5875270875645,0.9602037873877571,0.8427813462641025,0.9550578603428368,0.7768360631443925,0.9794167464419363,0.911427672558718,1.0,1.0,-0.4161092340946197,-0.443164050579071,-0.4171561896800995,-0.4331444799900055,-0.4356350600719452,-0.4993342459201813,-0.4472195208072662,-0.5363423228263855,-0.392481118440628,-0.4792364835739136,-0.398313820362091,-0.4721378087997436,-0.4167944192886352,-0.5191910266876221,-0.4288786649703979,-0.5423634052276611
X,0.0,0.0,1.0484618768364522,1.1830354734412234,1.0821412324694126,1.0475436348064107,1.039007405828553,0.9560329214219209,0.973076807031361,0.92066507885404,1.0274895301751483,0.813566164177008,1.0105220752377067,0.6537760065435118,1.0002389791504773,0.5795333770064676,0.9977543340950538,0.563951266748792,0.9639248314423269,0.8499604704267827,0.9605736846337635,0.7684245724777211,0.9820637439169091,0.906039509684124,1.0,1.0,-0.41932013630867,-0.4362795054912567,-0.4203849732875824,-0.4226691424846649,-0.4387467205524444,-0.4883134365081787,-0.4503686428070068,-0.5264142751693726,-0.3964183330535888,-0.4732896685600281,-0.3999063372611999,-0.4586923718452453,-0.4199369251728058,-0.5038917064666748,-0.4333831965923309,-0.5295187830924988
X,0.0,0.0,1.0473067049656926,1.179971083229671,1.0803241472709033,1.0446834607565882,1.0360207282777567,0.9557874073832499,0.9698993809241703,0.9225067205866596,1.027142311850664,0.816340988046596,1.012849489720965,0.6633991647991899,1.0038595001133206,0.5888861452640635,1.0016832406339689,0.5687980904371216,0.9634147399044068,0.8505047079049008,0.9629946578191638,0.7717025020305412,0.9835000480851932,0.9071883488089304,1.0,1.0,-0.4189423620700836,-0.4364486336708069,-0.421593576669693,-0.4238156676292419,-0.4395939111709595,-0.4897117614746094,-0.4504355788230896,-0.528009295463562,-0.3956948816776275,-0.4730842113494873,-0.4008624255657196,-0.4618399739265442,-0.4209231734275818,-0.5069933533668518,-0.4337474107742309,-0.5319703817367554
X,0.0,0.0,1.0476677952430393,1.1856244616805431,1.0837130890209272,1.053381785016396,1.0395318813323609,0.9619526270236397,0.9725828588219697,0.9232789301224464,1.0322144974881493,0.8165088789610343,1.0186406328541147,0.6632652469168037,1.0088920264173526,0.5923333062977681,1.0047652353738166,0.5759237058821858,0.9664373353435523,0.8455551370598218,0.9630865287855387,0.7753616747532633,0.9834288545693662,0.9089682895042381,1.0,1.0,-0.4166571795940399,-0.4357548952102661,-0.4185549318790436,-0.4265154600143432,-0.4365127682685852,-0.493048757314682,-0.4474394917488098,-0.5312584042549133,-0.3928859531879425,-0.471732497215271,-0.3979775309562683,-0.4639962613582611,-0.4175768792629242,-0.5097744464874268,-0.4303454458713531,-0.5343855023384094
X,0.0,0.0,1.0484229910923188,1.1839911075505112,1.0839162120633612,1.0492339177612324,1.0387740612954954,0.9604846866745124,0.9695990515995748,0.9252744185376579,1.0305770653226893,0.8097589964405865,1.0145106992830057,0.6612179884359415,1.0057648677434559,0.5867288237495552,1.0030909141600493,0.5682672065843065,0.9642196645964147,0.8403243702733717,0.9609147399065239,0.7763749982305992,0.9827483952155361,0.9115794428659871,1.0,1.0,-0.4138844311237335,-0.4323245882987976,-0.4157175719738006,-0.4265297353267669,-0.434247225522995,-0.4922995865345001,-0.4454467892646789,-0.5288296341896057,-0.3905075490474701,-0.469578206539154,-0.3958108127117157,-0.465933620929718,-0.4155337512493133,-0.5116108655929565,-0.4278698265552521,-0.5342929363250732
X,0.0,0.0,1.046177145975073,1.1792182233909023,1.080427427340927,1.0456556938424197,1.0362348687099354,0.9547405037938494,0.9680228512768763,0.9201466775276528,1.027470215723915,0.8122336786103423,1.0086007467534095,0.6548434745183496,0.9994593764230685,0.5816757330272344,0.9997053985711831,0.569589210018508,0.9620903833797386,0.8457124096788292,0.9606528013411527,0.7688828434163609,0.9819600255034711,0.9062960246301733,1.0,1.0,-0.4155728220939636,-0.4373484253883362,-0.4170751273632049,-0.4248294532299042,-0.4355235397815704,-0.4911839663982391,-0.447173923254013,-0.5301094651222229,-0.3923088908195495,-0.4741409718990326,-0.3969633877277374,-0.463064044713974,-0.4168818593025207,-0.5087778568267822,-0.4297239780426025,-0.5338363647460938
X,0.0,0.0,1.0511942846240994,1.1719503197924224,1.0853874019127778,1.039873741391493,1.0374983831140039,0.9528033296771359,0.9695752697005562,0.9201295656242147,1.0333247320073522,0.7959772082806654,1.0167126764788863,0.6294289338277197,1.0055012518702588,0.5704068314743702,1.0001667527461244,0.5829548088296834,0.9645063569271369,0.8253201791102028,0.9563734700154203,0.7765496434798079,0.9792801603686118,0.9088416146316155,1.0,1.0,-0.4084300398826599,-0.4342979490756988,-0.4101160168647766,-0.4365190267562866,-0.4282976686954498,-0.501359760761261,-0.440119594335556,-0.5380752086639404,-0.3847047686576843,-0.4712605476379394,-0.39158496260643,-0.4771337211132049,-0.410282552242279,-0.5231415033340454,-0.4228054583072662,-0.5447492003440857
X,0.0,0.0,1.0477982334318745,1.1761874701274635,1.0819728244529452,1.0483014136243038,1.0403962409922665,0.9624164740446255,0.9758900895428241,0.9256515366949494,1.0319466209526287,0.8185052809958883,1.0228671817523716,0.6731712600785643,1.0126092575794472,0.5978389404990735,1.0066978734491991,0.570168170516344,0.9646296941319403,0.8511795581856337,0.9648078215687026,0.7710083382374957,0.9851782087822654,0.9093790092879109,1.0,1.0,-0.422405868768692,-0.4510649144649505,-0.4265289008617401,-0.4364756941795349,-0.4447682499885559,-0.5056570172309875,-0.4545806646347046,-0.5449166297912598,-0.3979399800300598,-0.4888712763786316,-0.4052827954292297,-0.4767975509166717,-0.426069438457489,-0.5250675678253174,-0.4382149577140808,-0.5518649816513062
X,0.0,0.0,1.0431798886006802,1.1804764251052315,1.0800615259420625,1.0519490890041736,1.042652149303893,0.95711175433032,0.9770365424213263,0.9214677342711173,1.0309169999028114,0.8183952915918684,1.0197464761568091,0.6728668146340854,1.0130654502477303,0.5982412562879957,1.0127066580254394,0.5770013608916151,0.9641878782110647,0.8454447125767046,0.9687014843674859,0.7663095875186055,0.9865736803118496,0.906508263307532,1.0,1.0,-0.4301939606666565,-0.4433948695659637,-0.435295820236206,-0.4315322339534759,-0.4525396823883056,-0.5017527341842651,-0.4624250531196594,-0.5426608324050903,-0.4060271978378296,-0.4793692827224731,-0.4142930209636688,-0.4727727174758911,-0.4342115521430969,-0.5224276781082153,-0.4462339580059051,-0.5497549772262573
X,0.0,0.0,1.0438603349413922,1.1685875164929411,1.0797800577796266,1.0436526166856628,1.0390239934087788,0.9519343725804947,0.9746431349660764,0.9103656164846954,1.030786234008375,0.8013523468136096,1.0181360589955863,0.6460068966641452,1.0088964887073257,0.5784212062487141,1.008257970485227,0.5753398863660296,0.962614371614564,0.830561079478694,0.9644729677690852,0.7628432551559888,0.9833256015902259,0.9051937133054739,1.0,1.0,-0.4263966679573059,-0.4430977702140808,-0.4306821525096893,-0.4385071694850921,-0.4479915201663971,-0.5072377324104309,-0.4589462578296661,-0.5464388728141785,-0.4021434187889099,-0.4793596565723419,-0.4091317057609558,-0.4755066335201263,-0.4293995201587677,-0.5232450366020203,-0.4424803853034973,-0.5479493737220764
X,0.0,0.0,1.0460474841676795,1.1813510744564764,1.0819288268518314,1.0505274996804226,1.0370659460040499,0.9600239363087925,0.970312719589749,0.9303414830450845,1.0321125477303332,0.806971410871356,1.0197841483797627,0.637563669842168,1.0102357673054883,0.5775567836759998,1.0045666310115597,0.5897112455877421,0.9641016205265408,0.8415558552635809,0.9595698345708471,0.7776773787277805,0.9813200284366513,0.9128937241231632,1.0,1.0,-0.4210395514965057,-0.4454328715801239,-0.4230464994907379,-0.440201461315155,-0.4407130777835846,-0.5082904696464539,-0.4517968893051147,-0.5455611348152161,-0.3972339034080505,-0.4805734753608703,-0.4033287167549133,-0.4788510501384735,-0.421850174665451,-0.5290242433547974,-0.4341956079006195,-0.5538315176963806
X,0.0,0.0,1.0470382722679554,1.1891818989294844,1.0823092220711752,1.0550782850514902,1.043298264135869,0.9600076679329442,0.9776022421323594,0.9213509567228831,1.0336427491954534,0.8189926093396073,1.019971443435124,0.665616052182441,1.0129663720908428,0.5920301105576841,1.010800554469692,0.5721301853989756,0.9675659177945947,0.8511155474451542,0.9662999287678158,0.7692962803353859,0.9855107087755199,0.9067280085231931,1.0,1.0,-0.4265967011451721,-0.450152039527893,-0.4302871227264404,-0.4364571869373321,-0.4476904273033142,-0.5058231949806213,-0.4573959708213806,-0.5457474589347839,-0.4022233784198761,-0.4877582788467407,-0.4086293578147888,-0.4774419963359833,-0.4288141131401062,-0.5273231267929077,-0.4412260055541992,-0.5547161102294922
X,0.0,0.0,1.0348849214057934,1.200779195231157,1.0740325679892904,1.0505279421072589,1.0464563774654292,0.9311748539522493,0.9857614157502373,0.8876836426760796,0.9968926393538703,0.8231288813852767,0.9753520186052259,0.6549455890111288,0.9767506533318651,0.5800763148285141,0.9896539231203539,0.5912146837289526,0.9302879499815352,0.8599697331397711,0.9532493767621505,0.7612027137705756,0.9852323138238335,0.8996933559118375,1.0,1.0,-0.4264218509197235,-0.4534203112125397,-0.4436876475811004,-0.4369304180145263,-0.4644301235675812,-0.5051706433296204,-0.4723291397094726,-0.5482630133628845,-0.4044381082057953,-0.4930868446826935,-0.4252685010433197,-0.4918945133686065,-0.448211133480072,-0.5384486317634583,-0.4578584432601928,-0.5646826028823853
X,0.0,0.0,1.0404985086063028,1.17178500824145,1.0773629018715847,1.0416460882554333,1.030599540650485,0.9520300360240508,0.9657767831879767,0.9212004727487528,1.0392037941742205,0.8063130647813815,1.029221504914676,0.6379582895581456,1.0204181384522117,0.5810569072009465,1.0136033396152002,0.594435007985432,0.9712940496548859,0.8353012772501996,0.9627296955717513,0.7771267875288542,0.9813116912277716,0.9117494543326846,1.0,1.0,-0.4255756437778473,-0.4543699324131012,-0.4246161878108978,-0.4511924684047699,-0.440314769744873,-0.520100474357605,-0.4510201215744018,-0.5565708875656128,-0.4007005989551544,-0.4878462255001068,-0.4045388698577881,-0.4884142577648163,-0.4213157892227173,-0.5392175316810608,-0.4331030249595642,-0.5624730587005615
X,0.0,0.0,1.0465188528770988,1.1684843942333472,1.0807332449892484,1.0533656970056877,1.0176956944736564,0.9709643663283279,0.9508321346009102,0.9273246062884305,1.056806914812193,0.8096009409295715,1.057903410277752,0.6222346500774018,1.0485813647779063,0.5744176701038655,1.03695261770607,0.6042770207356201,0.9903337440060378,0.8315949390442531,0.9748687038382123,0.7864583975946334,0.9830068093416435,0.9280292080221164,1.0,1.0,-0.4247253835201263,-0.453228622674942,-0.4166358411312103,-0.4504382014274597,-0.4284613132476806,-0.5206044912338257,-0.4403886198997497,-0.5487756133079529,-0.4017603397369385,-0.48541259765625,-0.3946649432182312,-0.4816296398639679,-0.4103169739246368,-0.5315952897071838,-0.4242005050182342,-0.5531178712844849
X,0.0,0.0,0.9910635522079936,1.2028577199309496,0.9606290680411107,1.0767657989758583,0.9835909408607141,0.9603894498231753,1.0203097161561212,0.9019526382352678,0.970345353674852,0.8600764511626734,0.9623856890431143,0.6961599388427864,0.9587292062309319,0.6458932761560153,0.958820469361879,0.6657555493121265,1.0155276835094775,0.876853976119,1.009671992363944,0.7846707079642008,1.0016808130275745,0.9330495992945828,1.0,1.0,-0.7311831116676331,-0.4676513075828552,-0.7247698903083801,-0.4453929960727691,-0.7142340540885925,-0.5196701884269714,-0.711880624294281,-0.5426908731460571,-0.7601494789123535,-0.492928683757782,-0.7508461475372314,-0.4696202278137207,-0.7386297583580017,-0.5237340927124023,-0.7351087927818298,-0.5427528023719788
X,0.0,0.0,1.0052632691843522,1.20608723686253,0.9648218698187555,1.0915569141124075,0.9742003472873255,0.9650291346762351,1.0070763894366466,0.9040241674527457,0.9692458305911333,0.8632857705763652,0.954360609043456,0.7015468841419001,0.9418156418625557,0.6545765322571017,0.9373652717412333,0.6808240695411288,1.0139755466976512,0.8664398977898244,0.9965468679521147,0.77529666025863,0.9951060230073686,0.9294427396148014,1.0,1.0,-0.7193931937217712,-0.4442305564880371,-0.7058360576629639,-0.4290083944797516,-0.7007090449333191,-0.5053029656410217,-0.702462911605835,-0.5307014584541321,-0.7495244741439819,-0.4644482135772705,-0.7326717376708984,-0.4536775052547455,-0.7257035970687866,-0.5073645114898682,-0.727571427822113,-0.5237579941749573
X,0.0,0.0,0.9839461411926,1.2077581766274936,0.9585722164102983,1.0773713212171185,0.9868699055075608,0.955927962265288,1.0252182835906347,0.8932129436145947,0.9589397331860439,0.8544254084666828,0.9512651381203192,0.7019936560380753,0.9503882887255217,0.6491352979973761,0.9545328397825332,0.6561895119922594,1.0057533805521284,0.8680782109491694,1.0082504250658486,0.7791074809870064,1.0025890721393107,0.9286310262018446,1.0,1.0,-0.7370867133140564,-0.4504382014274597,-0.7366302013397217,-0.4303504228591919,-0.7264105677604675,-0.5035153031349182,-0.7216300964355469,-0.5292161703109741,-0.7647146582603455,-0.4772321581840515,-0.7623366713523865,-0.4514271020889282,-0.7500874996185303,-0.5051271319389343,-0.743182361125946,-0.5265770554542542
X,0.0,0.0,0.9808588683817616,1.226561850711057,0.962534654238039,1.1134515575384814,0.9965505125623138,0.9995866469616178,1.0316992404870826,0.9287805927064896,0.9599821445420847,0.851707268602211,0.9548588761186783,0.6802369939461955,0.9588766064403775,0.6400457933550195,0.9678277143416026,0.6891748933906561,1.0061619494742344,0.8679999174389866,1.0185677588221453,0.8027387850513666,1.0080727996755878,0.951602685229987,1.0,1.0,-0.7421073317527771,-0.4442389607429504,-0.7477911710739136,-0.4365921914577484,-0.732563316822052,-0.5063984394073486,-0.7236249446868896,-0.5228118896484375,-0.7679638862609863,-0.4723560810089111,-0.7698145508766174,-0.4693816602230072,-0.7540959715843201,-0.523686408996582,-0.7426304221153259,-0.5384905338287354
X,0.0,0.0,0.9760105007057591,1.1999989578915968,0.9545186457266096,1.090872918551294,0.9884036620563579,0.9958121452760693,1.0283294612415488,0.9462433117068209,0.96508597776718,0.8402927424610266,0.9645593609462816,0.6752289885189259,0.9673622915941271,0.6421891192277408,0.9724042690958116,0.6867114836438125,1.0102192265445835,0.8576086170049116,1.0184006310652944,0.8104211195583733,1.0059982160644882,0.9566124679507257,1.0,1.0,-0.7441867589950562,-0.4513341188430786,-0.7480708360671997,-0.4525094330310821,-0.7316744327545166,-0.5191466808319092,-0.7244027853012085,-0.5307770371437073,-0.7704986333847046,-0.4782523512840271,-0.7716280817985535,-0.482189267873764,-0.7542631030082703,-0.5320951342582703,-0.7433233261108398,-0.5411547422409058
X,0.0,0.0,0.9873228254375278,1.225338226420356,0.9663047374833356,1.1099958168855342,0.992474543548658,0.9937406115871661,1.0243263528756381,0.9183334886017741,0.9605603927597154,0.8578473583358146,0.9528549710511935,0.6952366077925273,0.9540693112884399,0.6466627331994981,0.9613862257687965,0.6820161393933083,1.0072661397835059,0.8776176584666663,1.0111673715164156,0.794392069253378,1.0035965835518048,0.9439775634058466,1.0,1.0,-0.7356995344161987,-0.4490969479084015,-0.7348995804786682,-0.4328570365905761,-0.7238588929176331,-0.504696786403656,-0.7191863059997559,-0.5231624841690063,-0.7627576589584351,-0.476512998342514,-0.7596192955970764,-0.4580998718738556,-0.7476915717124939,-0.5116162300109863,-0.7412434816360474,-0.5274525880813599
X,0.0,0.0,1.003799244367304,1.2487195422128938,0.9794096119650606,1.1285144396683093,1.0008087947033013,0.9974838932031359,1.0292779691974403,0.9072405442811037,0.9553437403514817,0.8825285831910461,0.937514514798219,0.7164177003524002,0.9359232114363554,0.6715480951683654,0.945297873372228,0.7025483168874185,1.0015924311459614,0.8879616872533327,1.005057330904607,0.7823106157184604,1.0034708856896257,0.9372765651877901,1.0,1.0,-0.7184644937515259,-0.4282483458518982,-0.7185360193252563,-0.4053574800491333,-0.7130563855171204,-0.4789709448814392,-0.709169328212738,-0.5003343820571899,-0.7463715076446533,-0.4511524736881256,-0.7438978552818298,-0.426035463809967,-0.7366052865982056,-0.4823445081710815,-0.7312979102134705,-0.5018466711044312
X,0.0,0.0,1.002899410533789,1.2222046022904456,0.9715501911827292,1.1097564792110715,0.9891542807743046,0.981444232689149,1.0236801838746308,0.9107254957430342,0.965421445650858,0.8680483441998972,0.9520654620598255,0.7048161004834198,0.9481329131278924,0.6730095534802795,0.9537792120254401,0.7286342418414803,1.0114116544459117,0.8751338863985273,1.0014071287162714,0.7775993381722723,0.9999461222661868,0.9343239514618434,1.0,1.0,-0.7187123894691467,-0.4340206980705261,-0.7108032703399658,-0.4150833189487457,-0.704667866230011,-0.4920097589492798,-0.7026852369308472,-0.5188794136047363,-0.7487108707427979,-0.4561862051486969,-0.7376503348350525,-0.4393396377563476,-0.7293693423271179,-0.4964533448219299,-0.726026177406311,-0.5167416334152222
X,0.0,0.0,0.9983448063260781,1.1869690768963699,0.9557720018439748,1.0707191795424225,0.9663026501481967,0.957740716995127,1.0016975280272864,0.9115919462043441,0.9717895888954251,0.8456759161320475,0.9628221299606317,0.6751884110414891,0.9513610980700484,0.6374323154760907,0.9437734385605684,0.6717307970181985,1.0147402208527536,0.8523854644482676,0.9947192534164442,0.7724916808244172,0.9935102054957238,0.9232440100474757,1.0,1.0,-0.7130260467529297,-0.4366770982742309,-0.6971935629844666,-0.4187461733818054,-0.6934066414833069,-0.4954417943954468,-0.6969096660614014,-0.5269365906715393,-0.74217689037323,-0.4538514912128448,-0.7240458726882935,-0.4360017478466034,-0.7168031930923462,-0.4912913143634796,-0.7186062335968018,-0.5141675472259521
X,0.0,0.0,0.9934828773631942,1.223790777671177,0.9668230345267045,1.116170111846044,0.992616695660996,1.003491203646229,1.0312786099677258,0.9398418228586463,0.9583993914144125,0.8870504186794214,0.9470744044175614,0.7247848957265928,0.9471293876724242,0.6844696039680852,0.9507168496141096,0.7024082467618991,1.0029009095776487,0.8932522273194278,0.9986601631812668,0.797977932823506,1.0003701163490841,0.9429191462741032,1.0,1.0,-0.7175816893577576,-0.4456936717033386,-0.7157875895500183,-0.4131320714950561,-0.7095248103141785,-0.483866423368454,-0.7057738304138184,-0.5085496306419373,-0.7450550198554993,-0.4675023257732391,-0.7423957586288452,-0.4371058940887451,-0.7325985431671143,-0.4873011410236358,-0.7268729209899902,-0.5107853412628174
X,0.0,0.0,0.991810339632884,1.219235163901353,0.9619214022460544,1.1101249597675331,0.987774414361166,1.0003448497156002,1.027949048866886,0.9440807437639983,0.9650493447625456,0.8704196151009996,0.9590386858117673,0.6962911628234058,0.9575106513529615,0.6604996964584856,0.9579481807945011,0.7011083629682794,1.009451596580738,0.8842217178359714,1.000955840266996,0.7981432947077063,0.9995972283863512,0.9503488330064329,1.0,1.0,-0.717989981174469,-0.4437176585197449,-0.712432861328125,-0.4145705997943878,-0.7044010162353516,-0.4880654811859131,-0.7025381922721863,-0.5094915628433228,-0.746017575263977,-0.4673535227775574,-0.7388214468955994,-0.4465677440166473,-0.7275587916374207,-0.4987577199935913,-0.7232019305229187,-0.5168446898460388
X,0.0,0.0,0.9915140225693557,1.2031570520307318,0.9520639911389978,1.0917278833172182,0.9662795093093748,0.9912691064610524,1.0052012441669262,0.9546710109371231,0.9778668725956478,0.8592288967129171,0.9716042126587926,0.6904154002169776,0.9576385941120668,0.6611020153243362,0.9485406694977517,0.7093486756015369,1.0222317719926355,0.8663323404650908,0.9973412433725085,0.79532309036847,0.9898743303018901,0.9399731161103725,1.0,1.0,-0.7238130569458008,-0.4532887637615204,-0.7014100551605225,-0.447892963886261,-0.6932134032249451,-0.5164990425109863,-0.6990113258361816,-0.5335343480110168,-0.7515472173690796,-0.4777398705482483,-0.7274249792098999,-0.4788582324981689,-0.7177712321281433,-0.5269980430603027,-0.7223101854324341,-0.5379151105880737
X,0.0,0.0,0.9857160526674219,1.210673607706149,0.9456504213475455,1.1003693780981896,0.9650257764688058,0.9953206633556752,1.0098869409510214,0.9642761878397303,0.9712687832364599,0.8614819228775129,0.9686454600585335,0.7049468982327562,0.9618022728282181,0.6655461376587364,0.9578776749643391,0.7065821792955893,1.0165343850384094,0.8743515062509237,1.004335554160398,0.8022692295962295,0.9966128265822665,0.9512215048667823,1.0,1.0,-0.7262269258499146,-0.4610145688056946,-0.7155627608299255,-0.4479128122329712,-0.7054436206817627,-0.5173975825309753,-0.7069317102432251,-0.5306903123855591,-0.7548317909240723,-0.4853638708591461,-0.7418287992477417,-0.4786304533481598,-0.7304382920265198,-0.5271428227424622,-0.7303513288497925,-0.5352615714073181
X,0.0,0.0,0.9926072479786617,1.2442877965162231,0.9672637912776167,1.1342323827902183,0.9924820978784338,1.0177740491513931,1.026933528022783,0.9460249559725556,0.9547105193539146,0.8983752370003563,0.938455861960735,0.7233552700716512,0.9407320563992511,0.7067679945529631,0.9510067155250125,0.7685225034862697,1.0008526444371644,0.9040243870250645,0.9997502180194207,0.7897048609329076,1.0001404375865912,0.9354995495832361,1.0,1.0,-0.7201734781265259,-0.4552532434463501,-0.7173457145690918,-0.421338677406311,-0.7109445929527283,-0.4924438595771789,-0.7080969214439392,-0.5162761211395264,-0.7486379146575928,-0.4797893464565277,-0.7446159720420837,-0.4496265351772308,-0.735616147518158,-0.501788854598999,-0.7306333780288696,-0.5223440527915955
X,0.0,0.0,0.9794155885122675,1.265290299242044,0.9628853832883068,1.1588298375260655,0.9988306254093761,1.0514982409546523,1.0348974210504933,0.9904525814551769,0.9475990372168472,0.8902680368367758,0.9353365826879381,0.7305033674883618,0.9419922985275179,0.6773761239046013,0.9561275195517847,0.7167998164518293,0.993432806832629,0.8906810580608575,1.0075575405627069,0.7840204869626815,1.0068296232534526,0.9226597734355646,1.0,1.0,-0.7464827299118042,-0.4363757371902466,-0.7559770345687866,-0.4096491932868957,-0.7477707266807556,-0.4721519351005554,-0.738735556602478,-0.4985144138336181,-0.7722609043121338,-0.4652630686759949,-0.781096339225769,-0.4412603378295898,-0.7709843516349792,-0.484096348285675,-0.7597095966339111,-0.5027962923049927
X,0.0,0.0,0.963423915717672,1.1941137695813984,0.9480233518085265,1.1104872638047807,0.987289889660477,1.0446593130801594,1.0243909106390952,0.9932724393627888,0.9535508952361648,0.8427576836389234,0.9520352455864068,0.6706344732512824,0.9632339495076668,0.6350034008937091,0.9780629827746834,0.685003015754751,0.9973304361854295,0.8510864886717795,1.019149458934944,0.7921761004703829,1.0098806909384404,0.9349483960479608,1.0,1.0,-0.7547354102134705,-0.4529531300067901,-0.7681514620780945,-0.4464897513389587,-0.7537034749984741,-0.5102095007896423,-0.7429362535476685,-0.5307645201683044,-0.7780776023864746,-0.4815274178981781,-0.7897270321846008,-0.4796651303768158,-0.7758369445800781,-0.5223321914672852,-0.7629331946372986,-0.5328600406646729
X,0.0,0.0,1.0021118585423403,1.188611032925631,0.9588881496882953,1.0799858164638232,0.9686776152801226,0.9674582526642759,1.0071729114718075,0.9228228260250545,0.9759858068816171,0.8532303402056611,0.9695201171622239,0.6869937067003147,0.9565017906886293,0.6440208965766634,0.9470497811614057,0.6698833514299194,1.0178664335937424,0.8571212624378386,0.9957320651383018,0.7828155983275051,0.9931507976799414,0.9260622242887666,1.0,1.0,-0.7206588983535767,-0.4478131234645843,-0.7022653818130493,-0.4291933476924896,-0.6977176666259766,-0.5051219463348389,-0.7009634971618652,-0.5385432839393616,-0.7480966448783875,-0.4674409329891205,-0.7262740731239319,-0.4526530504226684,-0.7188755869865417,-0.5073190927505493,-0.7209862470626831,-0.5326119661331177
X,0.0,0.0,1.0017271383376918,1.189342405762775,0.9641994372922232,1.0805198509601173,0.9788278965455238,0.9798019634441844,1.0158421052768534,0.9380809514754307,0.9800889018264279,0.8642846400995607,0.9726294718393269,0.6978014452124043,0.9609213266455585,0.6587580229434058,0.9538274129780152,0.6854216599232207,1.0202912733108813,0.8734041779554274,1.0015887903240006,0.7957511348381667,0.9954966203618612,0.9325668547237698,1.0,1.0,-0.7285836338996887,-0.4548457562923431,-0.7130454778671265,-0.4340918362140655,-0.7066214084625244,-0.5057076811790466,-0.7090221643447876,-0.5344371199607849,-0.7562533617019653,-0.4743478894233703,-0.7372571229934692,-0.4552652239799499,-0.7284809947013855,-0.5081676244735718,-0.7297756671905518,-0.5318719148635864
X,0.0,0.0,1.0067130566017055,1.1929017764057852,0.9634054185405432,1.0863801539252758,0.9757133349341052,0.9774305245029133,1.0130703560852043,0.9246100720573753,0.9740364002535277,0.8548628498889209,0.9628471313375603,0.6862635008040268,0.9492549921367491,0.6457160666459053,0.940634439235927,0.6734902167944722,1.0161106508291204,0.8534502592414093,0.9940281115723545,0.7807020552853958,0.9933446288697036,0.92741203788666,1.0,1.0,-0.6995790600776672,-0.4238527417182922,-0.683044970035553,-0.408556580543518,-0.67950040102005,-0.4840185344219208,-0.6822438836097717,-0.5143565535545349,-0.7272531986236572,-0.4403376281261444,-0.7078858613967896,-0.4296241998672485,-0.7011092901229858,-0.4847451746463775,-0.7024730443954468,-0.5076753497123718
X,0.0,0.0,0.9970953084354989,1.2071441000624512,0.9602246402877223,1.0963493593394018,0.9808327005667457,0.9896448199685504,1.0222071339069772,0.9368175038189275,0.9703585965118152,0.8676288994058654,0.9629741906115851,0.6950434306629479,0.9559708101887886,0.6485951072459402,0.9525970828689447,0.6696335670410178,1.0139087954511636,0.8746943907318948,1.0002215674163575,0.790136100428455,0.9973882355366473,0.9359833724173992,1.0,1.0,-0.7148657441139221,-0.444186270236969,-0.7047308683395386,-0.4212083220481872,-0.6977863311767578,-0.4950863122940063,-0.6975978016853333,-0.5203359723091125,-0.7433195114135742,-0.4641514718532562,-0.730911135673523,-0.4468400776386261,-0.7206803560256958,-0.5005427598953247,-0.7182020545005798,-0.5215750932693481
Y,0.0,0.0,1.0613384805576371,1.1057480116071887,1.1195590177920705,0.959244140966078,1.1552118529230295,0.8381095243999146,1.1882104311519053,0.7540359688956941,1.0385163714274896,0.839333214269434,1.0344365200879386,0.7772436296225989,1.032344917011538,0.8976485026686977,1.0357053586806886,0.9703503363481751,0.9737137183238495,0.8442578131279621,0.9748034879648364,0.796847056548819,0.9881969931458646,0.9258478182788337,1.0,1.0,-0.4346038997173309,-0.4668617844581604,-0.4304882287979126,-0.4254503846168518,-0.4437755942344665,-0.4874478578567505,-0.4552119374275207,-0.5305718779563904,-0.4085702896118164,-0.4817653894424438,-0.3961325883865356,-0.4239806234836578,-0.3890819847583771,-0.3901862502098083,-0.3840671479701996,-0.3536148369312286
Y,0.0,0.0,1.057333602269877,1.1044029258319703,1.1116797486606198,0.9527120197408591,1.1454871358823178,0.8286716402730078,1.1791704552406144,0.743781249490226,1.0336782829400792,0.8392217320241223,1.0318656637397297,0.7744242933697134,1.0312504836804082,0.8934646449197384,1.034395296918965,0.970421774853352,0.9704588889464869,0.8448220479444323,0.9728923388217189,0.7931655847870401,0.9886581090141322,0.9205061250068289,1.0,1.0,-0.4428752660751343,-0.4704189002513885,-0.4394904375076294,-0.4289886355400085,-0.4545909762382507,-0.490166574716568,-0.4664483666419983,-0.5344786047935486,-0.4172569513320923,-0.4854911565780639,-0.4067783951759338,-0.4224206805229187,-0.4010837972164154,-0.3825545907020569,-0.3964425325393677,-0.3405910730361938
Y,0.0,0.0,1.0555055081606046,1.1110361377943987,1.1072592136982478,0.9632542222764303,1.1362226801321187,0.8377409665350152,1.1622174872089859,0.745137335596959,1.0313241416165535,0.8417042243638798,1.029032894461819,0.7725456020280829,1.0304498129476916,0.8946748944963684,1.0336686821166845,0.9714220514666683,0.9686753083374505,0.8472560749698194,0.9715289469650539,0.7919878989132366,0.988803324820251,0.921539986898249,1.0,1.0,-0.4445644617080688,-0.4730246961116791,-0.4404928982257843,-0.4304320812225342,-0.4563437700271606,-0.4903918504714966,-0.4684941172599792,-0.5333011150360107,-0.41950324177742,-0.4889921844005584,-0.4073818624019623,-0.427775889635086,-0.4015944898128509,-0.3890911936759949,-0.3969021439552307,-0.3478558361530304
Y,0.0,0.0,1.0574057036371078,1.0783192038428564,1.1150209723771958,0.9330104499475492,1.1439231368417404,0.8162620944901833,1.1665483565677606,0.7294952507628042,1.0272332109303886,0.8131379340882371,1.0317558870462402,0.7608677679055783,1.033205755338784,0.8796673630161014,1.0366183588794455,0.9587230066551783,0.9665450733404627,0.8231015564971413,0.9757658768450456,0.7850846100928027,0.9895894842989723,0.9175171384958167,1.0,1.0,-0.4455871284008026,-0.4734636843204498,-0.447396457195282,-0.4481837153434753,-0.4596142470836639,-0.5165092945098877,-0.4691515564918518,-0.5621458888053894,-0.4210058152675628,-0.4922083020210266,-0.4120701551437378,-0.4310263991355896,-0.4081358313560486,-0.3915623426437378,-0.4063161611557007,-0.3510220646858215
Y,0.0,0.0,1.0563622073465833,1.0918203968505464,1.1150087634684178,0.9478791700140422,1.149044688354089,0.8300984816109683,1.175333081610093,0.7452251569864068,1.0321734858850147,0.8242263420060773,1.030365980512524,0.7713545591417086,1.0298006701902636,0.8884878295599052,1.0338820985328818,0.9662456753063431,0.9718725800776521,0.8304071368898074,0.9744387914089658,0.7896707048885148,0.9886926351320001,0.9192061776108609,1.0,1.0,-0.4477671682834625,-0.4686638414859772,-0.4449487328529358,-0.4344083070755005,-0.4582532048225403,-0.5002740621566772,-0.468777984380722,-0.545712411403656,-0.4219483733177185,-0.4852250814437866,-0.4123200476169586,-0.4238755106925964,-0.4069326519966125,-0.3862797617912292,-0.4027477502822876,-0.3460647165775299
Y,0.0,0.0,1.0574048946588945,1.0905310496516274,1.1198791155051178,0.9451567942140693,1.162674187219782,0.8339486515522392,1.1985959558779153,0.7656165882207134,1.034612190694352,0.827788620077247,1.037532375203292,0.7736746469499516,1.0316801796271318,0.8907489326469339,1.0324190347114361,0.9674789054610367,0.9722211215259331,0.8314896677800722,0.9778203872551643,0.7864987812957391,0.989148340276661,0.9178998445500485,1.0,1.0,-0.4475593864917755,-0.4672975838184356,-0.4453055262565613,-0.4273028671741485,-0.4578578770160675,-0.4907687902450561,-0.4679408967494964,-0.5360879898071289,-0.4217094182968139,-0.4813116788864136,-0.4103178679943084,-0.4225831031799316,-0.4049665629863739,-0.3876529335975647,-0.4017528295516968,-0.3495915532112121
Y,0.0,0.0,1.0597543847483666,1.0897222082943923,1.1164216440805974,0.9424855459610142,1.1512806203172583,0.8248090530369137,1.1850475043453572,0.7459168025795728,1.0328269888299608,0.8308790823097454,1.033372418002704,0.7763192410712267,1.031702877874577,0.8907539448815152,1.0347561337492768,0.9666431101033339,0.9710449968888142,0.8371197603772434,0.975464385961254,0.7937574282258271,0.9889088665030482,0.9202704299209098,1.0,1.0,-0.441752552986145,-0.4745795130729675,-0.4391534924507141,-0.4367337226867676,-0.4523932635784149,-0.4993577003479004,-0.4630354046821594,-0.5440880656242371,-0.4163582026958465,-0.4905696511268616,-0.4038420617580414,-0.4327225685119629,-0.3977640569210052,-0.3970474302768707,-0.393856942653656,-0.3587062358856201
Y,0.0,0.0,1.060475913007756,1.0946824657099443,1.11762250639437,0.9450144718371298,1.1562999385524508,0.8259690343895743,1.1886843369352427,0.7460485220839095,1.0335064867649333,0.8331437402837899,1.034976670297884,0.7736886459428438,1.0314944769233905,0.8902097868374236,1.0333722410075215,0.9676972461860724,0.9719294729171293,0.8382621498109147,0.9763561056858108,0.7914056314341805,0.9893040531041942,0.9193754597800421,1.0,1.0,-0.4391453266143799,-0.4657521545886993,-0.4364188909530639,-0.425608217716217,-0.4499164223670959,-0.4874194264411926,-0.4606108069419861,-0.5316245555877686,-0.4137725532054901,-0.4801590144634247,-0.4017736911773681,-0.4199996888637543,-0.3954796493053436,-0.3823951184749603,-0.3910528719425201,-0.3423306941986084
Y,0.0,0.0,1.0624939395736952,1.095884711757433,1.1180965474982003,0.9404501463667447,1.1487992399188254,0.8132653509397996,1.1781787005628657,0.7238637636347266,1.0342301546503145,0.8319518713641643,1.0329159632031348,0.7716801760353826,1.0310454818972357,0.8868028913196724,1.033659747016908,0.9647021167727725,0.9722657554675107,0.8387517760555864,0.9752563088186431,0.7919461506534348,0.989205660930433,0.9184804211145833,1.0,1.0,-0.4407519698143005,-0.4653092324733734,-0.4373106360435486,-0.4238623976707458,-0.4509344100952148,-0.4861279726028442,-0.4619216620922088,-0.5316728353500366,-0.4157589077949524,-0.480135828256607,-0.4034791588783264,-0.4210432767868042,-0.3968790173530578,-0.3847469389438629,-0.3922481536865234,-0.3462136685848236
Y,0.0,0.0,1.0602287061956248,1.1100960530984902,1.1182546407034692,0.9625803855947072,1.1496981461265527,0.8374399185097693,1.1775806161524778,0.7476452096776935,1.0330098398947964,0.8470779644489372,1.0342907407955082,0.7794798152470024,1.0335071104941569,0.8940377477481655,1.0351985961336008,0.9701008536556552,0.9716810135676337,0.8493084349145803,0.9767654727006528,0.7953000690494123,0.990606994277066,0.9211553201059655,1.0,1.0,-0.4414828717708587,-0.4664568603038788,-0.4371114373207092,-0.417280375957489,-0.4509448409080505,-0.4755236208438873,-0.461707204580307,-0.518722414970398,-0.4163061380386352,-0.4801236391067505,-0.4033925831317901,-0.421736478805542,-0.3978272676467895,-0.3863248229026794,-0.3939328193664551,-0.3478396832942962
Y,0.0,0.0,1.0617844477879987,1.106722598332356,1.1202665205651892,0.9563369558284331,1.1515298534280387,0.8320347659750589,1.1798921037783965,0.7446398060611578,1.0354916247509396,0.8446007368984554,1.0344908057134452,0.7807007745234485,1.0325153308207606,0.8964640383728979,1.0346157457329581,0.9719026966693621,0.9735683203570958,0.8481610524757607,0.9753767962137978,0.7964381746090703,0.9889363757176475,0.9224800417408764,1.0,1.0,-0.4416093230247497,-0.4706425666809082,-0.4364208877086639,-0.4226669669151306,-0.4495134353637695,-0.4819744825363159,-0.4603561162948608,-0.525222659111023,-0.4163237810134887,-0.4847159683704376,-0.4037223160266876,-0.4262796640396118,-0.3975026607513428,-0.3913145959377289,-0.3932482004165649,-0.3535470962524414
Y,0.0,0.0,1.0642149686134295,1.0890459908233174,1.1228401113078474,0.9403570791544316,1.1533269814369507,0.8168382792211057,1.1839484221383352,0.7300343225108877,1.0325634739002545,0.8238239826638382,1.0310846859432912,0.7717381581063744,1.0310370591232398,0.8883504329335151,1.034939543705297,0.9651702934563323,0.9697267063920648,0.8325232697234912,0.9714544189007034,0.794322967353106,0.9877538298660842,0.9231850069978722,1.0,1.0,-0.4392552971839905,-0.4718952178955078,-0.435791552066803,-0.4401990175247192,-0.4496577382087707,-0.505062997341156,-0.4603196978569031,-0.5484455227851868,-0.4143174290657043,-0.489923894405365,-0.4027620851993561,-0.4323094487190246,-0.3965055048465729,-0.3982101082801819,-0.3912541568279266,-0.3609678447246551
Y,0.0,0.0,1.0626266214146947,1.052334118429758,1.1179647627442895,0.9051143199384235,1.1462329094544919,0.7885001650119129,1.1781133343461294,0.7061233323696706,1.0196774296351738,0.7583098582681462,1.0227590109706846,0.7704591423682907,1.0292492799299005,0.8865629933633206,1.0376055893962117,0.9544277497044739,0.9528271395495699,0.7726621169900358,0.9663595997124981,0.800717867405976,0.9853899950401874,0.924709130431817,1.0,1.0,-0.4326959252357483,-0.4633356630802154,-0.4346532225608825,-0.4625380635261535,-0.4488387405872345,-0.5252233743667603,-0.4605347812175751,-0.5662526488304138,-0.4095936715602875,-0.4943720400333404,-0.39892578125,-0.4463388919830322,-0.3924312889575958,-0.4147603809833526,-0.3882711231708526,-0.3821930289268493
Y,0.0,0.0,1.0608612150318777,1.0697758693985673,1.1194791071152568,0.9172361839160942,1.1511632194353456,0.794776429897532,1.1811898550157882,0.7110452141580313,1.0284981468066787,0.7989060138089699,1.0291847997800128,0.7661528256477427,1.0325985736835994,0.8880747701307514,1.037976775958828,0.961619510020428,0.9650730631786532,0.8091368984229284,0.9734432524334218,0.7849461403610131,0.9890435958219818,0.9197392429469828,1.0,1.0,-0.4370946288108825,-0.4625239968299866,-0.4368264377117157,-0.4410736262798309,-0.4495916068553924,-0.5064420700073242,-0.4593454897403717,-0.5489948391914368,-0.4124655723571777,-0.4824582040309906,-0.401952713727951,-0.4241358339786529,-0.3970330059528351,-0.3893392384052276,-0.3942038416862488,-0.3533955514431
Y,0.0,0.0,1.0571233352781968,1.0677687242341127,1.118285674299684,0.9187136187718847,1.1512196405381165,0.8015101345284527,1.1834657094159242,0.7193008323030208,1.0249088881860453,0.7907730831988652,1.0324824911346286,0.7680988333460373,1.0336051262867274,0.8826923540692069,1.0381534754720247,0.9592232025084072,0.9628209943211103,0.7987723778062288,0.9768414270590708,0.7899665433736801,0.9898390309059104,0.9174033885546384,1.0,1.0,-0.4388558268547058,-0.4582386314868927,-0.4412294030189514,-0.4454409480094909,-0.4528858065605163,-0.5087518095970154,-0.4622023999691009,-0.5510066151618958,-0.4147348999977112,-0.4794040322303772,-0.4090791642665863,-0.4235720634460449,-0.4068724513053894,-0.3888225257396698,-0.4063848257064819,-0.3544899225234985
Y,0.0,0.0,1.0559588354909215,1.0899587085035505,1.118294412709215,0.9418420100526878,1.1511737986195936,0.8217476412396344,1.1793395980900923,0.7358047696748791,1.0329181641424705,0.8259237068904407,1.0374633422601236,0.7741686965369927,1.0351279078442086,0.8868950337973815,1.0367007036956517,0.9655041273639147,0.9729464587102927,0.8306624399331725,0.9799879701306666,0.79075867239933,0.9911016267899232,0.9166503335473685,1.0,1.0,-0.4445379376411438,-0.4680607914924621,-0.4445566236972809,-0.4395807981491089,-0.4566147327423095,-0.5036916136741638,-0.4659007489681244,-0.5487553477287292,-0.4189140498638153,-0.4827722907066345,-0.411908358335495,-0.4193119406700134,-0.4088622331619262,-0.3808035254478454,-0.4070498943328857,-0.3411875367164612
Y,0.0,0.0,1.056584250091876,1.1002641121312244,1.110929503234436,0.9480920232081721,1.1339177022897742,0.8188604185100714,1.1577763141366024,0.7222500458211898,1.0295060709764838,0.8362689058338627,1.0310340624905514,0.7752014624171366,1.0321487918362486,0.8882265153925744,1.034946680826512,0.9644249876685882,0.9683967591119196,0.8406519453137947,0.9740894158689805,0.7953135918865947,0.9896253054346562,0.9194324731673196,1.0,1.0,-0.4366051852703094,-0.4669106006622314,-0.4353474676609039,-0.4328535199165344,-0.4498408436775207,-0.4959260821342468,-0.4610937535762787,-0.541251003742218,-0.4120360314846039,-0.4817937314510345,-0.402754932641983,-0.4196038544178009,-0.3989864587783813,-0.3794911801815033,-0.3968037366867065,-0.3384608924388885
Y,0.0,0.0,1.0625409742515812,1.1173996977172342,1.1172420661778637,0.9698760975909572,1.141805446701654,0.8418534235897894,1.158020728310647,0.7441860854940591,1.0421601113551713,0.8545500819962955,1.0367786525270977,0.7802340596128433,1.0339447857622508,0.9000500638369796,1.0361779812160823,0.9796679359562835,0.9778347546587889,0.8553578083661365,0.9789400404272962,0.7938371193178803,0.9899357063673434,0.9215585163000812,1.0,1.0,-0.4333493709564209,-0.4641898274421692,-0.4292691349983215,-0.4142217636108398,-0.4416193068027496,-0.4722707271575928,-0.4526810050010681,-0.5153043866157532,-0.4084737002849579,-0.4784617125988006,-0.3972379565238952,-0.4188838005065918,-0.3923406898975372,-0.382676213979721,-0.3899027407169342,-0.3444529771804809
Y,0.0,0.0,1.0595817948704804,1.0985993226584374,1.1176247413212814,0.9574167393825285,1.1441863204553673,0.8342143339210675,1.1578168710357242,0.7378057711545815,1.0388566728886697,0.8446263278495252,1.0387801431281591,0.7819667721005704,1.03594316489825,0.8950573857306957,1.036765859823739,0.97268089920604,0.9769163983644141,0.8467762925865646,0.9816386722386669,0.7954404232909642,0.9917781152145542,0.9185072271866339,1.0,1.0,-0.4382288455963135,-0.4698565602302551,-0.4370292723178863,-0.4269843101501465,-0.4486729800701141,-0.4877758026123047,-0.4584202468395233,-0.5336236357688904,-0.4132609367370605,-0.4836888909339905,-0.4020509123802185,-0.4266911447048187,-0.3983477354049682,-0.3922137916088104,-0.3975912928581238,-0.3564958274364471
Y,0.0,0.0,1.0584452225852556,1.1294846266211886,1.1229004591008318,0.9893774258309675,1.1547480159105072,0.8644858687284662,1.1655368570182163,0.7641782625089749,1.0444376768424843,0.8637972549088239,1.0487186450095258,0.7833779681306864,1.0432460508588446,0.8971684613393257,1.040068866072703,0.9810017816795882,0.9842587951774031,0.8592843598351827,0.9930553786942001,0.7880669515141775,0.9969476275450893,0.9133542101300042,1.0,1.0,-0.4370115995407104,-0.4553406238555908,-0.4368223547935486,-0.4035599529743194,-0.4454950392246246,-0.4597586989402771,-0.4526153802871704,-0.504905104637146,-0.4112328290939331,-0.4661259353160858,-0.4033935070037842,-0.4057414531707763,-0.4011033773422241,-0.3683822154998779,-0.4010511636734009,-0.3301714062690735
Y,0.0,0.0,0.9625773659613538,1.1603001251604728,0.9258638006966567,1.0334496078067232,0.904857935364266,0.9198890933521111,0.8754847944140698,0.8448268514016918,0.9789744163056768,0.8868359460195783,0.9791605083464129,0.776614926497123,0.9751105856793636,0.8704570994286857,0.9736382226361513,0.9567559752219129,1.0206811285593185,0.8927574417314443,1.0211790171981088,0.8028937778932744,1.0079008131183445,0.914144198886139,1.0,1.0,-0.7194123268127441,-0.5078821182250977,-0.7237977385520935,-0.4465747475624084,-0.7111365795135498,-0.4946547150611877,-0.7019236087799072,-0.5369266867637634,-0.7459837794303894,-0.5201656222343445,-0.7653730511665344,-0.4547674059867859,-0.7776991128921509,-0.4162934124469757,-0.7878236770629883,-0.376714825630188
Y,0.0,0.0,0.9649835907419644,1.0726596872322816,0.9249457569856268,0.9439511482845064,0.9032069794553804,0.8337204389173855,0.8740665352918223,0.7608772910312095,0.9761426076999012,0.8183566518363725,0.9793977468610084,0.7705886054199519,0.9794995290106182,0.8819869648708119,0.9789487888053034,0.9654356626709009,1.018561198943905,0.8253825306530674,1.0185204001919517,0.7857454521787638,1.0076542753269848,0.9139331132217411,1.0,1.0,-0.7348816990852356,-0.4876292943954468,-0.737622857093811,-0.4514445662498474,-0.7248340845108032,-0.5163368582725525,-0.7143824100494385,-0.5646178126335144,-0.7597270011901855,-0.5010048151016235,-0.7753998637199402,-0.4355560839176178,-0.7868914604187012,-0.3964900970458984,-0.7954548001289368,-0.3554199337959289
Y,0.0,0.0,0.9713157063034588,1.0810958959666876,0.9288267029573531,0.9567426663447469,0.904995929726093,0.8498902853531369,0.8777310023761717,0.7730758799087217,0.9776839060555751,0.8356162386971627,0.9701086716308167,0.7719299385162836,0.9729431156793638,0.8838899439999036,0.9767104712336532,0.9705452927790483,1.0191786440198218,0.8324344822531172,1.0090779230111258,0.7808815890837939,1.0030850234313167,0.9078085397031198,1.0,1.0,-0.7217203378677368,-0.4747500717639923,-0.7161137461662292,-0.4346013069152832,-0.7062641382217407,-0.4986633062362671,-0.6992864608764648,-0.5487610101699829,-0.7473268508911133,-0.4829091429710388,-0.7562987804412842,-0.4186167418956756,-0.760023832321167,-0.3780919313430786,-0.7600496411323547,-0.3377337455749511
Y,0.0,0.0,0.9691632844718324,1.1028770165018582,0.9309634589525294,0.968890192468603,0.90998864242676,0.8549322326265107,0.8825111806872447,0.7763708520679435,0.9856678451458357,0.843664154588913,0.9817746853404437,0.7666086496928065,0.9780638541764144,0.8812602007841414,0.9771182383243392,0.9691013464738198,1.0278824999442568,0.8493490119860124,1.021909722655049,0.7867072508407028,1.008003498743539,0.9123615880637965,1.0,1.0,-0.7260017991065979,-0.4796621203422546,-0.7249525189399719,-0.4360255002975464,-0.7094576954841614,-0.4946869611740112,-0.6978300213813782,-0.5390986800193787,-0.7520419955253601,-0.4939247965812683,-0.7680050134658813,-0.4321187734603882,-0.7755998969078064,-0.3938875794410705,-0.7792543172836304,-0.3536073863506317
Y,0.0,0.0,0.9677468065323351,1.0992416656626087,0.9330691210687179,0.9709537982677277,0.9133490481657901,0.8601924145424412,0.8878517571925071,0.7823713235432915,0.9856804666805092,0.8482132388307133,0.9850824688883001,0.7671950906041423,0.9803341241867931,0.8759045285945105,0.9779234864308175,0.9613257362189942,1.02737144724789,0.8569821436603634,1.0239416950845592,0.7938557153047451,1.0088001435264409,0.915076758389565,1.0,1.0,-0.730150580406189,-0.4846996068954468,-0.7308131456375122,-0.4437037408351898,-0.7143911123275757,-0.5010935068130493,-0.7021946907043457,-0.5449382066726685,-0.7554517984390259,-0.4987604022026062,-0.7741720676422119,-0.439752459526062,-0.7856709957122803,-0.4039210081100464,-0.7934753894805908,-0.3665122389793396
Y,0.0,0.0,0.9733116370027008,1.0704220909530082,0.9378539360795868,0.9380980075932149,0.9197379851556836,0.8295547500558016,0.8948484337292776,0.7531827894114158,0.9946299565079698,0.8199150557544852,0.992170136922212,0.7628391456113711,0.9850770360607535,0.8717786210025851,0.9803301234828555,0.952063612823584,1.0365820019941592,0.8353673424690838,1.0315509234822944,0.7926798725312357,1.0129101292135205,0.9155237547326603,1.0,1.0,-0.7307050228118896,-0.4908363223075866,-0.7292419075965881,-0.4648490846157074,-0.7105971574783325,-0.5262430906295776,-0.6962433457374573,-0.5695631504058838,-0.7542328238487244,-0.5089861750602722,-0.7688784599304199,-0.4502588808536529,-0.7768428325653076,-0.413215696811676,-0.7811347246170044,-0.3745972514152527
Y,0.0,0.0,0.9702616876423018,1.0710985604918273,0.9346271070364651,0.938996677944593,0.9173171621231738,0.8297579627283695,0.8931443146647589,0.7511044103607162,0.9902352723046298,0.8223033310851939,0.9883794183348237,0.7631592284368532,0.9826890939570634,0.8746556010861454,0.9794523588131132,0.9570226401094701,1.0321567766717408,0.8336844975629585,1.0279235248363765,0.7877584960863724,1.011021011517304,0.9136413105265715,1.0,1.0,-0.7304613590240479,-0.4851101636886596,-0.7303810119628906,-0.4524186849594116,-0.7136654257774353,-0.5142474174499512,-0.7006403207778931,-0.5590885281562805,-0.7541952729225159,-0.5015744566917419,-0.769493579864502,-0.4425263702869415,-0.7780608534812927,-0.4062230885028839,-0.7829602956771851,-0.3678761124610901
Y,0.0,0.0,0.9679025834664742,1.0747572749891097,0.9298032004123965,0.9500998567373221,0.9112746889018293,0.839924750873297,0.888666384908647,0.7570578252555927,0.9797076948578004,0.8276608152804364,0.9808870864861159,0.7653978402096878,0.9796175265059374,0.8771715446343893,0.9785637110134697,0.9624881236002,1.0222211615315255,0.8336825376758091,1.0211520720930252,0.7835548740916493,1.0091950890792154,0.9119425524066767,1.0,1.0,-0.7296795845031738,-0.4722077250480652,-0.7308768033981323,-0.4332165718078613,-0.7183213829994202,-0.4963183999061584,-0.7077368497848511,-0.543481171131134,-0.754323422908783,-0.485421359539032,-0.7690283060073853,-0.4253175854682922,-0.7771909832954407,-0.3886430263519287,-0.7812354564666748,-0.3489807844161987
Y,0.0,0.0,0.9699822079381512,1.087175613633212,0.929089433127062,0.9657626412994319,0.9083803067055389,0.8568431550432051,0.8855710840256408,0.7714281102659203,0.9736785399164424,0.8332667507412653,0.9725959358420463,0.7696317208691865,0.9758918253707746,0.8824434735242769,0.97881174345258,0.9679660335475452,1.0157144477837228,0.8318355378159271,1.0119174647557032,0.780466308368311,1.0052918759384153,0.9100020709420449,1.0,1.0,-0.7274970412254333,-0.4682883322238922,-0.7262392640113831,-0.4318334758281708,-0.7156908512115479,-0.4954935908317566,-0.70663982629776,-0.5435935854911804,-0.7521511912345886,-0.4773921072483063,-0.7613078355789185,-0.4136143624782562,-0.76752108335495,-0.3737358450889587,-0.7705326080322266,-0.3339499831199646
Y,0.0,0.0,0.9688302083636007,1.0809388726256466,0.9280196740954745,0.9630829999171124,0.9067022368058755,0.857046294009588,0.8845252079969338,0.7714410978001693,0.9737566017320509,0.8321922943893211,0.9716987707668318,0.7722093728279832,0.9757084106446833,0.8854791562283395,0.9786036082780911,0.9701327909100085,1.0161073960153695,0.832477306488671,1.011568683610824,0.7789200784894984,1.0052802614265137,0.9096438946014538,1.0,1.0,-0.7278146743774414,-0.4750505089759826,-0.7260794639587402,-0.4379894137382507,-0.7157349586486816,-0.5021207332611084,-0.7067051529884338,-0.5504360795021057,-0.752465009689331,-0.4864547848701477,-0.7625854015350342,-0.4252377152442932,-0.7688021659851074,-0.3877695202827453,-0.7710590362548828,-0.3497938513755798
Y,0.0,0.0,0.9679847696759234,1.1021006978782637,0.9281759698851026,0.9817385811355485,0.9075509820404053,0.8749556269066164,0.886591653142767,0.787977526892221,0.9741094863223132,0.8425313717904808,0.972959086872057,0.7702515460463237,0.9748040133027632,0.8834176040779855,0.9772581526965324,0.9682243968731625,1.0159213935487217,0.8439495880744936,1.013056502168506,0.7817667473502384,1.0051802118156024,0.9116873963618424,1.0,1.0,-0.7280979752540588,-0.4751956462860107,-0.7281261682510376,-0.4344978034496307,-0.7161069512367249,-0.4970008730888366,-0.7061617970466614,-0.5437782406806946,-0.7532764673233032,-0.4866203963756561,-0.7655205726623535,-0.4230820834636688,-0.7731884717941284,-0.3834068179130554,-0.7773109674453735,-0.3429476022720337
Y,0.0,0.0,0.9671498098652076,1.107397678459829,0.9282697587279433,0.9844894993344808,0.9074736849549194,0.8742717200116729,0.8853283759899782,0.7853267035959665,0.9736661544546149,0.8501046032119276,0.9719459981658336,0.7739503066060642,0.9737218659237091,0.883311445003977,0.9755182589596719,0.9700208124806525,1.0153360910798004,0.8475918979939676,1.012527232645748,0.7853819201606331,1.0050135147744919,0.9110154504709037,1.0,1.0,-0.7299273610115051,-0.4720838963985443,-0.7313371896743774,-0.4199237525463104,-0.7194583415985107,-0.476987361907959,-0.7093424797058105,-0.5241614580154419,-0.7553033232688904,-0.4824130833148956,-0.7689619660377502,-0.4218583703041076,-0.775964081287384,-0.3847439885139465,-0.778967022895813,-0.3464008569717407
Y,0.0,0.0,0.970472472102319,1.090634416623236,0.9322835615316125,0.9648527042946685,0.9127208763899269,0.8559248074823693,0.8897821357090838,0.7733206728353932,0.9821940464886848,0.8436460895245985,0.9797047925552148,0.7701338464905447,0.9785433494401853,0.8803613715964114,0.9785645693668096,0.9656498427586886,1.0235969932407576,0.8500342641055881,1.0192778685035935,0.7890827552378951,1.0075962988969291,0.9127183587693167,1.0,1.0,-0.7286161780357361,-0.4785436987876892,-0.7278407216072083,-0.436686635017395,-0.7139251232147217,-0.4963046312332153,-0.7030717134475708,-0.5419199466705322,-0.7536525130271912,-0.4905125796794891,-0.7673678994178772,-0.4281481504440307,-0.773892879486084,-0.388603150844574,-0.7765548825263977,-0.3479735553264618
Y,0.0,0.0,0.9694295330328724,1.093198145619353,0.9308742335157498,0.963884183724726,0.9112306633715129,0.8533816006935651,0.8882146060212236,0.7695620042386968,0.9813413224283578,0.8410426283860492,0.9785818486438806,0.766841575475004,0.9777275269731994,0.878813891526918,0.9778518346473063,0.9654404810656144,1.0229576875467024,0.8469374287704781,1.0180338336086543,0.7851267286325659,1.007120420123403,0.9110071731288591,1.0,1.0,-0.72817063331604,-0.470545619726181,-0.726868212223053,-0.4300170838832855,-0.7132121920585632,-0.488887071609497,-0.7021881341934204,-0.5339592695236206,-0.7532232403755188,-0.4826191365718841,-0.7662332653999329,-0.4219332933425903,-0.7728248834609985,-0.3837914168834686,-0.7753618955612183,-0.3446696400642395
Y,0.0,0.0,0.9707868809379104,1.0879578658294446,0.9342492156945886,0.9538842301433688,0.9175157092286386,0.8428909002760455,0.8969277248974719,0.759010950384817,0.990398224212846,0.8446739366632321,0.9869911481107483,0.7707161901195028,0.9809563718718303,0.8786536458122052,0.9781347220237356,0.9631816087739906,1.030723885234119,0.8566305754285899,1.0249117629147562,0.7903999229028355,1.0092385672185378,0.9114206534006624,1.0,1.0,-0.730413019657135,-0.4780309796333313,-0.72890704870224,-0.4388682544231415,-0.713188886642456,-0.4961281418800354,-0.7012446522712708,-0.5396707057952881,-0.7549730539321899,-0.4931386411190033,-0.7713190317153931,-0.4361789226531982,-0.7792593836784363,-0.4003452360630035,-0.7826961278915405,-0.3624204993247986
Y,0.0,0.0,0.9621312704960202,1.1028507428037821,0.9226468509568281,0.9842303643394951,0.902213375604141,0.8738375248207397,0.8817317460169477,0.7836543968696359,0.967559185018234,0.8474285082120224,0.9692948757479622,0.7720870284059456,0.9733358969974937,0.8821067129566111,0.9759582927878385,0.9690054891999567,1.0092139663702115,0.8461362400003832,1.0089386404716754,0.7827431234736797,1.004167180212048,0.9105165240032178,1.0,1.0,-0.7312889695167542,-0.4677492976188659,-0.7332437038421631,-0.4179320931434631,-0.7242801785469055,-0.4772728681564331,-0.7161848545074463,-0.5253701210021973,-0.7563722133636475,-0.4769037961959839,-0.7690678238868713,-0.4155865013599396,-0.7775664329528809,-0.3793403506278991,-0.7824998497962952,-0.3423748910427093
Y,0.0,0.0,0.9619189598784598,1.1050712598545835,0.9227430110186324,0.9858658157629436,0.9030097675029859,0.8756418776413717,0.8847512033598451,0.7832675654818964,0.9673434754365274,0.847967332233846,0.9694309355226849,0.775213792602866,0.9728237293237645,0.8859168639014035,0.97523292059129,0.9728465845883302,1.0091265122004724,0.8451080171220975,1.0089924504393357,0.782490053871107,1.0036497526121588,0.9103666186465006,1.0,1.0,-0.7335758805274963,-0.4687581658363342,-0.7362028956413269,-0.4199598133563995,-0.7263638973236084,-0.4790177047252655,-0.7177405953407288,-0.5269895792007446,-0.7583343386650085,-0.4789450168609619,-0.7718694806098938,-0.4182946383953094,-0.7815155982971191,-0.382788598537445,-0.7878303527832031,-0.3466777801513672
Y,0.0,0.0,0.9638221131084066,1.0970541402941176,0.9300459161801594,0.9671159795521654,0.9153720209145015,0.8531690980276839,0.8963894594217695,0.7651541010680104,0.9804525679144551,0.8430011157231883,0.9817301120272157,0.7677053410659868,0.9786886600635974,0.8784251891786203,0.9766827754927768,0.9675036115242093,1.0224925582043967,0.8491600223475287,1.0210009279647958,0.7901410982582572,1.0081933782222674,0.9134653780282439,1.0,1.0,-0.7360643744468689,-0.4683113694190979,-0.7389494776725769,-0.4204666018486023,-0.7244599461555481,-0.4769153296947479,-0.712511420249939,-0.5215372443199158,-0.7615139484405518,-0.4817631542682647,-0.7794318199157715,-0.423646330833435,-0.7892398834228516,-0.3900651335716247,-0.7947773337364197,-0.3539738655090332
Y,0.0,0.0,0.9663666547438798,1.1030277419579688,0.9276508849876186,0.9833020031018018,0.9085601885599341,0.8735103618478375,0.8872794749940315,0.7845959271425085,0.9703823880098817,0.847065922001882,0.9703170733677656,0.7729516454361691,0.9739232150754444,0.8842887964834628,0.9764545871590382,0.9728472536855679,1.0120986780488317,0.8434007205590214,1.010619215464582,0.7837708130031715,1.0044844517635039,0.9103082633394903,1.0,1.0,-0.730076014995575,-0.4665509760379791,-0.7319284677505493,-0.4173109829425812,-0.7217510342597961,-0.4747537672519684,-0.7128294706344604,-0.5221404433250427,-0.7554624080657959,-0.4767521023750305,-0.7692601680755615,-0.4170559644699096,-0.777458906173706,-0.3822108507156372,-0.7818384170532227,-0.3469093441963196
Y,0.0,0.0,0.9643252684928771,1.1030772248337752,0.9268357178489406,0.9820661240807224,0.9087201182384249,0.8724053615072517,0.8882129371734966,0.7858462092812608,0.9724610827325858,0.853083285399766,0.9707920235671945,0.7764924970193035,0.973172855761178,0.8877154531209711,0.9757976531698666,0.9753184000987322,1.013387730897339,0.8500610464283431,1.0103063908996934,0.78716526392112,1.0037029912267976,0.9119249349315597,1.0,1.0,-0.7301524877548218,-0.4644821286201477,-0.7309738397598267,-0.4140659868717193,-0.7207744121551514,-0.4700686335563659,-0.7125599384307861,-0.5160834789276123,-0.7554481029510498,-0.473899781703949,-0.7696898579597473,-0.4142673015594482,-0.7778060436248779,-0.3798509836196899,-0.7821921706199646,-0.3447543382644653
